Evals,Restart,PopSize,BestGenRawEff,GlobalBestRawEff,BestGenSequence
46,0,40,4.0107,4.0107,init()rotateIntoBiaxial(d,1.7258,0.0000,d)nonlinear(d,1.7258,0.0000,400.0000,d)rotateFromBiaxial(d,1.7258,0.0000,d)linear(0,0,0,9.9488,d)rotate(-2.5100)rotateIntoBiaxial(d,40.2048,0.0000,d)nonlinear(d,40.2048,0.0000,300.0000,d)rotateFromBiaxial(d,40.2048,0.0000,d)rotate(167.0269)rotateIntoBiaxial(d,138.4700,0.0000,d)nonlinear(d,138.4700,0.0000,250.0000,d)rotateFromBiaxial(d,138.4700,0.0000,d)nonlinear(6,0.0000,0.0000,0.0000,d)linear(0,0,0,9.9488,d)rotate(11.1999)nonlinear(6,0.0000,0.0000,3.8977,d)rotateIntoBiaxial(d,8.0687,0.0000,d)nonlinear(d,8.0687,0.0000,50.0000,d)rotateFromBiaxial(d,8.0687,0.0000,d)nonlinear(6,0.0000,0.0000,2.0000,d)rotate(-16.2117)rotateIntoBiaxial(d,2.9077,0.0000,d)nonlinear(d,2.9077,0.0000,50.0000,d)rotateFromBiaxial(d,2.9077,0.0000,d)rotate(-18.0400)rotateIntoBiaxial(d,4.5691,0.0000,d)nonlinear(d,4.5691,0.0000,50.0000,d)rotateFromBiaxial(d,4.5691,0.0000,d)rotateIntoBiaxial(d,0.1234,0.0000,d)nonlinear(d,0.1234,0.0000,50.0000,d)rotateFromBiaxial(d,0.1234,0.0000,d)nonlinear(6,0.0000,0.0000,0.0512,d)linear(0,0,0,3.8977,d)
92,0,40,3.9186,4.0107,init()rotateIntoBiaxial(d,2.9883,0.0000,d)nonlinear(d,2.9883,0.0000,400.0000,d)rotateFromBiaxial(d,2.9883,0.0000,d)nonlinear(6,0.0000,0.0000,0.0000,d)rotateIntoBiaxial(d,39.8708,0.0000,d)nonlinear(d,39.8708,0.0000,200.0000,d)rotateFromBiaxial(d,39.8708,0.0000,d)nonlinear(6,0.0000,0.0000,14.6678,d)rotate(175.1335)rotateIntoBiaxial(d,136.4254,0.0000,d)nonlinear(d,136.4254,0.0000,300.0000,d)rotateFromBiaxial(d,136.4254,0.0000,d)linear(0,0,0,14.7265,d)rotate(-20.6301)rotateIntoBiaxial(d,12.5089,0.0000,d)nonlinear(d,12.5089,0.0000,50.0000,d)rotateFromBiaxial(d,12.5089,0.0000,d)rotate(-2.2188)rotateIntoBiaxial(d,11.9294,0.0000,d)nonlinear(d,11.9294,0.0000,100.0000,d)rotateFromBiaxial(d,11.9294,0.0000,d)nonlinear(6,0.0000,0.0000,11.5579,d)linear(0,0,0,16.3439,d)rotate(-21.7235)rotateIntoBiaxial(d,1.3346,0.0000,d)nonlinear(d,1.3346,0.0000,50.0000,d)rotateFromBiaxial(d,1.3346,0.0000,d)rotate(-5.4346)nonlinear(6,0.0000,0.0000,13.8635,d)linear(0,0,0,2.3813,d)rotate(16.2927)rotateIntoBiaxial(d,0.1945,0.0000,d)nonlinear(d,0.1945,0.0000,50.0000,d)rotateFromBiaxial(d,0.1945,0.0000,d)nonlinear(6,0.0000,0.0000,0.0000,d)linear(0,0,0,0.0000,d)rotate(-5.1040)
138,0,40,7.6295,7.6295,init()rotateIntoBiaxial(d,2.0199,0.0000,d)nonlinear(d,2.0199,0.0000,400.0000,d)rotateFromBiaxial(d,2.0199,0.0000,d)linear(0,0,0,0.0000,d)rotateIntoBiaxial(d,32.1564,0.0000,d)nonlinear(d,32.1564,0.0000,250.0000,d)rotateFromBiaxial(d,32.1564,0.0000,d)nonlinear(6,0.0000,0.0000,10.6241,d)rotate(174.5363)rotateIntoBiaxial(d,139.3903,0.0000,d)nonlinear(d,139.3903,0.0000,300.0000,d)rotateFromBiaxial(d,139.3903,0.0000,d)nonlinear(6,0.0000,0.0000,12.2640,d)linear(0,0,0,10.2422,d)rotate(3.5407)linear(0,0,0,7.9435,d)nonlinear(6,0.0000,0.0000,15.0735,d)linear(0,0,0,19.8595,d)rotate(34.1458)rotateIntoBiaxial(d,0.9123,0.0000,d)nonlinear(d,0.9123,0.0000,50.0000,d)rotateFromBiaxial(d,0.9123,0.0000,d)linear(0,0,0,11.6575,d)rotateIntoBiaxial(d,3.8497,0.0000,d)nonlinear(d,3.8497,0.0000,50.0000,d)rotateFromBiaxial(d,3.8497,0.0000,d)nonlinear(6,0.0000,0.0000,17.3791,d)linear(0,0,0,6.4249,d)nonlinear(6,0.0000,0.0000,15.8233,d)rotate(-7.2948)
184,0,40,1.3857,7.6295,init()rotateIntoBiaxial(d,6.0363,0.0000,d)nonlinear(d,6.0363,0.0000,400.0000,d)rotateFromBiaxial(d,6.0363,0.0000,d)linear(0,0,0,0.0000,d)rotate(-0.2575)rotateIntoBiaxial(d,27.2468,0.0000,d)nonlinear(d,27.2468,0.0000,200.0000,d)rotateFromBiaxial(d,27.2468,0.0000,d)nonlinear(6,0.0000,0.0000,10.6241,d)rotate(162.2478)rotateIntoBiaxial(d,138.8107,0.0000,d)nonlinear(d,138.8107,0.0000,250.0000,d)rotateFromBiaxial(d,138.8107,0.0000,d)linear(0,0,0,10.2422,d)rotate(6.2074)nonlinear(6,0.0000,0.0000,24.6205,d)linear(0,0,0,7.9435,d)rotateIntoBiaxial(d,5.2122,0.0000,d)nonlinear(d,5.2122,0.0000,50.0000,d)rotateFromBiaxial(d,5.2122,0.0000,d)nonlinear(6,0.0000,0.0000,15.0735,d)linear(0,0,0,19.8595,d)rotate(19.3246)rotateIntoBiaxial(d,21.7252,0.0000,d)nonlinear(d,21.7252,0.0000,50.0000,d)rotateFromBiaxial(d,21.7252,0.0000,d)linear(0,0,0,11.6575,d)rotate(-19.2880)rotateIntoBiaxial(d,5.3135,0.0000,d)nonlinear(d,5.3135,0.0000,50.0000,d)rotateFromBiaxial(d,5.3135,0.0000,d)nonlinear(6,0.0000,0.0000,17.3791,d)linear(0,0,0,6.4249,d)rotate(20.1128)rotateIntoBiaxial(d,0.7082,0.0000,d)nonlinear(d,0.7082,0.0000,50.0000,d)rotateFromBiaxial(d,0.7082,0.0000,d)nonlinear(6,0.0000,0.0000,15.8233,d)rotate(-16.0461)
230,0,40,3.8467,7.6295,init()rotateIntoBiaxial(d,1.6891,0.0000,d)nonlinear(d,1.6891,0.0000,400.0000,d)rotateFromBiaxial(d,1.6891,0.0000,d)nonlinear(6,0.0000,0.0000,0.0000,d)linear(0,0,0,7.2143,d)rotate(8.8336)rotateIntoBiaxial(d,40.7345,0.0000,d)nonlinear(d,40.7345,0.0000,200.0000,d)rotateFromBiaxial(d,40.7345,0.0000,d)rotate(174.8597)rotateIntoBiaxial(d,129.2652,0.0000,d)nonlinear(d,129.2652,0.0000,200.0000,d)rotateFromBiaxial(d,129.2652,0.0000,d)nonlinear(6,0.0000,0.0000,19.9080,d)linear(0,0,0,9.6650,d)rotate(-10.1393)nonlinear(6,0.0000,0.0000,33.1068,d)linear(0,0,0,7.8718,d)rotate(22.7811)rotateIntoBiaxial(d,2.1842,0.0000,d)nonlinear(d,2.1842,0.0000,50.0000,d)rotateFromBiaxial(d,2.1842,0.0000,d)nonlinear(6,0.0000,0.0000,7.4296,d)rotate(15.4965)rotateIntoBiaxial(d,7.6794,0.0000,d)nonlinear(d,7.6794,0.0000,50.0000,d)rotateFromBiaxial(d,7.6794,0.0000,d)linear(0,0,0,28.2018,d)rotate(-5.6919)rotateIntoBiaxial(d,2.8332,0.0000,d)nonlinear(d,2.8332,0.0000,100.0000,d)rotateFromBiaxial(d,2.8332,0.0000,d)rotate(28.0319)rotateIntoBiaxial(d,10.7296,0.0000,d)nonlinear(d,10.7296,0.0000,50.0000,d)rotateFromBiaxial(d,10.7296,0.0000,d)linear(0,0,0,17.0978,d)rotate(-10.3826)
276,0,40,5.7648,7.6295,init()rotateIntoBiaxial(d,4.3135,0.0000,d)nonlinear(d,4.3135,0.0000,300.0000,d)rotateFromBiaxial(d,4.3135,0.0000,d)linear(0,0,0,20.6550,d)rotate(7.5031)rotateIntoBiaxial(d,40.0988,0.0000,d)nonlinear(d,40.0988,0.0000,250.0000,d)rotateFromBiaxial(d,40.0988,0.0000,d)rotate(174.2329)rotateIntoBiaxial(d,139.2022,0.0000,d)nonlinear(d,139.2022,0.0000,300.0000,d)rotateFromBiaxial(d,139.2022,0.0000,d)nonlinear(6,0.0000,0.0000,33.3486,d)linear(0,0,0,9.1766,d)rotateIntoBiaxial(d,0.3375,0.0000,d)nonlinear(d,0.3375,0.0000,50.0000,d)rotateFromBiaxial(d,0.3375,0.0000,d)nonlinear(6,0.0000,0.0000,12.3422,d)rotateIntoBiaxial(d,0.2839,0.0000,d)nonlinear(d,0.2839,0.0000,50.0000,d)rotateFromBiaxial(d,0.2839,0.0000,d)linear(0,0,0,33.1144,d)rotate(1.8630)nonlinear(6,0.0000,0.0000,13.1568,d)linear(0,0,0,21.3124,d)rotateIntoBiaxial(d,4.3311,0.0000,d)nonlinear(d,4.3311,0.0000,50.0000,d)rotateFromBiaxial(d,4.3311,0.0000,d)rotate(-12.7906)
322,0,40,3.7713,7.6295,init()rotateIntoBiaxial(d,4.1189,0.0000,d)nonlinear(d,4.1189,0.0000,300.0000,d)rotateFromBiaxial(d,4.1189,0.0000,d)linear(0,0,0,35.6550,d)rotate(4.1973)rotateIntoBiaxial(d,40.9045,0.0000,d)nonlinear(d,40.9045,0.0000,200.0000,d)rotateFromBiaxial(d,40.9045,0.0000,d)rotate(179.9960)rotateIntoBiaxial(d,141.0685,0.0000,d)nonlinear(d,141.0685,0.0000,300.0000,d)rotateFromBiaxial(d,141.0685,0.0000,d)linear(0,0,0,28.1056,d)nonlinear(6,0.0000,0.0000,33.1942,d)linear(0,0,0,14.1766,d)rotateIntoBiaxial(d,2.2275,0.0000,d)nonlinear(d,2.2275,0.0000,100.0000,d)rotateFromBiaxial(d,2.2275,0.0000,d)nonlinear(6,0.0000,0.0000,17.3422,d)linear(0,0,0,36.7675,d)rotate(21.0793)rotateIntoBiaxial(d,6.2274,0.0000,d)nonlinear(d,6.2274,0.0000,50.0000,d)rotateFromBiaxial(d,6.2274,0.0000,d)linear(0,0,0,18.1144,d)rotateIntoBiaxial(d,7.2467,0.0000,d)nonlinear(d,7.2467,0.0000,50.0000,d)rotateFromBiaxial(d,7.2467,0.0000,d)nonlinear(6,0.0000,0.0000,7.8944,d)linear(0,0,0,17.8337,d)rotate(-13.7066)
368,0,40,7.2495,7.6295,init()rotateIntoBiaxial(d,3.2354,0.0000,d)nonlinear(d,3.2354,0.0000,300.0000,d)rotateFromBiaxial(d,3.2354,0.0000,d)nonlinear(6,0.0000,0.0000,9.3514,d)linear(0,0,0,39.8316,d)rotateIntoBiaxial(d,30.4573,0.0000,d)nonlinear(d,30.4573,0.0000,200.0000,d)rotateFromBiaxial(d,30.4573,0.0000,d)rotate(167.9282)rotateIntoBiaxial(d,139.2551,0.0000,d)nonlinear(d,139.2551,0.0000,250.0000,d)rotateFromBiaxial(d,139.2551,0.0000,d)linear(0,0,0,32.2823,d)rotate(-29.1905)linear(0,0,0,0.0000,d)rotate(12.9235)rotateIntoBiaxial(d,0.2083,0.0000,d)nonlinear(d,0.2083,0.0000,50.0000,d)rotateFromBiaxial(d,0.2083,0.0000,d)nonlinear(6,0.0000,0.0000,31.5188,d)linear(0,0,0,23.1144,d)rotate(17.9655)rotate(19.5924)rotateIntoBiaxial(d,3.5746,0.0000,d)nonlinear(d,3.5746,0.0000,50.0000,d)rotateFromBiaxial(d,3.5746,0.0000,d)nonlinear(6,0.0000,0.0000,12.0711,d)rotate(-19.6833)
414,0,40,3.7774,7.6295,init()rotateIntoBiaxial(d,5.4726,0.0000,d)nonlinear(d,5.4726,0.0000,300.0000,d)rotateFromBiaxial(d,5.4726,0.0000,d)nonlinear(6,0.0000,0.0000,14.3514,d)linear(0,0,0,34.8316,d)rotateIntoBiaxial(d,35.3387,0.0000,d)nonlinear(d,35.3387,0.0000,200.0000,d)rotateFromBiaxial(d,35.3387,0.0000,d)linear(0,0,0,24.2254,d)rotate(159.2482)rotateIntoBiaxial(d,139.7547,0.0000,d)nonlinear(d,139.7547,0.0000,250.0000,d)rotateFromBiaxial(d,139.7547,0.0000,d)nonlinear(6,0.0000,0.0000,19.1720,d)rotate(1.2103)nonlinear(6,0.0000,0.0000,52.3709,d)linear(0,0,0,4.1766,d)linear(0,0,0,46.7675,d)rotate(13.9891)rotateIntoBiaxial(d,18.0246,0.0000,d)nonlinear(d,18.0246,0.0000,50.0000,d)rotateFromBiaxial(d,18.0246,0.0000,d)linear(0,0,0,18.9378,d)rotateIntoBiaxial(d,13.6914,0.0000,d)nonlinear(d,13.6914,0.0000,100.0000,d)rotateFromBiaxial(d,13.6914,0.0000,d)nonlinear(6,0.0000,0.0000,8.3533,d)rotate(-10.7492)rotateIntoBiaxial(d,5.5272,0.0000,d)nonlinear(d,5.5272,0.0000,50.0000,d)rotateFromBiaxial(d,5.5272,0.0000,d)nonlinear(6,0.0000,0.0000,7.0711,d)linear(0,0,0,7.8337,d)rotate(-15.5876)
460,0,40,3.5030,7.6295,init()rotateIntoBiaxial(d,6.2286,0.0000,d)nonlinear(d,6.2286,0.0000,300.0000,d)rotateFromBiaxial(d,6.2286,0.0000,d)linear(0,0,0,31.8316,d)rotateIntoBiaxial(d,41.3764,0.0000,d)nonlinear(d,41.3764,0.0000,200.0000,d)rotateFromBiaxial(d,41.3764,0.0000,d)rotate(167.3658)rotateIntoBiaxial(d,140.7256,0.0000,d)nonlinear(d,140.7256,0.0000,300.0000,d)rotateFromBiaxial(d,140.7256,0.0000,d)nonlinear(6,0.0000,0.0000,16.1720,d)linear(0,0,0,30.2823,d)nonlinear(6,0.0000,0.0000,55.3709,d)linear(0,0,0,11.1766,d)rotateIntoBiaxial(d,2.7251,0.0000,d)nonlinear(d,2.7251,0.0000,50.0000,d)rotateFromBiaxial(d,2.7251,0.0000,d)nonlinear(6,0.0000,0.0000,29.5188,d)linear(0,0,0,49.7675,d)rotate(2.4768)rotateIntoBiaxial(d,8.2134,0.0000,d)nonlinear(d,8.2134,0.0000,50.0000,d)rotateFromBiaxial(d,8.2134,0.0000,d)linear(0,0,0,21.9378,d)rotate(27.9585)nonlinear(6,0.0000,0.0000,11.3533,d)rotateIntoBiaxial(d,7.9694,0.0000,d)nonlinear(d,7.9694,0.0000,50.0000,d)rotateFromBiaxial(d,7.9694,0.0000,d)nonlinear(6,0.0000,0.0000,4.0711,d)linear(0,0,0,14.8337,d)rotate(-19.5275)
506,0,40,8.5000,8.5000,init()rotateIntoBiaxial(d,0.4522,0.0000,d)nonlinear(d,0.4522,0.0000,300.0000,d)rotateFromBiaxial(d,0.4522,0.0000,d)rotate(5.5186)rotateIntoBiaxial(d,39.9583,0.0000,d)nonlinear(d,39.9583,0.0000,250.0000,d)rotateFromBiaxial(d,39.9583,0.0000,d)nonlinear(6,0.0000,0.0000,29.9298,d)linear(0,0,0,14.2254,d)rotate(172.3496)rotateIntoBiaxial(d,138.1703,0.0000,d)nonlinear(d,138.1703,0.0000,250.0000,d)rotateFromBiaxial(d,138.1703,0.0000,d)rotate(-32.6328)nonlinear(6,0.0000,0.0000,52.3709,d)rotateIntoBiaxial(d,2.0920,0.0000,d)nonlinear(d,2.0920,0.0000,50.0000,d)rotateFromBiaxial(d,2.0920,0.0000,d)linear(0,0,0,47.5909,d)rotate(0.4461)rotateIntoBiaxial(d,13.3605,0.0000,d)nonlinear(d,13.3605,0.0000,50.0000,d)rotateFromBiaxial(d,13.3605,0.0000,d)rotate(22.2780)rotateIntoBiaxial(d,5.1454,0.0000,d)nonlinear(d,5.1454,0.0000,50.0000,d)rotateFromBiaxial(d,5.1454,0.0000,d)nonlinear(6,0.0000,0.0000,8.3533,d)linear(0,0,0,36.3124,d)rotateIntoBiaxial(d,16.3626,0.0000,d)nonlinear(d,16.3626,0.0000,50.0000,d)rotateFromBiaxial(d,16.3626,0.0000,d)nonlinear(6,0.0000,0.0000,4.5883,d)linear(0,0,0,8.6571,d)rotate(-8.8788)
552,0,40,2.9674,8.5000,init()rotateIntoBiaxial(d,0.1337,0.0000,d)nonlinear(d,0.1337,0.0000,300.0000,d)rotateFromBiaxial(d,0.1337,0.0000,d)nonlinear(6,0.0000,0.0000,10.2622,d)linear(0,0,0,40.5676,d)rotateIntoBiaxial(d,33.4611,0.0000,d)nonlinear(d,33.4611,0.0000,200.0000,d)rotateFromBiaxial(d,33.4611,0.0000,d)rotate(177.2624)rotateIntoBiaxial(d,138.1612,0.0000,d)nonlinear(d,138.1612,0.0000,200.0000,d)rotateFromBiaxial(d,138.1612,0.0000,d)rotate(-10.3612)rotate(32.4800)rotateIntoBiaxial(d,11.9837,0.0000,d)nonlinear(d,11.9837,0.0000,50.0000,d)rotateFromBiaxial(d,11.9837,0.0000,d)linear(0,0,0,51.8549,d)rotate(20.2238)rotateIntoBiaxial(d,10.0953,0.0000,d)nonlinear(d,10.0953,0.0000,50.0000,d)rotateFromBiaxial(d,10.0953,0.0000,d)linear(0,0,0,13.8504,d)rotateIntoBiaxial(d,8.0142,0.0000,d)nonlinear(d,8.0142,0.0000,50.0000,d)rotateFromBiaxial(d,8.0142,0.0000,d)nonlinear(6,0.0000,0.0000,21.7939,d)linear(0,0,0,22.8718,d)rotateIntoBiaxial(d,3.0135,0.0000,d)nonlinear(d,3.0135,0.0000,100.0000,d)rotateFromBiaxial(d,3.0135,0.0000,d)rotate(-28.6483)
598,0,40,9.6083,9.6083,init()rotateIntoBiaxial(d,1.8859,0.0000,d)nonlinear(d,1.8859,0.0000,300.0000,d)rotateFromBiaxial(d,1.8859,0.0000,d)nonlinear(6,0.0000,0.0000,0.0000,d)rotate(16.3768)rotateIntoBiaxial(d,31.5788,0.0000,d)nonlinear(d,31.5788,0.0000,200.0000,d)rotateFromBiaxial(d,31.5788,0.0000,d)rotate(178.7354)rotateIntoBiaxial(d,139.5920,0.0000,d)nonlinear(d,139.5920,0.0000,250.0000,d)rotateFromBiaxial(d,139.5920,0.0000,d)linear(0,0,0,56.0254,d)linear(0,0,0,18.6373,d)rotate(-8.8926)rotateIntoBiaxial(d,9.4913,0.0000,d)nonlinear(d,9.4913,0.0000,50.0000,d)rotateFromBiaxial(d,9.4913,0.0000,d)linear(0,0,0,46.5524,d)rotateIntoBiaxial(d,16.3743,0.0000,d)nonlinear(d,16.3743,0.0000,50.0000,d)rotateFromBiaxial(d,16.3743,0.0000,d)linear(0,0,0,9.1528,d)rotateIntoBiaxial(d,12.7703,0.0000,d)nonlinear(d,12.7703,0.0000,100.0000,d)rotateFromBiaxial(d,12.7703,0.0000,d)nonlinear(6,0.0000,0.0000,26.4915,d)rotate(20.4048)rotateIntoBiaxial(d,7.3798,0.0000,d)nonlinear(d,7.3798,0.0000,50.0000,d)rotateFromBiaxial(d,7.3798,0.0000,d)linear(0,0,0,17.6187,d)rotate(-32.0614)
644,0,40,4.5962,9.6083,init()rotateIntoBiaxial(d,6.1849,0.0000,d)nonlinear(d,6.1849,0.0000,250.0000,d)rotateFromBiaxial(d,6.1849,0.0000,d)linear(0,0,0,27.3420,d)rotateIntoBiaxial(d,35.7065,0.0000,d)nonlinear(d,35.7065,0.0000,200.0000,d)rotateFromBiaxial(d,35.7065,0.0000,d)nonlinear(6,0.0000,0.0000,12.6587,d)rotate(175.7310)rotateIntoBiaxial(d,139.7029,0.0000,d)nonlinear(d,139.7029,0.0000,300.0000,d)rotateFromBiaxial(d,139.7029,0.0000,d)rotate(-31.7193)rotate(-5.6414)rotateIntoBiaxial(d,2.9649,0.0000,d)nonlinear(d,2.9649,0.0000,50.0000,d)rotateFromBiaxial(d,2.9649,0.0000,d)linear(0,0,0,38.0244,d)rotate(-19.9137)rotateIntoBiaxial(d,9.7731,0.0000,d)nonlinear(d,9.7731,0.0000,50.0000,d)rotateFromBiaxial(d,9.7731,0.0000,d)linear(0,0,0,0.6248,d)rotate(-1.3870)nonlinear(6,0.0000,0.0000,26.4915,d)rotateIntoBiaxial(d,10.5561,0.0000,d)nonlinear(d,10.5561,0.0000,50.0000,d)rotateFromBiaxial(d,10.5561,0.0000,d)linear(0,0,0,9.0906,d)rotate(-14.2146)
690,0,40,3.4478,9.6083,init()rotateIntoBiaxial(d,0.7295,0.0000,d)nonlinear(d,0.7295,0.0000,300.0000,d)rotateFromBiaxial(d,0.7295,0.0000,d)linear(0,0,0,18.5610,d)rotateIntoBiaxial(d,28.9854,0.0000,d)nonlinear(d,28.9854,0.0000,250.0000,d)rotateFromBiaxial(d,28.9854,0.0000,d)rotate(141.3769)rotateIntoBiaxial(d,140.3251,0.0000,d)nonlinear(d,140.3251,0.0000,300.0000,d)rotateFromBiaxial(d,140.3251,0.0000,d)rotate(21.0503)rotateIntoBiaxial(d,9.6420,0.0000,d)nonlinear(d,9.6420,0.0000,100.0000,d)rotateFromBiaxial(d,9.6420,0.0000,d)nonlinear(6,0.0000,0.0000,19.3397,d)linear(0,0,0,46.8055,d)rotateIntoBiaxial(d,22.3125,0.0000,d)nonlinear(d,22.3125,0.0000,50.0000,d)rotateFromBiaxial(d,22.3125,0.0000,d)rotateIntoBiaxial(d,5.6736,0.0000,d)nonlinear(d,5.6736,0.0000,50.0000,d)rotateFromBiaxial(d,5.6736,0.0000,d)nonlinear(6,0.0000,0.0000,18.0554,d)linear(0,0,0,26.3504,d)rotateIntoBiaxial(d,3.4190,0.0000,d)nonlinear(d,3.4190,0.0000,50.0000,d)rotateFromBiaxial(d,3.4190,0.0000,d)linear(0,0,0,3.5861,d)rotate(-15.6754)
736,0,40,5.1941,9.6083,init()rotateIntoBiaxial(d,0.7597,0.0000,d)nonlinear(d,0.7597,0.0000,300.0000,d)rotateFromBiaxial(d,0.7597,0.0000,d)nonlinear(6,0.0000,0.0000,0.0000,d)linear(0,0,0,22.7826,d)rotate(18.3768)rotateIntoBiaxial(d,40.0532,0.0000,d)nonlinear(d,40.0532,0.0000,200.0000,d)rotateFromBiaxial(d,40.0532,0.0000,d)nonlinear(6,0.0000,0.0000,26.1489,d)rotate(177.2405)rotateIntoBiaxial(d,133.3146,0.0000,d)nonlinear(d,133.3146,0.0000,200.0000,d)rotateFromBiaxial(d,133.3146,0.0000,d)rotate(-33.8761)rotate(27.7546)rotateIntoBiaxial(d,7.1895,0.0000,d)nonlinear(d,7.1895,0.0000,50.0000,d)rotateFromBiaxial(d,7.1895,0.0000,d)rotateIntoBiaxial(d,1.3086,0.0000,d)nonlinear(d,1.3086,0.0000,50.0000,d)rotateFromBiaxial(d,1.3086,0.0000,d)nonlinear(6,0.0000,0.0000,13.8338,d)linear(0,0,0,30.5720,d)rotate(-9.3309)rotateIntoBiaxial(d,2.4031,0.0000,d)nonlinear(d,2.4031,0.0000,50.0000,d)rotateFromBiaxial(d,2.4031,0.0000,d)nonlinear(6,0.0000,0.0000,0.9555,d)linear(0,0,0,0.0000,d)rotate(-14.7258)
782,0,40,5.2747,9.6083,init()rotateIntoBiaxial(d,1.6480,0.0000,d)nonlinear(d,1.6480,0.0000,300.0000,d)rotateFromBiaxial(d,1.6480,0.0000,d)linear(0,0,0,35.3372,d)rotateIntoBiaxial(d,38.8577,0.0000,d)nonlinear(d,38.8577,0.0000,150.0000,d)rotateFromBiaxial(d,38.8577,0.0000,d)rotate(152.4682)rotateIntoBiaxial(d,140.1331,0.0000,d)nonlinear(d,140.1331,0.0000,250.0000,d)rotateFromBiaxial(d,140.1331,0.0000,d)rotate(-42.2664)rotate(14.1130)rotateIntoBiaxial(d,19.7243,0.0000,d)nonlinear(d,19.7243,0.0000,50.0000,d)rotateFromBiaxial(d,19.7243,0.0000,d)linear(0,0,0,46.2728,d)rotate(9.9141)rotateIntoBiaxial(d,7.6243,0.0000,d)nonlinear(d,7.6243,0.0000,50.0000,d)rotateFromBiaxial(d,7.6243,0.0000,d)linear(0,0,0,0.0000,d)nonlinear(6,0.0000,0.0000,26.3885,d)linear(0,0,0,34.2609,d)rotateIntoBiaxial(d,1.1529,0.0000,d)nonlinear(d,1.1529,0.0000,100.0000,d)rotateFromBiaxial(d,1.1529,0.0000,d)linear(0,0,0,7.8055,d)
828,0,40,10.0151,10.0151,init()rotateIntoBiaxial(d,2.9149,0.0000,d)nonlinear(d,2.9149,0.0000,300.0000,d)rotateFromBiaxial(d,2.9149,0.0000,d)nonlinear(6,0.0000,0.0000,2.2462,d)linear(0,0,0,28.7489,d)rotateIntoBiaxial(d,40.2165,0.0000,d)nonlinear(d,40.2165,0.0000,150.0000,d)rotateFromBiaxial(d,40.2165,0.0000,d)rotate(170.2102)rotateIntoBiaxial(d,138.9863,0.0000,d)nonlinear(d,138.9863,0.0000,250.0000,d)rotateFromBiaxial(d,138.9863,0.0000,d)linear(0,0,0,40.7860,d)rotate(-39.5387)linear(0,0,0,52.8611,d)rotateIntoBiaxial(d,14.6185,0.0000,d)nonlinear(d,14.6185,0.0000,100.0000,d)rotateFromBiaxial(d,14.6185,0.0000,d)linear(0,0,0,7.1766,d)rotate(-4.8297)nonlinear(6,0.0000,0.0000,23.8002,d)rotate(-41.0587)rotateIntoBiaxial(d,8.0950,0.0000,d)nonlinear(d,8.0950,0.0000,100.0000,d)rotateFromBiaxial(d,8.0950,0.0000,d)linear(0,0,0,10.3938,d)rotate(-21.2191)
874,0,40,9.6615,10.0151,init()rotateIntoBiaxial(d,3.4301,0.0000,d)nonlinear(d,3.4301,0.0000,250.0000,d)rotateFromBiaxial(d,3.4301,0.0000,d)nonlinear(6,0.0000,0.0000,2.0000,d)linear(0,0,0,24.3814,d)rotate(29.9869)rotateIntoBiaxial(d,40.2247,0.0000,d)nonlinear(d,40.2247,0.0000,150.0000,d)rotateFromBiaxial(d,40.2247,0.0000,d)rotate(179.9847)rotateIntoBiaxial(d,140.0453,0.0000,d)nonlinear(d,140.0453,0.0000,250.0000,d)rotateFromBiaxial(d,140.0453,0.0000,d)rotate(-8.7958)rotateIntoBiaxial(d,5.5610,0.0000,d)nonlinear(d,5.5610,0.0000,50.0000,d)rotateFromBiaxial(d,5.5610,0.0000,d)rotate(27.8690)nonlinear(6,0.0000,0.0000,11.8512,d)linear(0,0,0,53.8772,d)linear(0,0,0,6.5280,d)nonlinear(6,0.0000,0.0000,24.8163,d)linear(0,0,0,41.8653,d)rotateIntoBiaxial(d,0.8808,0.0000,d)nonlinear(d,0.8808,0.0000,50.0000,d)rotateFromBiaxial(d,0.8808,0.0000,d)linear(0,0,0,0.0000,d)rotate(-20.6082)
920,0,40,6.9017,10.0151,init()rotateIntoBiaxial(d,2.5722,0.0000,d)nonlinear(d,2.5722,0.0000,300.0000,d)rotateFromBiaxial(d,2.5722,0.0000,d)nonlinear(6,0.0000,0.0000,3.9397,d)linear(0,0,0,17.5291,d)rotateIntoBiaxial(d,30.5856,0.0000,d)nonlinear(d,30.5856,0.0000,150.0000,d)rotateFromBiaxial(d,30.5856,0.0000,d)nonlinear(6,0.0000,0.0000,38.8071,d)linear(0,0,0,17.9644,d)rotate(176.7659)rotateIntoBiaxial(d,139.2021,0.0000,d)nonlinear(d,139.2021,0.0000,200.0000,d)rotateFromBiaxial(d,139.2021,0.0000,d)linear(0,0,0,28.9176,d)nonlinear(6,0.0000,0.0000,43.2287,d)rotate(-7.6635)linear(0,0,0,56.2015,d)rotate(0.5411)rotateIntoBiaxial(d,13.2075,0.0000,d)nonlinear(d,13.2075,0.0000,50.0000,d)rotateFromBiaxial(d,13.2075,0.0000,d)linear(0,0,0,0.0000,d)rotate(-11.0496)rotateIntoBiaxial(d,6.0743,0.0000,d)nonlinear(d,6.0743,0.0000,50.0000,d)rotateFromBiaxial(d,6.0743,0.0000,d)nonlinear(6,0.0000,0.0000,36.3172,d)rotateIntoBiaxial(d,4.5071,0.0000,d)nonlinear(d,4.5071,0.0000,50.0000,d)rotateFromBiaxial(d,4.5071,0.0000,d)nonlinear(6,0.0000,0.0000,34.2979,d)linear(0,0,0,9.1766,d)rotate(-2.6410)
966,0,40,5.9106,10.0151,init()rotateIntoBiaxial(d,2.4454,0.0000,d)nonlinear(d,2.4454,0.0000,300.0000,d)rotateFromBiaxial(d,2.4454,0.0000,d)nonlinear(6,0.0000,0.0000,0.0000,d)linear(0,0,0,8.0282,d)rotate(28.6420)rotateIntoBiaxial(d,43.3120,0.0000,d)nonlinear(d,43.3120,0.0000,100.0000,d)rotateFromBiaxial(d,43.3120,0.0000,d)rotate(179.6000)rotateIntoBiaxial(d,139.5493,0.0000,d)nonlinear(d,139.5493,0.0000,200.0000,d)rotateFromBiaxial(d,139.5493,0.0000,d)nonlinear(6,0.0000,0.0000,34.3764,d)rotateIntoBiaxial(d,19.3422,0.0000,d)nonlinear(d,19.3422,0.0000,50.0000,d)rotateFromBiaxial(d,19.3422,0.0000,d)linear(0,0,0,38.1725,d)rotateIntoBiaxial(d,14.7779,0.0000,d)nonlinear(d,14.7779,0.0000,50.0000,d)rotateFromBiaxial(d,14.7779,0.0000,d)linear(0,0,0,9.1766,d)rotate(-15.9104)nonlinear(6,0.0000,0.0000,45.1695,d)rotate(3.1376)rotateIntoBiaxial(d,12.6994,0.0000,d)nonlinear(d,12.6994,0.0000,50.0000,d)rotateFromBiaxial(d,12.6994,0.0000,d)linear(0,0,0,0.0000,d)rotate(-4.0260)
1012,0,40,10.7713,10.7713,init()rotateIntoBiaxial(d,2.8289,0.0000,d)nonlinear(d,2.8289,0.0000,300.0000,d)rotateFromBiaxial(d,2.8289,0.0000,d)nonlinear(6,0.0000,0.0000,0.0000,d)linear(0,0,0,12.9408,d)rotateIntoBiaxial(d,42.3194,0.0000,d)nonlinear(d,42.3194,0.0000,100.0000,d)rotateFromBiaxial(d,42.3194,0.0000,d)rotate(165.7998)rotateIntoBiaxial(d,140.7288,0.0000,d)nonlinear(d,140.7288,0.0000,250.0000,d)rotateFromBiaxial(d,140.7288,0.0000,d)linear(0,0,0,42.6825,d)nonlinear(6,0.0000,0.0000,47.8170,d)rotate(18.7407)linear(0,0,0,43.0851,d)rotate(-3.5818)rotateIntoBiaxial(d,6.5785,0.0000,d)nonlinear(d,6.5785,0.0000,50.0000,d)rotateFromBiaxial(d,6.5785,0.0000,d)linear(0,0,0,13.4406,d)nonlinear(6,0.0000,0.0000,50.0821,d)rotateIntoBiaxial(d,17.7350,0.0000,d)nonlinear(d,17.7350,0.0000,50.0000,d)rotateFromBiaxial(d,17.7350,0.0000,d)linear(0,0,0,0.0000,d)rotate(-4.1077)
1058,0,40,5.4127,10.7713,init()rotateIntoBiaxial(d,1.4848,0.0000,d)nonlinear(d,1.4848,0.0000,250.0000,d)rotateFromBiaxial(d,1.4848,0.0000,d)nonlinear(6,0.0000,0.0000,0.0000,d)linear(0,0,0,10.9408,d)rotateIntoBiaxial(d,40.2063,0.0000,d)nonlinear(d,40.2063,0.0000,150.0000,d)rotateFromBiaxial(d,40.2063,0.0000,d)rotate(178.4232)rotateIntoBiaxial(d,138.0500,0.0000,d)nonlinear(d,138.0500,0.0000,300.0000,d)rotateFromBiaxial(d,138.0500,0.0000,d)rotate(-42.1158)nonlinear(6,0.0000,0.0000,45.8170,d)rotate(3.9890)rotateIntoBiaxial(d,5.4435,0.0000,d)nonlinear(d,5.4435,0.0000,50.0000,d)rotateFromBiaxial(d,5.4435,0.0000,d)rotateIntoBiaxial(d,13.8160,0.0000,d)nonlinear(d,13.8160,0.0000,50.0000,d)rotateFromBiaxial(d,13.8160,0.0000,d)nonlinear(6,0.0000,0.0000,56.6102,d)rotate(-9.9872)rotateIntoBiaxial(d,1.0703,0.0000,d)nonlinear(d,1.0703,0.0000,100.0000,d)rotateFromBiaxial(d,1.0703,0.0000,d)linear(0,0,0,10.5280,d)
1104,0,40,5.3272,10.7713,init()rotateIntoBiaxial(d,3.2656,0.0000,d)nonlinear(d,3.2656,0.0000,200.0000,d)rotateFromBiaxial(d,3.2656,0.0000,d)nonlinear(6,0.0000,0.0000,0.0000,d)linear(0,0,0,3.9092,d)rotateIntoBiaxial(d,40.8405,0.0000,d)nonlinear(d,40.8405,0.0000,200.0000,d)rotateFromBiaxial(d,40.8405,0.0000,d)rotate(165.8363)rotateIntoBiaxial(d,129.6123,0.0000,d)nonlinear(d,129.6123,0.0000,300.0000,d)rotateFromBiaxial(d,129.6123,0.0000,d)linear(0,0,0,60.2421,d)nonlinear(6,0.0000,0.0000,38.9941,d)rotate(-0.0506)rotateIntoBiaxial(d,9.4340,0.0000,d)nonlinear(d,9.4340,0.0000,50.0000,d)rotateFromBiaxial(d,9.4340,0.0000,d)nonlinear(6,0.0000,0.0000,50.0281,d)rotate(8.2145)rotateIntoBiaxial(d,14.8300,0.0000,d)nonlinear(d,14.8300,0.0000,50.0000,d)rotateFromBiaxial(d,14.8300,0.0000,d)linear(0,0,0,4.1891,d)rotate(-18.3053)rotateIntoBiaxial(d,9.1020,0.0000,d)nonlinear(d,9.1020,0.0000,50.0000,d)rotateFromBiaxial(d,9.1020,0.0000,d)nonlinear(6,0.0000,0.0000,58.4651,d)linear(0,0,0,47.8344,d)rotate(1.5184)rotateIntoBiaxial(d,2.5362,0.0000,d)nonlinear(d,2.5362,0.0000,50.0000,d)rotateFromBiaxial(d,2.5362,0.0000,d)rotate(-1.3687)
1150,0,40,8.7588,10.7713,init()rotateIntoBiaxial(d,0.6972,0.0000,d)nonlinear(d,0.6972,0.0000,200.0000,d)rotateFromBiaxial(d,0.6972,0.0000,d)linear(0,0,0,13.5280,d)rotateIntoBiaxial(d,45.0304,0.0000,d)nonlinear(d,45.0304,0.0000,100.0000,d)rotateFromBiaxial(d,45.0304,0.0000,d)nonlinear(6,0.0000,0.0000,10.1875,d)rotate(160.7248)rotateIntoBiaxial(d,139.9108,0.0000,d)nonlinear(d,139.9108,0.0000,300.0000,d)rotateFromBiaxial(d,139.9108,0.0000,d)linear(0,0,0,74.0945,d)nonlinear(6,0.0000,0.0000,44.3184,d)nonlinear(6,0.0000,0.0000,46.1758,d)rotateIntoBiaxial(d,5.3524,0.0000,d)nonlinear(d,5.3524,0.0000,50.0000,d)rotateFromBiaxial(d,5.3524,0.0000,d)rotate(-49.8311)nonlinear(6,0.0000,0.0000,53.1408,d)linear(0,0,0,61.6867,d)rotateIntoBiaxial(d,1.9916,0.0000,d)nonlinear(d,1.9916,0.0000,50.0000,d)rotateFromBiaxial(d,1.9916,0.0000,d)linear(0,0,0,39.9400,d)rotate(22.5345)
1196,0,40,10.8959,10.8959,init()rotateIntoBiaxial(d,2.5311,0.0000,d)nonlinear(d,2.5311,0.0000,250.0000,d)rotateFromBiaxial(d,2.5311,0.0000,d)linear(0,0,0,0.0000,d)rotateIntoBiaxial(d,42.0890,0.0000,d)nonlinear(d,42.0890,0.0000,50.0000,d)rotateFromBiaxial(d,42.0890,0.0000,d)nonlinear(6,0.0000,0.0000,25.1875,d)rotate(173.0023)rotateIntoBiaxial(d,138.8805,0.0000,d)nonlinear(d,138.8805,0.0000,250.0000,d)rotateFromBiaxial(d,138.8805,0.0000,d)linear(0,0,0,69.0945,d)nonlinear(6,0.0000,0.0000,49.3184,d)linear(0,0,0,39.2526,d)nonlinear(6,0.0000,0.0000,51.1758,d)rotate(5.3722)rotateIntoBiaxial(d,3.2321,0.0000,d)nonlinear(d,3.2321,0.0000,50.0000,d)rotateFromBiaxial(d,3.2321,0.0000,d)linear(0,0,0,18.5280,d)rotateIntoBiaxial(d,19.3324,0.0000,d)nonlinear(d,19.3324,0.0000,50.0000,d)rotateFromBiaxial(d,19.3324,0.0000,d)nonlinear(6,0.0000,0.0000,58.1408,d)rotate(-10.7275)rotateIntoBiaxial(d,2.2621,0.0000,d)nonlinear(d,2.2621,0.0000,50.0000,d)rotateFromBiaxial(d,2.2621,0.0000,d)linear(0,0,0,34.9400,d)rotate(17.9688)
1242,0,40,11.7853,11.7853,init()rotateIntoBiaxial(d,1.3328,0.0000,d)nonlinear(d,1.3328,0.0000,150.0000,d)rotateFromBiaxial(d,1.3328,0.0000,d)nonlinear(6,0.0000,0.0000,28.0290,d)rotateIntoBiaxial(d,42.8395,0.0000,d)nonlinear(d,42.8395,0.0000,50.0000,d)rotateFromBiaxial(d,42.8395,0.0000,d)nonlinear(6,0.0000,0.0000,12.0712,d)rotate(178.8142)rotateIntoBiaxial(d,139.7970,0.0000,d)nonlinear(d,139.7970,0.0000,250.0000,d)rotateFromBiaxial(d,139.7970,0.0000,d)linear(0,0,0,82.2108,d)rotate(-52.1524)nonlinear(6,0.0000,0.0000,36.2020,d)nonlinear(6,0.0000,0.0000,38.0594,d)rotateIntoBiaxial(d,4.6107,0.0000,d)nonlinear(d,4.6107,0.0000,50.0000,d)rotateFromBiaxial(d,4.6107,0.0000,d)linear(0,0,0,23.1163,d)rotateIntoBiaxial(d,3.5761,0.0000,d)nonlinear(d,3.5761,0.0000,50.0000,d)rotateFromBiaxial(d,3.5761,0.0000,d)nonlinear(6,0.0000,0.0000,53.5525,d)linear(0,0,0,62.0984,d)rotateIntoBiaxial(d,2.7288,0.0000,d)nonlinear(d,2.7288,0.0000,50.0000,d)rotateFromBiaxial(d,2.7288,0.0000,d)nonlinear(6,0.0000,0.0000,34.2685,d)linear(0,0,0,39.5283,d)
1288,0,40,6.3232,11.7853,init()rotateIntoBiaxial(d,0.0590,0.0000,d)nonlinear(d,0.0590,0.0000,250.0000,d)rotateFromBiaxial(d,0.0590,0.0000,d)nonlinear(6,0.0000,0.0000,41.7939,d)linear(0,0,0,0.0000,d)rotateIntoBiaxial(d,40.7142,0.0000,d)nonlinear(d,40.7142,0.0000,150.0000,d)rotateFromBiaxial(d,40.7142,0.0000,d)rotate(170.6592)rotateIntoBiaxial(d,155.0082,0.0000,d)nonlinear(d,155.0082,0.0000,300.0000,d)rotateFromBiaxial(d,155.0082,0.0000,d)linear(0,0,0,86.7991,d)nonlinear(6,0.0000,0.0000,31.6137,d)nonlinear(6,0.0000,0.0000,51.8244,d)rotate(-17.7106)rotateIntoBiaxial(d,4.4630,0.0000,d)nonlinear(d,4.4630,0.0000,50.0000,d)rotateFromBiaxial(d,4.4630,0.0000,d)linear(0,0,0,18.5280,d)rotateIntoBiaxial(d,9.5308,0.0000,d)nonlinear(d,9.5308,0.0000,50.0000,d)rotateFromBiaxial(d,9.5308,0.0000,d)nonlinear(6,0.0000,0.0000,48.9642,d)linear(0,0,0,48.3334,d)rotateIntoBiaxial(d,5.7388,0.0000,d)nonlinear(d,5.7388,0.0000,100.0000,d)rotateFromBiaxial(d,5.7388,0.0000,d)nonlinear(6,0.0000,0.0000,20.5035,d)linear(0,0,0,25.7634,d)rotate(-14.5125)
1334,0,40,20.1924,20.1924,init()rotateIntoBiaxial(d,1.3319,0.0000,d)nonlinear(d,1.3319,0.0000,300.0000,d)rotateFromBiaxial(d,1.3319,0.0000,d)nonlinear(6,0.0000,0.0000,27.5299,d)linear(0,0,0,8.5280,d)rotateIntoBiaxial(d,41.7762,0.0000,d)nonlinear(d,41.7762,0.0000,100.0000,d)rotateFromBiaxial(d,41.7762,0.0000,d)rotate(179.5707)rotateIntoBiaxial(d,140.1920,0.0000,d)nonlinear(d,140.1920,0.0000,250.0000,d)rotateFromBiaxial(d,140.1920,0.0000,d)rotate(-24.5505)nonlinear(6,0.0000,0.0000,17.3497,d)rotate(7.8116)rotateIntoBiaxial(d,8.6026,0.0000,d)nonlinear(d,8.6026,0.0000,50.0000,d)rotateFromBiaxial(d,8.6026,0.0000,d)nonlinear(6,0.0000,0.0000,66.0884,d)rotate(-6.1995)rotateIntoBiaxial(d,7.9528,0.0000,d)nonlinear(d,7.9528,0.0000,50.0000,d)rotateFromBiaxial(d,7.9528,0.0000,d)linear(0,0,0,4.2640,d)rotateIntoBiaxial(d,12.9997,0.0000,d)nonlinear(d,12.9997,0.0000,100.0000,d)rotateFromBiaxial(d,12.9997,0.0000,d)nonlinear(6,0.0000,0.0000,43.2282,d)linear(0,0,0,54.0694,d)rotate(14.2879)rotateIntoBiaxial(d,0.1636,0.0000,d)nonlinear(d,0.1636,0.0000,100.0000,d)rotateFromBiaxial(d,0.1636,0.0000,d)nonlinear(6,0.0000,0.0000,14.7675,d)linear(0,0,0,21.4993,d)rotate(-4.5906)
1380,0,40,13.3049,20.1924,init()rotateIntoBiaxial(d,0.5692,0.0000,d)nonlinear(d,0.5692,0.0000,300.0000,d)rotateFromBiaxial(d,0.5692,0.0000,d)rotateIntoBiaxial(d,37.8423,0.0000,d)nonlinear(d,37.8423,0.0000,100.0000,d)rotateFromBiaxial(d,37.8423,0.0000,d)nonlinear(6,0.0000,0.0000,0.0000,d)rotate(167.2593)rotateIntoBiaxial(d,139.5709,0.0000,d)nonlinear(d,139.5709,0.0000,200.0000,d)rotateFromBiaxial(d,139.5709,0.0000,d)linear(0,0,0,82.5351,d)nonlinear(6,0.0000,0.0000,7.3497,d)rotate(5.5380)rotateIntoBiaxial(d,15.7571,0.0000,d)nonlinear(d,15.7571,0.0000,50.0000,d)rotateFromBiaxial(d,15.7571,0.0000,d)nonlinear(6,0.0000,0.0000,76.0884,d)rotateIntoBiaxial(d,1.6707,0.0000,d)nonlinear(d,1.6707,0.0000,50.0000,d)rotateFromBiaxial(d,1.6707,0.0000,d)linear(0,0,0,14.2640,d)rotate(-50.8368)rotateIntoBiaxial(d,8.3539,0.0000,d)nonlinear(d,8.3539,0.0000,50.0000,d)rotateFromBiaxial(d,8.3539,0.0000,d)nonlinear(6,0.0000,0.0000,53.2282,d)rotateIntoBiaxial(d,0.7154,0.0000,d)nonlinear(d,0.7154,0.0000,50.0000,d)rotateFromBiaxial(d,0.7154,0.0000,d)linear(0,0,0,11.4993,d)rotate(-8.7747)
1426,0,40,15.3677,20.1924,init()rotateIntoBiaxial(d,1.2129,0.0000,d)nonlinear(d,1.2129,0.0000,250.0000,d)rotateFromBiaxial(d,1.2129,0.0000,d)rotateIntoBiaxial(d,38.1203,0.0000,d)nonlinear(d,38.1203,0.0000,50.0000,d)rotateFromBiaxial(d,38.1203,0.0000,d)rotate(178.8057)rotateIntoBiaxial(d,139.4528,0.0000,d)nonlinear(d,139.4528,0.0000,300.0000,d)rotateFromBiaxial(d,139.4528,0.0000,d)linear(0,0,0,82.5351,d)nonlinear(6,0.0000,0.0000,7.3497,d)rotate(1.6659)rotateIntoBiaxial(d,4.9233,0.0000,d)nonlinear(d,4.9233,0.0000,50.0000,d)rotateFromBiaxial(d,4.9233,0.0000,d)nonlinear(6,0.0000,0.0000,95.2650,d)rotateIntoBiaxial(d,4.3229,0.0000,d)nonlinear(d,4.3229,0.0000,50.0000,d)rotateFromBiaxial(d,4.3229,0.0000,d)linear(0,0,0,14.2640,d)rotate(-5.4341)rotateIntoBiaxial(d,10.7069,0.0000,d)nonlinear(d,10.7069,0.0000,150.0000,d)rotateFromBiaxial(d,10.7069,0.0000,d)nonlinear(6,0.0000,0.0000,62.4049,d)rotateIntoBiaxial(d,5.2033,0.0000,d)nonlinear(d,5.2033,0.0000,50.0000,d)rotateFromBiaxial(d,5.2033,0.0000,d)linear(0,0,0,21.4993,d)
1472,0,40,8.2186,20.1924,init()rotateIntoBiaxial(d,6.6105,0.0000,d)nonlinear(d,6.6105,0.0000,250.0000,d)rotateFromBiaxial(d,6.6105,0.0000,d)linear(0,0,0,13.5280,d)rotate(26.8650)rotateIntoBiaxial(d,42.0081,0.0000,d)nonlinear(d,42.0081,0.0000,50.0000,d)rotateFromBiaxial(d,42.0081,0.0000,d)rotate(179.4172)rotateIntoBiaxial(d,140.0891,0.0000,d)nonlinear(d,140.0891,0.0000,250.0000,d)rotateFromBiaxial(d,140.0891,0.0000,d)linear(0,0,0,87.5351,d)rotate(-38.5111)nonlinear(6,0.0000,0.0000,2.3497,d)rotate(19.6200)rotateIntoBiaxial(d,3.2029,0.0000,d)nonlinear(d,3.2029,0.0000,50.0000,d)rotateFromBiaxial(d,3.2029,0.0000,d)nonlinear(6,0.0000,0.0000,100.2650,d)rotateIntoBiaxial(d,0.9111,0.0000,d)nonlinear(d,0.9111,0.0000,50.0000,d)rotateFromBiaxial(d,0.9111,0.0000,d)linear(0,0,0,29.2640,d)rotate(-12.8427)rotateIntoBiaxial(d,9.7964,0.0000,d)nonlinear(d,9.7964,0.0000,100.0000,d)rotateFromBiaxial(d,9.7964,0.0000,d)nonlinear(6,0.0000,0.0000,47.4049,d)rotate(-7.5686)rotateIntoBiaxial(d,0.3882,0.0000,d)nonlinear(d,0.3882,0.0000,50.0000,d)rotateFromBiaxial(d,0.3882,0.0000,d)linear(0,0,0,36.4993,d)rotate(-12.2769)
1518,0,40,17.4939,20.1924,init()rotateIntoBiaxial(d,3.9204,0.0000,d)nonlinear(d,3.9204,0.0000,200.0000,d)rotateFromBiaxial(d,3.9204,0.0000,d)nonlinear(6,0.0000,0.0000,7.9600,d)rotate(12.9070)rotateIntoBiaxial(d,40.4189,0.0000,d)nonlinear(d,40.4189,0.0000,100.0000,d)rotateFromBiaxial(d,40.4189,0.0000,d)rotate(179.7261)rotateIntoBiaxial(d,139.7042,0.0000,d)nonlinear(d,139.7042,0.0000,300.0000,d)rotateFromBiaxial(d,139.7042,0.0000,d)linear(0,0,0,74.2865,d)rotate(-9.0672)rotate(5.6510)rotateIntoBiaxial(d,0.0001,0.0000,d)nonlinear(d,0.0001,0.0000,100.0000,d)rotateFromBiaxial(d,0.0001,0.0000,d)nonlinear(6,0.0000,0.0000,104.8717,d)rotateIntoBiaxial(d,8.8867,0.0000,d)nonlinear(d,8.8867,0.0000,50.0000,d)rotateFromBiaxial(d,8.8867,0.0000,d)linear(0,0,0,42.5126,d)rotate(-14.2506)rotateIntoBiaxial(d,6.7879,0.0000,d)nonlinear(d,6.7879,0.0000,100.0000,d)rotateFromBiaxial(d,6.7879,0.0000,d)nonlinear(6,0.0000,0.0000,52.0116,d)rotateIntoBiaxial(d,1.7351,0.0000,d)nonlinear(d,1.7351,0.0000,100.0000,d)rotateFromBiaxial(d,1.7351,0.0000,d)linear(0,0,0,40.5713,d)rotate(-4.1782)
1564,0,40,7.9424,20.1924,init()rotateIntoBiaxial(d,3.8073,0.0000,d)nonlinear(d,3.8073,0.0000,250.0000,d)rotateFromBiaxial(d,3.8073,0.0000,d)nonlinear(6,0.0000,0.0000,5.5483,d)rotate(12.9085)rotateIntoBiaxial(d,33.5894,0.0000,d)nonlinear(d,33.5894,0.0000,50.0000,d)rotateFromBiaxial(d,33.5894,0.0000,d)rotate(178.2222)rotateIntoBiaxial(d,139.1245,0.0000,d)nonlinear(d,139.1245,0.0000,300.0000,d)rotateFromBiaxial(d,139.1245,0.0000,d)linear(0,0,0,72.6982,d)nonlinear(6,0.0000,0.0000,0.0000,d)rotate(12.8698)rotateIntoBiaxial(d,15.2678,0.0000,d)nonlinear(d,15.2678,0.0000,50.0000,d)rotateFromBiaxial(d,15.2678,0.0000,d)nonlinear(6,0.0000,0.0000,102.4601,d)rotateIntoBiaxial(d,0.2846,0.0000,d)nonlinear(d,0.2846,0.0000,100.0000,d)rotateFromBiaxial(d,0.2846,0.0000,d)rotateIntoBiaxial(d,5.5673,0.0000,d)nonlinear(d,5.5673,0.0000,100.0000,d)rotateFromBiaxial(d,5.5673,0.0000,d)nonlinear(6,0.0000,0.0000,40.4233,d)rotateIntoBiaxial(d,1.8238,0.0000,d)nonlinear(d,1.8238,0.0000,100.0000,d)rotateFromBiaxial(d,1.8238,0.0000,d)linear(0,0,0,52.1596,d)rotate(-61.5122)
1610,0,40,12.3953,20.1924,init()rotateIntoBiaxial(d,0.2246,0.0000,d)nonlinear(d,0.2246,0.0000,200.0000,d)rotateFromBiaxial(d,0.2246,0.0000,d)rotateIntoBiaxial(d,44.6660,0.0000,d)nonlinear(d,44.6660,0.0000,50.0000,d)rotateFromBiaxial(d,44.6660,0.0000,d)rotate(179.8588)rotateIntoBiaxial(d,139.7022,0.0000,d)nonlinear(d,139.7022,0.0000,250.0000,d)rotateFromBiaxial(d,139.7022,0.0000,d)linear(0,0,0,70.1099,d)rotateIntoBiaxial(d,11.4817,0.0000,d)nonlinear(d,11.4817,0.0000,50.0000,d)rotateFromBiaxial(d,11.4817,0.0000,d)nonlinear(6,0.0000,0.0000,90.6951,d)rotateIntoBiaxial(d,1.2438,0.0000,d)nonlinear(d,1.2438,0.0000,100.0000,d)rotateFromBiaxial(d,1.2438,0.0000,d)rotate(-2.5637)rotateIntoBiaxial(d,16.9297,0.0000,d)nonlinear(d,16.9297,0.0000,200.0000,d)rotateFromBiaxial(d,16.9297,0.0000,d)nonlinear(6,0.0000,0.0000,37.8349,d)rotateIntoBiaxial(d,0.9697,0.0000,d)nonlinear(d,0.9697,0.0000,50.0000,d)rotateFromBiaxial(d,0.9697,0.0000,d)linear(0,0,0,54.7479,d)
1656,0,40,9.0693,20.1924,init()rotateIntoBiaxial(d,3.1540,0.0000,d)nonlinear(d,3.1540,0.0000,250.0000,d)rotateFromBiaxial(d,3.1540,0.0000,d)rotateIntoBiaxial(d,48.2396,0.0000,d)nonlinear(d,48.2396,0.0000,100.0000,d)rotateFromBiaxial(d,48.2396,0.0000,d)rotate(177.8501)rotateIntoBiaxial(d,139.3768,0.0000,d)nonlinear(d,139.3768,0.0000,200.0000,d)rotateFromBiaxial(d,139.3768,0.0000,d)linear(0,0,0,72.7711,d)rotate(-7.3717)nonlinear(6,0.0000,0.0000,2.0000,d)rotate(-5.8125)rotateIntoBiaxial(d,15.0056,0.0000,d)nonlinear(d,15.0056,0.0000,50.0000,d)rotateFromBiaxial(d,15.0056,0.0000,d)nonlinear(6,0.0000,0.0000,102.0339,d)rotateIntoBiaxial(d,10.3606,0.0000,d)nonlinear(d,10.3606,0.0000,50.0000,d)rotateFromBiaxial(d,10.3606,0.0000,d)linear(0,0,0,58.8514,d)rotate(-42.9201)rotateIntoBiaxial(d,3.5541,0.0000,d)nonlinear(d,3.5541,0.0000,100.0000,d)rotateFromBiaxial(d,3.5541,0.0000,d)nonlinear(6,0.0000,0.0000,30.4962,d)rotate(-1.7299)rotateIntoBiaxial(d,8.2084,0.0000,d)nonlinear(d,8.2084,0.0000,50.0000,d)rotateFromBiaxial(d,8.2084,0.0000,d)linear(0,0,0,47.4091,d)
1702,0,40,14.5770,20.1924,init()rotateIntoBiaxial(d,2.7984,0.0000,d)nonlinear(d,2.7984,0.0000,250.0000,d)rotateFromBiaxial(d,2.7984,0.0000,d)nonlinear(6,0.0000,0.0000,0.0000,d)rotate(-2.5152)rotateIntoBiaxial(d,33.9950,0.0000,d)nonlinear(d,33.9950,0.0000,150.0000,d)rotateFromBiaxial(d,33.9950,0.0000,d)rotate(164.2091)rotateIntoBiaxial(d,139.9001,0.0000,d)nonlinear(d,139.9001,0.0000,300.0000,d)rotateFromBiaxial(d,139.9001,0.0000,d)rotate(6.4651)rotateIntoBiaxial(d,15.4916,0.0000,d)nonlinear(d,15.4916,0.0000,50.0000,d)rotateFromBiaxial(d,15.4916,0.0000,d)nonlinear(6,0.0000,0.0000,84.5833,d)rotateIntoBiaxial(d,6.9400,0.0000,d)nonlinear(d,6.9400,0.0000,50.0000,d)rotateFromBiaxial(d,6.9400,0.0000,d)linear(0,0,0,51.4008,d)rotateIntoBiaxial(d,1.8345,0.0000,d)nonlinear(d,1.8345,0.0000,100.0000,d)rotateFromBiaxial(d,1.8345,0.0000,d)nonlinear(6,0.0000,0.0000,22.2223,d)linear(0,0,0,45.9356,d)rotate(8.0912)rotateIntoBiaxial(d,1.8198,0.0000,d)nonlinear(d,1.8198,0.0000,50.0000,d)rotateFromBiaxial(d,1.8198,0.0000,d)linear(0,0,0,39.1352,d)
1748,0,40,7.5959,20.1924,init()rotateIntoBiaxial(d,5.7112,0.0000,d)nonlinear(d,5.7112,0.0000,250.0000,d)rotateFromBiaxial(d,5.7112,0.0000,d)nonlinear(6,0.0000,0.0000,18.3533,d)rotate(12.0510)rotateIntoBiaxial(d,40.6792,0.0000,d)nonlinear(d,40.6792,0.0000,100.0000,d)rotateFromBiaxial(d,40.6792,0.0000,d)nonlinear(6,0.0000,0.0000,0.0000,d)rotate(172.1176)rotateIntoBiaxial(d,140.5400,0.0000,d)nonlinear(d,140.5400,0.0000,200.0000,d)rotateFromBiaxial(d,140.5400,0.0000,d)linear(0,0,0,70.7323,d)rotateIntoBiaxial(d,12.8430,0.0000,d)nonlinear(d,12.8430,0.0000,150.0000,d)rotateFromBiaxial(d,12.8430,0.0000,d)nonlinear(6,0.0000,0.0000,89.1717,d)rotateIntoBiaxial(d,8.3016,0.0000,d)nonlinear(d,8.3016,0.0000,100.0000,d)rotateFromBiaxial(d,8.3016,0.0000,d)linear(0,0,0,55.9891,d)rotate(-7.6898)rotateIntoBiaxial(d,15.1495,0.0000,d)nonlinear(d,15.1495,0.0000,100.0000,d)rotateFromBiaxial(d,15.1495,0.0000,d)nonlinear(6,0.0000,0.0000,26.8106,d)linear(0,0,0,41.3473,d)rotate(-6.0565)rotateIntoBiaxial(d,6.0176,0.0000,d)nonlinear(d,6.0176,0.0000,50.0000,d)rotateFromBiaxial(d,6.0176,0.0000,d)linear(0,0,0,43.7235,d)
1794,0,40,4.4092,20.1924,init()rotateIntoBiaxial(d,4.4973,0.0000,d)nonlinear(d,4.4973,0.0000,200.0000,d)rotateFromBiaxial(d,4.4973,0.0000,d)nonlinear(6,0.0000,0.0000,22.9416,d)rotateIntoBiaxial(d,41.2301,0.0000,d)nonlinear(d,41.2301,0.0000,150.0000,d)rotateFromBiaxial(d,41.2301,0.0000,d)rotate(169.8141)rotateIntoBiaxial(d,141.8893,0.0000,d)nonlinear(d,141.8893,0.0000,250.0000,d)rotateFromBiaxial(d,141.8893,0.0000,d)linear(0,0,0,66.1440,d)rotate(-39.2737)rotateIntoBiaxial(d,13.4364,0.0000,d)nonlinear(d,13.4364,0.0000,50.0000,d)rotateFromBiaxial(d,13.4364,0.0000,d)nonlinear(6,0.0000,0.0000,75.4067,d)rotateIntoBiaxial(d,8.8356,0.0000,d)nonlinear(d,8.8356,0.0000,100.0000,d)rotateFromBiaxial(d,8.8356,0.0000,d)linear(0,0,0,60.5774,d)rotate(-16.9795)rotateIntoBiaxial(d,18.6825,0.0000,d)nonlinear(d,18.6825,0.0000,100.0000,d)rotateFromBiaxial(d,18.6825,0.0000,d)nonlinear(6,0.0000,0.0000,13.0456,d)linear(0,0,0,45.9356,d)rotateIntoBiaxial(d,1.0553,0.0000,d)nonlinear(d,1.0553,0.0000,50.0000,d)rotateFromBiaxial(d,1.0553,0.0000,d)linear(0,0,0,57.4885,d)rotate(-0.2262)
1840,0,40,10.2847,20.1924,init()rotateIntoBiaxial(d,1.6020,0.0000,d)nonlinear(d,1.6020,0.0000,200.0000,d)rotateFromBiaxial(d,1.6020,0.0000,d)rotate(-15.8642)rotateIntoBiaxial(d,38.4906,0.0000,d)nonlinear(d,38.4906,0.0000,150.0000,d)rotateFromBiaxial(d,38.4906,0.0000,d)nonlinear(6,0.0000,0.0000,23.7649,d)rotate(179.3571)rotateIntoBiaxial(d,140.1036,0.0000,d)nonlinear(d,140.1036,0.0000,250.0000,d)rotateFromBiaxial(d,140.1036,0.0000,d)nonlinear(6,0.0000,0.0000,13.7649,d)rotate(-25.9283)rotateIntoBiaxial(d,13.1386,0.0000,d)nonlinear(d,13.1386,0.0000,50.0000,d)rotateFromBiaxial(d,13.1386,0.0000,d)nonlinear(6,0.0000,0.0000,80.8184,d)rotateIntoBiaxial(d,4.7778,0.0000,d)nonlinear(d,4.7778,0.0000,50.0000,d)rotateFromBiaxial(d,4.7778,0.0000,d)linear(0,0,0,65.1658,d)rotate(-14.9187)rotateIntoBiaxial(d,16.8937,0.0000,d)nonlinear(d,16.8937,0.0000,50.0000,d)rotateFromBiaxial(d,16.8937,0.0000,d)nonlinear(6,0.0000,0.0000,8.4573,d)linear(0,0,0,50.5239,d)rotateIntoBiaxial(d,8.9751,0.0000,d)nonlinear(d,8.9751,0.0000,50.0000,d)rotateFromBiaxial(d,8.9751,0.0000,d)nonlinear(6,0.0000,0.0000,69.9259,d)linear(0,0,0,62.9002,d)rotate(-0.9519)
1886,0,40,6.2401,20.1924,init()rotateIntoBiaxial(d,2.8547,0.0000,d)nonlinear(d,2.8547,0.0000,300.0000,d)rotateFromBiaxial(d,2.8547,0.0000,d)nonlinear(6,0.0000,0.0000,3.3533,d)rotate(6.5493)rotateIntoBiaxial(d,40.1435,0.0000,d)nonlinear(d,40.1435,0.0000,150.0000,d)rotateFromBiaxial(d,40.1435,0.0000,d)rotate(151.4210)rotateIntoBiaxial(d,134.7921,0.0000,d)nonlinear(d,134.7921,0.0000,200.0000,d)rotateFromBiaxial(d,134.7921,0.0000,d)linear(0,0,0,66.5556,d)rotateIntoBiaxial(d,7.1309,0.0000,d)nonlinear(d,7.1309,0.0000,50.0000,d)rotateFromBiaxial(d,7.1309,0.0000,d)nonlinear(6,0.0000,0.0000,85.8184,d)rotateIntoBiaxial(d,9.8945,0.0000,d)nonlinear(d,9.8945,0.0000,150.0000,d)rotateFromBiaxial(d,9.8945,0.0000,d)linear(0,0,0,80.1658,d)rotate(13.5278)nonlinear(6,0.0000,0.0000,13.4573,d)rotateIntoBiaxial(d,7.2437,0.0000,d)nonlinear(d,7.2437,0.0000,50.0000,d)rotateFromBiaxial(d,7.2437,0.0000,d)linear(0,0,0,47.9002,d)rotate(-13.1763)
1932,0,40,3.6984,20.1924,init()rotateIntoBiaxial(d,3.8868,0.0000,d)nonlinear(d,3.8868,0.0000,200.0000,d)rotateFromBiaxial(d,3.8868,0.0000,d)rotate(-14.7493)rotateIntoBiaxial(d,39.8128,0.0000,d)nonlinear(d,39.8128,0.0000,200.0000,d)rotateFromBiaxial(d,39.8128,0.0000,d)rotate(159.1296)rotateIntoBiaxial(d,126.1973,0.0000,d)nonlinear(d,126.1973,0.0000,250.0000,d)rotateFromBiaxial(d,126.1973,0.0000,d)nonlinear(6,0.0000,0.0000,22.2056,d)linear(0,0,0,61.6430,d)rotate(-27.5003)rotateIntoBiaxial(d,0.7278,0.0000,d)nonlinear(d,0.7278,0.0000,100.0000,d)rotateFromBiaxial(d,0.7278,0.0000,d)nonlinear(6,0.0000,0.0000,81.5544,d)rotateIntoBiaxial(d,12.6712,0.0000,d)nonlinear(d,12.6712,0.0000,50.0000,d)rotateFromBiaxial(d,12.6712,0.0000,d)linear(0,0,0,66.7251,d)rotate(-27.0899)rotateIntoBiaxial(d,2.6388,0.0000,d)nonlinear(d,2.6388,0.0000,50.0000,d)rotateFromBiaxial(d,2.6388,0.0000,d)nonlinear(6,0.0000,0.0000,26.8980,d)linear(0,0,0,68.9645,d)rotateIntoBiaxial(d,11.3164,0.0000,d)nonlinear(d,11.3164,0.0000,50.0000,d)rotateFromBiaxial(d,11.3164,0.0000,d)linear(0,0,0,42.9876,d)
1978,0,40,4.5951,20.1924,init()rotateIntoBiaxial(d,1.4194,0.0000,d)nonlinear(d,1.4194,0.0000,100.0000,d)rotateFromBiaxial(d,1.4194,0.0000,d)nonlinear(6,0.0000,0.0000,0.0000,d)rotate(11.1426)rotateIntoBiaxial(d,25.1966,0.0000,d)nonlinear(d,25.1966,0.0000,50.0000,d)rotateFromBiaxial(d,25.1966,0.0000,d)rotate(177.4663)rotateIntoBiaxial(d,139.4757,0.0000,d)nonlinear(d,139.4757,0.0000,250.0000,d)rotateFromBiaxial(d,139.4757,0.0000,d)nonlinear(6,0.0000,0.0000,27.3363,d)linear(0,0,0,56.5123,d)rotate(2.5470)rotateIntoBiaxial(d,20.4746,0.0000,d)nonlinear(d,20.4746,0.0000,100.0000,d)rotateFromBiaxial(d,20.4746,0.0000,d)nonlinear(6,0.0000,0.0000,67.2470,d)rotateIntoBiaxial(d,14.8424,0.0000,d)nonlinear(d,14.8424,0.0000,100.0000,d)rotateFromBiaxial(d,14.8424,0.0000,d)linear(0,0,0,71.8559,d)rotate(-82.2545)rotateIntoBiaxial(d,5.4707,0.0000,d)nonlinear(d,5.4707,0.0000,100.0000,d)rotateFromBiaxial(d,5.4707,0.0000,d)nonlinear(6,0.0000,0.0000,31.7672,d)rotateIntoBiaxial(d,5.0980,0.0000,d)nonlinear(d,5.0980,0.0000,50.0000,d)rotateFromBiaxial(d,5.0980,0.0000,d)
2024,0,40,6.9901,20.1924,init()rotateIntoBiaxial(d,0.4129,0.0000,d)nonlinear(d,0.4129,0.0000,200.0000,d)rotateFromBiaxial(d,0.4129,0.0000,d)nonlinear(6,0.0000,0.0000,0.0000,d)rotate(7.9904)rotateIntoBiaxial(d,40.6542,0.0000,d)nonlinear(d,40.6542,0.0000,150.0000,d)rotateFromBiaxial(d,40.6542,0.0000,d)rotate(131.9855)rotateIntoBiaxial(d,135.1483,0.0000,d)nonlinear(d,135.1483,0.0000,300.0000,d)rotateFromBiaxial(d,135.1483,0.0000,d)rotate(8.8150)rotateIntoBiaxial(d,9.6805,0.0000,d)nonlinear(d,9.6805,0.0000,50.0000,d)rotateFromBiaxial(d,9.6805,0.0000,d)nonlinear(6,0.0000,0.0000,69.5110,d)rotateIntoBiaxial(d,12.7005,0.0000,d)nonlinear(d,12.7005,0.0000,50.0000,d)rotateFromBiaxial(d,12.7005,0.0000,d)rotate(-27.5048)rotateIntoBiaxial(d,8.1750,0.0000,d)nonlinear(d,8.1750,0.0000,50.0000,d)rotateFromBiaxial(d,8.1750,0.0000,d)nonlinear(6,0.0000,0.0000,38.0312,d)linear(0,0,0,71.0079,d)rotateIntoBiaxial(d,20.8905,0.0000,d)nonlinear(d,20.8905,0.0000,50.0000,d)rotateFromBiaxial(d,20.8905,0.0000,d)linear(0,0,0,40.3823,d)rotate(3.4274)
2070,0,40,7.1390,20.1924,init()rotateIntoBiaxial(d,6.6272,0.0000,d)nonlinear(d,6.6272,0.0000,200.0000,d)rotateFromBiaxial(d,6.6272,0.0000,d)rotate(8.6258)rotateIntoBiaxial(d,26.8197,0.0000,d)nonlinear(d,26.8197,0.0000,150.0000,d)rotateFromBiaxial(d,26.8197,0.0000,d)rotate(176.8816)rotateIntoBiaxial(d,140.0534,0.0000,d)nonlinear(d,140.0534,0.0000,250.0000,d)rotateFromBiaxial(d,140.0534,0.0000,d)nonlinear(6,0.0000,0.0000,18.4840,d)linear(0,0,0,66.0132,d)rotate(-17.7871)rotateIntoBiaxial(d,4.5000,0.0000,d)nonlinear(d,4.5000,0.0000,100.0000,d)rotateFromBiaxial(d,4.5000,0.0000,d)nonlinear(6,0.0000,0.0000,76.0993,d)rotateIntoBiaxial(d,13.8681,0.0000,d)nonlinear(d,13.8681,0.0000,50.0000,d)rotateFromBiaxial(d,13.8681,0.0000,d)linear(0,0,0,72.1802,d)rotate(-57.4544)rotateIntoBiaxial(d,4.6473,0.0000,d)nonlinear(d,4.6473,0.0000,50.0000,d)rotateFromBiaxial(d,4.6473,0.0000,d)nonlinear(6,0.0000,0.0000,31.4429,d)rotateIntoBiaxial(d,2.3358,0.0000,d)nonlinear(d,2.3358,0.0000,100.0000,d)rotateFromBiaxial(d,2.3358,0.0000,d)linear(0,0,0,46.9706,d)rotate(-14.1606)
2116,0,40,5.8468,20.1924,init()rotateIntoBiaxial(d,0.4151,0.0000,d)nonlinear(d,0.4151,0.0000,150.0000,d)rotateFromBiaxial(d,0.4151,0.0000,d)rotate(27.9700)rotateIntoBiaxial(d,24.8479,0.0000,d)nonlinear(d,24.8479,0.0000,150.0000,d)rotateFromBiaxial(d,24.8479,0.0000,d)rotate(147.6682)rotateIntoBiaxial(d,139.5398,0.0000,d)nonlinear(d,139.5398,0.0000,250.0000,d)rotateFromBiaxial(d,139.5398,0.0000,d)linear(0,0,0,70.1898,d)rotate(-0.2244)rotateIntoBiaxial(d,5.8059,0.0000,d)nonlinear(d,5.8059,0.0000,50.0000,d)rotateFromBiaxial(d,5.8059,0.0000,d)nonlinear(6,0.0000,0.0000,90.2760,d)rotateIntoBiaxial(d,1.9441,0.0000,d)nonlinear(d,1.9441,0.0000,50.0000,d)rotateFromBiaxial(d,1.9441,0.0000,d)linear(0,0,0,77.1802,d)rotate(-40.8438)rotateIntoBiaxial(d,12.9634,0.0000,d)nonlinear(d,12.9634,0.0000,100.0000,d)rotateFromBiaxial(d,12.9634,0.0000,d)nonlinear(6,0.0000,0.0000,45.6195,d)rotateIntoBiaxial(d,10.5750,0.0000,d)nonlinear(d,10.5750,0.0000,50.0000,d)rotateFromBiaxial(d,10.5750,0.0000,d)linear(0,0,0,51.1473,d)rotate(-14.5374)
2162,0,40,8.1737,20.1924,init()rotateIntoBiaxial(d,3.1492,0.0000,d)nonlinear(d,3.1492,0.0000,250.0000,d)rotateFromBiaxial(d,3.1492,0.0000,d)rotate(13.5775)rotateIntoBiaxial(d,38.5832,0.0000,d)nonlinear(d,38.5832,0.0000,150.0000,d)rotateFromBiaxial(d,38.5832,0.0000,d)nonlinear(6,0.0000,0.0000,0.0000,d)rotate(158.6371)rotateIntoBiaxial(d,139.2100,0.0000,d)nonlinear(d,139.2100,0.0000,300.0000,d)rotateFromBiaxial(d,139.2100,0.0000,d)linear(0,0,0,75.1898,d)nonlinear(6,0.0000,0.0000,85.2760,d)rotateIntoBiaxial(d,2.8974,0.0000,d)nonlinear(d,2.8974,0.0000,50.0000,d)rotateFromBiaxial(d,2.8974,0.0000,d)linear(0,0,0,82.1802,d)rotate(-78.8179)rotateIntoBiaxial(d,1.6960,0.0000,d)nonlinear(d,1.6960,0.0000,100.0000,d)rotateFromBiaxial(d,1.6960,0.0000,d)nonlinear(6,0.0000,0.0000,41.4429,d)linear(0,0,0,73.5962,d)rotateIntoBiaxial(d,9.3248,0.0000,d)nonlinear(d,9.3248,0.0000,50.0000,d)rotateFromBiaxial(d,9.3248,0.0000,d)linear(0,0,0,55.3239,d)rotate(-19.4268)
2208,0,40,3.8659,20.1924,init()rotateIntoBiaxial(d,0.9472,0.0000,d)nonlinear(d,0.9472,0.0000,250.0000,d)rotateFromBiaxial(d,0.9472,0.0000,d)rotate(-2.6860)rotateIntoBiaxial(d,39.9193,0.0000,d)nonlinear(d,39.9193,0.0000,100.0000,d)rotateFromBiaxial(d,39.9193,0.0000,d)rotate(165.2159)rotateIntoBiaxial(d,145.2307,0.0000,d)nonlinear(d,145.2307,0.0000,200.0000,d)rotateFromBiaxial(d,145.2307,0.0000,d)nonlinear(6,0.0000,0.0000,0.0000,d)linear(0,0,0,88.1279,d)rotate(-9.8689)rotateIntoBiaxial(d,2.2815,0.0000,d)nonlinear(d,2.2815,0.0000,50.0000,d)rotateFromBiaxial(d,2.2815,0.0000,d)nonlinear(6,0.0000,0.0000,80.8659,d)rotateIntoBiaxial(d,12.8986,0.0000,d)nonlinear(d,12.8986,0.0000,50.0000,d)rotateFromBiaxial(d,12.8986,0.0000,d)rotate(-55.2808)rotateIntoBiaxial(d,2.7404,0.0000,d)nonlinear(d,2.7404,0.0000,150.0000,d)rotateFromBiaxial(d,2.7404,0.0000,d)nonlinear(6,0.0000,0.0000,36.6763,d)rotateIntoBiaxial(d,4.7654,0.0000,d)nonlinear(d,4.7654,0.0000,100.0000,d)rotateFromBiaxial(d,4.7654,0.0000,d)linear(0,0,0,50.5573,d)rotate(9.2062)
2254,0,40,9.3711,20.1924,init()rotateIntoBiaxial(d,0.6658,0.0000,d)nonlinear(d,0.6658,0.0000,250.0000,d)rotateFromBiaxial(d,0.6658,0.0000,d)rotate(21.5761)rotateIntoBiaxial(d,39.5428,0.0000,d)nonlinear(d,39.5428,0.0000,150.0000,d)rotateFromBiaxial(d,39.5428,0.0000,d)rotate(152.5468)rotateIntoBiaxial(d,139.1671,0.0000,d)nonlinear(d,139.1671,0.0000,200.0000,d)rotateFromBiaxial(d,139.1671,0.0000,d)nonlinear(6,0.0000,0.0000,14.1766,d)linear(0,0,0,83.1279,d)rotate(13.4031)rotateIntoBiaxial(d,3.6992,0.0000,d)nonlinear(d,3.6992,0.0000,100.0000,d)rotateFromBiaxial(d,3.6992,0.0000,d)nonlinear(6,0.0000,0.0000,85.0425,d)rotateIntoBiaxial(d,22.2813,0.0000,d)nonlinear(d,22.2813,0.0000,50.0000,d)rotateFromBiaxial(d,22.2813,0.0000,d)linear(0,0,0,91.9468,d)rotate(-62.0620)rotateIntoBiaxial(d,15.1475,0.0000,d)nonlinear(d,15.1475,0.0000,150.0000,d)rotateFromBiaxial(d,15.1475,0.0000,d)nonlinear(6,0.0000,0.0000,50.8529,d)rotateIntoBiaxial(d,11.1751,0.0000,d)nonlinear(d,11.1751,0.0000,50.0000,d)rotateFromBiaxial(d,11.1751,0.0000,d)linear(0,0,0,54.7340,d)rotate(16.9991)
2300,0,40,6.1754,20.1924,init()rotateIntoBiaxial(d,1.1734,0.0000,d)nonlinear(d,1.1734,0.0000,200.0000,d)rotateFromBiaxial(d,1.1734,0.0000,d)rotate(2.1052)rotateIntoBiaxial(d,39.9526,0.0000,d)nonlinear(d,39.9526,0.0000,100.0000,d)rotateFromBiaxial(d,39.9526,0.0000,d)rotate(124.6789)rotateIntoBiaxial(d,144.2175,0.0000,d)nonlinear(d,144.2175,0.0000,250.0000,d)rotateFromBiaxial(d,144.2175,0.0000,d)nonlinear(6,0.0000,0.0000,19.1766,d)linear(0,0,0,98.1279,d)rotate(-19.8775)rotateIntoBiaxial(d,5.3092,0.0000,d)nonlinear(d,5.3092,0.0000,50.0000,d)rotateFromBiaxial(d,5.3092,0.0000,d)nonlinear(6,0.0000,0.0000,90.0425,d)rotateIntoBiaxial(d,1.9176,0.0000,d)nonlinear(d,1.9176,0.0000,50.0000,d)rotateFromBiaxial(d,1.9176,0.0000,d)linear(0,0,0,86.9468,d)rotateIntoBiaxial(d,7.5907,0.0000,d)nonlinear(d,7.5907,0.0000,150.0000,d)rotateFromBiaxial(d,7.5907,0.0000,d)nonlinear(6,0.0000,0.0000,55.8529,d)linear(0,0,0,107.1829,d)rotateIntoBiaxial(d,9.1763,0.0000,d)nonlinear(d,9.1763,0.0000,50.0000,d)rotateFromBiaxial(d,9.1763,0.0000,d)linear(0,0,0,49.7340,d)
2346,0,40,5.3854,20.1924,init()rotateIntoBiaxial(d,4.5746,0.0000,d)nonlinear(d,4.5746,0.0000,250.0000,d)rotateFromBiaxial(d,4.5746,0.0000,d)rotate(10.1781)rotateIntoBiaxial(d,42.7609,0.0000,d)nonlinear(d,42.7609,0.0000,100.0000,d)rotateFromBiaxial(d,42.7609,0.0000,d)rotate(170.4467)rotateIntoBiaxial(d,139.3308,0.0000,d)nonlinear(d,139.3308,0.0000,300.0000,d)rotateFromBiaxial(d,139.3308,0.0000,d)linear(0,0,0,83.9513,d)rotate(-24.9256)rotateIntoBiaxial(d,3.2710,0.0000,d)nonlinear(d,3.2710,0.0000,50.0000,d)rotateFromBiaxial(d,3.2710,0.0000,d)nonlinear(6,0.0000,0.0000,85.8659,d)rotateIntoBiaxial(d,16.0340,0.0000,d)nonlinear(d,16.0340,0.0000,100.0000,d)rotateFromBiaxial(d,16.0340,0.0000,d)linear(0,0,0,91.1234,d)rotate(-33.3210)rotateIntoBiaxial(d,0.8079,0.0000,d)nonlinear(d,0.8079,0.0000,100.0000,d)rotateFromBiaxial(d,0.8079,0.0000,d)nonlinear(6,0.0000,0.0000,41.6763,d)rotateIntoBiaxial(d,11.1950,0.0000,d)nonlinear(d,11.1950,0.0000,50.0000,d)rotateFromBiaxial(d,11.1950,0.0000,d)linear(0,0,0,53.9106,d)
2392,0,40,3.7787,20.1924,init()rotateIntoBiaxial(d,4.4518,0.0000,d)nonlinear(d,4.4518,0.0000,150.0000,d)rotateFromBiaxial(d,4.4518,0.0000,d)rotate(27.1599)rotateIntoBiaxial(d,38.7924,0.0000,d)nonlinear(d,38.7924,0.0000,100.0000,d)rotateFromBiaxial(d,38.7924,0.0000,d)rotate(135.4301)rotateIntoBiaxial(d,144.2112,0.0000,d)nonlinear(d,144.2112,0.0000,300.0000,d)rotateFromBiaxial(d,144.2112,0.0000,d)linear(0,0,0,88.9513,d)rotate(2.7581)rotateIntoBiaxial(d,3.3987,0.0000,d)nonlinear(d,3.3987,0.0000,100.0000,d)rotateFromBiaxial(d,3.3987,0.0000,d)nonlinear(6,0.0000,0.0000,100.8659,d)rotateIntoBiaxial(d,1.7782,0.0000,d)nonlinear(d,1.7782,0.0000,50.0000,d)rotateFromBiaxial(d,1.7782,0.0000,d)linear(0,0,0,86.1234,d)rotate(-68.3285)rotateIntoBiaxial(d,16.1089,0.0000,d)nonlinear(d,16.1089,0.0000,100.0000,d)rotateFromBiaxial(d,16.1089,0.0000,d)nonlinear(6,0.0000,0.0000,26.6763,d)linear(0,0,0,126.3595,d)rotateIntoBiaxial(d,12.7648,0.0000,d)nonlinear(d,12.7648,0.0000,100.0000,d)rotateFromBiaxial(d,12.7648,0.0000,d)linear(0,0,0,48.9106,d)rotate(-30.9477)
2438,0,40,7.0745,20.1924,init()rotateIntoBiaxial(d,4.0070,0.0000,d)nonlinear(d,4.0070,0.0000,300.0000,d)rotateFromBiaxial(d,4.0070,0.0000,d)nonlinear(6,0.0000,0.0000,0.0000,d)rotateIntoBiaxial(d,31.6095,0.0000,d)nonlinear(d,31.6095,0.0000,100.0000,d)rotateFromBiaxial(d,31.6095,0.0000,d)rotate(167.2448)rotateIntoBiaxial(d,139.0530,0.0000,d)nonlinear(d,139.0530,0.0000,250.0000,d)rotateFromBiaxial(d,139.0530,0.0000,d)linear(0,0,0,93.9513,d)rotate(15.0310)rotateIntoBiaxial(d,12.3972,0.0000,d)nonlinear(d,12.3972,0.0000,50.0000,d)rotateFromBiaxial(d,12.3972,0.0000,d)nonlinear(6,0.0000,0.0000,115.8659,d)rotateIntoBiaxial(d,7.8007,0.0000,d)nonlinear(d,7.8007,0.0000,50.0000,d)rotateFromBiaxial(d,7.8007,0.0000,d)linear(0,0,0,91.1234,d)rotate(-65.9593)rotateIntoBiaxial(d,1.8671,0.0000,d)nonlinear(d,1.8671,0.0000,100.0000,d)rotateFromBiaxial(d,1.8671,0.0000,d)nonlinear(6,0.0000,0.0000,31.6763,d)linear(0,0,0,131.3595,d)rotateIntoBiaxial(d,3.0223,0.0000,d)nonlinear(d,3.0223,0.0000,50.0000,d)rotateFromBiaxial(d,3.0223,0.0000,d)linear(0,0,0,43.9106,d)
2484,0,40,5.0735,20.1924,init()rotateIntoBiaxial(d,1.8812,0.0000,d)nonlinear(d,1.8812,0.0000,250.0000,d)rotateFromBiaxial(d,1.8812,0.0000,d)rotate(7.2900)rotateIntoBiaxial(d,37.9198,0.0000,d)nonlinear(d,37.9198,0.0000,100.0000,d)rotateFromBiaxial(d,37.9198,0.0000,d)rotate(141.7110)rotateIntoBiaxial(d,139.9573,0.0000,d)nonlinear(d,139.9573,0.0000,300.0000,d)rotateFromBiaxial(d,139.9573,0.0000,d)linear(0,0,0,89.3630,d)rotate(-47.6462)rotate(17.3241)rotateIntoBiaxial(d,4.5576,0.0000,d)nonlinear(d,4.5576,0.0000,150.0000,d)rotateFromBiaxial(d,4.5576,0.0000,d)nonlinear(6,0.0000,0.0000,120.4542,d)rotateIntoBiaxial(d,0.2368,0.0000,d)nonlinear(d,0.2368,0.0000,50.0000,d)rotateFromBiaxial(d,0.2368,0.0000,d)linear(0,0,0,86.5351,d)rotate(-68.6100)rotateIntoBiaxial(d,5.9790,0.0000,d)nonlinear(d,5.9790,0.0000,150.0000,d)rotateFromBiaxial(d,5.9790,0.0000,d)nonlinear(6,0.0000,0.0000,27.0880,d)rotateIntoBiaxial(d,10.0717,0.0000,d)nonlinear(d,10.0717,0.0000,50.0000,d)rotateFromBiaxial(d,10.0717,0.0000,d)linear(0,0,0,39.3223,d)rotate(5.6634)
2530,0,40,7.3869,20.1924,init()rotateIntoBiaxial(d,0.5306,0.0000,d)nonlinear(d,0.5306,0.0000,200.0000,d)rotateFromBiaxial(d,0.5306,0.0000,d)rotate(1.8382)rotateIntoBiaxial(d,27.1829,0.0000,d)nonlinear(d,27.1829,0.0000,50.0000,d)rotateFromBiaxial(d,27.1829,0.0000,d)rotate(159.8210)rotateIntoBiaxial(d,139.4131,0.0000,d)nonlinear(d,139.4131,0.0000,300.0000,d)rotateFromBiaxial(d,139.4131,0.0000,d)linear(0,0,0,84.3630,d)rotate(-26.6034)rotate(9.1286)rotateIntoBiaxial(d,8.2612,0.0000,d)nonlinear(d,8.2612,0.0000,100.0000,d)rotateFromBiaxial(d,8.2612,0.0000,d)nonlinear(6,0.0000,0.0000,135.4542,d)rotateIntoBiaxial(d,20.4904,0.0000,d)nonlinear(d,20.4904,0.0000,50.0000,d)rotateFromBiaxial(d,20.4904,0.0000,d)linear(0,0,0,81.5351,d)rotate(-75.8168)rotateIntoBiaxial(d,8.4035,0.0000,d)nonlinear(d,8.4035,0.0000,100.0000,d)rotateFromBiaxial(d,8.4035,0.0000,d)nonlinear(6,0.0000,0.0000,32.0880,d)rotateIntoBiaxial(d,2.6613,0.0000,d)nonlinear(d,2.6613,0.0000,50.0000,d)rotateFromBiaxial(d,2.6613,0.0000,d)linear(0,0,0,24.3223,d)rotate(-15.6616)
2576,0,40,7.4336,20.1924,init()rotateIntoBiaxial(d,1.6124,0.0000,d)nonlinear(d,1.6124,0.0000,200.0000,d)rotateFromBiaxial(d,1.6124,0.0000,d)nonlinear(6,0.0000,0.0000,9.1766,d)rotate(5.9620)rotateIntoBiaxial(d,44.3475,0.0000,d)nonlinear(d,44.3475,0.0000,100.0000,d)rotateFromBiaxial(d,44.3475,0.0000,d)rotate(158.9152)rotateIntoBiaxial(d,139.2964,0.0000,d)nonlinear(d,139.2964,0.0000,300.0000,d)rotateFromBiaxial(d,139.2964,0.0000,d)linear(0,0,0,89.3630,d)rotate(-47.7827)rotate(9.4052)rotateIntoBiaxial(d,0.2686,0.0000,d)nonlinear(d,0.2686,0.0000,150.0000,d)rotateFromBiaxial(d,0.2686,0.0000,d)nonlinear(6,0.0000,0.0000,150.4542,d)rotateIntoBiaxial(d,11.8209,0.0000,d)nonlinear(d,11.8209,0.0000,50.0000,d)rotateFromBiaxial(d,11.8209,0.0000,d)linear(0,0,0,66.5351,d)rotate(-72.2554)rotateIntoBiaxial(d,15.2483,0.0000,d)nonlinear(d,15.2483,0.0000,100.0000,d)rotateFromBiaxial(d,15.2483,0.0000,d)nonlinear(6,0.0000,0.0000,27.0880,d)linear(0,0,0,125.9478,d)rotateIntoBiaxial(d,7.7022,0.0000,d)nonlinear(d,7.7022,0.0000,100.0000,d)rotateFromBiaxial(d,7.7022,0.0000,d)linear(0,0,0,19.3223,d)rotate(14.2605)
2622,0,40,8.6838,20.1924,init()rotateIntoBiaxial(d,4.1265,0.0000,d)nonlinear(d,4.1265,0.0000,250.0000,d)rotateFromBiaxial(d,4.1265,0.0000,d)rotate(9.9100)rotateIntoBiaxial(d,40.5566,0.0000,d)nonlinear(d,40.5566,0.0000,100.0000,d)rotateFromBiaxial(d,40.5566,0.0000,d)rotate(162.4183)rotateIntoBiaxial(d,140.4665,0.0000,d)nonlinear(d,140.4665,0.0000,400.0000,d)rotateFromBiaxial(d,140.4665,0.0000,d)linear(0,0,0,104.3630,d)rotate(-9.7696)rotateIntoBiaxial(d,4.1334,0.0000,d)nonlinear(d,4.1334,0.0000,100.0000,d)rotateFromBiaxial(d,4.1334,0.0000,d)nonlinear(6,0.0000,0.0000,145.4542,d)rotateIntoBiaxial(d,17.5441,0.0000,d)nonlinear(d,17.5441,0.0000,50.0000,d)rotateFromBiaxial(d,17.5441,0.0000,d)linear(0,0,0,81.5351,d)rotate(-41.5809)rotateIntoBiaxial(d,9.3053,0.0000,d)nonlinear(d,9.3053,0.0000,100.0000,d)rotateFromBiaxial(d,9.3053,0.0000,d)nonlinear(6,0.0000,0.0000,12.0880,d)rotateIntoBiaxial(d,7.3908,0.0000,d)nonlinear(d,7.3908,0.0000,50.0000,d)rotateFromBiaxial(d,7.3908,0.0000,d)linear(0,0,0,14.3223,d)
2668,0,40,10.1444,20.1924,init()rotateIntoBiaxial(d,1.3955,0.0000,d)nonlinear(d,1.3955,0.0000,300.0000,d)rotateFromBiaxial(d,1.3955,0.0000,d)rotate(9.8493)rotateIntoBiaxial(d,36.5423,0.0000,d)nonlinear(d,36.5423,0.0000,150.0000,d)rotateFromBiaxial(d,36.5423,0.0000,d)rotate(146.4794)rotateIntoBiaxial(d,139.8256,0.0000,d)nonlinear(d,139.8256,0.0000,400.0000,d)rotateFromBiaxial(d,139.8256,0.0000,d)linear(0,0,0,99.3630,d)rotate(-35.0885)linear(0,0,0,47.8067,d)rotateIntoBiaxial(d,11.1353,0.0000,d)nonlinear(d,11.1353,0.0000,50.0000,d)rotateFromBiaxial(d,11.1353,0.0000,d)nonlinear(6,0.0000,0.0000,160.4542,d)rotateIntoBiaxial(d,14.8317,0.0000,d)nonlinear(d,14.8317,0.0000,50.0000,d)rotateFromBiaxial(d,14.8317,0.0000,d)linear(0,0,0,76.5351,d)rotate(-62.7711)rotateIntoBiaxial(d,16.9029,0.0000,d)nonlinear(d,16.9029,0.0000,100.0000,d)rotateFromBiaxial(d,16.9029,0.0000,d)nonlinear(6,0.0000,0.0000,0.0000,d)rotateIntoBiaxial(d,16.8388,0.0000,d)nonlinear(d,16.8388,0.0000,50.0000,d)rotateFromBiaxial(d,16.8388,0.0000,d)linear(0,0,0,19.3223,d)rotate(3.7000)
2714,0,40,8.2449,20.1924,init()rotateIntoBiaxial(d,0.4341,0.0000,d)nonlinear(d,0.4341,0.0000,200.0000,d)rotateFromBiaxial(d,0.4341,0.0000,d)nonlinear(6,0.0000,0.0000,46.3533,d)rotate(-4.0531)rotateIntoBiaxial(d,40.2816,0.0000,d)nonlinear(d,40.2816,0.0000,150.0000,d)rotateFromBiaxial(d,40.2816,0.0000,d)rotate(148.8178)rotateIntoBiaxial(d,144.3776,0.0000,d)nonlinear(d,144.3776,0.0000,400.0000,d)rotateFromBiaxial(d,144.3776,0.0000,d)linear(0,0,0,101.3630,d)rotate(-26.8016)rotate(-1.6026)rotateIntoBiaxial(d,17.2057,0.0000,d)nonlinear(d,17.2057,0.0000,50.0000,d)rotateFromBiaxial(d,17.2057,0.0000,d)nonlinear(6,0.0000,0.0000,153.2776,d)rotateIntoBiaxial(d,8.9597,0.0000,d)nonlinear(d,8.9597,0.0000,100.0000,d)rotateFromBiaxial(d,8.9597,0.0000,d)rotate(-55.3191)rotateIntoBiaxial(d,9.9528,0.0000,d)nonlinear(d,9.9528,0.0000,100.0000,d)rotateFromBiaxial(d,9.9528,0.0000,d)nonlinear(6,0.0000,0.0000,7.1766,d)rotateIntoBiaxial(d,1.8089,0.0000,d)nonlinear(d,1.8089,0.0000,50.0000,d)rotateFromBiaxial(d,1.8089,0.0000,d)linear(0,0,0,8.1456,d)
2760,0,40,8.4494,20.1924,init()rotateIntoBiaxial(d,4.9003,0.0000,d)nonlinear(d,4.9003,0.0000,200.0000,d)rotateFromBiaxial(d,4.9003,0.0000,d)rotate(0.2620)rotateIntoBiaxial(d,36.6626,0.0000,d)nonlinear(d,36.6626,0.0000,100.0000,d)rotateFromBiaxial(d,36.6626,0.0000,d)rotate(164.6672)rotateIntoBiaxial(d,139.5195,0.0000,d)nonlinear(d,139.5195,0.0000,400.0000,d)rotateFromBiaxial(d,139.5195,0.0000,d)linear(0,0,0,109.2983,d)rotate(-46.0240)rotate(30.6469)nonlinear(6,0.0000,0.0000,142.0363,d)rotateIntoBiaxial(d,6.9575,0.0000,d)nonlinear(d,6.9575,0.0000,100.0000,d)rotateFromBiaxial(d,6.9575,0.0000,d)linear(0,0,0,68.1171,d)rotate(-59.6360)rotateIntoBiaxial(d,16.9516,0.0000,d)nonlinear(d,16.9516,0.0000,100.0000,d)rotateFromBiaxial(d,16.9516,0.0000,d)nonlinear(6,0.0000,0.0000,18.4179,d)rotateIntoBiaxial(d,9.4929,0.0000,d)nonlinear(d,9.4929,0.0000,50.0000,d)rotateFromBiaxial(d,9.4929,0.0000,d)linear(0,0,0,0.0000,d)rotate(-17.8642)
2806,0,40,5.8933,20.1924,init()rotateIntoBiaxial(d,3.8886,0.0000,d)nonlinear(d,3.8886,0.0000,200.0000,d)rotateFromBiaxial(d,3.8886,0.0000,d)rotate(-3.0638)rotateIntoBiaxial(d,46.9949,0.0000,d)nonlinear(d,46.9949,0.0000,100.0000,d)rotateFromBiaxial(d,46.9949,0.0000,d)rotate(151.6562)rotateIntoBiaxial(d,140.1915,0.0000,d)nonlinear(d,140.1915,0.0000,300.0000,d)rotateFromBiaxial(d,140.1915,0.0000,d)nonlinear(6,0.0000,0.0000,73.2886,d)linear(0,0,0,113.8866,d)rotate(-30.1615)rotate(6.7833)rotateIntoBiaxial(d,6.2647,0.0000,d)nonlinear(d,6.2647,0.0000,150.0000,d)rotateFromBiaxial(d,6.2647,0.0000,d)nonlinear(6,0.0000,0.0000,146.6246,d)rotateIntoBiaxial(d,21.2340,0.0000,d)nonlinear(d,21.2340,0.0000,100.0000,d)rotateFromBiaxial(d,21.2340,0.0000,d)linear(0,0,0,62.7054,d)rotate(-77.3655)rotateIntoBiaxial(d,11.0961,0.0000,d)nonlinear(d,11.0961,0.0000,200.0000,d)rotateFromBiaxial(d,11.0961,0.0000,d)nonlinear(6,0.0000,0.0000,13.8296,d)rotateIntoBiaxial(d,3.1299,0.0000,d)nonlinear(d,3.1299,0.0000,50.0000,d)rotateFromBiaxial(d,3.1299,0.0000,d)linear(0,0,0,9.1766,d)rotate(5.2384)
2852,0,40,7.7204,20.1924,init()rotateIntoBiaxial(d,0.8612,0.0000,d)nonlinear(d,0.8612,0.0000,250.0000,d)rotateFromBiaxial(d,0.8612,0.0000,d)nonlinear(6,0.0000,0.0000,48.7003,d)rotate(5.6663)rotateIntoBiaxial(d,40.6925,0.0000,d)nonlinear(d,40.6925,0.0000,100.0000,d)rotateFromBiaxial(d,40.6925,0.0000,d)rotate(159.3516)rotateIntoBiaxial(d,144.6650,0.0000,d)nonlinear(d,144.6650,0.0000,400.0000,d)rotateFromBiaxial(d,144.6650,0.0000,d)linear(0,0,0,118.8866,d)rotate(-34.2571)rotate(-14.0768)rotateIntoBiaxial(d,8.8573,0.0000,d)nonlinear(d,8.8573,0.0000,150.0000,d)rotateFromBiaxial(d,8.8573,0.0000,d)nonlinear(6,0.0000,0.0000,141.6246,d)rotateIntoBiaxial(d,18.4510,0.0000,d)nonlinear(d,18.4510,0.0000,50.0000,d)rotateFromBiaxial(d,18.4510,0.0000,d)linear(0,0,0,67.7054,d)rotate(-66.7389)rotateIntoBiaxial(d,17.7948,0.0000,d)nonlinear(d,17.7948,0.0000,150.0000,d)rotateFromBiaxial(d,17.7948,0.0000,d)nonlinear(6,0.0000,0.0000,8.8296,d)rotateIntoBiaxial(d,9.9463,0.0000,d)nonlinear(d,9.9463,0.0000,150.0000,d)rotateFromBiaxial(d,9.9463,0.0000,d)linear(0,0,0,14.1766,d)rotate(4.0573)
2898,0,40,10.3273,20.1924,init()rotateIntoBiaxial(d,2.8597,0.0000,d)nonlinear(d,2.8597,0.0000,250.0000,d)rotateFromBiaxial(d,2.8597,0.0000,d)nonlinear(6,0.0000,0.0000,33.7003,d)rotate(11.0424)rotateIntoBiaxial(d,44.1852,0.0000,d)nonlinear(d,44.1852,0.0000,50.0000,d)rotateFromBiaxial(d,44.1852,0.0000,d)rotate(146.3682)rotateIntoBiaxial(d,140.3175,0.0000,d)nonlinear(d,140.3175,0.0000,400.0000,d)rotateFromBiaxial(d,140.3175,0.0000,d)linear(0,0,0,133.8866,d)rotate(-25.3054)rotateIntoBiaxial(d,0.3722,0.0000,d)nonlinear(d,0.3722,0.0000,100.0000,d)rotateFromBiaxial(d,0.3722,0.0000,d)nonlinear(6,0.0000,0.0000,146.6246,d)rotateIntoBiaxial(d,5.4404,0.0000,d)nonlinear(d,5.4404,0.0000,50.0000,d)rotateFromBiaxial(d,5.4404,0.0000,d)linear(0,0,0,52.7054,d)rotate(-53.4068)rotateIntoBiaxial(d,12.3159,0.0000,d)nonlinear(d,12.3159,0.0000,100.0000,d)rotateFromBiaxial(d,12.3159,0.0000,d)nonlinear(6,0.0000,0.0000,3.8296,d)rotateIntoBiaxial(d,6.9946,0.0000,d)nonlinear(d,6.9946,0.0000,50.0000,d)rotateFromBiaxial(d,6.9946,0.0000,d)linear(0,0,0,19.1766,d)rotate(7.1274)
2944,0,40,8.1751,20.1924,init()rotateIntoBiaxial(d,2.7236,0.0000,d)nonlinear(d,2.7236,0.0000,250.0000,d)rotateFromBiaxial(d,2.7236,0.0000,d)nonlinear(6,0.0000,0.0000,37.8769,d)rotate(0.2231)rotateIntoBiaxial(d,30.4197,0.0000,d)nonlinear(d,30.4197,0.0000,100.0000,d)rotateFromBiaxial(d,30.4197,0.0000,d)rotate(143.7453)rotateIntoBiaxial(d,139.9225,0.0000,d)nonlinear(d,139.9225,0.0000,400.0000,d)rotateFromBiaxial(d,139.9225,0.0000,d)linear(0,0,0,119.7100,d)rotate(-55.8645)rotate(16.9825)rotateIntoBiaxial(d,1.0164,0.0000,d)nonlinear(d,1.0164,0.0000,100.0000,d)rotateFromBiaxial(d,1.0164,0.0000,d)nonlinear(6,0.0000,0.0000,160.8012,d)rotateIntoBiaxial(d,5.0020,0.0000,d)nonlinear(d,5.0020,0.0000,50.0000,d)rotateFromBiaxial(d,5.0020,0.0000,d)linear(0,0,0,57.7054,d)rotateIntoBiaxial(d,10.6147,0.0000,d)nonlinear(d,10.6147,0.0000,50.0000,d)rotateFromBiaxial(d,10.6147,0.0000,d)nonlinear(6,0.0000,0.0000,0.0000,d)rotateIntoBiaxial(d,1.4992,0.0000,d)nonlinear(d,1.4992,0.0000,100.0000,d)rotateFromBiaxial(d,1.4992,0.0000,d)nonlinear(6,0.0000,0.0000,51.7303,d)linear(0,0,0,24.1766,d)rotate(34.8826)
2990,0,40,6.1256,20.1924,init()rotateIntoBiaxial(d,1.9536,0.0000,d)nonlinear(d,1.9536,0.0000,200.0000,d)rotateFromBiaxial(d,1.9536,0.0000,d)nonlinear(6,0.0000,0.0000,31.6129,d)rotate(13.4576)rotateIntoBiaxial(d,30.3400,0.0000,d)nonlinear(d,30.3400,0.0000,100.0000,d)rotateFromBiaxial(d,30.3400,0.0000,d)rotate(141.4297)rotateIntoBiaxial(d,139.6331,0.0000,d)nonlinear(d,139.6331,0.0000,400.0000,d)rotateFromBiaxial(d,139.6331,0.0000,d)linear(0,0,0,121.9740,d)rotate(-42.2946)rotate(6.9116)rotateIntoBiaxial(d,1.3953,0.0000,d)nonlinear(d,1.3953,0.0000,200.0000,d)rotateFromBiaxial(d,1.3953,0.0000,d)nonlinear(6,0.0000,0.0000,154.5372,d)rotateIntoBiaxial(d,0.2116,0.0000,d)nonlinear(d,0.2116,0.0000,50.0000,d)rotateFromBiaxial(d,0.2116,0.0000,d)linear(0,0,0,63.9695,d)rotateIntoBiaxial(d,19.7583,0.0000,d)nonlinear(d,19.7583,0.0000,100.0000,d)rotateFromBiaxial(d,19.7583,0.0000,d)nonlinear(6,0.0000,0.0000,0.0000,d)rotateIntoBiaxial(d,9.0796,0.0000,d)nonlinear(d,9.0796,0.0000,50.0000,d)rotateFromBiaxial(d,9.0796,0.0000,d)nonlinear(6,0.0000,0.0000,53.9943,d)linear(0,0,0,30.4406,d)rotate(15.8639)
3036,0,40,7.3134,20.1924,init()rotateIntoBiaxial(d,1.1889,0.0000,d)nonlinear(d,1.1889,0.0000,200.0000,d)rotateFromBiaxial(d,1.1889,0.0000,d)rotate(6.8304)rotateIntoBiaxial(d,33.5429,0.0000,d)nonlinear(d,33.5429,0.0000,50.0000,d)rotateFromBiaxial(d,33.5429,0.0000,d)rotate(157.1646)rotateIntoBiaxial(d,139.9084,0.0000,d)nonlinear(d,139.9084,0.0000,400.0000,d)rotateFromBiaxial(d,139.9084,0.0000,d)linear(0,0,0,121.9740,d)rotate(-35.1906)rotate(-16.8872)rotateIntoBiaxial(d,5.9987,0.0000,d)nonlinear(d,5.9987,0.0000,100.0000,d)rotateFromBiaxial(d,5.9987,0.0000,d)nonlinear(6,0.0000,0.0000,149.3606,d)rotateIntoBiaxial(d,2.5307,0.0000,d)nonlinear(d,2.5307,0.0000,50.0000,d)rotateFromBiaxial(d,2.5307,0.0000,d)linear(0,0,0,63.9695,d)rotate(-102.1201)rotateIntoBiaxial(d,21.7333,0.0000,d)nonlinear(d,21.7333,0.0000,150.0000,d)rotateFromBiaxial(d,21.7333,0.0000,d)nonlinear(6,0.0000,0.0000,2.0000,d)rotateIntoBiaxial(d,6.7407,0.0000,d)nonlinear(d,6.7407,0.0000,50.0000,d)rotateFromBiaxial(d,6.7407,0.0000,d)linear(0,0,0,39.6173,d)rotate(16.9011)
3082,0,40,8.4727,20.1924,init()rotateIntoBiaxial(d,2.1923,0.0000,d)nonlinear(d,2.1923,0.0000,250.0000,d)rotateFromBiaxial(d,2.1923,0.0000,d)nonlinear(6,0.0000,0.0000,30.2012,d)rotate(11.7202)rotateIntoBiaxial(d,40.3065,0.0000,d)nonlinear(d,40.3065,0.0000,50.0000,d)rotateFromBiaxial(d,40.3065,0.0000,d)rotate(145.0797)rotateIntoBiaxial(d,140.1646,0.0000,d)nonlinear(d,140.1646,0.0000,300.0000,d)rotateFromBiaxial(d,140.1646,0.0000,d)linear(0,0,0,131.3857,d)rotate(-36.6406)rotate(5.8345)rotateIntoBiaxial(d,9.3173,0.0000,d)nonlinear(d,9.3173,0.0000,150.0000,d)rotateFromBiaxial(d,9.3173,0.0000,d)nonlinear(6,0.0000,0.0000,153.9489,d)rotateIntoBiaxial(d,8.4121,0.0000,d)nonlinear(d,8.4121,0.0000,50.0000,d)rotateFromBiaxial(d,8.4121,0.0000,d)linear(0,0,0,54.5578,d)rotateIntoBiaxial(d,10.2443,0.0000,d)nonlinear(d,10.2443,0.0000,100.0000,d)rotateFromBiaxial(d,10.2443,0.0000,d)nonlinear(6,0.0000,0.0000,11.1766,d)rotateIntoBiaxial(d,11.4157,0.0000,d)nonlinear(d,11.4157,0.0000,100.0000,d)rotateFromBiaxial(d,11.4157,0.0000,d)linear(0,0,0,44.2056,d)rotate(17.7758)
3128,0,40,11.1897,20.1924,init()rotateIntoBiaxial(d,1.3484,0.0000,d)nonlinear(d,1.3484,0.0000,250.0000,d)rotateFromBiaxial(d,1.3484,0.0000,d)rotate(12.4483)rotateIntoBiaxial(d,41.9408,0.0000,d)nonlinear(d,41.9408,0.0000,100.0000,d)rotateFromBiaxial(d,41.9408,0.0000,d)rotate(153.9605)rotateIntoBiaxial(d,140.4169,0.0000,d)nonlinear(d,140.4169,0.0000,500.0000,d)rotateFromBiaxial(d,140.4169,0.0000,d)linear(0,0,0,129.3857,d)rotate(-32.3094)rotate(25.5778)rotateIntoBiaxial(d,1.7422,0.0000,d)nonlinear(d,1.7422,0.0000,100.0000,d)rotateFromBiaxial(d,1.7422,0.0000,d)nonlinear(6,0.0000,0.0000,171.9489,d)rotateIntoBiaxial(d,8.6229,0.0000,d)nonlinear(d,8.6229,0.0000,50.0000,d)rotateFromBiaxial(d,8.6229,0.0000,d)linear(0,0,0,56.5578,d)rotateIntoBiaxial(d,26.1576,0.0000,d)nonlinear(d,26.1576,0.0000,100.0000,d)rotateFromBiaxial(d,26.1576,0.0000,d)nonlinear(6,0.0000,0.0000,9.1766,d)rotateIntoBiaxial(d,2.7385,0.0000,d)nonlinear(d,2.7385,0.0000,50.0000,d)rotateFromBiaxial(d,2.7385,0.0000,d)linear(0,0,0,52.2056,d)rotate(16.4053)
3174,0,40,12.0514,20.1924,init()rotateIntoBiaxial(d,1.3366,0.0000,d)nonlinear(d,1.3366,0.0000,250.0000,d)rotateFromBiaxial(d,1.3366,0.0000,d)rotate(18.9889)rotateIntoBiaxial(d,38.5649,0.0000,d)nonlinear(d,38.5649,0.0000,50.0000,d)rotateFromBiaxial(d,38.5649,0.0000,d)rotate(172.6472)rotateIntoBiaxial(d,139.7077,0.0000,d)nonlinear(d,139.7077,0.0000,400.0000,d)rotateFromBiaxial(d,139.7077,0.0000,d)linear(0,0,0,136.3857,d)rotate(-31.4531)rotate(-6.9528)rotateIntoBiaxial(d,7.7002,0.0000,d)nonlinear(d,7.7002,0.0000,150.0000,d)rotateFromBiaxial(d,7.7002,0.0000,d)nonlinear(6,0.0000,0.0000,164.9489,d)rotateIntoBiaxial(d,3.7648,0.0000,d)nonlinear(d,3.7648,0.0000,50.0000,d)rotateFromBiaxial(d,3.7648,0.0000,d)linear(0,0,0,63.5578,d)rotateIntoBiaxial(d,9.8010,0.0000,d)nonlinear(d,9.8010,0.0000,100.0000,d)rotateFromBiaxial(d,9.8010,0.0000,d)nonlinear(6,0.0000,0.0000,16.1766,d)rotateIntoBiaxial(d,1.0757,0.0000,d)nonlinear(d,1.0757,0.0000,50.0000,d)rotateFromBiaxial(d,1.0757,0.0000,d)nonlinear(6,0.0000,0.0000,44.4060,d)linear(0,0,0,55.2056,d)rotate(16.3373)
3220,0,40,6.1113,20.1924,init()rotateIntoBiaxial(d,4.9064,0.0000,d)nonlinear(d,4.9064,0.0000,200.0000,d)rotateFromBiaxial(d,4.9064,0.0000,d)rotate(13.8917)rotateIntoBiaxial(d,33.7432,0.0000,d)nonlinear(d,33.7432,0.0000,50.0000,d)rotateFromBiaxial(d,33.7432,0.0000,d)rotate(150.0957)rotateIntoBiaxial(d,139.7276,0.0000,d)nonlinear(d,139.7276,0.0000,400.0000,d)rotateFromBiaxial(d,139.7276,0.0000,d)linear(0,0,0,144.3857,d)rotate(-31.7610)rotate(-14.0041)rotateIntoBiaxial(d,4.0586,0.0000,d)nonlinear(d,4.0586,0.0000,100.0000,d)rotateFromBiaxial(d,4.0586,0.0000,d)nonlinear(6,0.0000,0.0000,166.9489,d)rotateIntoBiaxial(d,0.6021,0.0000,d)nonlinear(d,0.6021,0.0000,50.0000,d)rotateFromBiaxial(d,0.6021,0.0000,d)linear(0,0,0,71.5578,d)rotateIntoBiaxial(d,15.8324,0.0000,d)nonlinear(d,15.8324,0.0000,150.0000,d)rotateFromBiaxial(d,15.8324,0.0000,d)nonlinear(6,0.0000,0.0000,14.1766,d)rotateIntoBiaxial(d,6.5693,0.0000,d)nonlinear(d,6.5693,0.0000,100.0000,d)rotateFromBiaxial(d,6.5693,0.0000,d)nonlinear(6,0.0000,0.0000,36.4060,d)linear(0,0,0,47.2056,d)rotate(18.3691)
3266,0,40,7.1488,20.1924,init()rotateIntoBiaxial(d,2.2294,0.0000,d)nonlinear(d,2.2294,0.0000,250.0000,d)rotateFromBiaxial(d,2.2294,0.0000,d)nonlinear(6,0.0000,0.0000,33.2012,d)rotate(-22.1837)rotateIntoBiaxial(d,36.4013,0.0000,d)nonlinear(d,36.4013,0.0000,50.0000,d)rotateFromBiaxial(d,36.4013,0.0000,d)rotate(155.6438)rotateIntoBiaxial(d,139.5720,0.0000,d)nonlinear(d,139.5720,0.0000,400.0000,d)rotateFromBiaxial(d,139.5720,0.0000,d)nonlinear(6,0.0000,0.0000,82.1409,d)linear(0,0,0,144.3857,d)rotate(-50.8092)rotate(-30.5518)nonlinear(6,0.0000,0.0000,156.9489,d)rotateIntoBiaxial(d,2.1464,0.0000,d)nonlinear(d,2.1464,0.0000,100.0000,d)rotateFromBiaxial(d,2.1464,0.0000,d)linear(0,0,0,81.5578,d)rotateIntoBiaxial(d,11.3042,0.0000,d)nonlinear(d,11.3042,0.0000,150.0000,d)rotateFromBiaxial(d,11.3042,0.0000,d)nonlinear(6,0.0000,0.0000,23.3533,d)rotateIntoBiaxial(d,0.4225,0.0000,d)nonlinear(d,0.4225,0.0000,100.0000,d)rotateFromBiaxial(d,0.4225,0.0000,d)nonlinear(6,0.0000,0.0000,36.4060,d)linear(0,0,0,56.3822,d)rotate(26.2871)
3312,0,40,3.8646,20.1924,init()rotateIntoBiaxial(d,2.2006,0.0000,d)nonlinear(d,2.2006,0.0000,250.0000,d)rotateFromBiaxial(d,2.2006,0.0000,d)rotate(22.9506)rotateIntoBiaxial(d,37.3599,0.0000,d)nonlinear(d,37.3599,0.0000,100.0000,d)rotateFromBiaxial(d,37.3599,0.0000,d)rotate(160.3916)rotateIntoBiaxial(d,138.8246,0.0000,d)nonlinear(d,138.8246,0.0000,500.0000,d)rotateFromBiaxial(d,138.8246,0.0000,d)nonlinear(6,0.0000,0.0000,67.1409,d)linear(0,0,0,129.3857,d)rotate(-19.1704)rotate(-21.9943)rotateIntoBiaxial(d,5.8120,0.0000,d)nonlinear(d,5.8120,0.0000,50.0000,d)rotateFromBiaxial(d,5.8120,0.0000,d)nonlinear(6,0.0000,0.0000,151.9489,d)rotateIntoBiaxial(d,3.7191,0.0000,d)nonlinear(d,3.7191,0.0000,100.0000,d)rotateFromBiaxial(d,3.7191,0.0000,d)rotateIntoBiaxial(d,1.3738,0.0000,d)nonlinear(d,1.3738,0.0000,100.0000,d)rotateFromBiaxial(d,1.3738,0.0000,d)nonlinear(6,0.0000,0.0000,28.3533,d)rotateIntoBiaxial(d,0.9353,0.0000,d)nonlinear(d,0.9353,0.0000,50.0000,d)rotateFromBiaxial(d,0.9353,0.0000,d)nonlinear(6,0.0000,0.0000,41.4060,d)linear(0,0,0,61.3822,d)rotate(29.1023)
3358,0,40,11.0292,20.1924,init()rotateIntoBiaxial(d,0.1429,0.0000,d)nonlinear(d,0.1429,0.0000,250.0000,d)rotateFromBiaxial(d,0.1429,0.0000,d)rotate(12.2355)rotateIntoBiaxial(d,44.8465,0.0000,d)nonlinear(d,44.8465,0.0000,50.0000,d)rotateFromBiaxial(d,44.8465,0.0000,d)rotate(153.5905)rotateIntoBiaxial(d,139.9702,0.0000,d)nonlinear(d,139.9702,0.0000,400.0000,d)rotateFromBiaxial(d,139.9702,0.0000,d)linear(0,0,0,134.3857,d)rotate(-40.1270)rotate(0.6076)rotateIntoBiaxial(d,0.5392,0.0000,d)nonlinear(d,0.5392,0.0000,200.0000,d)rotateFromBiaxial(d,0.5392,0.0000,d)nonlinear(6,0.0000,0.0000,156.9489,d)rotateIntoBiaxial(d,17.7356,0.0000,d)nonlinear(d,17.7356,0.0000,100.0000,d)rotateFromBiaxial(d,17.7356,0.0000,d)nonlinear(6,0.0000,0.0000,59.9627,d)rotate(-70.3555)rotateIntoBiaxial(d,16.9635,0.0000,d)nonlinear(d,16.9635,0.0000,50.0000,d)rotateFromBiaxial(d,16.9635,0.0000,d)nonlinear(6,0.0000,0.0000,23.3533,d)rotateIntoBiaxial(d,15.2445,0.0000,d)nonlinear(d,15.2445,0.0000,100.0000,d)rotateFromBiaxial(d,15.2445,0.0000,d)nonlinear(6,0.0000,0.0000,36.4060,d)linear(0,0,0,56.3822,d)
3404,0,40,8.8284,20.1924,init()rotateIntoBiaxial(d,4.8590,0.0000,d)nonlinear(d,4.8590,0.0000,200.0000,d)rotateFromBiaxial(d,4.8590,0.0000,d)rotate(22.9654)rotateIntoBiaxial(d,41.7480,0.0000,d)nonlinear(d,41.7480,0.0000,100.0000,d)rotateFromBiaxial(d,41.7480,0.0000,d)rotate(166.1616)rotateIntoBiaxial(d,140.2954,0.0000,d)nonlinear(d,140.2954,0.0000,400.0000,d)rotateFromBiaxial(d,140.2954,0.0000,d)nonlinear(6,0.0000,0.0000,87.1409,d)linear(0,0,0,129.3857,d)rotate(-25.0044)rotate(9.3282)rotateIntoBiaxial(d,8.2882,0.0000,d)nonlinear(d,8.2882,0.0000,100.0000,d)rotateFromBiaxial(d,8.2882,0.0000,d)nonlinear(6,0.0000,0.0000,161.9489,d)rotateIntoBiaxial(d,16.6764,0.0000,d)nonlinear(d,16.6764,0.0000,50.0000,d)rotateFromBiaxial(d,16.6764,0.0000,d)rotate(-84.1401)rotateIntoBiaxial(d,4.2814,0.0000,d)nonlinear(d,4.2814,0.0000,50.0000,d)rotateFromBiaxial(d,4.2814,0.0000,d)nonlinear(6,0.0000,0.0000,38.3533,d)rotateIntoBiaxial(d,5.8163,0.0000,d)nonlinear(d,5.8163,0.0000,50.0000,d)rotateFromBiaxial(d,5.8163,0.0000,d)nonlinear(6,0.0000,0.0000,51.4060,d)linear(0,0,0,71.3822,d)rotate(-6.6241)
3450,0,40,7.0420,20.1924,init()rotateIntoBiaxial(d,0.0001,0.0000,d)nonlinear(d,0.0001,0.0000,250.0000,d)rotateFromBiaxial(d,0.0001,0.0000,d)nonlinear(6,0.0000,0.0000,13.2012,d)rotate(13.1616)rotateIntoBiaxial(d,46.0305,0.0000,d)nonlinear(d,46.0305,0.0000,100.0000,d)rotateFromBiaxial(d,46.0305,0.0000,d)rotate(149.1533)rotateIntoBiaxial(d,140.2509,0.0000,d)nonlinear(d,140.2509,0.0000,400.0000,d)rotateFromBiaxial(d,140.2509,0.0000,d)linear(0,0,0,124.3857,d)rotate(-40.7787)rotate(-0.5319)rotateIntoBiaxial(d,1.1244,0.0000,d)nonlinear(d,1.1244,0.0000,50.0000,d)rotateFromBiaxial(d,1.1244,0.0000,d)nonlinear(6,0.0000,0.0000,166.9489,d)rotateIntoBiaxial(d,19.5378,0.0000,d)nonlinear(d,19.5378,0.0000,50.0000,d)rotateFromBiaxial(d,19.5378,0.0000,d)rotateIntoBiaxial(d,3.7005,0.0000,d)nonlinear(d,3.7005,0.0000,50.0000,d)rotateFromBiaxial(d,3.7005,0.0000,d)nonlinear(6,0.0000,0.0000,43.3533,d)rotateIntoBiaxial(d,3.3868,0.0000,d)nonlinear(d,3.3868,0.0000,50.0000,d)rotateFromBiaxial(d,3.3868,0.0000,d)linear(0,0,0,66.3822,d)
3496,0,40,9.7456,20.1924,init()rotateIntoBiaxial(d,4.0135,0.0000,d)nonlinear(d,4.0135,0.0000,250.0000,d)rotateFromBiaxial(d,4.0135,0.0000,d)nonlinear(6,0.0000,0.0000,0.0000,d)rotate(13.8886)rotateIntoBiaxial(d,48.1983,0.0000,d)nonlinear(d,48.1983,0.0000,50.0000,d)rotateFromBiaxial(d,48.1983,0.0000,d)rotate(163.0980)rotateIntoBiaxial(d,139.9974,0.0000,d)nonlinear(d,139.9974,0.0000,300.0000,d)rotateFromBiaxial(d,139.9974,0.0000,d)linear(0,0,0,128.5623,d)rotate(-36.2139)rotate(19.8731)rotateIntoBiaxial(d,5.1202,0.0000,d)nonlinear(d,5.1202,0.0000,100.0000,d)rotateFromBiaxial(d,5.1202,0.0000,d)nonlinear(6,0.0000,0.0000,171.1255,d)rotateIntoBiaxial(d,13.9685,0.0000,d)nonlinear(d,13.9685,0.0000,100.0000,d)rotateFromBiaxial(d,13.9685,0.0000,d)nonlinear(6,0.0000,0.0000,57.5299,d)rotateIntoBiaxial(d,7.8798,0.0000,d)nonlinear(d,7.8798,0.0000,100.0000,d)rotateFromBiaxial(d,7.8798,0.0000,d)nonlinear(6,0.0000,0.0000,51.4060,d)linear(0,0,0,52.2056,d)rotate(16.9797)
3542,0,40,9.7245,20.1924,init()rotateIntoBiaxial(d,1.5301,0.0000,d)nonlinear(d,1.5301,0.0000,200.0000,d)rotateFromBiaxial(d,1.5301,0.0000,d)nonlinear(6,0.0000,0.0000,0.0000,d)rotate(20.4061)rotateIntoBiaxial(d,37.5381,0.0000,d)nonlinear(d,37.5381,0.0000,50.0000,d)rotateFromBiaxial(d,37.5381,0.0000,d)rotate(179.9764)rotateIntoBiaxial(d,139.4607,0.0000,d)nonlinear(d,139.4607,0.0000,400.0000,d)rotateFromBiaxial(d,139.4607,0.0000,d)linear(0,0,0,128.5623,d)rotate(-33.5511)rotate(-16.1526)rotateIntoBiaxial(d,7.8761,0.0000,d)nonlinear(d,7.8761,0.0000,100.0000,d)rotateFromBiaxial(d,7.8761,0.0000,d)nonlinear(6,0.0000,0.0000,171.1255,d)rotateIntoBiaxial(d,0.5719,0.0000,d)nonlinear(d,0.5719,0.0000,100.0000,d)rotateFromBiaxial(d,0.5719,0.0000,d)rotate(-92.4767)rotateIntoBiaxial(d,0.6372,0.0000,d)nonlinear(d,0.6372,0.0000,100.0000,d)rotateFromBiaxial(d,0.6372,0.0000,d)nonlinear(6,0.0000,0.0000,57.5299,d)rotateIntoBiaxial(d,5.3249,0.0000,d)nonlinear(d,5.3249,0.0000,50.0000,d)rotateFromBiaxial(d,5.3249,0.0000,d)nonlinear(6,0.0000,0.0000,51.4060,d)linear(0,0,0,52.2056,d)
3588,0,40,3.8294,20.1924,init()rotateIntoBiaxial(d,3.1562,0.0000,d)nonlinear(d,3.1562,0.0000,250.0000,d)rotateFromBiaxial(d,3.1562,0.0000,d)nonlinear(6,0.0000,0.0000,0.0000,d)rotate(25.7408)rotateIntoBiaxial(d,37.6929,0.0000,d)nonlinear(d,37.6929,0.0000,50.0000,d)rotateFromBiaxial(d,37.6929,0.0000,d)rotate(153.7360)rotateIntoBiaxial(d,144.6664,0.0000,d)nonlinear(d,144.6664,0.0000,400.0000,d)rotateFromBiaxial(d,144.6664,0.0000,d)linear(0,0,0,133.1506,d)rotate(-35.6212)rotate(13.6400)rotateIntoBiaxial(d,4.0995,0.0000,d)nonlinear(d,4.0995,0.0000,50.0000,d)rotateFromBiaxial(d,4.0995,0.0000,d)nonlinear(6,0.0000,0.0000,175.7138,d)rotateIntoBiaxial(d,2.3563,0.0000,d)nonlinear(d,2.3563,0.0000,50.0000,d)rotateFromBiaxial(d,2.3563,0.0000,d)linear(0,0,0,61.9695,d)nonlinear(6,0.0000,0.0000,62.1182,d)rotateIntoBiaxial(d,2.5063,0.0000,d)nonlinear(d,2.5063,0.0000,100.0000,d)rotateFromBiaxial(d,2.5063,0.0000,d)linear(0,0,0,56.7939,d)rotate(14.4178)
3634,0,40,7.8481,20.1924,init()rotateIntoBiaxial(d,0.4441,0.0000,d)nonlinear(d,0.4441,0.0000,300.0000,d)rotateFromBiaxial(d,0.4441,0.0000,d)rotate(20.9210)rotateIntoBiaxial(d,37.8883,0.0000,d)nonlinear(d,37.8883,0.0000,100.0000,d)rotateFromBiaxial(d,37.8883,0.0000,d)rotate(154.4263)rotateIntoBiaxial(d,139.3173,0.0000,d)nonlinear(d,139.3173,0.0000,250.0000,d)rotateFromBiaxial(d,139.3173,0.0000,d)linear(0,0,0,142.7389,d)rotate(-39.1188)rotate(8.7932)rotateIntoBiaxial(d,0.5584,0.0000,d)nonlinear(d,0.5584,0.0000,150.0000,d)rotateFromBiaxial(d,0.5584,0.0000,d)nonlinear(6,0.0000,0.0000,176.1255,d)rotateIntoBiaxial(d,1.8256,0.0000,d)nonlinear(d,1.8256,0.0000,100.0000,d)rotateFromBiaxial(d,1.8256,0.0000,d)nonlinear(6,0.0000,0.0000,20.7861,d)linear(0,0,0,52.3811,d)nonlinear(6,0.0000,0.0000,71.7065,d)rotateIntoBiaxial(d,9.5948,0.0000,d)nonlinear(d,9.5948,0.0000,100.0000,d)rotateFromBiaxial(d,9.5948,0.0000,d)nonlinear(6,0.0000,0.0000,38.0527,d)linear(0,0,0,47.2056,d)rotate(2.9935)
3680,0,40,6.5425,20.1924,init()rotateIntoBiaxial(d,3.2807,0.0000,d)nonlinear(d,3.2807,0.0000,200.0000,d)rotateFromBiaxial(d,3.2807,0.0000,d)nonlinear(6,0.0000,0.0000,19.1766,d)rotate(27.1123)rotateIntoBiaxial(d,44.9997,0.0000,d)nonlinear(d,44.9997,0.0000,50.0000,d)rotateFromBiaxial(d,44.9997,0.0000,d)rotate(123.1813)rotateIntoBiaxial(d,140.3385,0.0000,d)nonlinear(d,140.3385,0.0000,300.0000,d)rotateFromBiaxial(d,140.3385,0.0000,d)linear(0,0,0,127.7389,d)rotate(10.3172)rotateIntoBiaxial(d,0.2297,0.0000,d)nonlinear(d,0.2297,0.0000,100.0000,d)rotateFromBiaxial(d,0.2297,0.0000,d)nonlinear(6,0.0000,0.0000,171.1255,d)rotateIntoBiaxial(d,12.4804,0.0000,d)nonlinear(d,12.4804,0.0000,50.0000,d)rotateFromBiaxial(d,12.4804,0.0000,d)nonlinear(6,0.0000,0.0000,25.7861,d)rotateIntoBiaxial(d,20.6144,0.0000,d)nonlinear(d,20.6144,0.0000,200.0000,d)rotateFromBiaxial(d,20.6144,0.0000,d)nonlinear(6,0.0000,0.0000,76.7065,d)rotateIntoBiaxial(d,3.0154,0.0000,d)nonlinear(d,3.0154,0.0000,100.0000,d)rotateFromBiaxial(d,3.0154,0.0000,d)linear(0,0,0,32.2056,d)
3726,0,40,5.7098,20.1924,init()rotateIntoBiaxial(d,2.4689,0.0000,d)nonlinear(d,2.4689,0.0000,250.0000,d)rotateFromBiaxial(d,2.4689,0.0000,d)linear(0,0,0,19.6299,d)rotate(-0.5989)rotateIntoBiaxial(d,43.7473,0.0000,d)nonlinear(d,43.7473,0.0000,100.0000,d)rotateFromBiaxial(d,43.7473,0.0000,d)rotate(143.8074)rotateIntoBiaxial(d,139.8639,0.0000,d)nonlinear(d,139.8639,0.0000,300.0000,d)rotateFromBiaxial(d,139.8639,0.0000,d)linear(0,0,0,122.7389,d)rotate(-21.9711)rotate(27.8054)rotateIntoBiaxial(d,19.7982,0.0000,d)nonlinear(d,19.7982,0.0000,50.0000,d)rotateFromBiaxial(d,19.7982,0.0000,d)nonlinear(6,0.0000,0.0000,176.1255,d)rotateIntoBiaxial(d,7.3690,0.0000,d)nonlinear(d,7.3690,0.0000,50.0000,d)rotateFromBiaxial(d,7.3690,0.0000,d)rotate(-93.4033)nonlinear(6,0.0000,0.0000,71.7065,d)rotateIntoBiaxial(d,2.5737,0.0000,d)nonlinear(d,2.5737,0.0000,50.0000,d)rotateFromBiaxial(d,2.5737,0.0000,d)nonlinear(6,0.0000,0.0000,38.0527,d)linear(0,0,0,17.2056,d)
3772,0,40,15.3697,20.1924,init()rotateIntoBiaxial(d,3.1701,0.0000,d)nonlinear(d,3.1701,0.0000,300.0000,d)rotateFromBiaxial(d,3.1701,0.0000,d)rotate(-11.6742)rotateIntoBiaxial(d,41.7643,0.0000,d)nonlinear(d,41.7643,0.0000,100.0000,d)rotateFromBiaxial(d,41.7643,0.0000,d)rotate(159.1842)rotateIntoBiaxial(d,139.6943,0.0000,d)nonlinear(d,139.6943,0.0000,300.0000,d)rotateFromBiaxial(d,139.6943,0.0000,d)linear(0,0,0,132.7389,d)rotate(0.6994)rotate(11.9418)rotateIntoBiaxial(d,2.6941,0.0000,d)nonlinear(d,2.6941,0.0000,50.0000,d)rotateFromBiaxial(d,2.6941,0.0000,d)nonlinear(6,0.0000,0.0000,186.1255,d)rotateIntoBiaxial(d,12.7758,0.0000,d)nonlinear(d,12.7758,0.0000,50.0000,d)rotateFromBiaxial(d,12.7758,0.0000,d)nonlinear(6,0.0000,0.0000,10.7861,d)nonlinear(6,0.0000,0.0000,61.7065,d)rotateIntoBiaxial(d,5.8924,0.0000,d)nonlinear(d,5.8924,0.0000,100.0000,d)rotateFromBiaxial(d,5.8924,0.0000,d)nonlinear(6,0.0000,0.0000,48.0527,d)linear(0,0,0,27.2056,d)
3818,0,40,6.0032,20.1924,init()rotateIntoBiaxial(d,3.7760,0.0000,d)nonlinear(d,3.7760,0.0000,250.0000,d)rotateFromBiaxial(d,3.7760,0.0000,d)nonlinear(6,0.0000,0.0000,44.0186,d)rotate(-9.3613)rotateIntoBiaxial(d,43.5131,0.0000,d)nonlinear(d,43.5131,0.0000,50.0000,d)rotateFromBiaxial(d,43.5131,0.0000,d)rotate(142.8595)rotateIntoBiaxial(d,140.1300,0.0000,d)nonlinear(d,140.1300,0.0000,400.0000,d)rotateFromBiaxial(d,140.1300,0.0000,d)linear(0,0,0,142.8969,d)rotate(-10.3517)rotate(28.1902)rotateIntoBiaxial(d,1.9070,0.0000,d)nonlinear(d,1.9070,0.0000,50.0000,d)rotateFromBiaxial(d,1.9070,0.0000,d)nonlinear(6,0.0000,0.0000,176.2835,d)rotateIntoBiaxial(d,9.4212,0.0000,d)nonlinear(d,9.4212,0.0000,100.0000,d)rotateFromBiaxial(d,9.4212,0.0000,d)nonlinear(6,0.0000,0.0000,12.7378,d)rotate(-76.0400)rotateIntoBiaxial(d,13.9374,0.0000,d)nonlinear(d,13.9374,0.0000,150.0000,d)rotateFromBiaxial(d,13.9374,0.0000,d)nonlinear(6,0.0000,0.0000,51.8645,d)rotateIntoBiaxial(d,4.8062,0.0000,d)nonlinear(d,4.8062,0.0000,50.0000,d)rotateFromBiaxial(d,4.8062,0.0000,d)nonlinear(6,0.0000,0.0000,48.2107,d)linear(0,0,0,27.3636,d)rotate(-13.1808)
3864,0,40,12.2820,20.1924,init()rotateIntoBiaxial(d,5.8871,0.0000,d)nonlinear(d,5.8871,0.0000,300.0000,d)rotateFromBiaxial(d,5.8871,0.0000,d)rotate(10.1309)rotateIntoBiaxial(d,38.9832,0.0000,d)nonlinear(d,38.9832,0.0000,100.0000,d)rotateFromBiaxial(d,38.9832,0.0000,d)nonlinear(6,0.0000,0.0000,60.5661,d)rotate(172.9618)rotateIntoBiaxial(d,139.8854,0.0000,d)nonlinear(d,139.8854,0.0000,400.0000,d)rotateFromBiaxial(d,139.8854,0.0000,d)linear(0,0,0,147.8969,d)rotate(-21.5142)rotate(15.8327)rotateIntoBiaxial(d,9.9905,0.0000,d)nonlinear(d,9.9905,0.0000,100.0000,d)rotateFromBiaxial(d,9.9905,0.0000,d)nonlinear(6,0.0000,0.0000,171.2835,d)rotateIntoBiaxial(d,0.2625,0.0000,d)nonlinear(d,0.2625,0.0000,50.0000,d)rotateFromBiaxial(d,0.2625,0.0000,d)nonlinear(6,0.0000,0.0000,7.7378,d)nonlinear(6,0.0000,0.0000,56.8645,d)rotateIntoBiaxial(d,0.0090,0.0000,d)nonlinear(d,0.0090,0.0000,50.0000,d)rotateFromBiaxial(d,0.0090,0.0000,d)nonlinear(6,0.0000,0.0000,63.2107,d)linear(0,0,0,22.3636,d)
3910,0,40,9.7840,20.1924,init()rotateIntoBiaxial(d,0.9553,0.0000,d)nonlinear(d,0.9553,0.0000,300.0000,d)rotateFromBiaxial(d,0.9553,0.0000,d)nonlinear(6,0.0000,0.0000,24.0186,d)rotate(11.1568)rotateIntoBiaxial(d,36.0089,0.0000,d)nonlinear(d,36.0089,0.0000,100.0000,d)rotateFromBiaxial(d,36.0089,0.0000,d)rotate(152.3277)rotateIntoBiaxial(d,140.3440,0.0000,d)nonlinear(d,140.3440,0.0000,300.0000,d)rotateFromBiaxial(d,140.3440,0.0000,d)linear(0,0,0,142.8969,d)rotate(-47.8647)rotate(9.0599)rotateIntoBiaxial(d,15.9649,0.0000,d)nonlinear(d,15.9649,0.0000,50.0000,d)rotateFromBiaxial(d,15.9649,0.0000,d)nonlinear(6,0.0000,0.0000,156.2835,d)rotateIntoBiaxial(d,15.3377,0.0000,d)nonlinear(d,15.3377,0.0000,50.0000,d)rotateFromBiaxial(d,15.3377,0.0000,d)nonlinear(6,0.0000,0.0000,12.7378,d)linear(0,0,0,52.2231,d)rotate(-83.5837)nonlinear(6,0.0000,0.0000,61.8645,d)rotateIntoBiaxial(d,1.0338,0.0000,d)nonlinear(d,1.0338,0.0000,50.0000,d)rotateFromBiaxial(d,1.0338,0.0000,d)nonlinear(6,0.0000,0.0000,58.2107,d)linear(0,0,0,37.3636,d)rotate(-13.5447)
3956,0,40,14.5647,20.1924,init()rotateIntoBiaxial(d,1.3028,0.0000,d)nonlinear(d,1.3028,0.0000,250.0000,d)rotateFromBiaxial(d,1.3028,0.0000,d)rotate(0.3551)rotateIntoBiaxial(d,40.3506,0.0000,d)nonlinear(d,40.3506,0.0000,150.0000,d)rotateFromBiaxial(d,40.3506,0.0000,d)rotate(153.3220)rotateIntoBiaxial(d,139.3378,0.0000,d)nonlinear(d,139.3378,0.0000,300.0000,d)rotateFromBiaxial(d,139.3378,0.0000,d)linear(0,0,0,157.8969,d)rotate(-20.9278)rotate(32.8236)rotateIntoBiaxial(d,11.9912,0.0000,d)nonlinear(d,11.9912,0.0000,100.0000,d)rotateFromBiaxial(d,11.9912,0.0000,d)nonlinear(6,0.0000,0.0000,171.2835,d)rotateIntoBiaxial(d,14.4335,0.0000,d)nonlinear(d,14.4335,0.0000,50.0000,d)rotateFromBiaxial(d,14.4335,0.0000,d)nonlinear(6,0.0000,0.0000,17.7378,d)rotateIntoBiaxial(d,17.3926,0.0000,d)nonlinear(d,17.3926,0.0000,200.0000,d)rotateFromBiaxial(d,17.3926,0.0000,d)nonlinear(6,0.0000,0.0000,66.8645,d)rotateIntoBiaxial(d,14.8828,0.0000,d)nonlinear(d,14.8828,0.0000,50.0000,d)rotateFromBiaxial(d,14.8828,0.0000,d)nonlinear(6,0.0000,0.0000,43.2107,d)linear(0,0,0,52.3636,d)rotate(2.9844)
4002,0,40,8.0550,20.1924,init()rotateIntoBiaxial(d,1.1855,0.0000,d)nonlinear(d,1.1855,0.0000,250.0000,d)rotateFromBiaxial(d,1.1855,0.0000,d)nonlinear(6,0.0000,0.0000,14.0186,d)rotate(14.3632)rotateIntoBiaxial(d,41.2461,0.0000,d)nonlinear(d,41.2461,0.0000,50.0000,d)rotateFromBiaxial(d,41.2461,0.0000,d)rotate(162.1181)rotateIntoBiaxial(d,139.1850,0.0000,d)nonlinear(d,139.1850,0.0000,400.0000,d)rotateFromBiaxial(d,139.1850,0.0000,d)linear(0,0,0,162.8969,d)rotate(-18.0555)rotate(27.3442)rotateIntoBiaxial(d,4.3581,0.0000,d)nonlinear(d,4.3581,0.0000,50.0000,d)rotateFromBiaxial(d,4.3581,0.0000,d)nonlinear(6,0.0000,0.0000,156.2835,d)rotateIntoBiaxial(d,10.8554,0.0000,d)nonlinear(d,10.8554,0.0000,50.0000,d)rotateFromBiaxial(d,10.8554,0.0000,d)nonlinear(6,0.0000,0.0000,12.7378,d)rotate(-83.7023)nonlinear(6,0.0000,0.0000,71.8645,d)linear(0,0,0,82.6005,d)rotateIntoBiaxial(d,5.1947,0.0000,d)nonlinear(d,5.1947,0.0000,50.0000,d)rotateFromBiaxial(d,5.1947,0.0000,d)nonlinear(6,0.0000,0.0000,38.2107,d)linear(0,0,0,47.3636,d)rotate(4.7584)
4048,0,40,12.3404,20.1924,init()rotateIntoBiaxial(d,2.3363,0.0000,d)nonlinear(d,2.3363,0.0000,250.0000,d)rotateFromBiaxial(d,2.3363,0.0000,d)nonlinear(6,0.0000,0.0000,26.0186,d)rotate(10.8074)rotateIntoBiaxial(d,37.5309,0.0000,d)nonlinear(d,37.5309,0.0000,50.0000,d)rotateFromBiaxial(d,37.5309,0.0000,d)rotate(164.7606)rotateIntoBiaxial(d,139.9433,0.0000,d)nonlinear(d,139.9433,0.0000,300.0000,d)rotateFromBiaxial(d,139.9433,0.0000,d)linear(0,0,0,150.8969,d)rotate(-30.8448)rotate(25.1396)rotateIntoBiaxial(d,4.4100,0.0000,d)nonlinear(d,4.4100,0.0000,100.0000,d)rotateFromBiaxial(d,4.4100,0.0000,d)nonlinear(6,0.0000,0.0000,144.2835,d)rotateIntoBiaxial(d,16.5816,0.0000,d)nonlinear(d,16.5816,0.0000,50.0000,d)rotateFromBiaxial(d,16.5816,0.0000,d)nonlinear(6,0.0000,0.0000,14.7378,d)rotate(-97.8817)nonlinear(6,0.0000,0.0000,59.8645,d)linear(0,0,0,90.6005,d)rotateIntoBiaxial(d,2.6065,0.0000,d)nonlinear(d,2.6065,0.0000,50.0000,d)rotateFromBiaxial(d,2.6065,0.0000,d)nonlinear(6,0.0000,0.0000,40.2107,d)linear(0,0,0,45.3636,d)rotate(-9.5005)
4094,0,40,11.4739,20.1924,init()rotateIntoBiaxial(d,1.1423,0.0000,d)nonlinear(d,1.1423,0.0000,200.0000,d)rotateFromBiaxial(d,1.1423,0.0000,d)rotate(12.0588)rotateIntoBiaxial(d,29.7436,0.0000,d)nonlinear(d,29.7436,0.0000,150.0000,d)rotateFromBiaxial(d,29.7436,0.0000,d)rotate(169.6428)rotateIntoBiaxial(d,139.3784,0.0000,d)nonlinear(d,139.3784,0.0000,400.0000,d)rotateFromBiaxial(d,139.3784,0.0000,d)linear(0,0,0,142.8969,d)rotate(18.4351)rotate(36.6690)rotateIntoBiaxial(d,7.6061,0.0000,d)nonlinear(d,7.6061,0.0000,150.0000,d)rotateFromBiaxial(d,7.6061,0.0000,d)nonlinear(6,0.0000,0.0000,146.2835,d)rotateIntoBiaxial(d,10.4249,0.0000,d)nonlinear(d,10.4249,0.0000,50.0000,d)rotateFromBiaxial(d,10.4249,0.0000,d)rotate(-80.3798)rotateIntoBiaxial(d,1.8994,0.0000,d)nonlinear(d,1.8994,0.0000,100.0000,d)rotateFromBiaxial(d,1.8994,0.0000,d)nonlinear(6,0.0000,0.0000,51.8645,d)linear(0,0,0,82.6005,d)rotateIntoBiaxial(d,5.5460,0.0000,d)nonlinear(d,5.5460,0.0000,50.0000,d)rotateFromBiaxial(d,5.5460,0.0000,d)nonlinear(6,0.0000,0.0000,28.2107,d)linear(0,0,0,37.3636,d)rotate(-1.1697)
4140,0,40,9.6550,20.1924,init()rotateIntoBiaxial(d,3.5445,0.0000,d)nonlinear(d,3.5445,0.0000,200.0000,d)rotateFromBiaxial(d,3.5445,0.0000,d)nonlinear(6,0.0000,0.0000,29.0186,d)rotate(-8.1627)rotateIntoBiaxial(d,36.2009,0.0000,d)nonlinear(d,36.2009,0.0000,100.0000,d)rotateFromBiaxial(d,36.2009,0.0000,d)rotate(164.6863)rotateIntoBiaxial(d,140.1196,0.0000,d)nonlinear(d,140.1196,0.0000,400.0000,d)rotateFromBiaxial(d,140.1196,0.0000,d)linear(0,0,0,137.8969,d)rotate(-10.3522)rotate(11.8469)rotateIntoBiaxial(d,6.4694,0.0000,d)nonlinear(d,6.4694,0.0000,50.0000,d)rotateFromBiaxial(d,6.4694,0.0000,d)nonlinear(6,0.0000,0.0000,141.2835,d)rotateIntoBiaxial(d,13.1443,0.0000,d)nonlinear(d,13.1443,0.0000,100.0000,d)rotateFromBiaxial(d,13.1443,0.0000,d)rotate(-88.6238)nonlinear(6,0.0000,0.0000,36.8645,d)rotateIntoBiaxial(d,2.0936,0.0000,d)nonlinear(d,2.0936,0.0000,100.0000,d)rotateFromBiaxial(d,2.0936,0.0000,d)nonlinear(6,0.0000,0.0000,23.2107,d)linear(0,0,0,42.3636,d)rotate(8.8427)
4186,0,40,12.8186,20.1924,init()rotateIntoBiaxial(d,2.4643,0.0000,d)nonlinear(d,2.4643,0.0000,300.0000,d)rotateFromBiaxial(d,2.4643,0.0000,d)rotate(5.8085)rotateIntoBiaxial(d,35.9909,0.0000,d)nonlinear(d,35.9909,0.0000,100.0000,d)rotateFromBiaxial(d,35.9909,0.0000,d)rotate(169.9231)rotateIntoBiaxial(d,140.3058,0.0000,d)nonlinear(d,140.3058,0.0000,300.0000,d)rotateFromBiaxial(d,140.3058,0.0000,d)linear(0,0,0,142.8969,d)rotate(28.3449)rotateIntoBiaxial(d,13.2112,0.0000,d)nonlinear(d,13.2112,0.0000,100.0000,d)rotateFromBiaxial(d,13.2112,0.0000,d)nonlinear(6,0.0000,0.0000,126.2835,d)rotateIntoBiaxial(d,0.2385,0.0000,d)nonlinear(d,0.2385,0.0000,50.0000,d)rotateFromBiaxial(d,0.2385,0.0000,d)nonlinear(6,0.0000,0.0000,22.7378,d)nonlinear(6,0.0000,0.0000,31.8645,d)linear(0,0,0,102.6005,d)rotateIntoBiaxial(d,3.4432,0.0000,d)nonlinear(d,3.4432,0.0000,150.0000,d)rotateFromBiaxial(d,3.4432,0.0000,d)nonlinear(6,0.0000,0.0000,28.2107,d)linear(0,0,0,37.3636,d)
4232,0,40,12.8865,20.1924,init()rotateIntoBiaxial(d,0.9329,0.0000,d)nonlinear(d,0.9329,0.0000,300.0000,d)rotateFromBiaxial(d,0.9329,0.0000,d)rotate(-0.9508)rotateIntoBiaxial(d,37.0334,0.0000,d)nonlinear(d,37.0334,0.0000,100.0000,d)rotateFromBiaxial(d,37.0334,0.0000,d)rotate(164.1304)rotateIntoBiaxial(d,139.5215,0.0000,d)nonlinear(d,139.5215,0.0000,400.0000,d)rotateFromBiaxial(d,139.5215,0.0000,d)linear(0,0,0,137.8969,d)rotate(6.0473)rotate(25.2614)rotateIntoBiaxial(d,5.5924,0.0000,d)nonlinear(d,5.5924,0.0000,50.0000,d)rotateFromBiaxial(d,5.5924,0.0000,d)nonlinear(6,0.0000,0.0000,141.2835,d)rotateIntoBiaxial(d,3.0424,0.0000,d)nonlinear(d,3.0424,0.0000,100.0000,d)rotateFromBiaxial(d,3.0424,0.0000,d)nonlinear(6,0.0000,0.0000,17.7378,d)rotate(-106.3125)nonlinear(6,0.0000,0.0000,36.8645,d)rotateIntoBiaxial(d,5.5733,0.0000,d)nonlinear(d,5.5733,0.0000,150.0000,d)rotateFromBiaxial(d,5.5733,0.0000,d)linear(0,0,0,32.3636,d)rotate(-2.2669)
4278,0,40,11.6676,20.1924,init()rotateIntoBiaxial(d,0.2890,0.0000,d)nonlinear(d,0.2890,0.0000,250.0000,d)rotateFromBiaxial(d,0.2890,0.0000,d)rotate(-19.9565)rotateIntoBiaxial(d,35.2927,0.0000,d)nonlinear(d,35.2927,0.0000,150.0000,d)rotateFromBiaxial(d,35.2927,0.0000,d)rotate(169.7395)rotateIntoBiaxial(d,139.6807,0.0000,d)nonlinear(d,139.6807,0.0000,300.0000,d)rotateFromBiaxial(d,139.6807,0.0000,d)linear(0,0,0,142.8969,d)rotate(16.5901)rotate(41.2046)rotateIntoBiaxial(d,9.5815,0.0000,d)nonlinear(d,9.5815,0.0000,50.0000,d)rotateFromBiaxial(d,9.5815,0.0000,d)nonlinear(6,0.0000,0.0000,156.2835,d)rotateIntoBiaxial(d,5.3112,0.0000,d)nonlinear(d,5.3112,0.0000,50.0000,d)rotateFromBiaxial(d,5.3112,0.0000,d)nonlinear(6,0.0000,0.0000,22.7378,d)rotate(-81.3480)nonlinear(6,0.0000,0.0000,41.8645,d)rotateIntoBiaxial(d,2.1567,0.0000,d)nonlinear(d,2.1567,0.0000,100.0000,d)rotateFromBiaxial(d,2.1567,0.0000,d)nonlinear(6,0.0000,0.0000,28.2107,d)linear(0,0,0,37.3636,d)rotate(-1.2844)
4324,0,40,8.7123,20.1924,init()rotateIntoBiaxial(d,4.4814,0.0000,d)nonlinear(d,4.4814,0.0000,250.0000,d)rotateFromBiaxial(d,4.4814,0.0000,d)rotate(-7.4156)rotateIntoBiaxial(d,35.7474,0.0000,d)nonlinear(d,35.7474,0.0000,100.0000,d)rotateFromBiaxial(d,35.7474,0.0000,d)rotate(177.7554)rotateIntoBiaxial(d,139.1398,0.0000,d)nonlinear(d,139.1398,0.0000,300.0000,d)rotateFromBiaxial(d,139.1398,0.0000,d)linear(0,0,0,147.8969,d)rotate(46.3762)rotateIntoBiaxial(d,1.5111,0.0000,d)nonlinear(d,1.5111,0.0000,50.0000,d)rotateFromBiaxial(d,1.5111,0.0000,d)nonlinear(6,0.0000,0.0000,141.2835,d)rotateIntoBiaxial(d,5.1096,0.0000,d)nonlinear(d,5.1096,0.0000,50.0000,d)rotateFromBiaxial(d,5.1096,0.0000,d)nonlinear(6,0.0000,0.0000,27.7378,d)rotate(-70.2725)nonlinear(6,0.0000,0.0000,56.8645,d)linear(0,0,0,87.6005,d)rotateIntoBiaxial(d,2.6564,0.0000,d)nonlinear(d,2.6564,0.0000,100.0000,d)rotateFromBiaxial(d,2.6564,0.0000,d)nonlinear(6,0.0000,0.0000,33.2107,d)linear(0,0,0,42.3636,d)
4370,0,40,10.0256,20.1924,init()rotateIntoBiaxial(d,0.1943,0.0000,d)nonlinear(d,0.1943,0.0000,200.0000,d)rotateFromBiaxial(d,0.1943,0.0000,d)nonlinear(6,0.0000,0.0000,24.0186,d)linear(0,0,0,59.7879,d)rotate(16.8670)rotateIntoBiaxial(d,35.8333,0.0000,d)nonlinear(d,35.8333,0.0000,50.0000,d)rotateFromBiaxial(d,35.8333,0.0000,d)rotate(167.3200)rotateIntoBiaxial(d,139.4980,0.0000,d)nonlinear(d,139.4980,0.0000,300.0000,d)rotateFromBiaxial(d,139.4980,0.0000,d)linear(0,0,0,142.8969,d)rotate(-6.1477)rotate(15.1724)rotateIntoBiaxial(d,18.1947,0.0000,d)nonlinear(d,18.1947,0.0000,100.0000,d)rotateFromBiaxial(d,18.1947,0.0000,d)nonlinear(6,0.0000,0.0000,136.2835,d)rotateIntoBiaxial(d,3.8790,0.0000,d)nonlinear(d,3.8790,0.0000,50.0000,d)rotateFromBiaxial(d,3.8790,0.0000,d)nonlinear(6,0.0000,0.0000,22.7378,d)rotate(-77.2682)rotateIntoBiaxial(d,17.8298,0.0000,d)nonlinear(d,17.8298,0.0000,100.0000,d)rotateFromBiaxial(d,17.8298,0.0000,d)nonlinear(6,0.0000,0.0000,51.8645,d)rotateIntoBiaxial(d,3.7415,0.0000,d)nonlinear(d,3.7415,0.0000,100.0000,d)rotateFromBiaxial(d,3.7415,0.0000,d)nonlinear(6,0.0000,0.0000,18.2107,d)linear(0,0,0,27.3636,d)
4416,0,40,16.8947,20.1924,init()rotateIntoBiaxial(d,2.4503,0.0000,d)nonlinear(d,2.4503,0.0000,250.0000,d)rotateFromBiaxial(d,2.4503,0.0000,d)nonlinear(6,0.0000,0.0000,39.0186,d)rotate(-14.2508)rotateIntoBiaxial(d,39.8382,0.0000,d)nonlinear(d,39.8382,0.0000,100.0000,d)rotateFromBiaxial(d,39.8382,0.0000,d)rotate(174.7836)rotateIntoBiaxial(d,139.3364,0.0000,d)nonlinear(d,139.3364,0.0000,400.0000,d)rotateFromBiaxial(d,139.3364,0.0000,d)linear(0,0,0,157.8969,d)rotate(13.8007)rotate(58.8805)rotateIntoBiaxial(d,6.9924,0.0000,d)nonlinear(d,6.9924,0.0000,50.0000,d)rotateFromBiaxial(d,6.9924,0.0000,d)nonlinear(6,0.0000,0.0000,141.2835,d)rotateIntoBiaxial(d,9.7291,0.0000,d)nonlinear(d,9.7291,0.0000,50.0000,d)rotateFromBiaxial(d,9.7291,0.0000,d)nonlinear(6,0.0000,0.0000,17.7378,d)rotate(-64.6595)nonlinear(6,0.0000,0.0000,56.8645,d)rotateIntoBiaxial(d,12.2766,0.0000,d)nonlinear(d,12.2766,0.0000,100.0000,d)rotateFromBiaxial(d,12.2766,0.0000,d)nonlinear(6,0.0000,0.0000,13.2107,d)linear(0,0,0,32.3636,d)
4462,0,40,12.0599,20.1924,init()rotateIntoBiaxial(d,3.8043,0.0000,d)nonlinear(d,3.8043,0.0000,250.0000,d)rotateFromBiaxial(d,3.8043,0.0000,d)rotate(-12.9344)rotateIntoBiaxial(d,44.8812,0.0000,d)nonlinear(d,44.8812,0.0000,100.0000,d)rotateFromBiaxial(d,44.8812,0.0000,d)rotate(179.5690)rotateIntoBiaxial(d,139.7064,0.0000,d)nonlinear(d,139.7064,0.0000,400.0000,d)rotateFromBiaxial(d,139.7064,0.0000,d)linear(0,0,0,172.8969,d)rotate(-7.2010)rotate(25.0796)rotateIntoBiaxial(d,22.6018,0.0000,d)nonlinear(d,22.6018,0.0000,100.0000,d)rotateFromBiaxial(d,22.6018,0.0000,d)nonlinear(6,0.0000,0.0000,156.2835,d)rotateIntoBiaxial(d,12.2691,0.0000,d)nonlinear(d,12.2691,0.0000,50.0000,d)rotateFromBiaxial(d,12.2691,0.0000,d)nonlinear(6,0.0000,0.0000,22.7378,d)linear(0,0,0,42.2231,d)rotate(-68.1057)nonlinear(6,0.0000,0.0000,61.8645,d)rotateIntoBiaxial(d,3.8863,0.0000,d)nonlinear(d,3.8863,0.0000,150.0000,d)rotateFromBiaxial(d,3.8863,0.0000,d)nonlinear(6,0.0000,0.0000,18.2107,d)linear(0,0,0,37.3636,d)
4508,0,40,9.6181,20.1924,init()rotateIntoBiaxial(d,5.8027,0.0000,d)nonlinear(d,5.8027,0.0000,250.0000,d)rotateFromBiaxial(d,5.8027,0.0000,d)rotate(-17.6353)rotateIntoBiaxial(d,51.1180,0.0000,d)nonlinear(d,51.1180,0.0000,50.0000,d)rotateFromBiaxial(d,51.1180,0.0000,d)nonlinear(6,0.0000,0.0000,73.5661,d)rotate(179.1085)rotateIntoBiaxial(d,139.8713,0.0000,d)nonlinear(d,139.8713,0.0000,300.0000,d)rotateFromBiaxial(d,139.8713,0.0000,d)linear(0,0,0,170.8969,d)rotate(5.7352)rotate(50.7603)rotateIntoBiaxial(d,15.1604,0.0000,d)nonlinear(d,15.1604,0.0000,100.0000,d)rotateFromBiaxial(d,15.1604,0.0000,d)nonlinear(6,0.0000,0.0000,148.2835,d)rotateIntoBiaxial(d,6.4359,0.0000,d)nonlinear(d,6.4359,0.0000,50.0000,d)rotateFromBiaxial(d,6.4359,0.0000,d)nonlinear(6,0.0000,0.0000,24.7378,d)rotate(-112.2032)nonlinear(6,0.0000,0.0000,63.8645,d)rotateIntoBiaxial(d,9.1559,0.0000,d)nonlinear(d,9.1559,0.0000,200.0000,d)rotateFromBiaxial(d,9.1559,0.0000,d)nonlinear(6,0.0000,0.0000,10.2107,d)linear(0,0,0,45.3636,d)
4554,0,40,9.7200,20.1924,init()rotateIntoBiaxial(d,4.2004,0.0000,d)nonlinear(d,4.2004,0.0000,250.0000,d)rotateFromBiaxial(d,4.2004,0.0000,d)nonlinear(6,0.0000,0.0000,29.0186,d)rotate(-7.3054)rotateIntoBiaxial(d,47.8555,0.0000,d)nonlinear(d,47.8555,0.0000,100.0000,d)rotateFromBiaxial(d,47.8555,0.0000,d)nonlinear(6,0.0000,0.0000,80.5661,d)rotate(179.7425)rotateIntoBiaxial(d,140.2572,0.0000,d)nonlinear(d,140.2572,0.0000,300.0000,d)rotateFromBiaxial(d,140.2572,0.0000,d)linear(0,0,0,167.8969,d)rotate(49.4469)rotateIntoBiaxial(d,11.6028,0.0000,d)nonlinear(d,11.6028,0.0000,50.0000,d)rotateFromBiaxial(d,11.6028,0.0000,d)nonlinear(6,0.0000,0.0000,151.2835,d)rotateIntoBiaxial(d,0.4789,0.0000,d)nonlinear(d,0.4789,0.0000,100.0000,d)rotateFromBiaxial(d,0.4789,0.0000,d)nonlinear(6,0.0000,0.0000,27.7378,d)rotate(-86.4086)nonlinear(6,0.0000,0.0000,76.8645,d)rotateIntoBiaxial(d,3.6079,0.0000,d)nonlinear(d,3.6079,0.0000,200.0000,d)rotateFromBiaxial(d,3.6079,0.0000,d)nonlinear(6,0.0000,0.0000,23.2107,d)linear(0,0,0,42.3636,d)
4600,0,40,9.2576,20.1924,init()rotateIntoBiaxial(d,3.8196,0.0000,d)nonlinear(d,3.8196,0.0000,250.0000,d)rotateFromBiaxial(d,3.8196,0.0000,d)nonlinear(6,0.0000,0.0000,24.0186,d)rotate(2.7120)rotateIntoBiaxial(d,39.9026,0.0000,d)nonlinear(d,39.9026,0.0000,100.0000,d)rotateFromBiaxial(d,39.9026,0.0000,d)nonlinear(6,0.0000,0.0000,85.5661,d)rotate(179.9300)rotateIntoBiaxial(d,138.7247,0.0000,d)nonlinear(d,138.7247,0.0000,400.0000,d)rotateFromBiaxial(d,138.7247,0.0000,d)linear(0,0,0,162.8969,d)rotate(-16.3937)rotate(15.5916)rotateIntoBiaxial(d,9.5764,0.0000,d)nonlinear(d,9.5764,0.0000,50.0000,d)rotateFromBiaxial(d,9.5764,0.0000,d)nonlinear(6,0.0000,0.0000,146.2835,d)rotateIntoBiaxial(d,1.7230,0.0000,d)nonlinear(d,1.7230,0.0000,50.0000,d)rotateFromBiaxial(d,1.7230,0.0000,d)nonlinear(6,0.0000,0.0000,32.7378,d)linear(0,0,0,42.2231,d)rotate(-86.1486)nonlinear(6,0.0000,0.0000,81.8645,d)rotateIntoBiaxial(d,6.4544,0.0000,d)nonlinear(d,6.4544,0.0000,150.0000,d)rotateFromBiaxial(d,6.4544,0.0000,d)nonlinear(6,0.0000,0.0000,28.2107,d)linear(0,0,0,47.3636,d)
4646,0,40,19.1118,20.1924,init()rotateIntoBiaxial(d,2.1247,0.0000,d)nonlinear(d,2.1247,0.0000,250.0000,d)rotateFromBiaxial(d,2.1247,0.0000,d)nonlinear(6,0.0000,0.0000,4.0186,d)rotate(8.5805)rotateIntoBiaxial(d,39.9137,0.0000,d)nonlinear(d,39.9137,0.0000,100.0000,d)rotateFromBiaxial(d,39.9137,0.0000,d)rotate(178.4647)rotateIntoBiaxial(d,139.2812,0.0000,d)nonlinear(d,139.2812,0.0000,300.0000,d)rotateFromBiaxial(d,139.2812,0.0000,d)linear(0,0,0,142.8969,d)rotate(-36.4329)rotate(46.4746)rotateIntoBiaxial(d,14.3162,0.0000,d)nonlinear(d,14.3162,0.0000,100.0000,d)rotateFromBiaxial(d,14.3162,0.0000,d)nonlinear(6,0.0000,0.0000,136.2835,d)rotateIntoBiaxial(d,4.0875,0.0000,d)nonlinear(d,4.0875,0.0000,50.0000,d)rotateFromBiaxial(d,4.0875,0.0000,d)rotate(-66.5221)nonlinear(6,0.0000,0.0000,101.8645,d)rotateIntoBiaxial(d,11.6105,0.0000,d)nonlinear(d,11.6105,0.0000,150.0000,d)rotateFromBiaxial(d,11.6105,0.0000,d)nonlinear(6,0.0000,0.0000,28.2107,d)linear(0,0,0,37.3636,d)
4692,0,40,15.3864,20.1924,init()rotateIntoBiaxial(d,1.5700,0.0000,d)nonlinear(d,1.5700,0.0000,250.0000,d)rotateFromBiaxial(d,1.5700,0.0000,d)rotate(14.2411)rotateIntoBiaxial(d,39.3124,0.0000,d)nonlinear(d,39.3124,0.0000,150.0000,d)rotateFromBiaxial(d,39.3124,0.0000,d)rotate(179.6696)rotateIntoBiaxial(d,139.3364,0.0000,d)nonlinear(d,139.3364,0.0000,300.0000,d)rotateFromBiaxial(d,139.3364,0.0000,d)linear(0,0,0,148.3086,d)rotate(-8.1741)rotate(20.7909)rotateIntoBiaxial(d,8.9931,0.0000,d)nonlinear(d,8.9931,0.0000,50.0000,d)rotateFromBiaxial(d,8.9931,0.0000,d)nonlinear(6,0.0000,0.0000,121.6952,d)rotateIntoBiaxial(d,0.7690,0.0000,d)nonlinear(d,0.7690,0.0000,50.0000,d)rotateFromBiaxial(d,0.7690,0.0000,d)nonlinear(6,0.0000,0.0000,17.3261,d)linear(0,0,0,46.8115,d)rotate(-71.1461)nonlinear(6,0.0000,0.0000,107.2762,d)rotateIntoBiaxial(d,9.0805,0.0000,d)nonlinear(d,9.0805,0.0000,150.0000,d)rotateFromBiaxial(d,9.0805,0.0000,d)nonlinear(6,0.0000,0.0000,42.7990,d)linear(0,0,0,31.9519,d)
4738,0,40,12.5389,20.1924,init()rotateIntoBiaxial(d,4.6170,0.0000,d)nonlinear(d,4.6170,0.0000,250.0000,d)rotateFromBiaxial(d,4.6170,0.0000,d)nonlinear(6,0.0000,0.0000,14.1766,d)rotate(5.7574)rotateIntoBiaxial(d,38.1610,0.0000,d)nonlinear(d,38.1610,0.0000,50.0000,d)rotateFromBiaxial(d,38.1610,0.0000,d)rotate(178.8491)rotateIntoBiaxial(d,139.7014,0.0000,d)nonlinear(d,139.7014,0.0000,400.0000,d)rotateFromBiaxial(d,139.7014,0.0000,d)linear(0,0,0,143.7203,d)rotate(20.1528)rotateIntoBiaxial(d,26.0492,0.0000,d)nonlinear(d,26.0492,0.0000,50.0000,d)rotateFromBiaxial(d,26.0492,0.0000,d)nonlinear(6,0.0000,0.0000,116.2835,d)rotateIntoBiaxial(d,5.9348,0.0000,d)nonlinear(d,5.9348,0.0000,50.0000,d)rotateFromBiaxial(d,5.9348,0.0000,d)nonlinear(6,0.0000,0.0000,21.9144,d)rotate(-74.2856)nonlinear(6,0.0000,0.0000,102.6879,d)rotateIntoBiaxial(d,8.1469,0.0000,d)nonlinear(d,8.1469,0.0000,150.0000,d)rotateFromBiaxial(d,8.1469,0.0000,d)nonlinear(6,0.0000,0.0000,38.2107,d)linear(0,0,0,17.3636,d)
4784,0,40,13.6939,20.1924,init()rotateIntoBiaxial(d,0.7621,0.0000,d)nonlinear(d,0.7621,0.0000,250.0000,d)rotateFromBiaxial(d,0.7621,0.0000,d)nonlinear(6,0.0000,0.0000,0.0000,d)rotate(0.1956)rotateIntoBiaxial(d,35.3919,0.0000,d)nonlinear(d,35.3919,0.0000,100.0000,d)rotateFromBiaxial(d,35.3919,0.0000,d)rotate(179.9759)rotateIntoBiaxial(d,139.2576,0.0000,d)nonlinear(d,139.2576,0.0000,300.0000,d)rotateFromBiaxial(d,139.2576,0.0000,d)linear(0,0,0,138.7203,d)rotate(10.4600)rotateIntoBiaxial(d,14.7134,0.0000,d)nonlinear(d,14.7134,0.0000,50.0000,d)rotateFromBiaxial(d,14.7134,0.0000,d)nonlinear(6,0.0000,0.0000,121.2835,d)rotateIntoBiaxial(d,0.0155,0.0000,d)nonlinear(d,0.0155,0.0000,50.0000,d)rotateFromBiaxial(d,0.0155,0.0000,d)nonlinear(6,0.0000,0.0000,26.9144,d)rotate(-69.2220)nonlinear(6,0.0000,0.0000,97.6879,d)rotateIntoBiaxial(d,11.2643,0.0000,d)nonlinear(d,11.2643,0.0000,100.0000,d)rotateFromBiaxial(d,11.2643,0.0000,d)nonlinear(6,0.0000,0.0000,43.2107,d)linear(0,0,0,12.3636,d)
4830,0,40,14.4314,20.1924,init()rotateIntoBiaxial(d,2.9400,0.0000,d)nonlinear(d,2.9400,0.0000,300.0000,d)rotateFromBiaxial(d,2.9400,0.0000,d)nonlinear(6,0.0000,0.0000,0.0000,d)rotate(17.0336)rotateIntoBiaxial(d,45.1087,0.0000,d)nonlinear(d,45.1087,0.0000,100.0000,d)rotateFromBiaxial(d,45.1087,0.0000,d)rotate(178.0259)rotateIntoBiaxial(d,139.6177,0.0000,d)nonlinear(d,139.6177,0.0000,300.0000,d)rotateFromBiaxial(d,139.6177,0.0000,d)linear(0,0,0,147.8969,d)rotate(-3.9718)rotate(34.1349)rotateIntoBiaxial(d,17.4736,0.0000,d)nonlinear(d,17.4736,0.0000,100.0000,d)rotateFromBiaxial(d,17.4736,0.0000,d)nonlinear(6,0.0000,0.0000,112.1069,d)rotate(-48.1430)rotateIntoBiaxial(d,3.8435,0.0000,d)nonlinear(d,3.8435,0.0000,50.0000,d)rotateFromBiaxial(d,3.8435,0.0000,d)nonlinear(6,0.0000,0.0000,26.9144,d)linear(0,0,0,37.2231,d)rotate(-64.4728)nonlinear(6,0.0000,0.0000,97.6879,d)rotateIntoBiaxial(d,14.0161,0.0000,d)nonlinear(d,14.0161,0.0000,100.0000,d)rotateFromBiaxial(d,14.0161,0.0000,d)nonlinear(6,0.0000,0.0000,34.0341,d)linear(0,0,0,12.3636,d)
4876,0,40,16.1228,20.1924,init()rotateIntoBiaxial(d,0.5914,0.0000,d)nonlinear(d,0.5914,0.0000,250.0000,d)rotateFromBiaxial(d,0.5914,0.0000,d)nonlinear(6,0.0000,0.0000,24.1766,d)rotate(-5.9677)rotateIntoBiaxial(d,36.3787,0.0000,d)nonlinear(d,36.3787,0.0000,150.0000,d)rotateFromBiaxial(d,36.3787,0.0000,d)rotate(175.9099)rotateIntoBiaxial(d,139.5822,0.0000,d)nonlinear(d,139.5822,0.0000,300.0000,d)rotateFromBiaxial(d,139.5822,0.0000,d)linear(0,0,0,167.4852,d)rotate(23.0639)rotateIntoBiaxial(d,9.9177,0.0000,d)nonlinear(d,9.9177,0.0000,50.0000,d)rotateFromBiaxial(d,9.9177,0.0000,d)nonlinear(6,0.0000,0.0000,102.5186,d)rotate(-44.3136)rotateIntoBiaxial(d,3.2528,0.0000,d)nonlinear(d,3.2528,0.0000,150.0000,d)rotateFromBiaxial(d,3.2528,0.0000,d)nonlinear(6,0.0000,0.0000,27.3261,d)rotate(-71.0956)nonlinear(6,0.0000,0.0000,87.2762,d)rotateIntoBiaxial(d,12.6986,0.0000,d)nonlinear(d,12.6986,0.0000,150.0000,d)rotateFromBiaxial(d,12.6986,0.0000,d)nonlinear(6,0.0000,0.0000,43.6224,d)linear(0,0,0,21.9519,d)
4922,0,40,15.2436,20.1924,init()rotateIntoBiaxial(d,1.6840,0.0000,d)nonlinear(d,1.6840,0.0000,250.0000,d)rotateFromBiaxial(d,1.6840,0.0000,d)nonlinear(6,0.0000,0.0000,9.1766,d)rotate(19.4089)rotateIntoBiaxial(d,40.9683,0.0000,d)nonlinear(d,40.9683,0.0000,150.0000,d)rotateFromBiaxial(d,40.9683,0.0000,d)rotate(179.9339)rotateIntoBiaxial(d,139.6800,0.0000,d)nonlinear(d,139.6800,0.0000,400.0000,d)rotateFromBiaxial(d,139.6800,0.0000,d)linear(0,0,0,152.4852,d)rotate(-11.1776)rotate(41.8840)rotateIntoBiaxial(d,8.5993,0.0000,d)nonlinear(d,8.5993,0.0000,100.0000,d)rotateFromBiaxial(d,8.5993,0.0000,d)nonlinear(6,0.0000,0.0000,87.5186,d)rotateIntoBiaxial(d,4.0108,0.0000,d)nonlinear(d,4.0108,0.0000,50.0000,d)rotateFromBiaxial(d,4.0108,0.0000,d)linear(0,0,0,12.6348,d)rotate(-114.8147)nonlinear(6,0.0000,0.0000,82.2762,d)rotateIntoBiaxial(d,14.2413,0.0000,d)nonlinear(d,14.2413,0.0000,150.0000,d)rotateFromBiaxial(d,14.2413,0.0000,d)nonlinear(6,0.0000,0.0000,58.6224,d)linear(0,0,0,16.9519,d)
4968,0,40,17.7079,20.1924,init()rotateIntoBiaxial(d,2.1952,0.0000,d)nonlinear(d,2.1952,0.0000,200.0000,d)rotateFromBiaxial(d,2.1952,0.0000,d)nonlinear(6,0.0000,0.0000,0.0000,d)rotate(-5.6530)rotateIntoBiaxial(d,41.2151,0.0000,d)nonlinear(d,41.2151,0.0000,100.0000,d)rotateFromBiaxial(d,41.2151,0.0000,d)rotate(177.9933)rotateIntoBiaxial(d,140.0764,0.0000,d)nonlinear(d,140.0764,0.0000,400.0000,d)rotateFromBiaxial(d,140.0764,0.0000,d)linear(0,0,0,147.0736,d)rotate(-18.3080)rotate(18.8429)rotateIntoBiaxial(d,8.4655,0.0000,d)nonlinear(d,8.4655,0.0000,50.0000,d)rotateFromBiaxial(d,8.4655,0.0000,d)nonlinear(6,0.0000,0.0000,92.1069,d)rotateIntoBiaxial(d,8.9132,0.0000,d)nonlinear(d,8.9132,0.0000,50.0000,d)rotateFromBiaxial(d,8.9132,0.0000,d)nonlinear(6,0.0000,0.0000,27.7378,d)linear(0,0,0,27.2231,d)rotate(-100.9273)nonlinear(6,0.0000,0.0000,67.6879,d)rotateIntoBiaxial(d,4.6105,0.0000,d)nonlinear(d,4.6105,0.0000,150.0000,d)rotateFromBiaxial(d,4.6105,0.0000,d)nonlinear(6,0.0000,0.0000,53.2107,d)linear(0,0,0,21.5402,d)
5014,0,40,8.2810,20.1924,init()rotateIntoBiaxial(d,0.9380,0.0000,d)nonlinear(d,0.9380,0.0000,200.0000,d)rotateFromBiaxial(d,0.9380,0.0000,d)nonlinear(6,0.0000,0.0000,0.0000,d)rotate(-13.7813)rotateIntoBiaxial(d,32.0743,0.0000,d)nonlinear(d,32.0743,0.0000,100.0000,d)rotateFromBiaxial(d,32.0743,0.0000,d)rotate(173.2214)rotateIntoBiaxial(d,140.3469,0.0000,d)nonlinear(d,140.3469,0.0000,300.0000,d)rotateFromBiaxial(d,140.3469,0.0000,d)linear(0,0,0,142.4852,d)rotate(43.0829)rotateIntoBiaxial(d,14.9207,0.0000,d)nonlinear(d,14.9207,0.0000,150.0000,d)rotateFromBiaxial(d,14.9207,0.0000,d)nonlinear(6,0.0000,0.0000,105.8718,d)rotateIntoBiaxial(d,11.3967,0.0000,d)nonlinear(d,11.3967,0.0000,50.0000,d)rotateFromBiaxial(d,11.3967,0.0000,d)nonlinear(6,0.0000,0.0000,32.3261,d)rotate(-102.8124)nonlinear(6,0.0000,0.0000,63.0996,d)rotateIntoBiaxial(d,33.5361,0.0000,d)nonlinear(d,33.5361,0.0000,150.0000,d)rotateFromBiaxial(d,33.5361,0.0000,d)linear(0,0,0,16.9519,d)
5060,0,40,20.4206,20.4206,init()rotateIntoBiaxial(d,0.0747,0.0000,d)nonlinear(d,0.0747,0.0000,200.0000,d)rotateFromBiaxial(d,0.0747,0.0000,d)nonlinear(6,0.0000,0.0000,0.0000,d)rotate(-4.7903)rotateIntoBiaxial(d,40.6222,0.0000,d)nonlinear(d,40.6222,0.0000,100.0000,d)rotateFromBiaxial(d,40.6222,0.0000,d)rotate(178.5061)rotateIntoBiaxial(d,139.8628,0.0000,d)nonlinear(d,139.8628,0.0000,300.0000,d)rotateFromBiaxial(d,139.8628,0.0000,d)linear(0,0,0,137.8969,d)rotate(-14.5900)rotate(59.5920)rotateIntoBiaxial(d,5.3200,0.0000,d)nonlinear(d,5.3200,0.0000,100.0000,d)rotateFromBiaxial(d,5.3200,0.0000,d)nonlinear(6,0.0000,0.0000,110.4602,d)rotate(-51.1823)rotateIntoBiaxial(d,19.9506,0.0000,d)nonlinear(d,19.9506,0.0000,100.0000,d)rotateFromBiaxial(d,19.9506,0.0000,d)nonlinear(6,0.0000,0.0000,27.7378,d)rotate(-116.0307)nonlinear(6,0.0000,0.0000,67.6879,d)rotateIntoBiaxial(d,30.8726,0.0000,d)nonlinear(d,30.8726,0.0000,150.0000,d)rotateFromBiaxial(d,30.8726,0.0000,d)nonlinear(6,0.0000,0.0000,53.2107,d)linear(0,0,0,21.5402,d)
5106,0,40,16.1967,20.4206,init()rotateIntoBiaxial(d,0.0863,0.0000,d)nonlinear(d,0.0863,0.0000,250.0000,d)rotateFromBiaxial(d,0.0863,0.0000,d)nonlinear(6,0.0000,0.0000,0.0000,d)rotate(-5.9226)rotateIntoBiaxial(d,39.8240,0.0000,d)nonlinear(d,39.8240,0.0000,150.0000,d)rotateFromBiaxial(d,39.8240,0.0000,d)rotate(179.7371)rotateIntoBiaxial(d,139.1269,0.0000,d)nonlinear(d,139.1269,0.0000,300.0000,d)rotateFromBiaxial(d,139.1269,0.0000,d)linear(0,0,0,128.7203,d)rotate(-24.7871)rotate(54.6944)rotateIntoBiaxial(d,9.9124,0.0000,d)nonlinear(d,9.9124,0.0000,100.0000,d)rotateFromBiaxial(d,9.9124,0.0000,d)nonlinear(6,0.0000,0.0000,101.2835,d)rotate(-38.2316)rotateIntoBiaxial(d,13.3879,0.0000,d)nonlinear(d,13.3879,0.0000,50.0000,d)rotateFromBiaxial(d,13.3879,0.0000,d)nonlinear(6,0.0000,0.0000,36.9144,d)rotate(-114.3063)nonlinear(6,0.0000,0.0000,67.6879,d)rotateIntoBiaxial(d,16.1072,0.0000,d)nonlinear(d,16.1072,0.0000,150.0000,d)rotateFromBiaxial(d,16.1072,0.0000,d)nonlinear(6,0.0000,0.0000,62.3873,d)linear(0,0,0,30.7168,d)
5152,0,40,16.1628,20.4206,init()rotateIntoBiaxial(d,3.4671,0.0000,d)nonlinear(d,3.4671,0.0000,200.0000,d)rotateFromBiaxial(d,3.4671,0.0000,d)rotate(-1.6651)rotateIntoBiaxial(d,40.1185,0.0000,d)nonlinear(d,40.1185,0.0000,100.0000,d)rotateFromBiaxial(d,40.1185,0.0000,d)rotate(177.5855)rotateIntoBiaxial(d,139.9665,0.0000,d)nonlinear(d,139.9665,0.0000,300.0000,d)rotateFromBiaxial(d,139.9665,0.0000,d)linear(0,0,0,126.7203,d)rotate(-26.6878)rotate(62.2925)rotateIntoBiaxial(d,2.1497,0.0000,d)nonlinear(d,2.1497,0.0000,50.0000,d)rotateFromBiaxial(d,2.1497,0.0000,d)nonlinear(6,0.0000,0.0000,94.1069,d)rotateIntoBiaxial(d,7.5434,0.0000,d)nonlinear(d,7.5434,0.0000,50.0000,d)rotateFromBiaxial(d,7.5434,0.0000,d)nonlinear(6,0.0000,0.0000,44.0910,d)rotate(-113.7927)nonlinear(6,0.0000,0.0000,60.5113,d)rotateIntoBiaxial(d,14.9728,0.0000,d)nonlinear(d,14.9728,0.0000,200.0000,d)rotateFromBiaxial(d,14.9728,0.0000,d)nonlinear(6,0.0000,0.0000,55.2107,d)linear(0,0,0,32.7168,d)
5198,0,40,7.3517,20.4206,init()rotateIntoBiaxial(d,0.6924,0.0000,d)nonlinear(d,0.6924,0.0000,250.0000,d)rotateFromBiaxial(d,0.6924,0.0000,d)nonlinear(6,0.0000,0.0000,34.1766,d)rotate(2.2340)rotateIntoBiaxial(d,33.2454,0.0000,d)nonlinear(d,33.2454,0.0000,150.0000,d)rotateFromBiaxial(d,33.2454,0.0000,d)rotate(168.4377)rotateIntoBiaxial(d,138.9087,0.0000,d)nonlinear(d,138.9087,0.0000,300.0000,d)rotateFromBiaxial(d,138.9087,0.0000,d)linear(0,0,0,113.7203,d)rotate(-21.5157)rotateIntoBiaxial(d,27.9827,0.0000,d)nonlinear(d,27.9827,0.0000,200.0000,d)rotateFromBiaxial(d,27.9827,0.0000,d)rotate(45.8844)rotateIntoBiaxial(d,5.2672,0.0000,d)nonlinear(d,5.2672,0.0000,100.0000,d)rotateFromBiaxial(d,5.2672,0.0000,d)nonlinear(6,0.0000,0.0000,87.1069,d)rotate(-61.8543)rotateIntoBiaxial(d,1.8780,0.0000,d)nonlinear(d,1.8780,0.0000,150.0000,d)rotateFromBiaxial(d,1.8780,0.0000,d)nonlinear(6,0.0000,0.0000,31.0910,d)rotate(-103.9344)nonlinear(6,0.0000,0.0000,53.5113,d)rotateIntoBiaxial(d,14.7675,0.0000,d)nonlinear(d,14.7675,0.0000,150.0000,d)rotateFromBiaxial(d,14.7675,0.0000,d)nonlinear(6,0.0000,0.0000,68.2107,d)linear(0,0,0,35.7168,d)
5244,0,40,9.6265,20.4206,init()rotateIntoBiaxial(d,4.9680,0.0000,d)nonlinear(d,4.9680,0.0000,200.0000,d)rotateFromBiaxial(d,4.9680,0.0000,d)nonlinear(6,0.0000,0.0000,29.1766,d)rotate(-5.0491)rotateIntoBiaxial(d,36.3957,0.0000,d)nonlinear(d,36.3957,0.0000,150.0000,d)rotateFromBiaxial(d,36.3957,0.0000,d)rotate(171.2620)rotateIntoBiaxial(d,139.7140,0.0000,d)nonlinear(d,139.7140,0.0000,300.0000,d)rotateFromBiaxial(d,139.7140,0.0000,d)linear(0,0,0,108.7203,d)rotate(-33.1672)rotate(45.2242)rotateIntoBiaxial(d,7.4372,0.0000,d)nonlinear(d,7.4372,0.0000,100.0000,d)rotateFromBiaxial(d,7.4372,0.0000,d)nonlinear(6,0.0000,0.0000,72.1069,d)rotate(-48.7253)rotateIntoBiaxial(d,2.4380,0.0000,d)nonlinear(d,2.4380,0.0000,50.0000,d)rotateFromBiaxial(d,2.4380,0.0000,d)nonlinear(6,0.0000,0.0000,26.0910,d)rotate(-108.5746)nonlinear(6,0.0000,0.0000,58.5113,d)rotateIntoBiaxial(d,13.5229,0.0000,d)nonlinear(d,13.5229,0.0000,200.0000,d)rotateFromBiaxial(d,13.5229,0.0000,d)nonlinear(6,0.0000,0.0000,63.2107,d)linear(0,0,0,40.7168,d)
5290,0,40,13.9995,20.4206,init()rotateIntoBiaxial(d,1.5528,0.0000,d)nonlinear(d,1.5528,0.0000,300.0000,d)rotateFromBiaxial(d,1.5528,0.0000,d)nonlinear(6,0.0000,0.0000,17.1766,d)rotate(-5.2024)rotateIntoBiaxial(d,35.7558,0.0000,d)nonlinear(d,35.7558,0.0000,150.0000,d)rotateFromBiaxial(d,35.7558,0.0000,d)rotate(165.9847)rotateIntoBiaxial(d,139.5846,0.0000,d)nonlinear(d,139.5846,0.0000,400.0000,d)rotateFromBiaxial(d,139.5846,0.0000,d)linear(0,0,0,110.7203,d)rotate(-31.4162)rotate(33.2435)rotateIntoBiaxial(d,10.8270,0.0000,d)nonlinear(d,10.8270,0.0000,100.0000,d)rotateFromBiaxial(d,10.8270,0.0000,d)nonlinear(6,0.0000,0.0000,80.1069,d)rotateIntoBiaxial(d,2.5461,0.0000,d)nonlinear(d,2.5461,0.0000,50.0000,d)rotateFromBiaxial(d,2.5461,0.0000,d)linear(0,0,0,39.2231,d)rotate(-95.2487)nonlinear(6,0.0000,0.0000,46.5113,d)rotateIntoBiaxial(d,21.2718,0.0000,d)nonlinear(d,21.2718,0.0000,150.0000,d)rotateFromBiaxial(d,21.2718,0.0000,d)nonlinear(6,0.0000,0.0000,55.2107,d)linear(0,0,0,42.7168,d)rotate(-15.0199)
5336,0,40,9.2549,20.4206,init()rotateIntoBiaxial(d,4.1025,0.0000,d)nonlinear(d,4.1025,0.0000,250.0000,d)rotateFromBiaxial(d,4.1025,0.0000,d)nonlinear(6,0.0000,0.0000,0.0000,d)rotate(9.5452)rotateIntoBiaxial(d,37.5995,0.0000,d)nonlinear(d,37.5995,0.0000,50.0000,d)rotateFromBiaxial(d,37.5995,0.0000,d)rotate(153.9813)rotateIntoBiaxial(d,139.3040,0.0000,d)nonlinear(d,139.3040,0.0000,300.0000,d)rotateFromBiaxial(d,139.3040,0.0000,d)linear(0,0,0,118.7203,d)rotate(-26.5278)rotate(34.5546)rotateIntoBiaxial(d,16.2432,0.0000,d)nonlinear(d,16.2432,0.0000,100.0000,d)rotateFromBiaxial(d,16.2432,0.0000,d)nonlinear(6,0.0000,0.0000,72.1069,d)rotate(-45.5878)rotateIntoBiaxial(d,3.0748,0.0000,d)nonlinear(d,3.0748,0.0000,50.0000,d)rotateFromBiaxial(d,3.0748,0.0000,d)nonlinear(6,0.0000,0.0000,16.0910,d)rotate(-105.1262)nonlinear(6,0.0000,0.0000,38.5113,d)rotateIntoBiaxial(d,13.8252,0.0000,d)nonlinear(d,13.8252,0.0000,200.0000,d)rotateFromBiaxial(d,13.8252,0.0000,d)nonlinear(6,0.0000,0.0000,53.2107,d)linear(0,0,0,40.7168,d)
5382,0,40,16.6401,20.4206,init()rotateIntoBiaxial(d,3.7305,0.0000,d)nonlinear(d,3.7305,0.0000,200.0000,d)rotateFromBiaxial(d,3.7305,0.0000,d)rotate(6.9016)rotateIntoBiaxial(d,40.2691,0.0000,d)nonlinear(d,40.2691,0.0000,100.0000,d)rotateFromBiaxial(d,40.2691,0.0000,d)rotate(172.4676)rotateIntoBiaxial(d,139.4122,0.0000,d)nonlinear(d,139.4122,0.0000,300.0000,d)rotateFromBiaxial(d,139.4122,0.0000,d)linear(0,0,0,109.1320,d)rotate(11.9931)rotateIntoBiaxial(d,13.0835,0.0000,d)nonlinear(d,13.0835,0.0000,150.0000,d)rotateFromBiaxial(d,13.0835,0.0000,d)nonlinear(6,0.0000,0.0000,62.5186,d)rotate(-57.2709)rotateIntoBiaxial(d,11.7727,0.0000,d)nonlinear(d,11.7727,0.0000,50.0000,d)rotateFromBiaxial(d,11.7727,0.0000,d)nonlinear(6,0.0000,0.0000,16.5027,d)rotate(-114.8167)nonlinear(6,0.0000,0.0000,38.9229,d)rotateIntoBiaxial(d,16.0014,0.0000,d)nonlinear(d,16.0014,0.0000,150.0000,d)rotateFromBiaxial(d,16.0014,0.0000,d)nonlinear(6,0.0000,0.0000,43.6224,d)linear(0,0,0,40.3052,d)
5428,0,40,10.3418,20.4206,init()rotateIntoBiaxial(d,0.6234,0.0000,d)nonlinear(d,0.6234,0.0000,300.0000,d)rotateFromBiaxial(d,0.6234,0.0000,d)linear(0,0,0,78.2180,d)rotate(-6.9750)rotateIntoBiaxial(d,42.6214,0.0000,d)nonlinear(d,42.6214,0.0000,150.0000,d)rotateFromBiaxial(d,42.6214,0.0000,d)nonlinear(6,0.0000,0.0000,103.9962,d)rotate(158.6995)rotateIntoBiaxial(d,139.7659,0.0000,d)nonlinear(d,139.7659,0.0000,300.0000,d)rotateFromBiaxial(d,139.7659,0.0000,d)linear(0,0,0,122.1136,d)rotate(-17.7459)rotateIntoBiaxial(d,7.4179,0.0000,d)nonlinear(d,7.4179,0.0000,150.0000,d)rotateFromBiaxial(d,7.4179,0.0000,d)rotate(15.9711)rotateIntoBiaxial(d,3.5088,0.0000,d)nonlinear(d,3.5088,0.0000,50.0000,d)rotateFromBiaxial(d,3.5088,0.0000,d)nonlinear(6,0.0000,0.0000,69.5002,d)rotate(-58.9107)rotateIntoBiaxial(d,4.1560,0.0000,d)nonlinear(d,4.1560,0.0000,100.0000,d)rotateFromBiaxial(d,4.1560,0.0000,d)nonlinear(6,0.0000,0.0000,41.9045,d)rotateIntoBiaxial(d,6.8267,0.0000,d)nonlinear(d,6.8267,0.0000,200.0000,d)rotateFromBiaxial(d,6.8267,0.0000,d)nonlinear(6,0.0000,0.0000,36.6408,d)linear(0,0,0,37.3236,d)
5474,0,40,18.2201,20.4206,init()rotateIntoBiaxial(d,2.3887,0.0000,d)nonlinear(d,2.3887,0.0000,300.0000,d)rotateFromBiaxial(d,2.3887,0.0000,d)rotate(-1.2033)rotateIntoBiaxial(d,42.0974,0.0000,d)nonlinear(d,42.0974,0.0000,100.0000,d)rotateFromBiaxial(d,42.0974,0.0000,d)rotate(167.9846)rotateIntoBiaxial(d,139.8023,0.0000,d)nonlinear(d,139.8023,0.0000,300.0000,d)rotateFromBiaxial(d,139.8023,0.0000,d)linear(0,0,0,134.1136,d)rotate(-53.9047)rotate(48.8735)rotateIntoBiaxial(d,9.0262,0.0000,d)nonlinear(d,9.0262,0.0000,100.0000,d)rotateFromBiaxial(d,9.0262,0.0000,d)nonlinear(6,0.0000,0.0000,86.6768,d)rotate(-30.4084)rotateIntoBiaxial(d,2.1689,0.0000,d)nonlinear(d,2.1689,0.0000,50.0000,d)rotateFromBiaxial(d,2.1689,0.0000,d)rotate(-141.6760)nonlinear(6,0.0000,0.0000,24.7279,d)rotateIntoBiaxial(d,19.9853,0.0000,d)nonlinear(d,19.9853,0.0000,200.0000,d)rotateFromBiaxial(d,19.9853,0.0000,d)nonlinear(6,0.0000,0.0000,39.4642,d)linear(0,0,0,54.5002,d)
5520,0,40,11.6051,20.4206,init()rotateIntoBiaxial(d,2.3653,0.0000,d)nonlinear(d,2.3653,0.0000,250.0000,d)rotateFromBiaxial(d,2.3653,0.0000,d)rotate(2.1335)rotateIntoBiaxial(d,37.2077,0.0000,d)nonlinear(d,37.2077,0.0000,150.0000,d)rotateFromBiaxial(d,37.2077,0.0000,d)rotate(165.2455)rotateIntoBiaxial(d,140.2058,0.0000,d)nonlinear(d,140.2058,0.0000,300.0000,d)rotateFromBiaxial(d,140.2058,0.0000,d)rotate(-18.9199)rotate(49.4968)rotateIntoBiaxial(d,2.4596,0.0000,d)nonlinear(d,2.4596,0.0000,50.0000,d)rotateFromBiaxial(d,2.4596,0.0000,d)nonlinear(6,0.0000,0.0000,93.8534,d)rotateIntoBiaxial(d,5.5415,0.0000,d)nonlinear(d,5.5415,0.0000,50.0000,d)rotateFromBiaxial(d,5.5415,0.0000,d)nonlinear(6,0.0000,0.0000,31.8375,d)rotate(-132.9488)nonlinear(6,0.0000,0.0000,22.7279,d)rotateIntoBiaxial(d,3.2097,0.0000,d)nonlinear(d,3.2097,0.0000,200.0000,d)rotateFromBiaxial(d,3.2097,0.0000,d)nonlinear(6,0.0000,0.0000,28.2876,d)linear(0,0,0,43.3236,d)
5566,0,40,13.2321,20.4206,init()rotateIntoBiaxial(d,1.2086,0.0000,d)nonlinear(d,1.2086,0.0000,300.0000,d)rotateFromBiaxial(d,1.2086,0.0000,d)linear(0,0,0,70.2180,d)rotate(0.9732)rotateIntoBiaxial(d,40.3225,0.0000,d)nonlinear(d,40.3225,0.0000,150.0000,d)rotateFromBiaxial(d,40.3225,0.0000,d)nonlinear(6,0.0000,0.0000,87.6429,d)rotate(161.2004)rotateIntoBiaxial(d,139.0247,0.0000,d)nonlinear(d,139.0247,0.0000,300.0000,d)rotateFromBiaxial(d,139.0247,0.0000,d)linear(0,0,0,134.1136,d)rotate(38.7205)rotateIntoBiaxial(d,8.9809,0.0000,d)nonlinear(d,8.9809,0.0000,50.0000,d)rotateFromBiaxial(d,8.9809,0.0000,d)nonlinear(6,0.0000,0.0000,95.8534,d)rotate(-44.8922)rotateIntoBiaxial(d,6.7222,0.0000,d)nonlinear(d,6.7222,0.0000,100.0000,d)rotateFromBiaxial(d,6.7222,0.0000,d)rotate(-102.8658)nonlinear(6,0.0000,0.0000,24.7279,d)rotateIntoBiaxial(d,18.6276,0.0000,d)nonlinear(d,18.6276,0.0000,250.0000,d)rotateFromBiaxial(d,18.6276,0.0000,d)nonlinear(6,0.0000,0.0000,20.2876,d)linear(0,0,0,35.3236,d)
5612,0,40,16.4516,20.4206,init()rotateIntoBiaxial(d,0.2844,0.0000,d)nonlinear(d,0.2844,0.0000,250.0000,d)rotateFromBiaxial(d,0.2844,0.0000,d)nonlinear(6,0.0000,0.0000,14.1951,d)rotate(-7.4450)rotateIntoBiaxial(d,39.3959,0.0000,d)nonlinear(d,39.3959,0.0000,150.0000,d)rotateFromBiaxial(d,39.3959,0.0000,d)nonlinear(6,0.0000,0.0000,72.6429,d)rotate(179.8733)rotateIntoBiaxial(d,139.2740,0.0000,d)nonlinear(d,139.2740,0.0000,250.0000,d)rotateFromBiaxial(d,139.2740,0.0000,d)linear(0,0,0,139.1136,d)rotate(12.4791)rotateIntoBiaxial(d,3.4678,0.0000,d)nonlinear(d,3.4678,0.0000,100.0000,d)rotateFromBiaxial(d,3.4678,0.0000,d)nonlinear(6,0.0000,0.0000,110.8534,d)rotateIntoBiaxial(d,5.9691,0.0000,d)nonlinear(d,5.9691,0.0000,150.0000,d)rotateFromBiaxial(d,5.9691,0.0000,d)rotate(-86.2476)nonlinear(6,0.0000,0.0000,19.7279,d)rotateIntoBiaxial(d,3.8829,0.0000,d)nonlinear(d,3.8829,0.0000,150.0000,d)rotateFromBiaxial(d,3.8829,0.0000,d)nonlinear(6,0.0000,0.0000,35.2876,d)linear(0,0,0,40.3236,d)
5658,0,40,16.8424,20.4206,init()rotateIntoBiaxial(d,3.2520,0.0000,d)nonlinear(d,3.2520,0.0000,250.0000,d)rotateFromBiaxial(d,3.2520,0.0000,d)linear(0,0,0,60.2180,d)rotateIntoBiaxial(d,40.0252,0.0000,d)nonlinear(d,40.0252,0.0000,100.0000,d)rotateFromBiaxial(d,40.0252,0.0000,d)rotate(157.0105)rotateIntoBiaxial(d,139.7153,0.0000,d)nonlinear(d,139.7153,0.0000,300.0000,d)rotateFromBiaxial(d,139.7153,0.0000,d)rotate(24.4108)rotateIntoBiaxial(d,9.7869,0.0000,d)nonlinear(d,9.7869,0.0000,50.0000,d)rotateFromBiaxial(d,9.7869,0.0000,d)nonlinear(6,0.0000,0.0000,105.8534,d)rotate(-26.5395)rotateIntoBiaxial(d,12.4477,0.0000,d)nonlinear(d,12.4477,0.0000,50.0000,d)rotateFromBiaxial(d,12.4477,0.0000,d)linear(0,0,0,70.9697,d)nonlinear(6,0.0000,0.0000,4.7279,d)rotateIntoBiaxial(d,9.0093,0.0000,d)nonlinear(d,9.0093,0.0000,200.0000,d)rotateFromBiaxial(d,9.0093,0.0000,d)nonlinear(6,0.0000,0.0000,30.2876,d)linear(0,0,0,35.3236,d)
5704,0,40,10.9886,20.4206,init()rotateIntoBiaxial(d,2.8651,0.0000,d)nonlinear(d,2.8651,0.0000,250.0000,d)rotateFromBiaxial(d,2.8651,0.0000,d)nonlinear(6,0.0000,0.0000,20.0972,d)rotate(12.3163)rotateIntoBiaxial(d,35.9874,0.0000,d)nonlinear(d,35.9874,0.0000,150.0000,d)rotateFromBiaxial(d,35.9874,0.0000,d)rotate(158.4516)rotateIntoBiaxial(d,139.3407,0.0000,d)nonlinear(d,139.3407,0.0000,300.0000,d)rotateFromBiaxial(d,139.3407,0.0000,d)linear(0,0,0,137.2114,d)rotate(-29.0778)rotate(13.2871)rotateIntoBiaxial(d,0.6605,0.0000,d)nonlinear(d,0.6605,0.0000,50.0000,d)rotateFromBiaxial(d,0.6605,0.0000,d)nonlinear(6,0.0000,0.0000,116.7555,d)rotate(-45.9397)rotateIntoBiaxial(d,8.7872,0.0000,d)nonlinear(d,8.7872,0.0000,50.0000,d)rotateFromBiaxial(d,8.7872,0.0000,d)nonlinear(6,0.0000,0.0000,57.5630,d)linear(0,0,0,72.6951,d)nonlinear(6,0.0000,0.0000,10.2043,d)rotateIntoBiaxial(d,18.8260,0.0000,d)nonlinear(d,18.8260,0.0000,200.0000,d)rotateFromBiaxial(d,18.8260,0.0000,d)nonlinear(6,0.0000,0.0000,19.3854,d)linear(0,0,0,33.5981,d)
5750,0,40,14.6645,20.4206,init()rotateIntoBiaxial(d,2.5530,0.0000,d)nonlinear(d,2.5530,0.0000,250.0000,d)rotateFromBiaxial(d,2.5530,0.0000,d)nonlinear(6,0.0000,0.0000,7.6855,d)rotate(17.3355)rotateIntoBiaxial(d,41.4488,0.0000,d)nonlinear(d,41.4488,0.0000,100.0000,d)rotateFromBiaxial(d,41.4488,0.0000,d)rotate(172.7452)rotateIntoBiaxial(d,139.5603,0.0000,d)nonlinear(d,139.5603,0.0000,300.0000,d)rotateFromBiaxial(d,139.5603,0.0000,d)linear(0,0,0,154.7998,d)rotate(-34.1781)rotate(41.1939)rotateIntoBiaxial(d,10.0711,0.0000,d)nonlinear(d,10.0711,0.0000,50.0000,d)rotateFromBiaxial(d,10.0711,0.0000,d)nonlinear(6,0.0000,0.0000,114.3438,d)rotate(-50.9784)rotateIntoBiaxial(d,7.2383,0.0000,d)nonlinear(d,7.2383,0.0000,150.0000,d)rotateFromBiaxial(d,7.2383,0.0000,d)rotate(-107.0422)nonlinear(6,0.0000,0.0000,0.0000,d)rotateIntoBiaxial(d,13.6943,0.0000,d)nonlinear(d,13.6943,0.0000,250.0000,d)rotateFromBiaxial(d,13.6943,0.0000,d)nonlinear(6,0.0000,0.0000,11.7971,d)linear(0,0,0,16.0098,d)
5796,0,40,19.4259,20.4206,init()rotateIntoBiaxial(d,3.3436,0.0000,d)nonlinear(d,3.3436,0.0000,300.0000,d)rotateFromBiaxial(d,3.3436,0.0000,d)rotate(9.5206)rotateIntoBiaxial(d,40.5661,0.0000,d)nonlinear(d,40.5661,0.0000,150.0000,d)rotateFromBiaxial(d,40.5661,0.0000,d)rotate(174.1592)rotateIntoBiaxial(d,139.8584,0.0000,d)nonlinear(d,139.8584,0.0000,250.0000,d)rotateFromBiaxial(d,139.8584,0.0000,d)linear(0,0,0,154.7998,d)rotate(-53.6136)rotate(44.9339)rotateIntoBiaxial(d,11.6921,0.0000,d)nonlinear(d,11.6921,0.0000,50.0000,d)rotateFromBiaxial(d,11.6921,0.0000,d)nonlinear(6,0.0000,0.0000,114.3438,d)rotate(-71.8457)rotateIntoBiaxial(d,10.7525,0.0000,d)nonlinear(d,10.7525,0.0000,100.0000,d)rotateFromBiaxial(d,10.7525,0.0000,d)linear(0,0,0,90.2835,d)rotate(-122.3899)nonlinear(6,0.0000,0.0000,0.0000,d)rotateIntoBiaxial(d,15.6172,0.0000,d)nonlinear(d,15.6172,0.0000,200.0000,d)rotateFromBiaxial(d,15.6172,0.0000,d)nonlinear(6,0.0000,0.0000,11.7971,d)linear(0,0,0,16.0098,d)
5842,0,40,10.2349,20.4206,init()rotateIntoBiaxial(d,1.6484,0.0000,d)nonlinear(d,1.6484,0.0000,400.0000,d)rotateFromBiaxial(d,1.6484,0.0000,d)rotate(11.0475)rotateIntoBiaxial(d,33.0041,0.0000,d)nonlinear(d,33.0041,0.0000,100.0000,d)rotateFromBiaxial(d,33.0041,0.0000,d)nonlinear(6,0.0000,0.0000,69.0152,d)rotate(178.2280)rotateIntoBiaxial(d,140.0030,0.0000,d)nonlinear(d,140.0030,0.0000,300.0000,d)rotateFromBiaxial(d,140.0030,0.0000,d)linear(0,0,0,173.5647,d)rotate(10.1843)rotateIntoBiaxial(d,12.1284,0.0000,d)nonlinear(d,12.1284,0.0000,50.0000,d)rotateFromBiaxial(d,12.1284,0.0000,d)nonlinear(6,0.0000,0.0000,95.5789,d)rotate(-39.4539)rotateIntoBiaxial(d,13.2613,0.0000,d)nonlinear(d,13.2613,0.0000,100.0000,d)rotateFromBiaxial(d,13.2613,0.0000,d)nonlinear(6,0.0000,0.0000,60.3864,d)rotate(-155.4998)nonlinear(6,0.0000,0.0000,23.3533,d)rotateIntoBiaxial(d,16.2793,0.0000,d)nonlinear(d,16.2793,0.0000,100.0000,d)rotateFromBiaxial(d,16.2793,0.0000,d)nonlinear(6,0.0000,0.0000,21.3854,d)linear(0,0,0,7.2448,d)
5888,0,40,20.8414,20.8414,init()rotateIntoBiaxial(d,1.6587,0.0000,d)nonlinear(d,1.6587,0.0000,250.0000,d)rotateFromBiaxial(d,1.6587,0.0000,d)rotate(8.3573)rotateIntoBiaxial(d,40.2777,0.0000,d)nonlinear(d,40.2777,0.0000,100.0000,d)rotateFromBiaxial(d,40.2777,0.0000,d)rotate(157.2331)rotateIntoBiaxial(d,139.5724,0.0000,d)nonlinear(d,139.5724,0.0000,300.0000,d)rotateFromBiaxial(d,139.5724,0.0000,d)rotate(23.1669)rotateIntoBiaxial(d,0.5334,0.0000,d)nonlinear(d,0.5334,0.0000,150.0000,d)rotateFromBiaxial(d,0.5334,0.0000,d)nonlinear(6,0.0000,0.0000,97.5789,d)rotate(-52.0824)rotateIntoBiaxial(d,6.3319,0.0000,d)nonlinear(d,6.3319,0.0000,100.0000,d)rotateFromBiaxial(d,6.3319,0.0000,d)rotate(-136.9068)nonlinear(6,0.0000,0.0000,21.3533,d)rotateIntoBiaxial(d,6.6918,0.0000,d)nonlinear(d,6.6918,0.0000,200.0000,d)rotateFromBiaxial(d,6.6918,0.0000,d)nonlinear(6,0.0000,0.0000,23.3854,d)linear(0,0,0,5.2448,d)
5934,0,40,16.9877,20.8414,init()rotateIntoBiaxial(d,0.0147,0.0000,d)nonlinear(d,0.0147,0.0000,250.0000,d)rotateFromBiaxial(d,0.0147,0.0000,d)nonlinear(6,0.0000,0.0000,28.7649,d)rotate(5.2850)rotateIntoBiaxial(d,36.6064,0.0000,d)nonlinear(d,36.6064,0.0000,150.0000,d)rotateFromBiaxial(d,36.6064,0.0000,d)rotate(178.5702)rotateIntoBiaxial(d,139.5701,0.0000,d)nonlinear(d,139.5701,0.0000,300.0000,d)rotateFromBiaxial(d,139.5701,0.0000,d)rotateIntoBiaxial(d,5.2757,0.0000,d)nonlinear(d,5.2757,0.0000,300.0000,d)rotateFromBiaxial(d,5.2757,0.0000,d)rotate(38.4813)rotateIntoBiaxial(d,2.8891,0.0000,d)nonlinear(d,2.8891,0.0000,50.0000,d)rotateFromBiaxial(d,2.8891,0.0000,d)nonlinear(6,0.0000,0.0000,105.1672,d)rotate(-69.1784)rotateIntoBiaxial(d,10.2556,0.0000,d)nonlinear(d,10.2556,0.0000,100.0000,d)rotateFromBiaxial(d,10.2556,0.0000,d)rotate(-131.2292)nonlinear(6,0.0000,0.0000,22.9416,d)rotateIntoBiaxial(d,9.6675,0.0000,d)nonlinear(d,9.6675,0.0000,200.0000,d)rotateFromBiaxial(d,9.6675,0.0000,d)nonlinear(6,0.0000,0.0000,40.9738,d)linear(0,0,0,4.1766,d)
5980,0,40,7.9332,20.8414,init()rotateIntoBiaxial(d,0.6179,0.0000,d)nonlinear(d,0.6179,0.0000,250.0000,d)rotateFromBiaxial(d,0.6179,0.0000,d)nonlinear(6,0.0000,0.0000,30.3533,d)linear(0,0,0,49.5902,d)rotate(6.1412)rotateIntoBiaxial(d,44.6232,0.0000,d)nonlinear(d,44.6232,0.0000,100.0000,d)rotateFromBiaxial(d,44.6232,0.0000,d)nonlinear(6,0.0000,0.0000,80.1918,d)rotate(176.5845)rotateIntoBiaxial(d,140.5348,0.0000,d)nonlinear(d,140.5348,0.0000,250.0000,d)rotateFromBiaxial(d,140.5348,0.0000,d)rotate(27.6343)rotateIntoBiaxial(d,4.6205,0.0000,d)nonlinear(d,4.6205,0.0000,50.0000,d)rotateFromBiaxial(d,4.6205,0.0000,d)nonlinear(6,0.0000,0.0000,97.5789,d)rotate(-47.2593)rotateIntoBiaxial(d,7.2767,0.0000,d)nonlinear(d,7.2767,0.0000,100.0000,d)rotateFromBiaxial(d,7.2767,0.0000,d)rotate(-141.8774)nonlinear(6,0.0000,0.0000,20.5299,d)rotateIntoBiaxial(d,13.3194,0.0000,d)nonlinear(d,13.3194,0.0000,200.0000,d)rotateFromBiaxial(d,13.3194,0.0000,d)nonlinear(6,0.0000,0.0000,29.3854,d)linear(0,0,0,0.0000,d)
6026,0,40,19.7238,20.8414,init()rotateIntoBiaxial(d,1.1599,0.0000,d)nonlinear(d,1.1599,0.0000,300.0000,d)rotateFromBiaxial(d,1.1599,0.0000,d)nonlinear(6,0.0000,0.0000,37.5299,d)linear(0,0,0,32.4136,d)rotate(-2.5791)rotateIntoBiaxial(d,41.7942,0.0000,d)nonlinear(d,41.7942,0.0000,100.0000,d)rotateFromBiaxial(d,41.7942,0.0000,d)rotate(170.2448)rotateIntoBiaxial(d,140.1529,0.0000,d)nonlinear(d,140.1529,0.0000,300.0000,d)rotateFromBiaxial(d,140.1529,0.0000,d)linear(0,0,0,193.5647,d)rotate(28.3518)rotateIntoBiaxial(d,3.9664,0.0000,d)nonlinear(d,3.9664,0.0000,100.0000,d)rotateFromBiaxial(d,3.9664,0.0000,d)nonlinear(6,0.0000,0.0000,104.7555,d)rotate(-56.1766)rotateIntoBiaxial(d,0.1532,0.0000,d)nonlinear(d,0.1532,0.0000,100.0000,d)rotateFromBiaxial(d,0.1532,0.0000,d)rotate(-152.1657)nonlinear(6,0.0000,0.0000,22.5299,d)rotateIntoBiaxial(d,15.1952,0.0000,d)nonlinear(d,15.1952,0.0000,200.0000,d)rotateFromBiaxial(d,15.1952,0.0000,d)nonlinear(6,0.0000,0.0000,12.2088,d)linear(0,0,0,19.1766,d)
6072,0,40,14.6798,20.8414,init()rotateIntoBiaxial(d,0.0901,0.0000,d)nonlinear(d,0.0901,0.0000,300.0000,d)rotateFromBiaxial(d,0.0901,0.0000,d)rotate(-0.6107)rotateIntoBiaxial(d,41.7576,0.0000,d)nonlinear(d,41.7576,0.0000,100.0000,d)rotateFromBiaxial(d,41.7576,0.0000,d)rotate(170.5357)rotateIntoBiaxial(d,140.6004,0.0000,d)nonlinear(d,140.6004,0.0000,250.0000,d)rotateFromBiaxial(d,140.6004,0.0000,d)rotateIntoBiaxial(d,5.9598,0.0000,d)nonlinear(d,5.9598,0.0000,250.0000,d)rotateFromBiaxial(d,5.9598,0.0000,d)rotate(21.9315)rotateIntoBiaxial(d,0.8844,0.0000,d)nonlinear(d,0.8844,0.0000,100.0000,d)rotateFromBiaxial(d,0.8844,0.0000,d)nonlinear(6,0.0000,0.0000,116.7555,d)rotate(-37.7791)rotateIntoBiaxial(d,8.6286,0.0000,d)nonlinear(d,8.6286,0.0000,100.0000,d)rotateFromBiaxial(d,8.6286,0.0000,d)rotate(-161.6986)nonlinear(6,0.0000,0.0000,24.5299,d)rotateIntoBiaxial(d,16.0838,0.0000,d)nonlinear(d,16.0838,0.0000,250.0000,d)rotateFromBiaxial(d,16.0838,0.0000,d)nonlinear(6,0.0000,0.0000,4.2088,d)linear(0,0,0,31.1766,d)
6118,0,40,11.2952,20.8414,init()rotateIntoBiaxial(d,0.2021,0.0000,d)nonlinear(d,0.2021,0.0000,300.0000,d)rotateFromBiaxial(d,0.2021,0.0000,d)rotate(-13.2520)rotateIntoBiaxial(d,37.5981,0.0000,d)nonlinear(d,37.5981,0.0000,100.0000,d)rotateFromBiaxial(d,37.5981,0.0000,d)rotate(179.1964)rotateIntoBiaxial(d,140.2137,0.0000,d)nonlinear(d,140.2137,0.0000,300.0000,d)rotateFromBiaxial(d,140.2137,0.0000,d)rotateIntoBiaxial(d,20.0498,0.0000,d)nonlinear(d,20.0498,0.0000,300.0000,d)rotateFromBiaxial(d,20.0498,0.0000,d)rotate(18.9458)rotateIntoBiaxial(d,13.5200,0.0000,d)nonlinear(d,13.5200,0.0000,100.0000,d)rotateFromBiaxial(d,13.5200,0.0000,d)nonlinear(6,0.0000,0.0000,134.3438,d)rotate(-70.6809)rotateIntoBiaxial(d,3.0840,0.0000,d)nonlinear(d,3.0840,0.0000,150.0000,d)rotateFromBiaxial(d,3.0840,0.0000,d)rotate(-157.0460)nonlinear(6,0.0000,0.0000,32.1182,d)rotateIntoBiaxial(d,7.3590,0.0000,d)nonlinear(d,7.3590,0.0000,200.0000,d)rotateFromBiaxial(d,7.3590,0.0000,d)nonlinear(6,0.0000,0.0000,12.6205,d)linear(0,0,0,19.5883,d)
6164,0,40,10.5477,20.8414,init()rotateIntoBiaxial(d,0.2986,0.0000,d)nonlinear(d,0.2986,0.0000,250.0000,d)rotateFromBiaxial(d,0.2986,0.0000,d)nonlinear(6,0.0000,0.0000,31.5562,d)linear(0,0,0,17.5639,d)rotate(-8.5121)rotateIntoBiaxial(d,40.6105,0.0000,d)nonlinear(d,40.6105,0.0000,100.0000,d)rotateFromBiaxial(d,40.6105,0.0000,d)rotate(168.3486)rotateIntoBiaxial(d,140.6294,0.0000,d)nonlinear(d,140.6294,0.0000,200.0000,d)rotateFromBiaxial(d,140.6294,0.0000,d)linear(0,0,0,209.2378,d)rotate(-19.6867)rotateIntoBiaxial(d,5.5903,0.0000,d)nonlinear(d,5.5903,0.0000,150.0000,d)rotateFromBiaxial(d,5.5903,0.0000,d)rotate(31.9080)rotateIntoBiaxial(d,6.6285,0.0000,d)nonlinear(d,6.6285,0.0000,100.0000,d)rotateFromBiaxial(d,6.6285,0.0000,d)nonlinear(6,0.0000,0.0000,138.7819,d)rotate(-68.4316)rotateIntoBiaxial(d,9.5783,0.0000,d)nonlinear(d,9.5783,0.0000,100.0000,d)rotateFromBiaxial(d,9.5783,0.0000,d)rotate(-98.9352)nonlinear(6,0.0000,0.0000,36.8568,d)rotateIntoBiaxial(d,11.8233,0.0000,d)nonlinear(d,11.8233,0.0000,150.0000,d)rotateFromBiaxial(d,11.8233,0.0000,d)nonlinear(6,0.0000,0.0000,17.8819,d)linear(0,0,0,24.0263,d)
6210,0,40,14.0972,20.8414,init()rotateIntoBiaxial(d,2.3872,0.0000,d)nonlinear(d,2.3872,0.0000,300.0000,d)rotateFromBiaxial(d,2.3872,0.0000,d)rotate(1.4183)rotateIntoBiaxial(d,39.4430,0.0000,d)nonlinear(d,39.4430,0.0000,100.0000,d)rotateFromBiaxial(d,39.4430,0.0000,d)rotate(172.3141)rotateIntoBiaxial(d,138.9534,0.0000,d)nonlinear(d,138.9534,0.0000,250.0000,d)rotateFromBiaxial(d,138.9534,0.0000,d)rotate(-21.9360)rotate(23.3253)rotateIntoBiaxial(d,3.4082,0.0000,d)nonlinear(d,3.4082,0.0000,100.0000,d)rotateFromBiaxial(d,3.4082,0.0000,d)nonlinear(6,0.0000,0.0000,124.5178,d)rotate(-74.7943)rotateIntoBiaxial(d,14.3494,0.0000,d)nonlinear(d,14.3494,0.0000,100.0000,d)rotateFromBiaxial(d,14.3494,0.0000,d)rotate(-135.8977)nonlinear(6,0.0000,0.0000,42.5928,d)rotateIntoBiaxial(d,12.6537,0.0000,d)nonlinear(d,12.6537,0.0000,200.0000,d)rotateFromBiaxial(d,12.6537,0.0000,d)nonlinear(6,0.0000,0.0000,3.6179,d)linear(0,0,0,9.7623,d)
6256,0,40,16.9007,20.8414,init()rotateIntoBiaxial(d,0.5621,0.0000,d)nonlinear(d,0.5621,0.0000,300.0000,d)rotateFromBiaxial(d,0.5621,0.0000,d)nonlinear(6,0.0000,0.0000,31.0571,d)rotate(3.6564)rotateIntoBiaxial(d,45.1975,0.0000,d)nonlinear(d,45.1975,0.0000,100.0000,d)rotateFromBiaxial(d,45.1975,0.0000,d)rotate(179.8209)rotateIntoBiaxial(d,139.6855,0.0000,d)nonlinear(d,139.6855,0.0000,250.0000,d)rotateFromBiaxial(d,139.6855,0.0000,d)rotate(-30.3600)rotate(19.8223)rotateIntoBiaxial(d,7.3734,0.0000,d)nonlinear(d,7.3734,0.0000,50.0000,d)rotateFromBiaxial(d,7.3734,0.0000,d)nonlinear(6,0.0000,0.0000,110.7529,d)rotate(-49.7823)rotateIntoBiaxial(d,10.5137,0.0000,d)nonlinear(d,10.5137,0.0000,100.0000,d)rotateFromBiaxial(d,10.5137,0.0000,d)rotate(-107.7921)nonlinear(6,0.0000,0.0000,56.3578,d)rotateIntoBiaxial(d,13.0789,0.0000,d)nonlinear(d,13.0789,0.0000,250.0000,d)rotateFromBiaxial(d,13.0789,0.0000,d)nonlinear(6,0.0000,0.0000,9.1766,d)linear(0,0,0,5.1740,d)
6302,0,40,13.0606,20.8414,init()rotateIntoBiaxial(d,0.0482,0.0000,d)nonlinear(d,0.0482,0.0000,300.0000,d)rotateFromBiaxial(d,0.0482,0.0000,d)nonlinear(6,0.0000,0.0000,26.0571,d)linear(0,0,0,32.0648,d)rotate(2.7015)rotateIntoBiaxial(d,39.1148,0.0000,d)nonlinear(d,39.1148,0.0000,100.0000,d)rotateFromBiaxial(d,39.1148,0.0000,d)rotate(179.7249)rotateIntoBiaxial(d,140.1504,0.0000,d)nonlinear(d,140.1504,0.0000,250.0000,d)rotateFromBiaxial(d,140.1504,0.0000,d)rotate(-17.9839)rotateIntoBiaxial(d,7.7555,0.0000,d)nonlinear(d,7.7555,0.0000,100.0000,d)rotateFromBiaxial(d,7.7555,0.0000,d)nonlinear(6,0.0000,0.0000,105.7529,d)rotate(-83.3602)rotateIntoBiaxial(d,16.4561,0.0000,d)nonlinear(d,16.4561,0.0000,150.0000,d)rotateFromBiaxial(d,16.4561,0.0000,d)linear(0,0,0,110.8691,d)rotate(-129.1341)rotateIntoBiaxial(d,9.9678,0.0000,d)nonlinear(d,9.9678,0.0000,150.0000,d)rotateFromBiaxial(d,9.9678,0.0000,d)nonlinear(6,0.0000,0.0000,71.3578,d)rotateIntoBiaxial(d,10.8546,0.0000,d)nonlinear(d,10.8546,0.0000,250.0000,d)rotateFromBiaxial(d,10.8546,0.0000,d)nonlinear(6,0.0000,0.0000,4.1766,d)linear(0,0,0,10.1740,d)
6348,0,40,21.7458,21.7458,init()rotateIntoBiaxial(d,1.7960,0.0000,d)nonlinear(d,1.7960,0.0000,300.0000,d)rotateFromBiaxial(d,1.7960,0.0000,d)rotate(0.7944)rotateIntoBiaxial(d,39.2698,0.0000,d)nonlinear(d,39.2698,0.0000,100.0000,d)rotateFromBiaxial(d,39.2698,0.0000,d)rotate(178.9917)rotateIntoBiaxial(d,139.2721,0.0000,d)nonlinear(d,139.2721,0.0000,250.0000,d)rotateFromBiaxial(d,139.2721,0.0000,d)rotate(6.0808)rotateIntoBiaxial(d,18.1907,0.0000,d)nonlinear(d,18.1907,0.0000,100.0000,d)rotateFromBiaxial(d,18.1907,0.0000,d)nonlinear(6,0.0000,0.0000,91.0885,d)rotate(-68.9194)rotateIntoBiaxial(d,7.1200,0.0000,d)nonlinear(d,7.1200,0.0000,150.0000,d)rotateFromBiaxial(d,7.1200,0.0000,d)rotate(-138.4446)nonlinear(6,0.0000,0.0000,76.0221,d)rotateIntoBiaxial(d,10.5662,0.0000,d)nonlinear(d,10.5662,0.0000,200.0000,d)rotateFromBiaxial(d,10.5662,0.0000,d)nonlinear(6,0.0000,0.0000,8.8410,d)linear(0,0,0,0.0000,d)
6394,0,40,17.0923,21.7458,init()rotateIntoBiaxial(d,1.2789,0.0000,d)nonlinear(d,1.2789,0.0000,250.0000,d)rotateFromBiaxial(d,1.2789,0.0000,d)linear(0,0,0,21.9888,d)rotate(-3.0764)rotateIntoBiaxial(d,39.7462,0.0000,d)nonlinear(d,39.7462,0.0000,150.0000,d)rotateFromBiaxial(d,39.7462,0.0000,d)rotate(171.2693)rotateIntoBiaxial(d,139.0925,0.0000,d)nonlinear(d,139.0925,0.0000,200.0000,d)rotateFromBiaxial(d,139.0925,0.0000,d)rotate(17.8458)rotateIntoBiaxial(d,14.2257,0.0000,d)nonlinear(d,14.2257,0.0000,100.0000,d)rotateFromBiaxial(d,14.2257,0.0000,d)nonlinear(6,0.0000,0.0000,77.3236,d)rotate(-83.8282)rotateIntoBiaxial(d,10.4603,0.0000,d)nonlinear(d,10.4603,0.0000,150.0000,d)rotateFromBiaxial(d,10.4603,0.0000,d)rotate(-154.2341)nonlinear(6,0.0000,0.0000,71.4338,d)rotateIntoBiaxial(d,14.5840,0.0000,d)nonlinear(d,14.5840,0.0000,200.0000,d)rotateFromBiaxial(d,14.5840,0.0000,d)nonlinear(6,0.0000,0.0000,4.2527,d)linear(0,0,0,9.1766,d)
6440,0,40,11.8377,21.7458,init()rotateIntoBiaxial(d,3.6245,0.0000,d)nonlinear(d,3.6245,0.0000,300.0000,d)rotateFromBiaxial(d,3.6245,0.0000,d)nonlinear(6,0.0000,0.0000,43.3098,d)rotate(0.5194)rotateIntoBiaxial(d,35.0074,0.0000,d)nonlinear(d,35.0074,0.0000,150.0000,d)rotateFromBiaxial(d,35.0074,0.0000,d)rotate(170.3462)rotateIntoBiaxial(d,139.5516,0.0000,d)nonlinear(d,139.5516,0.0000,250.0000,d)rotateFromBiaxial(d,139.5516,0.0000,d)linear(0,0,0,226.6381,d)rotate(-28.4667)rotate(7.2954)rotateIntoBiaxial(d,13.7515,0.0000,d)nonlinear(d,13.7515,0.0000,100.0000,d)rotateFromBiaxial(d,13.7515,0.0000,d)nonlinear(6,0.0000,0.0000,75.3236,d)rotate(-71.4357)rotateIntoBiaxial(d,13.0233,0.0000,d)nonlinear(d,13.0233,0.0000,150.0000,d)rotateFromBiaxial(d,13.0233,0.0000,d)rotate(-120.1908)nonlinear(6,0.0000,0.0000,73.4338,d)linear(0,0,0,27.0914,d)rotateIntoBiaxial(d,5.5955,0.0000,d)nonlinear(d,5.5955,0.0000,250.0000,d)rotateFromBiaxial(d,5.5955,0.0000,d)nonlinear(6,0.0000,0.0000,6.2527,d)linear(0,0,0,11.1766,d)
6486,0,40,22.4357,22.4357,init()rotateIntoBiaxial(d,1.8404,0.0000,d)nonlinear(d,1.8404,0.0000,250.0000,d)rotateFromBiaxial(d,1.8404,0.0000,d)rotate(6.7433)rotateIntoBiaxial(d,41.0898,0.0000,d)nonlinear(d,41.0898,0.0000,100.0000,d)rotateFromBiaxial(d,41.0898,0.0000,d)rotate(179.9553)rotateIntoBiaxial(d,139.6686,0.0000,d)nonlinear(d,139.6686,0.0000,250.0000,d)rotateFromBiaxial(d,139.6686,0.0000,d)rotate(-21.0083)rotate(27.6490)rotateIntoBiaxial(d,7.7273,0.0000,d)nonlinear(d,7.7273,0.0000,50.0000,d)rotateFromBiaxial(d,7.7273,0.0000,d)nonlinear(6,0.0000,0.0000,59.2072,d)rotate(-59.8614)rotateIntoBiaxial(d,9.2574,0.0000,d)nonlinear(d,9.2574,0.0000,150.0000,d)rotateFromBiaxial(d,9.2574,0.0000,d)nonlinear(6,0.0000,0.0000,78.9013,d)rotate(-131.4333)nonlinear(6,0.0000,0.0000,71.0221,d)rotateIntoBiaxial(d,17.9987,0.0000,d)nonlinear(d,17.9987,0.0000,200.0000,d)rotateFromBiaxial(d,17.9987,0.0000,d)nonlinear(6,0.0000,0.0000,4.6644,d)linear(0,0,0,0.0000,d)
6532,0,40,21.2119,22.4357,init()rotateIntoBiaxial(d,1.2244,0.0000,d)nonlinear(d,1.2244,0.0000,300.0000,d)rotateFromBiaxial(d,1.2244,0.0000,d)linear(0,0,0,9.1967,d)rotate(-13.1979)rotateIntoBiaxial(d,40.3754,0.0000,d)nonlinear(d,40.3754,0.0000,150.0000,d)rotateFromBiaxial(d,40.3754,0.0000,d)rotate(165.4198)rotateIntoBiaxial(d,139.6255,0.0000,d)nonlinear(d,139.6255,0.0000,250.0000,d)rotateFromBiaxial(d,139.6255,0.0000,d)linear(0,0,0,228.9021,d)rotate(20.8903)rotateIntoBiaxial(d,10.1258,0.0000,d)nonlinear(d,10.1258,0.0000,50.0000,d)rotateFromBiaxial(d,10.1258,0.0000,d)nonlinear(6,0.0000,0.0000,63.8829,d)rotate(-75.3339)rotateIntoBiaxial(d,14.7920,0.0000,d)nonlinear(d,14.7920,0.0000,100.0000,d)rotateFromBiaxial(d,14.7920,0.0000,d)rotate(-117.1887)nonlinear(6,0.0000,0.0000,76.3464,d)rotateIntoBiaxial(d,13.8693,0.0000,d)nonlinear(d,13.8693,0.0000,200.0000,d)rotateFromBiaxial(d,13.8693,0.0000,d)nonlinear(6,0.0000,0.0000,0.0000,d)linear(0,0,0,8.9397,d)
6578,0,40,17.6214,22.4357,init()rotateIntoBiaxial(d,1.4945,0.0000,d)nonlinear(d,1.4945,0.0000,300.0000,d)rotateFromBiaxial(d,1.4945,0.0000,d)nonlinear(6,0.0000,0.0000,45.6341,d)linear(0,0,0,14.6084,d)rotate(7.8095)rotateIntoBiaxial(d,39.4089,0.0000,d)nonlinear(d,39.4089,0.0000,150.0000,d)rotateFromBiaxial(d,39.4089,0.0000,d)rotate(176.8245)rotateIntoBiaxial(d,139.3969,0.0000,d)nonlinear(d,139.3969,0.0000,300.0000,d)rotateFromBiaxial(d,139.3969,0.0000,d)rotate(14.4133)rotateIntoBiaxial(d,7.8069,0.0000,d)nonlinear(d,7.8069,0.0000,100.0000,d)rotateFromBiaxial(d,7.8069,0.0000,d)nonlinear(6,0.0000,0.0000,59.2946,d)rotate(-56.1763)rotateIntoBiaxial(d,23.4171,0.0000,d)nonlinear(d,23.4171,0.0000,100.0000,d)rotateFromBiaxial(d,23.4171,0.0000,d)rotate(-140.3386)nonlinear(6,0.0000,0.0000,61.7581,d)rotateIntoBiaxial(d,6.4002,0.0000,d)nonlinear(d,6.4002,0.0000,200.0000,d)rotateFromBiaxial(d,6.4002,0.0000,d)nonlinear(6,0.0000,0.0000,19.1766,d)linear(0,0,0,4.3514,d)
6624,0,40,18.1229,22.4357,init()rotateIntoBiaxial(d,2.2765,0.0000,d)nonlinear(d,2.2765,0.0000,250.0000,d)rotateFromBiaxial(d,2.2765,0.0000,d)rotate(-2.9742)rotateIntoBiaxial(d,34.9287,0.0000,d)nonlinear(d,34.9287,0.0000,100.0000,d)rotateFromBiaxial(d,34.9287,0.0000,d)rotate(178.1647)rotateIntoBiaxial(d,139.6685,0.0000,d)nonlinear(d,139.6685,0.0000,300.0000,d)rotateFromBiaxial(d,139.6685,0.0000,d)linear(0,0,0,247.6671,d)rotate(-35.7165)rotate(13.8819)rotateIntoBiaxial(d,2.1679,0.0000,d)nonlinear(d,2.1679,0.0000,100.0000,d)rotateFromBiaxial(d,2.1679,0.0000,d)nonlinear(6,0.0000,0.0000,64.2946,d)rotate(-77.5690)rotateIntoBiaxial(d,21.8203,0.0000,d)nonlinear(d,21.8203,0.0000,150.0000,d)rotateFromBiaxial(d,21.8203,0.0000,d)rotate(-120.2956)nonlinear(6,0.0000,0.0000,66.7581,d)rotateIntoBiaxial(d,8.8251,0.0000,d)nonlinear(d,8.8251,0.0000,200.0000,d)rotateFromBiaxial(d,8.8251,0.0000,d)nonlinear(6,0.0000,0.0000,33.3533,d)linear(0,0,0,9.1766,d)
6670,0,40,15.9604,22.4357,init()rotateIntoBiaxial(d,1.0277,0.0000,d)nonlinear(d,1.0277,0.0000,250.0000,d)rotateFromBiaxial(d,1.0277,0.0000,d)linear(0,0,0,5.4318,d)rotate(-11.1463)rotateIntoBiaxial(d,38.6555,0.0000,d)nonlinear(d,38.6555,0.0000,100.0000,d)rotateFromBiaxial(d,38.6555,0.0000,d)rotate(177.8799)rotateIntoBiaxial(d,139.2123,0.0000,d)nonlinear(d,139.2123,0.0000,200.0000,d)rotateFromBiaxial(d,139.2123,0.0000,d)linear(0,0,0,251.8437,d)rotate(0.7432)rotateIntoBiaxial(d,13.7052,0.0000,d)nonlinear(d,13.7052,0.0000,100.0000,d)rotateFromBiaxial(d,13.7052,0.0000,d)nonlinear(6,0.0000,0.0000,68.4712,d)rotate(-60.9693)rotateIntoBiaxial(d,7.1702,0.0000,d)nonlinear(d,7.1702,0.0000,100.0000,d)rotateFromBiaxial(d,7.1702,0.0000,d)rotate(-115.3607)nonlinear(6,0.0000,0.0000,61.7581,d)rotateIntoBiaxial(d,11.1397,0.0000,d)nonlinear(d,11.1397,0.0000,200.0000,d)rotateFromBiaxial(d,11.1397,0.0000,d)nonlinear(6,0.0000,0.0000,28.3533,d)linear(0,0,0,0.0000,d)
6716,0,40,14.7408,22.4357,init()rotateIntoBiaxial(d,0.5140,0.0000,d)nonlinear(d,0.5140,0.0000,250.0000,d)rotateFromBiaxial(d,0.5140,0.0000,d)rotate(-14.0341)rotateIntoBiaxial(d,36.8692,0.0000,d)nonlinear(d,36.8692,0.0000,100.0000,d)rotateFromBiaxial(d,36.8692,0.0000,d)rotate(179.9999)rotateIntoBiaxial(d,139.7641,0.0000,d)nonlinear(d,139.7641,0.0000,250.0000,d)rotateFromBiaxial(d,139.7641,0.0000,d)linear(0,0,0,246.8437,d)rotate(0.7775)rotateIntoBiaxial(d,0.6707,0.0000,d)nonlinear(d,0.6707,0.0000,100.0000,d)rotateFromBiaxial(d,0.6707,0.0000,d)nonlinear(6,0.0000,0.0000,82.6479,d)rotate(-76.2150)rotateIntoBiaxial(d,26.1116,0.0000,d)nonlinear(d,26.1116,0.0000,150.0000,d)rotateFromBiaxial(d,26.1116,0.0000,d)rotate(-133.4078)nonlinear(6,0.0000,0.0000,57.5815,d)rotateIntoBiaxial(d,1.1668,0.0000,d)nonlinear(d,1.1668,0.0000,200.0000,d)rotateFromBiaxial(d,1.1668,0.0000,d)nonlinear(6,0.0000,0.0000,42.5299,d)linear(0,0,0,14.1766,d)
6762,0,40,18.0102,22.4357,init()rotateIntoBiaxial(d,2.5761,0.0000,d)nonlinear(d,2.5761,0.0000,300.0000,d)rotateFromBiaxial(d,2.5761,0.0000,d)linear(0,0,0,0.0000,d)rotate(-0.5641)rotateIntoBiaxial(d,35.8687,0.0000,d)nonlinear(d,35.8687,0.0000,100.0000,d)rotateFromBiaxial(d,35.8687,0.0000,d)rotate(174.4168)rotateIntoBiaxial(d,140.0127,0.0000,d)nonlinear(d,140.0127,0.0000,250.0000,d)rotateFromBiaxial(d,140.0127,0.0000,d)rotate(3.9828)rotateIntoBiaxial(d,14.3122,0.0000,d)nonlinear(d,14.3122,0.0000,100.0000,d)rotateFromBiaxial(d,14.3122,0.0000,d)nonlinear(6,0.0000,0.0000,82.6479,d)rotate(-68.3270)rotateIntoBiaxial(d,11.8984,0.0000,d)nonlinear(d,11.8984,0.0000,100.0000,d)rotateFromBiaxial(d,11.8984,0.0000,d)rotate(-128.7993)nonlinear(6,0.0000,0.0000,57.5815,d)rotateIntoBiaxial(d,11.2640,0.0000,d)nonlinear(d,11.2640,0.0000,250.0000,d)rotateFromBiaxial(d,11.2640,0.0000,d)nonlinear(6,0.0000,0.0000,42.5299,d)linear(0,0,0,14.1766,d)
6808,0,40,20.5218,22.4357,init()rotateIntoBiaxial(d,3.5170,0.0000,d)nonlinear(d,3.5170,0.0000,300.0000,d)rotateFromBiaxial(d,3.5170,0.0000,d)rotate(2.0317)rotateIntoBiaxial(d,41.9736,0.0000,d)nonlinear(d,41.9736,0.0000,100.0000,d)rotateFromBiaxial(d,41.9736,0.0000,d)rotate(179.8616)rotateIntoBiaxial(d,139.9879,0.0000,d)nonlinear(d,139.9879,0.0000,300.0000,d)rotateFromBiaxial(d,139.9879,0.0000,d)rotate(-37.4096)rotate(6.6564)rotateIntoBiaxial(d,6.5004,0.0000,d)nonlinear(d,6.5004,0.0000,50.0000,d)rotateFromBiaxial(d,6.5004,0.0000,d)nonlinear(6,0.0000,0.0000,92.2362,d)rotate(-91.9180)rotateIntoBiaxial(d,14.7709,0.0000,d)nonlinear(d,14.7709,0.0000,150.0000,d)rotateFromBiaxial(d,14.7709,0.0000,d)linear(0,0,0,125.8805,d)rotate(-118.2647)nonlinear(6,0.0000,0.0000,76.3464,d)rotateIntoBiaxial(d,1.1742,0.0000,d)nonlinear(d,1.1742,0.0000,200.0000,d)rotateFromBiaxial(d,1.1742,0.0000,d)nonlinear(6,0.0000,0.0000,42.1182,d)linear(0,0,0,23.7649,d)
6854,0,40,15.3730,22.4357,init()rotateIntoBiaxial(d,1.5456,0.0000,d)nonlinear(d,1.5456,0.0000,250.0000,d)rotateFromBiaxial(d,1.5456,0.0000,d)rotate(-2.8152)rotateIntoBiaxial(d,41.5927,0.0000,d)nonlinear(d,41.5927,0.0000,150.0000,d)rotateFromBiaxial(d,41.5927,0.0000,d)nonlinear(6,0.0000,0.0000,74.0799,d)rotate(177.4528)rotateIntoBiaxial(d,140.3555,0.0000,d)nonlinear(d,140.3555,0.0000,300.0000,d)rotateFromBiaxial(d,140.3555,0.0000,d)rotate(11.0299)rotateIntoBiaxial(d,3.0742,0.0000,d)nonlinear(d,3.0742,0.0000,50.0000,d)rotateFromBiaxial(d,3.0742,0.0000,d)nonlinear(6,0.0000,0.0000,90.2362,d)rotate(-81.5166)rotateIntoBiaxial(d,18.6471,0.0000,d)nonlinear(d,18.6471,0.0000,100.0000,d)rotateFromBiaxial(d,18.6471,0.0000,d)rotate(-140.8994)rotateIntoBiaxial(d,21.5573,0.0000,d)nonlinear(d,21.5573,0.0000,100.0000,d)rotateFromBiaxial(d,21.5573,0.0000,d)nonlinear(6,0.0000,0.0000,74.3464,d)rotateIntoBiaxial(d,12.0315,0.0000,d)nonlinear(d,12.0315,0.0000,250.0000,d)rotateFromBiaxial(d,12.0315,0.0000,d)nonlinear(6,0.0000,0.0000,40.1182,d)linear(0,0,0,21.7649,d)
6900,0,40,10.7236,22.4357,init()rotateIntoBiaxial(d,1.0695,0.0000,d)nonlinear(d,1.0695,0.0000,300.0000,d)rotateFromBiaxial(d,1.0695,0.0000,d)rotate(5.3625)rotateIntoBiaxial(d,34.6995,0.0000,d)nonlinear(d,34.6995,0.0000,150.0000,d)rotateFromBiaxial(d,34.6995,0.0000,d)rotate(178.6577)rotateIntoBiaxial(d,139.0959,0.0000,d)nonlinear(d,139.0959,0.0000,300.0000,d)rotateFromBiaxial(d,139.0959,0.0000,d)rotate(12.7686)rotateIntoBiaxial(d,3.3674,0.0000,d)nonlinear(d,3.3674,0.0000,50.0000,d)rotateFromBiaxial(d,3.3674,0.0000,d)nonlinear(6,0.0000,0.0000,82.2362,d)rotate(-89.7062)rotateIntoBiaxial(d,11.7187,0.0000,d)nonlinear(d,11.7187,0.0000,150.0000,d)rotateFromBiaxial(d,11.7187,0.0000,d)rotate(-131.7137)nonlinear(6,0.0000,0.0000,66.3464,d)rotateIntoBiaxial(d,10.2958,0.0000,d)nonlinear(d,10.2958,0.0000,250.0000,d)rotateFromBiaxial(d,10.2958,0.0000,d)nonlinear(6,0.0000,0.0000,42.1182,d)linear(0,0,0,23.7649,d)
6946,0,40,15.8450,22.4357,init()rotateIntoBiaxial(d,1.7383,0.0000,d)nonlinear(d,1.7383,0.0000,250.0000,d)rotateFromBiaxial(d,1.7383,0.0000,d)rotate(7.1469)rotateIntoBiaxial(d,42.3144,0.0000,d)nonlinear(d,42.3144,0.0000,100.0000,d)rotateFromBiaxial(d,42.3144,0.0000,d)nonlinear(6,0.0000,0.0000,74.0799,d)rotate(179.6837)rotateIntoBiaxial(d,140.2816,0.0000,d)nonlinear(d,140.2816,0.0000,250.0000,d)rotateFromBiaxial(d,140.2816,0.0000,d)rotate(-5.1389)rotateIntoBiaxial(d,8.0081,0.0000,d)nonlinear(d,8.0081,0.0000,100.0000,d)rotateFromBiaxial(d,8.0081,0.0000,d)nonlinear(6,0.0000,0.0000,80.2362,d)rotate(-82.9985)rotateIntoBiaxial(d,11.9638,0.0000,d)nonlinear(d,11.9638,0.0000,200.0000,d)rotateFromBiaxial(d,11.9638,0.0000,d)rotate(-114.4048)rotateIntoBiaxial(d,17.9667,0.0000,d)nonlinear(d,17.9667,0.0000,100.0000,d)rotateFromBiaxial(d,17.9667,0.0000,d)nonlinear(6,0.0000,0.0000,54.3464,d)rotateIntoBiaxial(d,11.4940,0.0000,d)nonlinear(d,11.4940,0.0000,250.0000,d)rotateFromBiaxial(d,11.4940,0.0000,d)nonlinear(6,0.0000,0.0000,50.1182,d)linear(0,0,0,31.7649,d)
6992,0,40,22.2437,22.4357,init()rotateIntoBiaxial(d,2.4046,0.0000,d)nonlinear(d,2.4046,0.0000,300.0000,d)rotateFromBiaxial(d,2.4046,0.0000,d)rotate(-0.4496)rotateIntoBiaxial(d,39.5779,0.0000,d)nonlinear(d,39.5779,0.0000,100.0000,d)rotateFromBiaxial(d,39.5779,0.0000,d)rotate(176.5932)rotateIntoBiaxial(d,139.8383,0.0000,d)nonlinear(d,139.8383,0.0000,300.0000,d)rotateFromBiaxial(d,139.8383,0.0000,d)rotate(-31.9135)rotate(-6.0586)rotateIntoBiaxial(d,7.4367,0.0000,d)nonlinear(d,7.4367,0.0000,100.0000,d)rotateFromBiaxial(d,7.4367,0.0000,d)nonlinear(6,0.0000,0.0000,92.2362,d)rotate(-74.7836)rotateIntoBiaxial(d,15.9782,0.0000,d)nonlinear(d,15.9782,0.0000,100.0000,d)rotateFromBiaxial(d,15.9782,0.0000,d)rotate(-112.8286)nonlinear(6,0.0000,0.0000,36.3464,d)rotateIntoBiaxial(d,6.8537,0.0000,d)nonlinear(d,6.8537,0.0000,200.0000,d)rotateFromBiaxial(d,6.8537,0.0000,d)nonlinear(6,0.0000,0.0000,42.1182,d)linear(0,0,0,23.7649,d)
7038,0,40,19.9219,22.4357,init()rotateIntoBiaxial(d,1.9770,0.0000,d)nonlinear(d,1.9770,0.0000,300.0000,d)rotateFromBiaxial(d,1.9770,0.0000,d)rotate(6.5830)rotateIntoBiaxial(d,41.3808,0.0000,d)nonlinear(d,41.3808,0.0000,100.0000,d)rotateFromBiaxial(d,41.3808,0.0000,d)nonlinear(6,0.0000,0.0000,83.6682,d)rotate(179.8794)rotateIntoBiaxial(d,139.5433,0.0000,d)nonlinear(d,139.5433,0.0000,200.0000,d)rotateFromBiaxial(d,139.5433,0.0000,d)rotate(-6.2405)rotateIntoBiaxial(d,7.0959,0.0000,d)nonlinear(d,7.0959,0.0000,50.0000,d)rotateFromBiaxial(d,7.0959,0.0000,d)nonlinear(6,0.0000,0.0000,93.8245,d)rotate(-80.2450)rotateIntoBiaxial(d,17.7217,0.0000,d)nonlinear(d,17.7217,0.0000,150.0000,d)rotateFromBiaxial(d,17.7217,0.0000,d)linear(0,0,0,114.2921,d)rotate(-120.9706)nonlinear(6,0.0000,0.0000,38.7581,d)linear(0,0,0,53.4139,d)rotateIntoBiaxial(d,10.0633,0.0000,d)nonlinear(d,10.0633,0.0000,200.0000,d)rotateFromBiaxial(d,10.0633,0.0000,d)nonlinear(6,0.0000,0.0000,39.7065,d)linear(0,0,0,16.1766,d)
7084,0,40,20.6104,22.4357,init()rotateIntoBiaxial(d,1.1666,0.0000,d)nonlinear(d,1.1666,0.0000,250.0000,d)rotateFromBiaxial(d,1.1666,0.0000,d)rotate(14.5650)rotateIntoBiaxial(d,40.5704,0.0000,d)nonlinear(d,40.5704,0.0000,100.0000,d)rotateFromBiaxial(d,40.5704,0.0000,d)rotate(179.8724)rotateIntoBiaxial(d,139.4859,0.0000,d)nonlinear(d,139.4859,0.0000,300.0000,d)rotateFromBiaxial(d,139.4859,0.0000,d)linear(0,0,0,198.4905,d)rotate(31.5626)rotateIntoBiaxial(d,5.7659,0.0000,d)nonlinear(d,5.7659,0.0000,150.0000,d)rotateFromBiaxial(d,5.7659,0.0000,d)nonlinear(6,0.0000,0.0000,101.8245,d)rotate(-90.6416)rotateIntoBiaxial(d,9.7274,0.0000,d)nonlinear(d,9.7274,0.0000,100.0000,d)rotateFromBiaxial(d,9.7274,0.0000,d)rotate(-128.9836)nonlinear(6,0.0000,0.0000,46.7581,d)rotateIntoBiaxial(d,19.6624,0.0000,d)nonlinear(d,19.6624,0.0000,150.0000,d)rotateFromBiaxial(d,19.6624,0.0000,d)nonlinear(6,0.0000,0.0000,51.7065,d)linear(0,0,0,14.1766,d)
7130,0,40,18.0302,22.4357,init()rotateIntoBiaxial(d,1.4027,0.0000,d)nonlinear(d,1.4027,0.0000,250.0000,d)rotateFromBiaxial(d,1.4027,0.0000,d)linear(0,0,0,7.1766,d)rotate(3.4017)rotateIntoBiaxial(d,42.9123,0.0000,d)nonlinear(d,42.9123,0.0000,50.0000,d)rotateFromBiaxial(d,42.9123,0.0000,d)nonlinear(6,0.0000,0.0000,79.6682,d)rotate(179.7484)rotateIntoBiaxial(d,139.8353,0.0000,d)nonlinear(d,139.8353,0.0000,300.0000,d)rotateFromBiaxial(d,139.8353,0.0000,d)rotate(8.1861)rotateIntoBiaxial(d,0.9170,0.0000,d)nonlinear(d,0.9170,0.0000,150.0000,d)rotateFromBiaxial(d,0.9170,0.0000,d)nonlinear(6,0.0000,0.0000,93.8245,d)rotate(-82.5712)rotateIntoBiaxial(d,6.1890,0.0000,d)nonlinear(d,6.1890,0.0000,150.0000,d)rotateFromBiaxial(d,6.1890,0.0000,d)rotate(-121.0173)nonlinear(6,0.0000,0.0000,54.7581,d)rotateIntoBiaxial(d,11.7447,0.0000,d)nonlinear(d,11.7447,0.0000,200.0000,d)rotateFromBiaxial(d,11.7447,0.0000,d)nonlinear(6,0.0000,0.0000,49.7065,d)linear(0,0,0,2.1766,d)
7176,0,40,19.3424,22.4357,init()rotateIntoBiaxial(d,2.6853,0.0000,d)nonlinear(d,2.6853,0.0000,250.0000,d)rotateFromBiaxial(d,2.6853,0.0000,d)linear(0,0,0,0.0000,d)rotate(-4.7707)rotateIntoBiaxial(d,39.8629,0.0000,d)nonlinear(d,39.8629,0.0000,100.0000,d)rotateFromBiaxial(d,39.8629,0.0000,d)rotate(177.1857)rotateIntoBiaxial(d,139.2026,0.0000,d)nonlinear(d,139.2026,0.0000,250.0000,d)rotateFromBiaxial(d,139.2026,0.0000,d)rotate(-15.6303)rotate(26.2756)rotateIntoBiaxial(d,0.3965,0.0000,d)nonlinear(d,0.3965,0.0000,50.0000,d)rotateFromBiaxial(d,0.3965,0.0000,d)nonlinear(6,0.0000,0.0000,96.5002,d)rotate(-96.8452)rotateIntoBiaxial(d,7.8798,0.0000,d)nonlinear(d,7.8798,0.0000,150.0000,d)rotateFromBiaxial(d,7.8798,0.0000,d)rotate(-114.0176)nonlinear(6,0.0000,0.0000,60.6105,d)rotateIntoBiaxial(d,8.9993,0.0000,d)nonlinear(d,8.9993,0.0000,250.0000,d)rotateFromBiaxial(d,8.9993,0.0000,d)nonlinear(6,0.0000,0.0000,55.5588,d)linear(0,0,0,0.0000,d)
7222,0,40,21.3457,22.4357,init()rotateIntoBiaxial(d,0.8923,0.0000,d)nonlinear(d,0.8923,0.0000,300.0000,d)rotateFromBiaxial(d,0.8923,0.0000,d)linear(0,0,0,0.0000,d)rotate(14.0361)rotateIntoBiaxial(d,41.6206,0.0000,d)nonlinear(d,41.6206,0.0000,100.0000,d)rotateFromBiaxial(d,41.6206,0.0000,d)rotate(179.0616)rotateIntoBiaxial(d,139.9126,0.0000,d)nonlinear(d,139.9126,0.0000,300.0000,d)rotateFromBiaxial(d,139.9126,0.0000,d)rotate(15.1909)rotateIntoBiaxial(d,9.6785,0.0000,d)nonlinear(d,9.6785,0.0000,100.0000,d)rotateFromBiaxial(d,9.6785,0.0000,d)nonlinear(6,0.0000,0.0000,97.0885,d)rotate(-82.4236)rotateIntoBiaxial(d,17.1258,0.0000,d)nonlinear(d,17.1258,0.0000,150.0000,d)rotateFromBiaxial(d,17.1258,0.0000,d)rotate(-131.0238)nonlinear(6,0.0000,0.0000,69.1988,d)rotateIntoBiaxial(d,7.4745,0.0000,d)nonlinear(d,7.4745,0.0000,250.0000,d)rotateFromBiaxial(d,7.4745,0.0000,d)nonlinear(6,0.0000,0.0000,73.3238,d)linear(0,0,0,21.7649,d)
7268,0,40,17.4201,22.4357,init()rotateIntoBiaxial(d,1.6228,0.0000,d)nonlinear(d,1.6228,0.0000,300.0000,d)rotateFromBiaxial(d,1.6228,0.0000,d)rotate(10.3207)rotateIntoBiaxial(d,39.0032,0.0000,d)nonlinear(d,39.0032,0.0000,100.0000,d)rotateFromBiaxial(d,39.0032,0.0000,d)rotate(179.3405)rotateIntoBiaxial(d,139.9016,0.0000,d)nonlinear(d,139.9016,0.0000,300.0000,d)rotateFromBiaxial(d,139.9016,0.0000,d)rotate(5.7380)rotateIntoBiaxial(d,5.8971,0.0000,d)nonlinear(d,5.8971,0.0000,100.0000,d)rotateFromBiaxial(d,5.8971,0.0000,d)nonlinear(6,0.0000,0.0000,97.0885,d)rotate(-78.0625)rotateIntoBiaxial(d,12.5820,0.0000,d)nonlinear(d,12.5820,0.0000,150.0000,d)rotateFromBiaxial(d,12.5820,0.0000,d)rotate(-144.2576)nonlinear(6,0.0000,0.0000,60.0221,d)rotateIntoBiaxial(d,7.3656,0.0000,d)nonlinear(d,7.3656,0.0000,200.0000,d)rotateFromBiaxial(d,7.3656,0.0000,d)nonlinear(6,0.0000,0.0000,73.3238,d)linear(0,0,0,30.9416,d)
7314,0,40,20.9300,22.4357,init()rotateIntoBiaxial(d,1.4572,0.0000,d)nonlinear(d,1.4572,0.0000,300.0000,d)rotateFromBiaxial(d,1.4572,0.0000,d)rotate(10.3829)rotateIntoBiaxial(d,40.2622,0.0000,d)nonlinear(d,40.2622,0.0000,100.0000,d)rotateFromBiaxial(d,40.2622,0.0000,d)nonlinear(6,0.0000,0.0000,73.5790,d)rotate(179.9976)rotateIntoBiaxial(d,139.6298,0.0000,d)nonlinear(d,139.6298,0.0000,250.0000,d)rotateFromBiaxial(d,139.6298,0.0000,d)rotate(5.0743)rotateIntoBiaxial(d,7.5388,0.0000,d)nonlinear(d,7.5388,0.0000,100.0000,d)rotateFromBiaxial(d,7.5388,0.0000,d)nonlinear(6,0.0000,0.0000,94.0885,d)rotate(-81.4361)rotateIntoBiaxial(d,18.5620,0.0000,d)nonlinear(d,18.5620,0.0000,150.0000,d)rotateFromBiaxial(d,18.5620,0.0000,d)rotate(-135.6603)rotateIntoBiaxial(d,30.2138,0.0000,d)nonlinear(d,30.2138,0.0000,50.0000,d)rotateFromBiaxial(d,30.2138,0.0000,d)nonlinear(6,0.0000,0.0000,53.0221,d)rotateIntoBiaxial(d,17.2652,0.0000,d)nonlinear(d,17.2652,0.0000,200.0000,d)rotateFromBiaxial(d,17.2652,0.0000,d)nonlinear(6,0.0000,0.0000,71.1472,d)linear(0,0,0,27.9416,d)
7360,0,40,17.2069,22.4357,init()rotateIntoBiaxial(d,2.9420,0.0000,d)nonlinear(d,2.9420,0.0000,300.0000,d)rotateFromBiaxial(d,2.9420,0.0000,d)linear(0,0,0,0.0000,d)rotate(7.9981)rotateIntoBiaxial(d,41.2608,0.0000,d)nonlinear(d,41.2608,0.0000,100.0000,d)rotateFromBiaxial(d,41.2608,0.0000,d)rotate(178.9260)rotateIntoBiaxial(d,139.5082,0.0000,d)nonlinear(d,139.5082,0.0000,250.0000,d)rotateFromBiaxial(d,139.5082,0.0000,d)rotate(16.2436)rotateIntoBiaxial(d,10.8602,0.0000,d)nonlinear(d,10.8602,0.0000,100.0000,d)rotateFromBiaxial(d,10.8602,0.0000,d)nonlinear(6,0.0000,0.0000,83.2362,d)rotate(-82.5227)rotateIntoBiaxial(d,15.2973,0.0000,d)nonlinear(d,15.2973,0.0000,100.0000,d)rotateFromBiaxial(d,15.2973,0.0000,d)rotate(-123.4412)nonlinear(6,0.0000,0.0000,54.6978,d)linear(0,0,0,43.1209,d)rotateIntoBiaxial(d,11.0259,0.0000,d)nonlinear(d,11.0259,0.0000,250.0000,d)rotateFromBiaxial(d,11.0259,0.0000,d)nonlinear(6,0.0000,0.0000,87.1761,d)linear(0,0,0,34.7939,d)
7406,0,40,16.3419,22.4357,init()rotateIntoBiaxial(d,2.3189,0.0000,d)nonlinear(d,2.3189,0.0000,250.0000,d)rotateFromBiaxial(d,2.3189,0.0000,d)linear(0,0,0,14.1766,d)rotate(9.4022)rotateIntoBiaxial(d,40.1265,0.0000,d)nonlinear(d,40.1265,0.0000,100.0000,d)rotateFromBiaxial(d,40.1265,0.0000,d)rotate(179.3489)rotateIntoBiaxial(d,139.2160,0.0000,d)nonlinear(d,139.2160,0.0000,300.0000,d)rotateFromBiaxial(d,139.2160,0.0000,d)rotate(0.1771)rotateIntoBiaxial(d,1.4727,0.0000,d)nonlinear(d,1.4727,0.0000,100.0000,d)rotateFromBiaxial(d,1.4727,0.0000,d)nonlinear(6,0.0000,0.0000,69.0596,d)rotate(-72.7184)rotateIntoBiaxial(d,12.6016,0.0000,d)nonlinear(d,12.6016,0.0000,200.0000,d)rotateFromBiaxial(d,12.6016,0.0000,d)rotate(-117.5796)nonlinear(6,0.0000,0.0000,59.6978,d)linear(0,0,0,47.2975,d)rotateIntoBiaxial(d,7.0127,0.0000,d)nonlinear(d,7.0127,0.0000,250.0000,d)rotateFromBiaxial(d,7.0127,0.0000,d)nonlinear(6,0.0000,0.0000,72.9995,d)linear(0,0,0,29.7939,d)
7452,0,40,26.5558,26.5558,init()rotateIntoBiaxial(d,1.0880,0.0000,d)nonlinear(d,1.0880,0.0000,300.0000,d)rotateFromBiaxial(d,1.0880,0.0000,d)linear(0,0,0,0.0000,d)rotate(0.5131)rotateIntoBiaxial(d,40.5301,0.0000,d)nonlinear(d,40.5301,0.0000,100.0000,d)rotateFromBiaxial(d,40.5301,0.0000,d)rotate(179.8709)rotateIntoBiaxial(d,139.7567,0.0000,d)nonlinear(d,139.7567,0.0000,250.0000,d)rotateFromBiaxial(d,139.7567,0.0000,d)rotateIntoBiaxial(d,13.4512,0.0000,d)nonlinear(d,13.4512,0.0000,250.0000,d)rotateFromBiaxial(d,13.4512,0.0000,d)rotate(16.3313)rotateIntoBiaxial(d,3.5871,0.0000,d)nonlinear(d,3.5871,0.0000,50.0000,d)rotateFromBiaxial(d,3.5871,0.0000,d)nonlinear(6,0.0000,0.0000,74.0596,d)rotate(-68.6350)rotateIntoBiaxial(d,14.9810,0.0000,d)nonlinear(d,14.9810,0.0000,200.0000,d)rotateFromBiaxial(d,14.9810,0.0000,d)rotate(-113.0904)nonlinear(6,0.0000,0.0000,64.6978,d)linear(0,0,0,52.2975,d)rotateIntoBiaxial(d,0.8103,0.0000,d)nonlinear(d,0.8103,0.0000,250.0000,d)rotateFromBiaxial(d,0.8103,0.0000,d)nonlinear(6,0.0000,0.0000,87.9995,d)linear(0,0,0,24.7939,d)
7498,0,40,15.2583,26.5558,init()rotateIntoBiaxial(d,1.1600,0.0000,d)nonlinear(d,1.1600,0.0000,250.0000,d)rotateFromBiaxial(d,1.1600,0.0000,d)linear(0,0,0,0.0000,d)rotate(-4.0516)rotateIntoBiaxial(d,45.0834,0.0000,d)nonlinear(d,45.0834,0.0000,100.0000,d)rotateFromBiaxial(d,45.0834,0.0000,d)rotate(179.2143)rotateIntoBiaxial(d,139.6779,0.0000,d)nonlinear(d,139.6779,0.0000,300.0000,d)rotateFromBiaxial(d,139.6779,0.0000,d)rotateIntoBiaxial(d,6.2829,0.0000,d)nonlinear(d,6.2829,0.0000,300.0000,d)rotateFromBiaxial(d,6.2829,0.0000,d)rotate(9.7825)rotateIntoBiaxial(d,8.5322,0.0000,d)nonlinear(d,8.5322,0.0000,100.0000,d)rotateFromBiaxial(d,8.5322,0.0000,d)nonlinear(6,0.0000,0.0000,87.8245,d)rotate(-75.1115)rotateIntoBiaxial(d,16.9359,0.0000,d)nonlinear(d,16.9359,0.0000,150.0000,d)rotateFromBiaxial(d,16.9359,0.0000,d)rotate(-139.1192)rotateIntoBiaxial(d,28.8816,0.0000,d)nonlinear(d,28.8816,0.0000,100.0000,d)rotateFromBiaxial(d,28.8816,0.0000,d)nonlinear(6,0.0000,0.0000,69.2862,d)rotateIntoBiaxial(d,13.1710,0.0000,d)nonlinear(d,13.1710,0.0000,200.0000,d)rotateFromBiaxial(d,13.1710,0.0000,d)nonlinear(6,0.0000,0.0000,83.4112,d)linear(0,0,0,20.2056,d)
7544,0,40,23.5725,26.5558,init()rotateIntoBiaxial(d,0.8549,0.0000,d)nonlinear(d,0.8549,0.0000,250.0000,d)rotateFromBiaxial(d,0.8549,0.0000,d)rotate(4.3100)rotateIntoBiaxial(d,40.9094,0.0000,d)nonlinear(d,40.9094,0.0000,100.0000,d)rotateFromBiaxial(d,40.9094,0.0000,d)rotate(164.9552)rotateIntoBiaxial(d,139.7299,0.0000,d)nonlinear(d,139.7299,0.0000,300.0000,d)rotateFromBiaxial(d,139.7299,0.0000,d)rotateIntoBiaxial(d,14.6737,0.0000,d)nonlinear(d,14.6737,0.0000,250.0000,d)rotateFromBiaxial(d,14.6737,0.0000,d)rotate(30.9286)rotateIntoBiaxial(d,3.5138,0.0000,d)nonlinear(d,3.5138,0.0000,50.0000,d)rotateFromBiaxial(d,3.5138,0.0000,d)nonlinear(6,0.0000,0.0000,102.4128,d)rotate(-102.6643)rotateIntoBiaxial(d,12.2461,0.0000,d)nonlinear(d,12.2461,0.0000,200.0000,d)rotateFromBiaxial(d,12.2461,0.0000,d)rotate(-113.9252)nonlinear(6,0.0000,0.0000,64.6978,d)rotateIntoBiaxial(d,3.9114,0.0000,d)nonlinear(d,3.9114,0.0000,250.0000,d)rotateFromBiaxial(d,3.9114,0.0000,d)nonlinear(6,0.0000,0.0000,68.8229,d)linear(0,0,0,24.7939,d)
7590,0,40,23.5844,26.5558,init()rotateIntoBiaxial(d,2.0402,0.0000,d)nonlinear(d,2.0402,0.0000,300.0000,d)rotateFromBiaxial(d,2.0402,0.0000,d)rotate(-5.1372)rotateIntoBiaxial(d,40.1120,0.0000,d)nonlinear(d,40.1120,0.0000,100.0000,d)rotateFromBiaxial(d,40.1120,0.0000,d)rotate(164.8372)rotateIntoBiaxial(d,139.7070,0.0000,d)nonlinear(d,139.7070,0.0000,300.0000,d)rotateFromBiaxial(d,139.7070,0.0000,d)rotateIntoBiaxial(d,1.6943,0.0000,d)nonlinear(d,1.6943,0.0000,250.0000,d)rotateFromBiaxial(d,1.6943,0.0000,d)rotate(7.5254)rotateIntoBiaxial(d,7.1802,0.0000,d)nonlinear(d,7.1802,0.0000,100.0000,d)rotateFromBiaxial(d,7.1802,0.0000,d)nonlinear(6,0.0000,0.0000,108.1488,d)rotate(-73.9182)rotateIntoBiaxial(d,11.9483,0.0000,d)nonlinear(d,11.9483,0.0000,150.0000,d)rotateFromBiaxial(d,11.9483,0.0000,d)rotate(-120.5127)nonlinear(6,0.0000,0.0000,68.9619,d)linear(0,0,0,66.3868,d)rotateIntoBiaxial(d,10.2441,0.0000,d)nonlinear(d,10.2441,0.0000,250.0000,d)rotateFromBiaxial(d,10.2441,0.0000,d)nonlinear(6,0.0000,0.0000,73.0869,d)linear(0,0,0,10.5299,d)
7636,0,40,22.1226,26.5558,init()rotateIntoBiaxial(d,1.2142,0.0000,d)nonlinear(d,1.2142,0.0000,250.0000,d)rotateFromBiaxial(d,1.2142,0.0000,d)linear(0,0,0,0.0000,d)rotate(4.6600)rotateIntoBiaxial(d,41.5332,0.0000,d)nonlinear(d,41.5332,0.0000,100.0000,d)rotateFromBiaxial(d,41.5332,0.0000,d)rotate(172.0513)rotateIntoBiaxial(d,139.8201,0.0000,d)nonlinear(d,139.8201,0.0000,300.0000,d)rotateFromBiaxial(d,139.8201,0.0000,d)rotate(1.9980)rotateIntoBiaxial(d,1.0046,0.0000,d)nonlinear(d,1.0046,0.0000,100.0000,d)rotateFromBiaxial(d,1.0046,0.0000,d)nonlinear(6,0.0000,0.0000,94.3839,d)rotate(-87.5336)rotateIntoBiaxial(d,13.8129,0.0000,d)nonlinear(d,13.8129,0.0000,200.0000,d)rotateFromBiaxial(d,13.8129,0.0000,d)rotate(-113.7251)nonlinear(6,0.0000,0.0000,64.3735,d)rotateIntoBiaxial(d,1.4363,0.0000,d)nonlinear(d,1.4363,0.0000,250.0000,d)rotateFromBiaxial(d,1.4363,0.0000,d)nonlinear(6,0.0000,0.0000,77.6752,d)linear(0,0,0,24.2948,d)
7682,0,40,16.9207,26.5558,init()rotateIntoBiaxial(d,0.8511,0.0000,d)nonlinear(d,0.8511,0.0000,300.0000,d)rotateFromBiaxial(d,0.8511,0.0000,d)linear(0,0,0,0.0000,d)rotate(7.5438)rotateIntoBiaxial(d,43.8749,0.0000,d)nonlinear(d,43.8749,0.0000,50.0000,d)rotateFromBiaxial(d,43.8749,0.0000,d)rotate(178.8101)rotateIntoBiaxial(d,140.1022,0.0000,d)nonlinear(d,140.1022,0.0000,300.0000,d)rotateFromBiaxial(d,140.1022,0.0000,d)rotateIntoBiaxial(d,13.2108,0.0000,d)nonlinear(d,13.2108,0.0000,250.0000,d)rotateFromBiaxial(d,13.2108,0.0000,d)rotate(14.5381)rotateIntoBiaxial(d,7.4826,0.0000,d)nonlinear(d,7.4826,0.0000,100.0000,d)rotateFromBiaxial(d,7.4826,0.0000,d)nonlinear(6,0.0000,0.0000,98.9722,d)rotate(-81.7342)rotateIntoBiaxial(d,5.4483,0.0000,d)nonlinear(d,5.4483,0.0000,150.0000,d)rotateFromBiaxial(d,5.4483,0.0000,d)rotate(-117.0201)nonlinear(6,0.0000,0.0000,68.9619,d)linear(0,0,0,57.2102,d)rotateIntoBiaxial(d,1.4316,0.0000,d)nonlinear(d,1.4316,0.0000,200.0000,d)rotateFromBiaxial(d,1.4316,0.0000,d)nonlinear(6,0.0000,0.0000,73.0869,d)linear(0,0,0,28.8831,d)
7728,0,40,20.0044,26.5558,init()rotateIntoBiaxial(d,2.3073,0.0000,d)nonlinear(d,2.3073,0.0000,300.0000,d)rotateFromBiaxial(d,2.3073,0.0000,d)linear(0,0,0,0.0000,d)rotate(-9.1450)rotateIntoBiaxial(d,40.1120,0.0000,d)nonlinear(d,40.1120,0.0000,100.0000,d)rotateFromBiaxial(d,40.1120,0.0000,d)rotate(179.0278)rotateIntoBiaxial(d,139.9646,0.0000,d)nonlinear(d,139.9646,0.0000,250.0000,d)rotateFromBiaxial(d,139.9646,0.0000,d)rotateIntoBiaxial(d,7.0177,0.0000,d)nonlinear(d,7.0177,0.0000,300.0000,d)rotateFromBiaxial(d,7.0177,0.0000,d)rotate(3.7367)rotateIntoBiaxial(d,3.7419,0.0000,d)nonlinear(d,3.7419,0.0000,50.0000,d)rotateFromBiaxial(d,3.7419,0.0000,d)nonlinear(6,0.0000,0.0000,112.7371,d)rotate(-76.3069)rotateIntoBiaxial(d,10.1982,0.0000,d)nonlinear(d,10.1982,0.0000,150.0000,d)rotateFromBiaxial(d,10.1982,0.0000,d)rotate(-124.3918)nonlinear(6,0.0000,0.0000,65.0221,d)linear(0,0,0,51.9732,d)rotateIntoBiaxial(d,3.2949,0.0000,d)nonlinear(d,3.2949,0.0000,250.0000,d)rotateFromBiaxial(d,3.2949,0.0000,d)nonlinear(6,0.0000,0.0000,68.4986,d)linear(0,0,0,15.1182,d)
7774,0,40,23.7038,26.5558,init()rotateIntoBiaxial(d,2.1666,0.0000,d)nonlinear(d,2.1666,0.0000,300.0000,d)rotateFromBiaxial(d,2.1666,0.0000,d)linear(0,0,0,0.0000,d)rotate(6.3648)rotateIntoBiaxial(d,41.3513,0.0000,d)nonlinear(d,41.3513,0.0000,100.0000,d)rotateFromBiaxial(d,41.3513,0.0000,d)rotate(179.9912)rotateIntoBiaxial(d,139.9860,0.0000,d)nonlinear(d,139.9860,0.0000,250.0000,d)rotateFromBiaxial(d,139.9860,0.0000,d)rotateIntoBiaxial(d,4.6798,0.0000,d)nonlinear(d,4.6798,0.0000,250.0000,d)rotateFromBiaxial(d,4.6798,0.0000,d)rotate(3.7724)rotateIntoBiaxial(d,2.4398,0.0000,d)nonlinear(d,2.4398,0.0000,150.0000,d)rotateFromBiaxial(d,2.4398,0.0000,d)nonlinear(6,0.0000,0.0000,112.7371,d)rotate(-78.0465)rotateIntoBiaxial(d,9.2661,0.0000,d)nonlinear(d,9.2661,0.0000,150.0000,d)rotateFromBiaxial(d,9.2661,0.0000,d)rotate(-134.0294)nonlinear(6,0.0000,0.0000,74.1988,d)rotateIntoBiaxial(d,2.9029,0.0000,d)nonlinear(d,2.9029,0.0000,250.0000,d)rotateFromBiaxial(d,2.9029,0.0000,d)nonlinear(6,0.0000,0.0000,59.3219,d)linear(0,0,0,24.2948,d)
7820,0,40,21.2347,26.5558,init()rotateIntoBiaxial(d,2.7545,0.0000,d)nonlinear(d,2.7545,0.0000,300.0000,d)rotateFromBiaxial(d,2.7545,0.0000,d)linear(0,0,0,0.0000,d)rotate(-3.5818)rotateIntoBiaxial(d,40.0024,0.0000,d)nonlinear(d,40.0024,0.0000,100.0000,d)rotateFromBiaxial(d,40.0024,0.0000,d)rotate(178.4525)rotateIntoBiaxial(d,139.4105,0.0000,d)nonlinear(d,139.4105,0.0000,300.0000,d)rotateFromBiaxial(d,139.4105,0.0000,d)rotateIntoBiaxial(d,13.4789,0.0000,d)nonlinear(d,13.4789,0.0000,200.0000,d)rotateFromBiaxial(d,13.4789,0.0000,d)rotate(6.6223)rotateIntoBiaxial(d,3.4487,0.0000,d)nonlinear(d,3.4487,0.0000,150.0000,d)rotateFromBiaxial(d,3.4487,0.0000,d)nonlinear(6,0.0000,0.0000,108.1488,d)rotate(-78.3806)rotateIntoBiaxial(d,13.2831,0.0000,d)nonlinear(d,13.2831,0.0000,200.0000,d)rotateFromBiaxial(d,13.2831,0.0000,d)rotate(-153.6119)nonlinear(6,0.0000,0.0000,78.7871,d)rotateIntoBiaxial(d,4.3699,0.0000,d)nonlinear(d,4.3699,0.0000,250.0000,d)rotateFromBiaxial(d,4.3699,0.0000,d)nonlinear(6,0.0000,0.0000,63.9102,d)linear(0,0,0,19.7065,d)
7866,0,40,12.4840,26.5558,init()rotateIntoBiaxial(d,2.9038,0.0000,d)nonlinear(d,2.9038,0.0000,300.0000,d)rotateFromBiaxial(d,2.9038,0.0000,d)rotate(0.4520)rotateIntoBiaxial(d,39.9508,0.0000,d)nonlinear(d,39.9508,0.0000,50.0000,d)rotateFromBiaxial(d,39.9508,0.0000,d)rotate(179.7812)rotateIntoBiaxial(d,140.3077,0.0000,d)nonlinear(d,140.3077,0.0000,300.0000,d)rotateFromBiaxial(d,140.3077,0.0000,d)rotate(22.3025)rotateIntoBiaxial(d,5.2070,0.0000,d)nonlinear(d,5.2070,0.0000,100.0000,d)rotateFromBiaxial(d,5.2070,0.0000,d)nonlinear(6,0.0000,0.0000,98.9722,d)rotate(-82.1008)rotateIntoBiaxial(d,12.4317,0.0000,d)nonlinear(d,12.4317,0.0000,150.0000,d)rotateFromBiaxial(d,12.4317,0.0000,d)rotate(-137.7539)nonlinear(6,0.0000,0.0000,88.7871,d)rotateIntoBiaxial(d,3.2604,0.0000,d)nonlinear(d,3.2604,0.0000,250.0000,d)rotateFromBiaxial(d,3.2604,0.0000,d)nonlinear(6,0.0000,0.0000,63.9102,d)linear(0,0,0,20.5299,d)
7912,0,40,20.0303,26.5558,init()rotateIntoBiaxial(d,3.6474,0.0000,d)nonlinear(d,3.6474,0.0000,250.0000,d)rotateFromBiaxial(d,3.6474,0.0000,d)rotate(-3.0780)rotateIntoBiaxial(d,39.9553,0.0000,d)nonlinear(d,39.9553,0.0000,100.0000,d)rotateFromBiaxial(d,39.9553,0.0000,d)rotate(174.1917)rotateIntoBiaxial(d,139.4200,0.0000,d)nonlinear(d,139.4200,0.0000,250.0000,d)rotateFromBiaxial(d,139.4200,0.0000,d)rotateIntoBiaxial(d,16.5132,0.0000,d)nonlinear(d,16.5132,0.0000,300.0000,d)rotateFromBiaxial(d,16.5132,0.0000,d)rotate(-2.7671)rotateIntoBiaxial(d,5.0885,0.0000,d)nonlinear(d,5.0885,0.0000,150.0000,d)rotateFromBiaxial(d,5.0885,0.0000,d)nonlinear(6,0.0000,0.0000,113.5605,d)rotate(-71.5678)rotateIntoBiaxial(d,14.4592,0.0000,d)nonlinear(d,14.4592,0.0000,200.0000,d)rotateFromBiaxial(d,14.4592,0.0000,d)rotate(-151.7004)nonlinear(6,0.0000,0.0000,84.1988,d)rotateIntoBiaxial(d,5.8286,0.0000,d)nonlinear(d,5.8286,0.0000,200.0000,d)rotateFromBiaxial(d,5.8286,0.0000,d)nonlinear(6,0.0000,0.0000,49.3219,d)linear(0,0,0,35.1182,d)
7958,0,40,17.8419,26.5558,init()rotateIntoBiaxial(d,2.5942,0.0000,d)nonlinear(d,2.5942,0.0000,250.0000,d)rotateFromBiaxial(d,2.5942,0.0000,d)rotate(3.3863)rotateIntoBiaxial(d,39.7710,0.0000,d)nonlinear(d,39.7710,0.0000,50.0000,d)rotateFromBiaxial(d,39.7710,0.0000,d)rotate(178.3661)rotateIntoBiaxial(d,139.6506,0.0000,d)nonlinear(d,139.6506,0.0000,300.0000,d)rotateFromBiaxial(d,139.6506,0.0000,d)rotateIntoBiaxial(d,14.8782,0.0000,d)nonlinear(d,14.8782,0.0000,250.0000,d)rotateFromBiaxial(d,14.8782,0.0000,d)rotate(1.2831)rotateIntoBiaxial(d,4.8028,0.0000,d)nonlinear(d,4.8028,0.0000,100.0000,d)rotateFromBiaxial(d,4.8028,0.0000,d)nonlinear(6,0.0000,0.0000,108.5605,d)rotate(-80.4055)rotateIntoBiaxial(d,18.1459,0.0000,d)nonlinear(d,18.1459,0.0000,150.0000,d)rotateFromBiaxial(d,18.1459,0.0000,d)rotate(-131.1777)nonlinear(6,0.0000,0.0000,69.1988,d)rotateIntoBiaxial(d,0.6448,0.0000,d)nonlinear(d,0.6448,0.0000,250.0000,d)rotateFromBiaxial(d,0.6448,0.0000,d)nonlinear(6,0.0000,0.0000,54.3219,d)linear(0,0,0,30.1182,d)
8004,0,40,19.2312,26.5558,init()rotateIntoBiaxial(d,0.7677,0.0000,d)nonlinear(d,0.7677,0.0000,300.0000,d)rotateFromBiaxial(d,0.7677,0.0000,d)rotate(4.9217)rotateIntoBiaxial(d,41.4351,0.0000,d)nonlinear(d,41.4351,0.0000,100.0000,d)rotateFromBiaxial(d,41.4351,0.0000,d)rotate(177.9408)rotateIntoBiaxial(d,140.0287,0.0000,d)nonlinear(d,140.0287,0.0000,250.0000,d)rotateFromBiaxial(d,140.0287,0.0000,d)rotateIntoBiaxial(d,8.8582,0.0000,d)nonlinear(d,8.8582,0.0000,300.0000,d)rotateFromBiaxial(d,8.8582,0.0000,d)rotate(-9.2987)rotateIntoBiaxial(d,11.6180,0.0000,d)nonlinear(d,11.6180,0.0000,150.0000,d)rotateFromBiaxial(d,11.6180,0.0000,d)nonlinear(6,0.0000,0.0000,123.5605,d)rotate(-83.0756)rotateIntoBiaxial(d,18.2222,0.0000,d)nonlinear(d,18.2222,0.0000,150.0000,d)rotateFromBiaxial(d,18.2222,0.0000,d)rotate(-145.1319)nonlinear(6,0.0000,0.0000,74.1988,d)linear(0,0,0,31.9732,d)rotateIntoBiaxial(d,0.1250,0.0000,d)nonlinear(d,0.1250,0.0000,250.0000,d)rotateFromBiaxial(d,0.1250,0.0000,d)nonlinear(6,0.0000,0.0000,59.3219,d)linear(0,0,0,35.1182,d)
8050,0,40,17.2819,26.5558,init()rotateIntoBiaxial(d,1.7707,0.0000,d)nonlinear(d,1.7707,0.0000,250.0000,d)rotateFromBiaxial(d,1.7707,0.0000,d)rotate(3.4520)rotateIntoBiaxial(d,35.7114,0.0000,d)nonlinear(d,35.7114,0.0000,100.0000,d)rotateFromBiaxial(d,35.7114,0.0000,d)rotate(179.7361)rotateIntoBiaxial(d,139.8567,0.0000,d)nonlinear(d,139.8567,0.0000,250.0000,d)rotateFromBiaxial(d,139.8567,0.0000,d)rotateIntoBiaxial(d,14.0347,0.0000,d)nonlinear(d,14.0347,0.0000,300.0000,d)rotateFromBiaxial(d,14.0347,0.0000,d)rotate(-12.7613)rotateIntoBiaxial(d,5.9927,0.0000,d)nonlinear(d,5.9927,0.0000,50.0000,d)rotateFromBiaxial(d,5.9927,0.0000,d)nonlinear(6,0.0000,0.0000,118.5605,d)rotate(-84.1707)rotateIntoBiaxial(d,10.8682,0.0000,d)nonlinear(d,10.8682,0.0000,150.0000,d)rotateFromBiaxial(d,10.8682,0.0000,d)rotate(-137.4108)nonlinear(6,0.0000,0.0000,59.1988,d)rotateIntoBiaxial(d,0.0116,0.0000,d)nonlinear(d,0.0116,0.0000,250.0000,d)rotateFromBiaxial(d,0.0116,0.0000,d)nonlinear(6,0.0000,0.0000,44.3219,d)linear(0,0,0,30.1182,d)
8096,0,40,18.9162,26.5558,init()rotateIntoBiaxial(d,3.4219,0.0000,d)nonlinear(d,3.4219,0.0000,300.0000,d)rotateFromBiaxial(d,3.4219,0.0000,d)rotate(-9.9846)rotateIntoBiaxial(d,41.4515,0.0000,d)nonlinear(d,41.4515,0.0000,100.0000,d)rotateFromBiaxial(d,41.4515,0.0000,d)rotate(179.9983)rotateIntoBiaxial(d,140.0040,0.0000,d)nonlinear(d,140.0040,0.0000,200.0000,d)rotateFromBiaxial(d,140.0040,0.0000,d)rotate(-1.9040)rotate(4.7627)rotateIntoBiaxial(d,0.9590,0.0000,d)nonlinear(d,0.9590,0.0000,150.0000,d)rotateFromBiaxial(d,0.9590,0.0000,d)nonlinear(6,0.0000,0.0000,133.5605,d)rotate(-77.3468)rotateIntoBiaxial(d,8.4416,0.0000,d)nonlinear(d,8.4416,0.0000,150.0000,d)rotateFromBiaxial(d,8.4416,0.0000,d)rotate(-134.3378)nonlinear(6,0.0000,0.0000,54.1988,d)rotateIntoBiaxial(d,0.4201,0.0000,d)nonlinear(d,0.4201,0.0000,250.0000,d)rotateFromBiaxial(d,0.4201,0.0000,d)nonlinear(6,0.0000,0.0000,49.3219,d)linear(0,0,0,15.1182,d)
8142,0,40,18.4586,26.5558,init()rotateIntoBiaxial(d,0.6054,0.0000,d)nonlinear(d,0.6054,0.0000,300.0000,d)rotateFromBiaxial(d,0.6054,0.0000,d)rotate(-5.9876)rotateIntoBiaxial(d,41.1002,0.0000,d)nonlinear(d,41.1002,0.0000,100.0000,d)rotateFromBiaxial(d,41.1002,0.0000,d)rotate(175.4844)rotateIntoBiaxial(d,139.4347,0.0000,d)nonlinear(d,139.4347,0.0000,300.0000,d)rotateFromBiaxial(d,139.4347,0.0000,d)rotate(6.6538)rotateIntoBiaxial(d,12.0613,0.0000,d)nonlinear(d,12.0613,0.0000,250.0000,d)rotateFromBiaxial(d,12.0613,0.0000,d)rotate(6.9325)rotateIntoBiaxial(d,3.2397,0.0000,d)nonlinear(d,3.2397,0.0000,150.0000,d)rotateFromBiaxial(d,3.2397,0.0000,d)nonlinear(6,0.0000,0.0000,145.5605,d)rotate(-78.6455)rotateIntoBiaxial(d,10.9860,0.0000,d)nonlinear(d,10.9860,0.0000,150.0000,d)rotateFromBiaxial(d,10.9860,0.0000,d)rotate(-142.5624)nonlinear(6,0.0000,0.0000,56.1988,d)linear(0,0,0,49.9732,d)rotateIntoBiaxial(d,5.5162,0.0000,d)nonlinear(d,5.5162,0.0000,200.0000,d)rotateFromBiaxial(d,5.5162,0.0000,d)nonlinear(6,0.0000,0.0000,47.3219,d)linear(0,0,0,3.1182,d)
8188,0,40,23.1244,26.5558,init()rotateIntoBiaxial(d,0.7413,0.0000,d)nonlinear(d,0.7413,0.0000,300.0000,d)rotateFromBiaxial(d,0.7413,0.0000,d)rotate(-8.7137)rotateIntoBiaxial(d,41.0149,0.0000,d)nonlinear(d,41.0149,0.0000,100.0000,d)rotateFromBiaxial(d,41.0149,0.0000,d)rotate(179.1847)rotateIntoBiaxial(d,140.1926,0.0000,d)nonlinear(d,140.1926,0.0000,250.0000,d)rotateFromBiaxial(d,140.1926,0.0000,d)rotate(23.6477)rotateIntoBiaxial(d,0.0287,0.0000,d)nonlinear(d,0.0287,0.0000,150.0000,d)rotateFromBiaxial(d,0.0287,0.0000,d)nonlinear(6,0.0000,0.0000,138.9189,d)rotate(-70.3849)rotateIntoBiaxial(d,6.3180,0.0000,d)nonlinear(d,6.3180,0.0000,150.0000,d)rotateFromBiaxial(d,6.3180,0.0000,d)rotate(-133.0251)nonlinear(6,0.0000,0.0000,58.8404,d)rotateIntoBiaxial(d,2.7214,0.0000,d)nonlinear(d,2.7214,0.0000,200.0000,d)rotateFromBiaxial(d,2.7214,0.0000,d)nonlinear(6,0.0000,0.0000,44.6803,d)linear(0,0,0,13.8834,d)
8234,0,40,24.8360,26.5558,init()rotateIntoBiaxial(d,1.5496,0.0000,d)nonlinear(d,1.5496,0.0000,300.0000,d)rotateFromBiaxial(d,1.5496,0.0000,d)rotate(-9.2933)rotateIntoBiaxial(d,40.6333,0.0000,d)nonlinear(d,40.6333,0.0000,100.0000,d)rotateFromBiaxial(d,40.6333,0.0000,d)rotate(174.3889)rotateIntoBiaxial(d,139.8666,0.0000,d)nonlinear(d,139.8666,0.0000,250.0000,d)rotateFromBiaxial(d,139.8666,0.0000,d)rotate(2.0677)rotateIntoBiaxial(d,4.2963,0.0000,d)nonlinear(d,4.2963,0.0000,250.0000,d)rotateFromBiaxial(d,4.2963,0.0000,d)rotate(8.6019)rotateIntoBiaxial(d,4.3740,0.0000,d)nonlinear(d,4.3740,0.0000,100.0000,d)rotateFromBiaxial(d,4.3740,0.0000,d)nonlinear(6,0.0000,0.0000,148.9189,d)rotate(-78.0010)rotateIntoBiaxial(d,5.3174,0.0000,d)nonlinear(d,5.3174,0.0000,200.0000,d)rotateFromBiaxial(d,5.3174,0.0000,d)rotate(-137.0755)nonlinear(6,0.0000,0.0000,78.8404,d)rotateIntoBiaxial(d,10.1602,0.0000,d)nonlinear(d,10.1602,0.0000,200.0000,d)rotateFromBiaxial(d,10.1602,0.0000,d)nonlinear(6,0.0000,0.0000,44.6803,d)linear(0,0,0,13.8834,d)
8280,0,40,20.5772,26.5558,init()rotateIntoBiaxial(d,0.2990,0.0000,d)nonlinear(d,0.2990,0.0000,250.0000,d)rotateFromBiaxial(d,0.2990,0.0000,d)rotate(-12.5818)rotateIntoBiaxial(d,41.4403,0.0000,d)nonlinear(d,41.4403,0.0000,100.0000,d)rotateFromBiaxial(d,41.4403,0.0000,d)rotate(176.7083)rotateIntoBiaxial(d,140.0681,0.0000,d)nonlinear(d,140.0681,0.0000,250.0000,d)rotateFromBiaxial(d,140.0681,0.0000,d)rotate(-13.4319)rotateIntoBiaxial(d,7.3953,0.0000,d)nonlinear(d,7.3953,0.0000,250.0000,d)rotateFromBiaxial(d,7.3953,0.0000,d)rotate(30.9156)rotateIntoBiaxial(d,0.9157,0.0000,d)nonlinear(d,0.9157,0.0000,150.0000,d)rotateFromBiaxial(d,0.9157,0.0000,d)nonlinear(6,0.0000,0.0000,163.9189,d)rotate(-93.1284)rotateIntoBiaxial(d,10.3476,0.0000,d)nonlinear(d,10.3476,0.0000,200.0000,d)rotateFromBiaxial(d,10.3476,0.0000,d)rotate(-117.2610)nonlinear(6,0.0000,0.0000,63.8404,d)rotateIntoBiaxial(d,9.5529,0.0000,d)nonlinear(d,9.5529,0.0000,200.0000,d)rotateFromBiaxial(d,9.5529,0.0000,d)nonlinear(6,0.0000,0.0000,49.6803,d)linear(0,0,0,28.8834,d)
8326,0,40,16.8097,26.5558,init()rotateIntoBiaxial(d,2.8102,0.0000,d)nonlinear(d,2.8102,0.0000,300.0000,d)rotateFromBiaxial(d,2.8102,0.0000,d)rotate(-6.8536)rotateIntoBiaxial(d,41.6039,0.0000,d)nonlinear(d,41.6039,0.0000,50.0000,d)rotateFromBiaxial(d,41.6039,0.0000,d)rotate(179.7425)rotateIntoBiaxial(d,139.5920,0.0000,d)nonlinear(d,139.5920,0.0000,250.0000,d)rotateFromBiaxial(d,139.5920,0.0000,d)rotate(-11.3418)rotateIntoBiaxial(d,4.6477,0.0000,d)nonlinear(d,4.6477,0.0000,200.0000,d)rotateFromBiaxial(d,4.6477,0.0000,d)rotate(8.0265)rotateIntoBiaxial(d,12.9210,0.0000,d)nonlinear(d,12.9210,0.0000,100.0000,d)rotateFromBiaxial(d,12.9210,0.0000,d)nonlinear(6,0.0000,0.0000,178.9189,d)rotate(-73.7693)rotateIntoBiaxial(d,16.7858,0.0000,d)nonlinear(d,16.7858,0.0000,200.0000,d)rotateFromBiaxial(d,16.7858,0.0000,d)rotate(-127.1420)nonlinear(6,0.0000,0.0000,68.8404,d)rotateIntoBiaxial(d,6.4991,0.0000,d)nonlinear(d,6.4991,0.0000,250.0000,d)rotateFromBiaxial(d,6.4991,0.0000,d)nonlinear(6,0.0000,0.0000,54.6803,d)linear(0,0,0,43.8834,d)
8372,0,40,15.7680,26.5558,init()rotateIntoBiaxial(d,2.5108,0.0000,d)nonlinear(d,2.5108,0.0000,300.0000,d)rotateFromBiaxial(d,2.5108,0.0000,d)rotate(-5.4570)rotateIntoBiaxial(d,41.7893,0.0000,d)nonlinear(d,41.7893,0.0000,100.0000,d)rotateFromBiaxial(d,41.7893,0.0000,d)rotate(174.3391)rotateIntoBiaxial(d,139.5652,0.0000,d)nonlinear(d,139.5652,0.0000,250.0000,d)rotateFromBiaxial(d,139.5652,0.0000,d)rotateIntoBiaxial(d,4.4500,0.0000,d)nonlinear(d,4.4500,0.0000,200.0000,d)rotateFromBiaxial(d,4.4500,0.0000,d)rotate(14.1548)rotateIntoBiaxial(d,0.3276,0.0000,d)nonlinear(d,0.3276,0.0000,150.0000,d)rotateFromBiaxial(d,0.3276,0.0000,d)nonlinear(6,0.0000,0.0000,193.9189,d)rotate(-87.7977)rotateIntoBiaxial(d,21.6750,0.0000,d)nonlinear(d,21.6750,0.0000,200.0000,d)rotateFromBiaxial(d,21.6750,0.0000,d)rotate(-117.1580)nonlinear(6,0.0000,0.0000,73.8404,d)rotateIntoBiaxial(d,6.6940,0.0000,d)nonlinear(d,6.6940,0.0000,200.0000,d)rotateFromBiaxial(d,6.6940,0.0000,d)nonlinear(6,0.0000,0.0000,59.6803,d)linear(0,0,0,38.8834,d)
8418,0,40,15.6537,26.5558,init()rotateIntoBiaxial(d,0.2473,0.0000,d)nonlinear(d,0.2473,0.0000,250.0000,d)rotateFromBiaxial(d,0.2473,0.0000,d)rotate(1.8899)rotateIntoBiaxial(d,40.5212,0.0000,d)nonlinear(d,40.5212,0.0000,100.0000,d)rotateFromBiaxial(d,40.5212,0.0000,d)rotate(176.2236)rotateIntoBiaxial(d,139.2226,0.0000,d)nonlinear(d,139.2226,0.0000,200.0000,d)rotateFromBiaxial(d,139.2226,0.0000,d)rotate(-16.2025)rotateIntoBiaxial(d,10.3190,0.0000,d)nonlinear(d,10.3190,0.0000,250.0000,d)rotateFromBiaxial(d,10.3190,0.0000,d)rotate(25.5836)rotateIntoBiaxial(d,2.8814,0.0000,d)nonlinear(d,2.8814,0.0000,200.0000,d)rotateFromBiaxial(d,2.8814,0.0000,d)nonlinear(6,0.0000,0.0000,208.0955,d)rotate(-108.1724)rotateIntoBiaxial(d,20.2828,0.0000,d)nonlinear(d,20.2828,0.0000,200.0000,d)rotateFromBiaxial(d,20.2828,0.0000,d)rotate(-113.2450)nonlinear(6,0.0000,0.0000,78.0170,d)rotateIntoBiaxial(d,3.6240,0.0000,d)nonlinear(d,3.6240,0.0000,250.0000,d)rotateFromBiaxial(d,3.6240,0.0000,d)nonlinear(6,0.0000,0.0000,64.6803,d)linear(0,0,0,34.7068,d)
8464,0,40,15.4769,26.5558,init()rotateIntoBiaxial(d,1.2986,0.0000,d)nonlinear(d,1.2986,0.0000,250.0000,d)rotateFromBiaxial(d,1.2986,0.0000,d)rotate(17.5800)rotateIntoBiaxial(d,35.6006,0.0000,d)nonlinear(d,35.6006,0.0000,100.0000,d)rotateFromBiaxial(d,35.6006,0.0000,d)rotate(179.9846)rotateIntoBiaxial(d,139.8049,0.0000,d)nonlinear(d,139.8049,0.0000,300.0000,d)rotateFromBiaxial(d,139.8049,0.0000,d)rotate(-14.1163)rotateIntoBiaxial(d,13.4160,0.0000,d)nonlinear(d,13.4160,0.0000,150.0000,d)rotateFromBiaxial(d,13.4160,0.0000,d)rotate(16.3476)rotateIntoBiaxial(d,1.4767,0.0000,d)nonlinear(d,1.4767,0.0000,150.0000,d)rotateFromBiaxial(d,1.4767,0.0000,d)nonlinear(6,0.0000,0.0000,203.3889,d)rotate(-83.9417)rotateIntoBiaxial(d,11.1828,0.0000,d)nonlinear(d,11.1828,0.0000,200.0000,d)rotateFromBiaxial(d,11.1828,0.0000,d)rotate(-111.3614)rotateIntoBiaxial(d,9.3543,0.0000,d)nonlinear(d,9.3543,0.0000,150.0000,d)rotateFromBiaxial(d,9.3543,0.0000,d)nonlinear(6,0.0000,0.0000,92.7237,d)rotateIntoBiaxial(d,6.4480,0.0000,d)nonlinear(d,6.4480,0.0000,200.0000,d)rotateFromBiaxial(d,6.4480,0.0000,d)nonlinear(6,0.0000,0.0000,69.3869,d)linear(0,0,0,30.0002,d)
8510,0,40,20.6431,26.5558,init()rotateIntoBiaxial(d,2.1084,0.0000,d)nonlinear(d,2.1084,0.0000,250.0000,d)rotateFromBiaxial(d,2.1084,0.0000,d)rotate(4.0974)rotateIntoBiaxial(d,39.0669,0.0000,d)nonlinear(d,39.0669,0.0000,100.0000,d)rotateFromBiaxial(d,39.0669,0.0000,d)rotate(179.9925)rotateIntoBiaxial(d,139.3861,0.0000,d)nonlinear(d,139.3861,0.0000,300.0000,d)rotateFromBiaxial(d,139.3861,0.0000,d)rotate(0.2561)rotate(10.9383)rotateIntoBiaxial(d,1.2391,0.0000,d)nonlinear(d,1.2391,0.0000,100.0000,d)rotateFromBiaxial(d,1.2391,0.0000,d)nonlinear(6,0.0000,0.0000,217.9772,d)rotate(-71.8754)rotateIntoBiaxial(d,8.4065,0.0000,d)nonlinear(d,8.4065,0.0000,200.0000,d)rotateFromBiaxial(d,8.4065,0.0000,d)rotate(-150.0221)nonlinear(6,0.0000,0.0000,98.1353,d)rotateIntoBiaxial(d,3.1203,0.0000,d)nonlinear(d,3.1203,0.0000,250.0000,d)rotateFromBiaxial(d,3.1203,0.0000,d)nonlinear(6,0.0000,0.0000,64.7986,d)linear(0,0,0,24.5885,d)
8556,0,40,15.2488,26.5558,init()rotateIntoBiaxial(d,1.0804,0.0000,d)nonlinear(d,1.0804,0.0000,200.0000,d)rotateFromBiaxial(d,1.0804,0.0000,d)nonlinear(6,0.0000,0.0000,0.0000,d)rotate(-8.3717)rotateIntoBiaxial(d,40.4267,0.0000,d)nonlinear(d,40.4267,0.0000,50.0000,d)rotateFromBiaxial(d,40.4267,0.0000,d)rotate(179.9581)rotateIntoBiaxial(d,139.5033,0.0000,d)nonlinear(d,139.5033,0.0000,250.0000,d)rotateFromBiaxial(d,139.5033,0.0000,d)rotate(-17.8910)rotateIntoBiaxial(d,11.7369,0.0000,d)nonlinear(d,11.7369,0.0000,250.0000,d)rotateFromBiaxial(d,11.7369,0.0000,d)rotate(8.4383)rotateIntoBiaxial(d,5.4644,0.0000,d)nonlinear(d,5.4644,0.0000,200.0000,d)rotateFromBiaxial(d,5.4644,0.0000,d)nonlinear(6,0.0000,0.0000,217.9772,d)rotate(-93.7228)rotateIntoBiaxial(d,17.1415,0.0000,d)nonlinear(d,17.1415,0.0000,200.0000,d)rotateFromBiaxial(d,17.1415,0.0000,d)rotate(-134.0255)nonlinear(6,0.0000,0.0000,108.1353,d)rotateIntoBiaxial(d,5.5938,0.0000,d)nonlinear(d,5.5938,0.0000,200.0000,d)rotateFromBiaxial(d,5.5938,0.0000,d)nonlinear(6,0.0000,0.0000,54.7986,d)linear(0,0,0,24.5885,d)
8602,0,40,18.3782,26.5558,init()rotateIntoBiaxial(d,1.6372,0.0000,d)nonlinear(d,1.6372,0.0000,250.0000,d)rotateFromBiaxial(d,1.6372,0.0000,d)rotate(-1.1668)rotateIntoBiaxial(d,41.3223,0.0000,d)nonlinear(d,41.3223,0.0000,50.0000,d)rotateFromBiaxial(d,41.3223,0.0000,d)rotate(175.2322)rotateIntoBiaxial(d,139.7509,0.0000,d)nonlinear(d,139.7509,0.0000,300.0000,d)rotateFromBiaxial(d,139.7509,0.0000,d)rotateIntoBiaxial(d,5.3466,0.0000,d)nonlinear(d,5.3466,0.0000,250.0000,d)rotateFromBiaxial(d,5.3466,0.0000,d)rotate(14.1854)rotateIntoBiaxial(d,12.4249,0.0000,d)nonlinear(d,12.4249,0.0000,150.0000,d)rotateFromBiaxial(d,12.4249,0.0000,d)nonlinear(6,0.0000,0.0000,227.1538,d)rotate(-88.1012)rotateIntoBiaxial(d,14.8324,0.0000,d)nonlinear(d,14.8324,0.0000,200.0000,d)rotateFromBiaxial(d,14.8324,0.0000,d)rotate(-139.1677)rotateIntoBiaxial(d,8.1618,0.0000,d)nonlinear(d,8.1618,0.0000,150.0000,d)rotateFromBiaxial(d,8.1618,0.0000,d)nonlinear(6,0.0000,0.0000,117.3120,d)rotateIntoBiaxial(d,2.3469,0.0000,d)nonlinear(d,2.3469,0.0000,250.0000,d)rotateFromBiaxial(d,2.3469,0.0000,d)nonlinear(6,0.0000,0.0000,45.6220,d)linear(0,0,0,6.2352,d)
8648,0,40,18.8196,26.5558,init()rotateIntoBiaxial(d,0.5441,0.0000,d)nonlinear(d,0.5441,0.0000,250.0000,d)rotateFromBiaxial(d,0.5441,0.0000,d)rotate(-1.3808)rotateIntoBiaxial(d,42.3832,0.0000,d)nonlinear(d,42.3832,0.0000,100.0000,d)rotateFromBiaxial(d,42.3832,0.0000,d)rotate(174.7604)rotateIntoBiaxial(d,140.2317,0.0000,d)nonlinear(d,140.2317,0.0000,250.0000,d)rotateFromBiaxial(d,140.2317,0.0000,d)rotate(-19.5458)rotateIntoBiaxial(d,22.9526,0.0000,d)nonlinear(d,22.9526,0.0000,250.0000,d)rotateFromBiaxial(d,22.9526,0.0000,d)rotate(31.5226)rotateIntoBiaxial(d,1.7689,0.0000,d)nonlinear(d,1.7689,0.0000,150.0000,d)rotateFromBiaxial(d,1.7689,0.0000,d)nonlinear(6,0.0000,0.0000,239.9866,d)rotate(-96.3269)rotateIntoBiaxial(d,21.4822,0.0000,d)nonlinear(d,21.4822,0.0000,200.0000,d)rotateFromBiaxial(d,21.4822,0.0000,d)rotate(-110.6772)nonlinear(6,0.0000,0.0000,122.1448,d)rotateIntoBiaxial(d,3.6004,0.0000,d)nonlinear(d,3.6004,0.0000,200.0000,d)rotateFromBiaxial(d,3.6004,0.0000,d)nonlinear(6,0.0000,0.0000,41.9658,d)linear(0,0,0,8.0000,d)
8694,0,40,19.3921,26.5558,init()rotateIntoBiaxial(d,0.0022,0.0000,d)nonlinear(d,0.0022,0.0000,250.0000,d)rotateFromBiaxial(d,0.0022,0.0000,d)rotate(-8.5551)rotateIntoBiaxial(d,42.0343,0.0000,d)nonlinear(d,42.0343,0.0000,100.0000,d)rotateFromBiaxial(d,42.0343,0.0000,d)rotate(179.8448)rotateIntoBiaxial(d,140.3421,0.0000,d)nonlinear(d,140.3421,0.0000,250.0000,d)rotateFromBiaxial(d,140.3421,0.0000,d)rotateIntoBiaxial(d,25.9819,0.0000,d)nonlinear(d,25.9819,0.0000,200.0000,d)rotateFromBiaxial(d,25.9819,0.0000,d)rotate(24.3778)rotateIntoBiaxial(d,9.8333,0.0000,d)nonlinear(d,9.8333,0.0000,200.0000,d)rotateFromBiaxial(d,9.8333,0.0000,d)nonlinear(6,0.0000,0.0000,235.3161,d)rotate(-102.4012)rotateIntoBiaxial(d,17.3721,0.0000,d)nonlinear(d,17.3721,0.0000,250.0000,d)rotateFromBiaxial(d,17.3721,0.0000,d)rotate(-140.3176)nonlinear(6,0.0000,0.0000,135.3433,d)rotateIntoBiaxial(d,0.7208,0.0000,d)nonlinear(d,0.7208,0.0000,200.0000,d)rotateFromBiaxial(d,0.7208,0.0000,d)nonlinear(6,0.0000,0.0000,37.9440,d)linear(0,0,0,0.0000,d)
8740,0,40,20.7523,26.5558,init()rotateIntoBiaxial(d,0.2330,0.0000,d)nonlinear(d,0.2330,0.0000,250.0000,d)rotateFromBiaxial(d,0.2330,0.0000,d)rotate(-13.2199)rotateIntoBiaxial(d,40.0348,0.0000,d)nonlinear(d,40.0348,0.0000,100.0000,d)rotateFromBiaxial(d,40.0348,0.0000,d)rotate(179.8183)rotateIntoBiaxial(d,139.3676,0.0000,d)nonlinear(d,139.3676,0.0000,200.0000,d)rotateFromBiaxial(d,139.3676,0.0000,d)rotateIntoBiaxial(d,17.3980,0.0000,d)nonlinear(d,17.3980,0.0000,200.0000,d)rotateFromBiaxial(d,17.3980,0.0000,d)rotate(32.7294)rotateIntoBiaxial(d,6.7774,0.0000,d)nonlinear(d,6.7774,0.0000,150.0000,d)rotateFromBiaxial(d,6.7774,0.0000,d)nonlinear(6,0.0000,0.0000,249.9044,d)rotate(-86.7343)rotateIntoBiaxial(d,21.0692,0.0000,d)nonlinear(d,21.0692,0.0000,200.0000,d)rotateFromBiaxial(d,21.0692,0.0000,d)rotate(-112.0940)nonlinear(6,0.0000,0.0000,140.7550,d)rotateIntoBiaxial(d,9.0121,0.0000,d)nonlinear(d,9.0121,0.0000,200.0000,d)rotateFromBiaxial(d,9.0121,0.0000,d)nonlinear(6,0.0000,0.0000,42.5323,d)linear(0,0,0,19.1766,d)
8786,0,40,19.7815,26.5558,init()rotateIntoBiaxial(d,1.6352,0.0000,d)nonlinear(d,1.6352,0.0000,300.0000,d)rotateFromBiaxial(d,1.6352,0.0000,d)rotate(-18.5945)rotateIntoBiaxial(d,39.3529,0.0000,d)nonlinear(d,39.3529,0.0000,100.0000,d)rotateFromBiaxial(d,39.3529,0.0000,d)rotate(179.9585)rotateIntoBiaxial(d,139.5941,0.0000,d)nonlinear(d,139.5941,0.0000,250.0000,d)rotateFromBiaxial(d,139.5941,0.0000,d)rotate(-23.5740)rotateIntoBiaxial(d,22.0971,0.0000,d)nonlinear(d,22.0971,0.0000,300.0000,d)rotateFromBiaxial(d,22.0971,0.0000,d)rotate(31.5124)rotateIntoBiaxial(d,3.7113,0.0000,d)nonlinear(d,3.7113,0.0000,150.0000,d)rotateFromBiaxial(d,3.7113,0.0000,d)nonlinear(6,0.0000,0.0000,255.3161,d)rotate(-58.3477)rotateIntoBiaxial(d,8.5343,0.0000,d)nonlinear(d,8.5343,0.0000,200.0000,d)rotateFromBiaxial(d,8.5343,0.0000,d)rotate(-145.0972)nonlinear(6,0.0000,0.0000,126.1666,d)rotateIntoBiaxial(d,10.3815,0.0000,d)nonlinear(d,10.3815,0.0000,200.0000,d)rotateFromBiaxial(d,10.3815,0.0000,d)nonlinear(6,0.0000,0.0000,37.1206,d)linear(0,0,0,33.7649,d)
8832,0,40,23.2116,26.5558,init()rotateIntoBiaxial(d,0.4423,0.0000,d)nonlinear(d,0.4423,0.0000,300.0000,d)rotateFromBiaxial(d,0.4423,0.0000,d)rotate(-8.0443)rotateIntoBiaxial(d,41.6245,0.0000,d)nonlinear(d,41.6245,0.0000,100.0000,d)rotateFromBiaxial(d,41.6245,0.0000,d)rotate(174.3418)rotateIntoBiaxial(d,140.1914,0.0000,d)nonlinear(d,140.1914,0.0000,250.0000,d)rotateFromBiaxial(d,140.1914,0.0000,d)rotateIntoBiaxial(d,18.5739,0.0000,d)nonlinear(d,18.5739,0.0000,250.0000,d)rotateFromBiaxial(d,18.5739,0.0000,d)rotate(11.5934)rotateIntoBiaxial(d,1.8045,0.0000,d)nonlinear(d,1.8045,0.0000,150.0000,d)rotateFromBiaxial(d,1.8045,0.0000,d)nonlinear(6,0.0000,0.0000,270.3161,d)rotate(-80.4930)rotateIntoBiaxial(d,22.4754,0.0000,d)nonlinear(d,22.4754,0.0000,250.0000,d)rotateFromBiaxial(d,22.4754,0.0000,d)rotate(-132.8360)nonlinear(6,0.0000,0.0000,121.1666,d)rotateIntoBiaxial(d,3.5238,0.0000,d)nonlinear(d,3.5238,0.0000,250.0000,d)rotateFromBiaxial(d,3.5238,0.0000,d)nonlinear(6,0.0000,0.0000,42.1206,d)linear(0,0,0,28.7649,d)
8878,0,40,14.6486,26.5558,init()rotateIntoBiaxial(d,2.3793,0.0000,d)nonlinear(d,2.3793,0.0000,300.0000,d)rotateFromBiaxial(d,2.3793,0.0000,d)rotate(-8.0219)rotateIntoBiaxial(d,42.1523,0.0000,d)nonlinear(d,42.1523,0.0000,100.0000,d)rotateFromBiaxial(d,42.1523,0.0000,d)rotate(178.0843)rotateIntoBiaxial(d,139.8902,0.0000,d)nonlinear(d,139.8902,0.0000,200.0000,d)rotateFromBiaxial(d,139.8902,0.0000,d)rotate(-27.9906)rotateIntoBiaxial(d,9.9237,0.0000,d)nonlinear(d,9.9237,0.0000,250.0000,d)rotateFromBiaxial(d,9.9237,0.0000,d)rotate(22.8929)rotateIntoBiaxial(d,8.5041,0.0000,d)nonlinear(d,8.5041,0.0000,100.0000,d)rotateFromBiaxial(d,8.5041,0.0000,d)nonlinear(6,0.0000,0.0000,282.3161,d)rotate(-86.3881)rotateIntoBiaxial(d,16.8982,0.0000,d)nonlinear(d,16.8982,0.0000,250.0000,d)rotateFromBiaxial(d,16.8982,0.0000,d)rotate(-127.4037)nonlinear(6,0.0000,0.0000,123.1666,d)rotateIntoBiaxial(d,1.5128,0.0000,d)nonlinear(d,1.5128,0.0000,250.0000,d)rotateFromBiaxial(d,1.5128,0.0000,d)nonlinear(6,0.0000,0.0000,34.1206,d)linear(0,0,0,26.7649,d)
8924,0,40,21.1792,26.5558,init()rotateIntoBiaxial(d,0.9617,0.0000,d)nonlinear(d,0.9617,0.0000,300.0000,d)rotateFromBiaxial(d,0.9617,0.0000,d)rotate(1.1954)rotateIntoBiaxial(d,41.0956,0.0000,d)nonlinear(d,41.0956,0.0000,100.0000,d)rotateFromBiaxial(d,41.0956,0.0000,d)rotate(177.3704)rotateIntoBiaxial(d,139.4675,0.0000,d)nonlinear(d,139.4675,0.0000,250.0000,d)rotateFromBiaxial(d,139.4675,0.0000,d)rotate(29.6568)rotateIntoBiaxial(d,12.1773,0.0000,d)nonlinear(d,12.1773,0.0000,150.0000,d)rotateFromBiaxial(d,12.1773,0.0000,d)nonlinear(6,0.0000,0.0000,278.3161,d)rotate(-76.2864)rotateIntoBiaxial(d,20.8030,0.0000,d)nonlinear(d,20.8030,0.0000,200.0000,d)rotateFromBiaxial(d,20.8030,0.0000,d)rotate(-118.6643)nonlinear(6,0.0000,0.0000,129.1666,d)rotateIntoBiaxial(d,5.0594,0.0000,d)nonlinear(d,5.0594,0.0000,200.0000,d)rotateFromBiaxial(d,5.0594,0.0000,d)nonlinear(6,0.0000,0.0000,30.1206,d)linear(0,0,0,30.7649,d)
8970,0,40,22.6918,26.5558,init()rotateIntoBiaxial(d,2.7690,0.0000,d)nonlinear(d,2.7690,0.0000,300.0000,d)rotateFromBiaxial(d,2.7690,0.0000,d)rotate(-7.3849)rotateIntoBiaxial(d,39.8236,0.0000,d)nonlinear(d,39.8236,0.0000,100.0000,d)rotateFromBiaxial(d,39.8236,0.0000,d)rotate(176.4876)rotateIntoBiaxial(d,139.7360,0.0000,d)nonlinear(d,139.7360,0.0000,250.0000,d)rotateFromBiaxial(d,139.7360,0.0000,d)rotateIntoBiaxial(d,13.5918,0.0000,d)nonlinear(d,13.5918,0.0000,200.0000,d)rotateFromBiaxial(d,13.5918,0.0000,d)rotate(27.0798)rotateIntoBiaxial(d,10.3120,0.0000,d)nonlinear(d,10.3120,0.0000,150.0000,d)rotateFromBiaxial(d,10.3120,0.0000,d)nonlinear(6,0.0000,0.0000,294.1684,d)rotate(-84.8390)rotateIntoBiaxial(d,17.4788,0.0000,d)nonlinear(d,17.4788,0.0000,250.0000,d)rotateFromBiaxial(d,17.4788,0.0000,d)rotate(-114.7153)nonlinear(6,0.0000,0.0000,108.1377,d)rotateIntoBiaxial(d,0.7474,0.0000,d)nonlinear(d,0.7474,0.0000,250.0000,d)rotateFromBiaxial(d,0.7474,0.0000,d)nonlinear(6,0.0000,0.0000,37.4449,d)linear(0,0,0,24.0892,d)
9016,0,40,15.0811,26.5558,init()rotateIntoBiaxial(d,1.8851,0.0000,d)nonlinear(d,1.8851,0.0000,250.0000,d)rotateFromBiaxial(d,1.8851,0.0000,d)rotate(-12.3339)rotateIntoBiaxial(d,44.7326,0.0000,d)nonlinear(d,44.7326,0.0000,50.0000,d)rotateFromBiaxial(d,44.7326,0.0000,d)rotate(179.5554)rotateIntoBiaxial(d,140.0606,0.0000,d)nonlinear(d,140.0606,0.0000,250.0000,d)rotateFromBiaxial(d,140.0606,0.0000,d)rotate(-18.0380)rotateIntoBiaxial(d,14.9740,0.0000,d)nonlinear(d,14.9740,0.0000,300.0000,d)rotateFromBiaxial(d,14.9740,0.0000,d)rotate(27.6617)rotateIntoBiaxial(d,0.8695,0.0000,d)nonlinear(d,0.8695,0.0000,150.0000,d)rotateFromBiaxial(d,0.8695,0.0000,d)nonlinear(6,0.0000,0.0000,308.3451,d)rotate(-77.5502)rotateIntoBiaxial(d,18.4682,0.0000,d)nonlinear(d,18.4682,0.0000,250.0000,d)rotateFromBiaxial(d,18.4682,0.0000,d)rotate(-127.9487)nonlinear(6,0.0000,0.0000,113.1377,d)rotateIntoBiaxial(d,3.4177,0.0000,d)nonlinear(d,3.4177,0.0000,250.0000,d)rotateFromBiaxial(d,3.4177,0.0000,d)nonlinear(6,0.0000,0.0000,41.6215,d)linear(0,0,0,29.0892,d)
9062,0,40,16.9634,26.5558,init()rotateIntoBiaxial(d,0.1939,0.0000,d)nonlinear(d,0.1939,0.0000,300.0000,d)rotateFromBiaxial(d,0.1939,0.0000,d)nonlinear(6,0.0000,0.0000,0.0000,d)rotate(-16.1360)rotateIntoBiaxial(d,39.4508,0.0000,d)nonlinear(d,39.4508,0.0000,100.0000,d)rotateFromBiaxial(d,39.4508,0.0000,d)rotate(170.7101)rotateIntoBiaxial(d,139.1666,0.0000,d)nonlinear(d,139.1666,0.0000,250.0000,d)rotateFromBiaxial(d,139.1666,0.0000,d)rotate(-25.3065)rotateIntoBiaxial(d,14.3094,0.0000,d)nonlinear(d,14.3094,0.0000,200.0000,d)rotateFromBiaxial(d,14.3094,0.0000,d)rotate(25.4236)rotateIntoBiaxial(d,5.2976,0.0000,d)nonlinear(d,5.2976,0.0000,150.0000,d)rotateFromBiaxial(d,5.2976,0.0000,d)nonlinear(6,0.0000,0.0000,303.3451,d)rotate(-78.2728)rotateIntoBiaxial(d,16.9078,0.0000,d)nonlinear(d,16.9078,0.0000,250.0000,d)rotateFromBiaxial(d,16.9078,0.0000,d)rotate(-130.9968)nonlinear(6,0.0000,0.0000,128.1377,d)linear(0,0,0,28.3876,d)rotateIntoBiaxial(d,8.6923,0.0000,d)nonlinear(d,8.6923,0.0000,200.0000,d)rotateFromBiaxial(d,8.6923,0.0000,d)nonlinear(6,0.0000,0.0000,36.6215,d)linear(0,0,0,44.0892,d)
9108,0,40,16.3076,26.5558,init()rotateIntoBiaxial(d,1.9899,0.0000,d)nonlinear(d,1.9899,0.0000,250.0000,d)rotateFromBiaxial(d,1.9899,0.0000,d)rotate(-4.0722)rotateIntoBiaxial(d,39.1298,0.0000,d)nonlinear(d,39.1298,0.0000,50.0000,d)rotateFromBiaxial(d,39.1298,0.0000,d)rotate(172.6126)rotateIntoBiaxial(d,139.3597,0.0000,d)nonlinear(d,139.3597,0.0000,250.0000,d)rotateFromBiaxial(d,139.3597,0.0000,d)rotateIntoBiaxial(d,11.3549,0.0000,d)nonlinear(d,11.3549,0.0000,250.0000,d)rotateFromBiaxial(d,11.3549,0.0000,d)rotate(30.0171)rotateIntoBiaxial(d,1.1255,0.0000,d)nonlinear(d,1.1255,0.0000,200.0000,d)rotateFromBiaxial(d,1.1255,0.0000,d)nonlinear(6,0.0000,0.0000,292.1684,d)rotate(-86.2147)rotateIntoBiaxial(d,11.6439,0.0000,d)nonlinear(d,11.6439,0.0000,150.0000,d)rotateFromBiaxial(d,11.6439,0.0000,d)rotate(-96.5475)nonlinear(6,0.0000,0.0000,130.1377,d)rotateIntoBiaxial(d,2.7544,0.0000,d)nonlinear(d,2.7544,0.0000,250.0000,d)rotateFromBiaxial(d,2.7544,0.0000,d)nonlinear(6,0.0000,0.0000,25.4449,d)linear(0,0,0,55.2659,d)
9154,0,40,16.7099,26.5558,init()rotateIntoBiaxial(d,1.2637,0.0000,d)nonlinear(d,1.2637,0.0000,250.0000,d)rotateFromBiaxial(d,1.2637,0.0000,d)rotate(-23.8028)rotateIntoBiaxial(d,41.6798,0.0000,d)nonlinear(d,41.6798,0.0000,100.0000,d)rotateFromBiaxial(d,41.6798,0.0000,d)rotate(178.8945)rotateIntoBiaxial(d,139.7693,0.0000,d)nonlinear(d,139.7693,0.0000,250.0000,d)rotateFromBiaxial(d,139.7693,0.0000,d)rotateIntoBiaxial(d,15.6634,0.0000,d)nonlinear(d,15.6634,0.0000,200.0000,d)rotateFromBiaxial(d,15.6634,0.0000,d)rotate(8.4326)rotateIntoBiaxial(d,0.0000,0.0000,d)nonlinear(d,0.0000,0.0000,150.0000,d)rotateFromBiaxial(d,0.0000,0.0000,d)nonlinear(6,0.0000,0.0000,284.5801,d)rotate(-75.4339)rotateIntoBiaxial(d,7.8901,0.0000,d)nonlinear(d,7.8901,0.0000,250.0000,d)rotateFromBiaxial(d,7.8901,0.0000,d)rotate(-106.2087)nonlinear(6,0.0000,0.0000,147.7260,d)rotateIntoBiaxial(d,4.4008,0.0000,d)nonlinear(d,4.4008,0.0000,250.0000,d)rotateFromBiaxial(d,4.4008,0.0000,d)nonlinear(6,0.0000,0.0000,27.8566,d)linear(0,0,0,62.8542,d)
9200,0,40,18.0168,26.5558,init()rotateIntoBiaxial(d,1.9155,0.0000,d)nonlinear(d,1.9155,0.0000,250.0000,d)rotateFromBiaxial(d,1.9155,0.0000,d)rotate(-12.2832)rotateIntoBiaxial(d,41.1926,0.0000,d)nonlinear(d,41.1926,0.0000,50.0000,d)rotateFromBiaxial(d,41.1926,0.0000,d)rotate(178.9678)rotateIntoBiaxial(d,140.0140,0.0000,d)nonlinear(d,140.0140,0.0000,250.0000,d)rotateFromBiaxial(d,140.0140,0.0000,d)rotate(-8.6747)rotateIntoBiaxial(d,15.8215,0.0000,d)nonlinear(d,15.8215,0.0000,200.0000,d)rotateFromBiaxial(d,15.8215,0.0000,d)rotate(26.4214)rotateIntoBiaxial(d,3.3424,0.0000,d)nonlinear(d,3.3424,0.0000,150.0000,d)rotateFromBiaxial(d,3.3424,0.0000,d)nonlinear(6,0.0000,0.0000,279.5801,d)rotate(-72.6402)rotateIntoBiaxial(d,13.0049,0.0000,d)nonlinear(d,13.0049,0.0000,250.0000,d)rotateFromBiaxial(d,13.0049,0.0000,d)rotate(-98.3332)nonlinear(6,0.0000,0.0000,152.7260,d)rotateIntoBiaxial(d,11.3573,0.0000,d)nonlinear(d,11.3573,0.0000,200.0000,d)rotateFromBiaxial(d,11.3573,0.0000,d)nonlinear(6,0.0000,0.0000,32.8566,d)linear(0,0,0,57.8542,d)
9246,0,40,27.1487,27.1487,init()rotateIntoBiaxial(d,0.3966,0.0000,d)nonlinear(d,0.3966,0.0000,300.0000,d)rotateFromBiaxial(d,0.3966,0.0000,d)rotate(2.0447)rotateIntoBiaxial(d,40.5809,0.0000,d)nonlinear(d,40.5809,0.0000,100.0000,d)rotateFromBiaxial(d,40.5809,0.0000,d)rotate(179.9095)rotateIntoBiaxial(d,139.7515,0.0000,d)nonlinear(d,139.7515,0.0000,300.0000,d)rotateFromBiaxial(d,139.7515,0.0000,d)rotate(23.5808)rotateIntoBiaxial(d,5.4377,0.0000,d)nonlinear(d,5.4377,0.0000,100.0000,d)rotateFromBiaxial(d,5.4377,0.0000,d)nonlinear(6,0.0000,0.0000,274.5801,d)rotate(-67.6937)rotateIntoBiaxial(d,19.6776,0.0000,d)nonlinear(d,19.6776,0.0000,200.0000,d)rotateFromBiaxial(d,19.6776,0.0000,d)rotate(-116.7700)nonlinear(6,0.0000,0.0000,167.7260,d)rotateIntoBiaxial(d,5.1374,0.0000,d)nonlinear(d,5.1374,0.0000,200.0000,d)rotateFromBiaxial(d,5.1374,0.0000,d)nonlinear(6,0.0000,0.0000,27.8566,d)linear(0,0,0,42.8542,d)
9292,0,40,22.4723,27.1487,init()rotateIntoBiaxial(d,2.7735,0.0000,d)nonlinear(d,2.7735,0.0000,300.0000,d)rotateFromBiaxial(d,2.7735,0.0000,d)rotate(-10.4029)rotateIntoBiaxial(d,41.0376,0.0000,d)nonlinear(d,41.0376,0.0000,100.0000,d)rotateFromBiaxial(d,41.0376,0.0000,d)rotate(178.8320)rotateIntoBiaxial(d,139.7488,0.0000,d)nonlinear(d,139.7488,0.0000,250.0000,d)rotateFromBiaxial(d,139.7488,0.0000,d)rotateIntoBiaxial(d,14.1201,0.0000,d)nonlinear(d,14.1201,0.0000,150.0000,d)rotateFromBiaxial(d,14.1201,0.0000,d)rotate(24.3699)rotateIntoBiaxial(d,1.0759,0.0000,d)nonlinear(d,1.0759,0.0000,100.0000,d)rotateFromBiaxial(d,1.0759,0.0000,d)nonlinear(6,0.0000,0.0000,289.1684,d)rotate(-82.1926)rotateIntoBiaxial(d,17.7297,0.0000,d)nonlinear(d,17.7297,0.0000,200.0000,d)rotateFromBiaxial(d,17.7297,0.0000,d)rotate(-122.9397)nonlinear(6,0.0000,0.0000,162.3143,d)rotateIntoBiaxial(d,8.5822,0.0000,d)nonlinear(d,8.5822,0.0000,200.0000,d)rotateFromBiaxial(d,8.5822,0.0000,d)nonlinear(6,0.0000,0.0000,32.4449,d)linear(0,0,0,48.2659,d)
9338,0,40,11.5748,27.1487,init()rotateIntoBiaxial(d,3.4578,0.0000,d)nonlinear(d,3.4578,0.0000,250.0000,d)rotateFromBiaxial(d,3.4578,0.0000,d)rotate(-1.0096)rotateIntoBiaxial(d,44.8466,0.0000,d)nonlinear(d,44.8466,0.0000,100.0000,d)rotateFromBiaxial(d,44.8466,0.0000,d)rotate(179.2137)rotateIntoBiaxial(d,139.6051,0.0000,d)nonlinear(d,139.6051,0.0000,250.0000,d)rotateFromBiaxial(d,139.6051,0.0000,d)rotateIntoBiaxial(d,7.9461,0.0000,d)nonlinear(d,7.9461,0.0000,250.0000,d)rotateFromBiaxial(d,7.9461,0.0000,d)rotate(19.2306)rotateIntoBiaxial(d,0.4780,0.0000,d)nonlinear(d,0.4780,0.0000,100.0000,d)rotateFromBiaxial(d,0.4780,0.0000,d)nonlinear(6,0.0000,0.0000,299.1684,d)rotate(-80.2930)rotateIntoBiaxial(d,20.4454,0.0000,d)nonlinear(d,20.4454,0.0000,150.0000,d)rotateFromBiaxial(d,20.4454,0.0000,d)rotate(-121.6561)nonlinear(6,0.0000,0.0000,162.3143,d)rotateIntoBiaxial(d,1.6344,0.0000,d)nonlinear(d,1.6344,0.0000,250.0000,d)rotateFromBiaxial(d,1.6344,0.0000,d)nonlinear(6,0.0000,0.0000,42.4449,d)linear(0,0,0,38.2659,d)
9384,0,40,12.9045,27.1487,init()rotateIntoBiaxial(d,3.7352,0.0000,d)nonlinear(d,3.7352,0.0000,300.0000,d)rotateFromBiaxial(d,3.7352,0.0000,d)rotate(4.2234)rotateIntoBiaxial(d,40.2824,0.0000,d)nonlinear(d,40.2824,0.0000,100.0000,d)rotateFromBiaxial(d,40.2824,0.0000,d)rotate(172.9692)rotateIntoBiaxial(d,140.3799,0.0000,d)nonlinear(d,140.3799,0.0000,200.0000,d)rotateFromBiaxial(d,140.3799,0.0000,d)rotate(-14.2302)rotateIntoBiaxial(d,19.1532,0.0000,d)nonlinear(d,19.1532,0.0000,200.0000,d)rotateFromBiaxial(d,19.1532,0.0000,d)rotate(34.5665)rotateIntoBiaxial(d,1.2490,0.0000,d)nonlinear(d,1.2490,0.0000,100.0000,d)rotateFromBiaxial(d,1.2490,0.0000,d)nonlinear(6,0.0000,0.0000,309.1684,d)rotate(-83.8011)rotateIntoBiaxial(d,27.0181,0.0000,d)nonlinear(d,27.0181,0.0000,250.0000,d)rotateFromBiaxial(d,27.0181,0.0000,d)rotate(-104.7760)nonlinear(6,0.0000,0.0000,172.3143,d)rotateIntoBiaxial(d,0.1908,0.0000,d)nonlinear(d,0.1908,0.0000,200.0000,d)rotateFromBiaxial(d,0.1908,0.0000,d)nonlinear(6,0.0000,0.0000,62.4449,d)linear(0,0,0,28.2659,d)
9430,0,40,18.0588,27.1487,init()rotateIntoBiaxial(d,4.0069,0.0000,d)nonlinear(d,4.0069,0.0000,250.0000,d)rotateFromBiaxial(d,4.0069,0.0000,d)rotate(9.7716)rotateIntoBiaxial(d,41.7034,0.0000,d)nonlinear(d,41.7034,0.0000,100.0000,d)rotateFromBiaxial(d,41.7034,0.0000,d)rotate(177.6043)rotateIntoBiaxial(d,139.9048,0.0000,d)nonlinear(d,139.9048,0.0000,250.0000,d)rotateFromBiaxial(d,139.9048,0.0000,d)rotate(-29.3288)rotateIntoBiaxial(d,17.4207,0.0000,d)nonlinear(d,17.4207,0.0000,200.0000,d)rotateFromBiaxial(d,17.4207,0.0000,d)rotate(24.9300)rotateIntoBiaxial(d,1.8836,0.0000,d)nonlinear(d,1.8836,0.0000,100.0000,d)rotateFromBiaxial(d,1.8836,0.0000,d)nonlinear(6,0.0000,0.0000,323.3451,d)rotate(-85.5027)rotateIntoBiaxial(d,19.6293,0.0000,d)nonlinear(d,19.6293,0.0000,250.0000,d)rotateFromBiaxial(d,19.6293,0.0000,d)rotate(-109.6310)nonlinear(6,0.0000,0.0000,167.3143,d)rotateIntoBiaxial(d,5.8368,0.0000,d)nonlinear(d,5.8368,0.0000,200.0000,d)rotateFromBiaxial(d,5.8368,0.0000,d)nonlinear(6,0.0000,0.0000,67.4449,d)linear(0,0,0,23.2659,d)
9476,0,40,15.7187,27.1487,init()rotateIntoBiaxial(d,2.3059,0.0000,d)nonlinear(d,2.3059,0.0000,300.0000,d)rotateFromBiaxial(d,2.3059,0.0000,d)rotate(5.7581)rotateIntoBiaxial(d,39.6503,0.0000,d)nonlinear(d,39.6503,0.0000,150.0000,d)rotateFromBiaxial(d,39.6503,0.0000,d)rotate(176.5411)rotateIntoBiaxial(d,139.1315,0.0000,d)nonlinear(d,139.1315,0.0000,300.0000,d)rotateFromBiaxial(d,139.1315,0.0000,d)rotate(3.6374)rotateIntoBiaxial(d,1.3760,0.0000,d)nonlinear(d,1.3760,0.0000,150.0000,d)rotateFromBiaxial(d,1.3760,0.0000,d)nonlinear(6,0.0000,0.0000,337.9334,d)rotate(-70.9854)rotateIntoBiaxial(d,13.9168,0.0000,d)nonlinear(d,13.9168,0.0000,150.0000,d)rotateFromBiaxial(d,13.9168,0.0000,d)rotate(-110.0546)nonlinear(6,0.0000,0.0000,152.7260,d)rotateIntoBiaxial(d,3.6971,0.0000,d)nonlinear(d,3.6971,0.0000,200.0000,d)rotateFromBiaxial(d,3.6971,0.0000,d)nonlinear(6,0.0000,0.0000,62.8566,d)linear(0,0,0,17.8542,d)
9522,0,40,22.6577,27.1487,init()rotateIntoBiaxial(d,0.9820,0.0000,d)nonlinear(d,0.9820,0.0000,300.0000,d)rotateFromBiaxial(d,0.9820,0.0000,d)rotate(6.7267)rotateIntoBiaxial(d,41.2032,0.0000,d)nonlinear(d,41.2032,0.0000,100.0000,d)rotateFromBiaxial(d,41.2032,0.0000,d)rotate(172.2679)rotateIntoBiaxial(d,140.1299,0.0000,d)nonlinear(d,140.1299,0.0000,250.0000,d)rotateFromBiaxial(d,140.1299,0.0000,d)rotate(-16.8607)rotateIntoBiaxial(d,6.5329,0.0000,d)nonlinear(d,6.5329,0.0000,200.0000,d)rotateFromBiaxial(d,6.5329,0.0000,d)rotate(27.3737)rotateIntoBiaxial(d,4.7959,0.0000,d)nonlinear(d,4.7959,0.0000,100.0000,d)rotateFromBiaxial(d,4.7959,0.0000,d)nonlinear(6,0.0000,0.0000,345.5217,d)rotate(-88.9481)rotateIntoBiaxial(d,26.7509,0.0000,d)nonlinear(d,26.7509,0.0000,250.0000,d)rotateFromBiaxial(d,26.7509,0.0000,d)rotate(-94.8580)nonlinear(6,0.0000,0.0000,151.1377,d)linear(0,0,0,8.0000,d)rotateIntoBiaxial(d,1.9136,0.0000,d)nonlinear(d,1.9136,0.0000,200.0000,d)rotateFromBiaxial(d,1.9136,0.0000,d)nonlinear(6,0.0000,0.0000,70.4449,d)linear(0,0,0,10.2659,d)
9568,0,40,25.4338,27.1487,init()rotateIntoBiaxial(d,0.5088,0.0000,d)nonlinear(d,0.5088,0.0000,250.0000,d)rotateFromBiaxial(d,0.5088,0.0000,d)rotate(0.5965)rotateIntoBiaxial(d,41.0667,0.0000,d)nonlinear(d,41.0667,0.0000,100.0000,d)rotateFromBiaxial(d,41.0667,0.0000,d)rotate(178.2857)rotateIntoBiaxial(d,139.7998,0.0000,d)nonlinear(d,139.7998,0.0000,250.0000,d)rotateFromBiaxial(d,139.7998,0.0000,d)rotateIntoBiaxial(d,14.2314,0.0000,d)nonlinear(d,14.2314,0.0000,150.0000,d)rotateFromBiaxial(d,14.2314,0.0000,d)rotate(5.7037)rotateIntoBiaxial(d,2.5229,0.0000,d)nonlinear(d,2.5229,0.0000,100.0000,d)rotateFromBiaxial(d,2.5229,0.0000,d)nonlinear(6,0.0000,0.0000,356.6983,d)rotate(-79.8082)rotateIntoBiaxial(d,18.8979,0.0000,d)nonlinear(d,18.8979,0.0000,200.0000,d)rotateFromBiaxial(d,18.8979,0.0000,d)rotate(-114.0829)nonlinear(6,0.0000,0.0000,153.1377,d)rotateIntoBiaxial(d,1.5475,0.0000,d)nonlinear(d,1.5475,0.0000,200.0000,d)rotateFromBiaxial(d,1.5475,0.0000,d)nonlinear(6,0.0000,0.0000,81.6215,d)linear(0,0,0,8.2659,d)
9614,0,40,26.6355,27.1487,init()rotateIntoBiaxial(d,1.1889,0.0000,d)nonlinear(d,1.1889,0.0000,300.0000,d)rotateFromBiaxial(d,1.1889,0.0000,d)rotate(4.1096)rotateIntoBiaxial(d,40.6557,0.0000,d)nonlinear(d,40.6557,0.0000,100.0000,d)rotateFromBiaxial(d,40.6557,0.0000,d)rotate(178.3503)rotateIntoBiaxial(d,139.9198,0.0000,d)nonlinear(d,139.9198,0.0000,250.0000,d)rotateFromBiaxial(d,139.9198,0.0000,d)rotateIntoBiaxial(d,15.4747,0.0000,d)nonlinear(d,15.4747,0.0000,200.0000,d)rotateFromBiaxial(d,15.4747,0.0000,d)rotate(30.8038)rotateIntoBiaxial(d,4.2212,0.0000,d)nonlinear(d,4.2212,0.0000,100.0000,d)rotateFromBiaxial(d,4.2212,0.0000,d)nonlinear(6,0.0000,0.0000,361.6983,d)rotate(-86.0064)rotateIntoBiaxial(d,18.2357,0.0000,d)nonlinear(d,18.2357,0.0000,200.0000,d)rotateFromBiaxial(d,18.2357,0.0000,d)rotate(-98.6138)nonlinear(6,0.0000,0.0000,148.1377,d)rotateIntoBiaxial(d,2.2211,0.0000,d)nonlinear(d,2.2211,0.0000,250.0000,d)rotateFromBiaxial(d,2.2211,0.0000,d)nonlinear(6,0.0000,0.0000,76.6215,d)linear(0,0,0,23.2659,d)
9660,0,40,16.2217,27.1487,init()rotateIntoBiaxial(d,0.0085,0.0000,d)nonlinear(d,0.0085,0.0000,300.0000,d)rotateFromBiaxial(d,0.0085,0.0000,d)rotate(-5.3331)rotateIntoBiaxial(d,46.7024,0.0000,d)nonlinear(d,46.7024,0.0000,100.0000,d)rotateFromBiaxial(d,46.7024,0.0000,d)rotate(175.3877)rotateIntoBiaxial(d,139.9863,0.0000,d)nonlinear(d,139.9863,0.0000,250.0000,d)rotateFromBiaxial(d,139.9863,0.0000,d)rotate(-18.1084)rotateIntoBiaxial(d,14.8703,0.0000,d)nonlinear(d,14.8703,0.0000,200.0000,d)rotateFromBiaxial(d,14.8703,0.0000,d)rotate(21.6070)rotateIntoBiaxial(d,4.0233,0.0000,d)nonlinear(d,4.0233,0.0000,100.0000,d)rotateFromBiaxial(d,4.0233,0.0000,d)nonlinear(6,0.0000,0.0000,366.6983,d)rotate(-73.7042)rotateIntoBiaxial(d,23.6082,0.0000,d)nonlinear(d,23.6082,0.0000,250.0000,d)rotateFromBiaxial(d,23.6082,0.0000,d)rotate(-103.5699)nonlinear(6,0.0000,0.0000,163.1377,d)rotateIntoBiaxial(d,6.4661,0.0000,d)nonlinear(d,6.4661,0.0000,250.0000,d)rotateFromBiaxial(d,6.4661,0.0000,d)nonlinear(6,0.0000,0.0000,81.6215,d)linear(0,0,0,28.2659,d)
9706,0,40,18.5211,27.1487,init()rotateIntoBiaxial(d,1.4562,0.0000,d)nonlinear(d,1.4562,0.0000,250.0000,d)rotateFromBiaxial(d,1.4562,0.0000,d)rotate(11.8500)rotateIntoBiaxial(d,42.2743,0.0000,d)nonlinear(d,42.2743,0.0000,50.0000,d)rotateFromBiaxial(d,42.2743,0.0000,d)rotate(178.5027)rotateIntoBiaxial(d,140.0764,0.0000,d)nonlinear(d,140.0764,0.0000,250.0000,d)rotateFromBiaxial(d,140.0764,0.0000,d)rotate(-30.6575)rotateIntoBiaxial(d,24.6603,0.0000,d)nonlinear(d,24.6603,0.0000,200.0000,d)rotateFromBiaxial(d,24.6603,0.0000,d)rotate(8.0369)rotateIntoBiaxial(d,5.6004,0.0000,d)nonlinear(d,5.6004,0.0000,100.0000,d)rotateFromBiaxial(d,5.6004,0.0000,d)nonlinear(6,0.0000,0.0000,380.4633,d)rotate(-68.2605)rotateIntoBiaxial(d,11.1627,0.0000,d)nonlinear(d,11.1627,0.0000,250.0000,d)rotateFromBiaxial(d,11.1627,0.0000,d)rotate(-109.4310)rotateIntoBiaxial(d,11.4285,0.0000,d)nonlinear(d,11.4285,0.0000,200.0000,d)rotateFromBiaxial(d,11.4285,0.0000,d)nonlinear(6,0.0000,0.0000,149.3727,d)rotateIntoBiaxial(d,3.2433,0.0000,d)nonlinear(d,3.2433,0.0000,200.0000,d)rotateFromBiaxial(d,3.2433,0.0000,d)nonlinear(6,0.0000,0.0000,86.2098,d)linear(0,0,0,32.8542,d)
9752,0,40,22.3996,27.1487,init()rotateIntoBiaxial(d,3.0273,0.0000,d)nonlinear(d,3.0273,0.0000,250.0000,d)rotateFromBiaxial(d,3.0273,0.0000,d)rotate(12.9958)rotateIntoBiaxial(d,40.9545,0.0000,d)nonlinear(d,40.9545,0.0000,100.0000,d)rotateFromBiaxial(d,40.9545,0.0000,d)rotate(177.4774)rotateIntoBiaxial(d,139.9301,0.0000,d)nonlinear(d,139.9301,0.0000,300.0000,d)rotateFromBiaxial(d,139.9301,0.0000,d)rotateIntoBiaxial(d,21.0564,0.0000,d)nonlinear(d,21.0564,0.0000,200.0000,d)rotateFromBiaxial(d,21.0564,0.0000,d)rotate(-4.3938)rotateIntoBiaxial(d,5.2651,0.0000,d)nonlinear(d,5.2651,0.0000,100.0000,d)rotateFromBiaxial(d,5.2651,0.0000,d)nonlinear(6,0.0000,0.0000,395.0516,d)rotate(-72.1778)rotateIntoBiaxial(d,23.7413,0.0000,d)nonlinear(d,23.7413,0.0000,150.0000,d)rotateFromBiaxial(d,23.7413,0.0000,d)rotate(-104.3332)nonlinear(6,0.0000,0.0000,144.7844,d)linear(0,0,0,0.0000,d)rotateIntoBiaxial(d,1.7122,0.0000,d)nonlinear(d,1.7122,0.0000,200.0000,d)rotateFromBiaxial(d,1.7122,0.0000,d)nonlinear(6,0.0000,0.0000,80.7981,d)linear(0,0,0,27.4425,d)
9798,0,40,20.1516,27.1487,init()rotateIntoBiaxial(d,0.5205,0.0000,d)nonlinear(d,0.5205,0.0000,300.0000,d)rotateFromBiaxial(d,0.5205,0.0000,d)rotate(22.8328)rotateIntoBiaxial(d,39.7682,0.0000,d)nonlinear(d,39.7682,0.0000,100.0000,d)rotateFromBiaxial(d,39.7682,0.0000,d)rotate(179.9931)rotateIntoBiaxial(d,139.5339,0.0000,d)nonlinear(d,139.5339,0.0000,300.0000,d)rotateFromBiaxial(d,139.5339,0.0000,d)rotate(-42.9826)rotateIntoBiaxial(d,20.9952,0.0000,d)nonlinear(d,20.9952,0.0000,150.0000,d)rotateFromBiaxial(d,20.9952,0.0000,d)rotate(20.0291)rotateIntoBiaxial(d,2.0022,0.0000,d)nonlinear(d,2.0022,0.0000,50.0000,d)rotateFromBiaxial(d,2.0022,0.0000,d)nonlinear(6,0.0000,0.0000,392.4633,d)rotate(-81.9154)rotateIntoBiaxial(d,27.8769,0.0000,d)nonlinear(d,27.8769,0.0000,250.0000,d)rotateFromBiaxial(d,27.8769,0.0000,d)rotate(-115.1338)nonlinear(6,0.0000,0.0000,138.1961,d)rotateIntoBiaxial(d,3.0127,0.0000,d)nonlinear(d,3.0127,0.0000,250.0000,d)rotateFromBiaxial(d,3.0127,0.0000,d)nonlinear(6,0.0000,0.0000,74.2098,d)linear(0,0,0,24.8542,d)
9844,0,40,20.2423,27.1487,init()rotateIntoBiaxial(d,1.2676,0.0000,d)nonlinear(d,1.2676,0.0000,300.0000,d)rotateFromBiaxial(d,1.2676,0.0000,d)rotate(13.3117)rotateIntoBiaxial(d,41.1072,0.0000,d)nonlinear(d,41.1072,0.0000,100.0000,d)rotateFromBiaxial(d,41.1072,0.0000,d)rotate(167.4664)rotateIntoBiaxial(d,139.5852,0.0000,d)nonlinear(d,139.5852,0.0000,250.0000,d)rotateFromBiaxial(d,139.5852,0.0000,d)rotateIntoBiaxial(d,13.4393,0.0000,d)nonlinear(d,13.4393,0.0000,200.0000,d)rotateFromBiaxial(d,13.4393,0.0000,d)rotate(9.0744)rotateIntoBiaxial(d,5.0580,0.0000,d)nonlinear(d,5.0580,0.0000,100.0000,d)rotateFromBiaxial(d,5.0580,0.0000,d)nonlinear(6,0.0000,0.0000,405.0516,d)rotate(-85.5030)rotateIntoBiaxial(d,27.7956,0.0000,d)nonlinear(d,27.7956,0.0000,250.0000,d)rotateFromBiaxial(d,27.7956,0.0000,d)rotate(-98.5512)nonlinear(6,0.0000,0.0000,135.6078,d)rotateIntoBiaxial(d,1.7419,0.0000,d)nonlinear(d,1.7419,0.0000,250.0000,d)rotateFromBiaxial(d,1.7419,0.0000,d)nonlinear(6,0.0000,0.0000,81.6215,d)linear(0,0,0,26.6191,d)
9890,0,40,19.6278,27.1487,init()rotateIntoBiaxial(d,0.4191,0.0000,d)nonlinear(d,0.4191,0.0000,250.0000,d)rotateFromBiaxial(d,0.4191,0.0000,d)rotate(5.2783)rotateIntoBiaxial(d,40.7963,0.0000,d)nonlinear(d,40.7963,0.0000,50.0000,d)rotateFromBiaxial(d,40.7963,0.0000,d)rotate(178.3345)rotateIntoBiaxial(d,139.6717,0.0000,d)nonlinear(d,139.6717,0.0000,250.0000,d)rotateFromBiaxial(d,139.6717,0.0000,d)rotate(-35.1142)rotateIntoBiaxial(d,22.5562,0.0000,d)nonlinear(d,22.5562,0.0000,200.0000,d)rotateFromBiaxial(d,22.5562,0.0000,d)rotate(0.6671)rotateIntoBiaxial(d,9.8557,0.0000,d)nonlinear(d,9.8557,0.0000,50.0000,d)rotateFromBiaxial(d,9.8557,0.0000,d)nonlinear(6,0.0000,0.0000,405.0516,d)rotate(-85.3151)rotateIntoBiaxial(d,22.1855,0.0000,d)nonlinear(d,22.1855,0.0000,200.0000,d)rotateFromBiaxial(d,22.1855,0.0000,d)rotate(-115.5487)nonlinear(6,0.0000,0.0000,135.6078,d)rotateIntoBiaxial(d,1.8517,0.0000,d)nonlinear(d,1.8517,0.0000,250.0000,d)rotateFromBiaxial(d,1.8517,0.0000,d)nonlinear(6,0.0000,0.0000,81.6215,d)linear(0,0,0,26.6191,d)
9936,0,40,20.6517,27.1487,init()rotateIntoBiaxial(d,0.1645,0.0000,d)nonlinear(d,0.1645,0.0000,250.0000,d)rotateFromBiaxial(d,0.1645,0.0000,d)rotate(-3.3203)rotateIntoBiaxial(d,39.4147,0.0000,d)nonlinear(d,39.4147,0.0000,100.0000,d)rotateFromBiaxial(d,39.4147,0.0000,d)rotate(179.9152)rotateIntoBiaxial(d,139.8420,0.0000,d)nonlinear(d,139.8420,0.0000,250.0000,d)rotateFromBiaxial(d,139.8420,0.0000,d)rotateIntoBiaxial(d,13.9111,0.0000,d)nonlinear(d,13.9111,0.0000,200.0000,d)rotateFromBiaxial(d,13.9111,0.0000,d)rotate(-7.5025)rotateIntoBiaxial(d,15.1128,0.0000,d)nonlinear(d,15.1128,0.0000,100.0000,d)rotateFromBiaxial(d,15.1128,0.0000,d)nonlinear(6,0.0000,0.0000,395.1390,d)rotate(-103.2336)rotateIntoBiaxial(d,21.3824,0.0000,d)nonlinear(d,21.3824,0.0000,250.0000,d)rotateFromBiaxial(d,21.3824,0.0000,d)rotate(-109.0131)nonlinear(6,0.0000,0.0000,154.8718,d)linear(0,0,0,8.5280,d)rotateIntoBiaxial(d,13.1400,0.0000,d)nonlinear(d,13.1400,0.0000,200.0000,d)rotateFromBiaxial(d,13.1400,0.0000,d)nonlinear(6,0.0000,0.0000,101.5341,d)linear(0,0,0,27.3551,d)
9982,0,40,22.0743,27.1487,init()rotateIntoBiaxial(d,1.9831,0.0000,d)nonlinear(d,1.9831,0.0000,250.0000,d)rotateFromBiaxial(d,1.9831,0.0000,d)rotate(-0.4524)rotateIntoBiaxial(d,39.7033,0.0000,d)nonlinear(d,39.7033,0.0000,100.0000,d)rotateFromBiaxial(d,39.7033,0.0000,d)rotate(179.1898)rotateIntoBiaxial(d,139.2130,0.0000,d)nonlinear(d,139.2130,0.0000,250.0000,d)rotateFromBiaxial(d,139.2130,0.0000,d)rotate(-21.7703)rotate(-6.1585)rotateIntoBiaxial(d,18.5107,0.0000,d)nonlinear(d,18.5107,0.0000,50.0000,d)rotateFromBiaxial(d,18.5107,0.0000,d)nonlinear(6,0.0000,0.0000,383.1390,d)rotate(-91.7702)rotateIntoBiaxial(d,23.1528,0.0000,d)nonlinear(d,23.1528,0.0000,250.0000,d)rotateFromBiaxial(d,23.1528,0.0000,d)rotate(-112.3415)nonlinear(6,0.0000,0.0000,152.8718,d)rotateIntoBiaxial(d,5.0807,0.0000,d)nonlinear(d,5.0807,0.0000,300.0000,d)rotateFromBiaxial(d,5.0807,0.0000,d)nonlinear(6,0.0000,0.0000,99.5341,d)linear(0,0,0,29.3551,d)
10028,0,40,20.5606,27.1487,init()rotateIntoBiaxial(d,1.2921,0.0000,d)nonlinear(d,1.2921,0.0000,250.0000,d)rotateFromBiaxial(d,1.2921,0.0000,d)rotate(-4.4810)rotateIntoBiaxial(d,39.8953,0.0000,d)nonlinear(d,39.8953,0.0000,150.0000,d)rotateFromBiaxial(d,39.8953,0.0000,d)rotate(178.9964)rotateIntoBiaxial(d,139.4802,0.0000,d)nonlinear(d,139.4802,0.0000,250.0000,d)rotateFromBiaxial(d,139.4802,0.0000,d)rotate(-25.7475)rotateIntoBiaxial(d,17.4302,0.0000,d)nonlinear(d,17.4302,0.0000,200.0000,d)rotateFromBiaxial(d,17.4302,0.0000,d)rotate(19.8345)rotateIntoBiaxial(d,18.0206,0.0000,d)nonlinear(d,18.0206,0.0000,100.0000,d)rotateFromBiaxial(d,18.0206,0.0000,d)nonlinear(6,0.0000,0.0000,395.1390,d)rotate(-86.2576)rotateIntoBiaxial(d,22.6597,0.0000,d)nonlinear(d,22.6597,0.0000,200.0000,d)rotateFromBiaxial(d,22.6597,0.0000,d)rotate(-99.9253)nonlinear(6,0.0000,0.0000,145.6952,d)linear(0,0,0,14.1766,d)rotateIntoBiaxial(d,3.3318,0.0000,d)nonlinear(d,3.3318,0.0000,250.0000,d)rotateFromBiaxial(d,3.3318,0.0000,d)nonlinear(6,0.0000,0.0000,92.3575,d)linear(0,0,0,17.3551,d)
