Evals,Restart,PopSize,BestGenRawEff,GlobalBestRawEff,BestGenSequence
46,0,40,4.5824,4.5824,init()rotateIntoBiaxial(d,1.6135,0.0000,d)nonlinear(d,1.6135,0.0000,400.0000,d)rotateFromBiaxial(d,1.6135,0.0000,d)nonlinear(6,0.0000,0.0000,10.0607,d)linear(0,0,0,39.0418,d)rotateIntoBiaxial(d,39.8851,0.0000,d)nonlinear(d,39.8851,0.0000,300.0000,d)rotateFromBiaxial(d,39.8851,0.0000,d)linear(0,0,0,49.7445,d)rotate(171.4870)rotateIntoBiaxial(d,125.6677,0.0000,d)nonlinear(d,125.6677,0.0000,200.0000,d)rotateFromBiaxial(d,125.6677,0.0000,d)linear(0,0,0,13.7718,d)rotateIntoBiaxial(d,4.9882,0.0000,d)nonlinear(d,4.9882,0.0000,15.2650,d)rotateFromBiaxial(d,4.9882,0.0000,d)nonlinear(6,0.0000,0.0000,9.5527,d)rotate(0.8031)rotateIntoBiaxial(d,11.4411,0.0000,d)nonlinear(d,11.4411,0.0000,6.7897,d)rotateFromBiaxial(d,11.4411,0.0000,d)nonlinear(6,0.0000,0.0000,1.0152,d)linear(0,0,0,2.3955,d)rotate(0.2513)linear(0,0,0,13.2890,d)rotate(-10.1117)
92,0,40,7.6848,7.6848,init()rotateIntoBiaxial(d,3.3839,0.0000,d)nonlinear(d,3.3839,0.0000,400.0000,d)rotateFromBiaxial(d,3.3839,0.0000,d)rotate(4.9056)rotateIntoBiaxial(d,39.7240,0.0000,d)nonlinear(d,39.7240,0.0000,250.0000,d)rotateFromBiaxial(d,39.7240,0.0000,d)linear(0,0,0,63.6668,d)rotate(179.9901)rotateIntoBiaxial(d,139.3159,0.0000,d)nonlinear(d,139.3159,0.0000,250.0000,d)rotateFromBiaxial(d,139.3159,0.0000,d)linear(0,0,0,73.6626,d)nonlinear(6,0.0000,0.0000,13.0947,d)linear(0,0,0,97.4770,d)nonlinear(6,0.0000,0.0000,26.9705,d)linear(0,0,0,34.4392,d)rotateIntoBiaxial(d,14.1904,0.0000,d)nonlinear(d,14.1904,0.0000,13.1167,d)rotateFromBiaxial(d,14.1904,0.0000,d)nonlinear(6,0.0000,0.0000,7.7326,d)
138,0,40,0.0000,7.6848,init()rotateIntoBiaxial(d,5.0548,0.0000,d)nonlinear(d,5.0548,0.0000,400.0000,d)rotateFromBiaxial(d,5.0548,0.0000,d)rotateIntoBiaxial(d,40.8299,0.0000,d)nonlinear(d,40.8299,0.0000,200.0000,d)rotateFromBiaxial(d,40.8299,0.0000,d)nonlinear(6,0.0000,0.0000,3.8546,d)rotate(159.2837)rotateIntoBiaxial(d,128.4679,0.0000,d)nonlinear(d,128.4679,0.0000,250.0000,d)rotateFromBiaxial(d,128.4679,0.0000,d)linear(0,0,0,2.5189,d)rotateIntoBiaxial(d,0.6950,0.0000,d)nonlinear(d,0.6950,0.0000,24.9217,d)rotateFromBiaxial(d,0.6950,0.0000,d)nonlinear(6,0.0000,0.0000,0.2707,d)linear(0,0,0,6.8752,d)rotateIntoBiaxial(d,6.8352,0.0000,d)nonlinear(d,6.8352,0.0000,55.9828,d)rotateFromBiaxial(d,6.8352,0.0000,d)nonlinear(6,0.0000,0.0000,11.6219,d)linear(0,0,0,5.2330,d)rotate(-5.1392)rotateIntoBiaxial(d,16.1823,0.0000,d)nonlinear(d,16.1823,0.0000,18.0905,d)rotateFromBiaxial(d,16.1823,0.0000,d)rotate(-9.1559)
184,0,40,7.9497,7.9497,init()rotateIntoBiaxial(d,1.7450,0.0000,d)nonlinear(d,1.7450,0.0000,400.0000,d)rotateFromBiaxial(d,1.7450,0.0000,d)nonlinear(6,0.0000,0.0000,34.3392,d)rotateIntoBiaxial(d,40.8681,0.0000,d)nonlinear(d,40.8681,0.0000,200.0000,d)rotateFromBiaxial(d,40.8681,0.0000,d)nonlinear(6,0.0000,0.0000,3.8162,d)rotate(174.2137)rotateIntoBiaxial(d,139.3107,0.0000,d)nonlinear(d,139.3107,0.0000,200.0000,d)rotateFromBiaxial(d,139.3107,0.0000,d)nonlinear(6,0.0000,0.0000,4.0381,d)nonlinear(6,0.0000,0.0000,37.3762,d)linear(0,0,0,50.4239,d)rotateIntoBiaxial(d,11.4500,0.0000,d)nonlinear(d,11.4500,0.0000,9.1578,d)rotateFromBiaxial(d,11.4500,0.0000,d)nonlinear(6,0.0000,0.0000,2.2886,d)linear(0,0,0,17.0802,d)rotate(26.7714)rotateIntoBiaxial(d,3.3020,0.0000,d)nonlinear(d,3.3020,0.0000,38.9801,d)rotateFromBiaxial(d,3.3020,0.0000,d)rotate(-13.3274)
230,0,40,3.2724,7.9497,init()rotateIntoBiaxial(d,3.8378,0.0000,d)nonlinear(d,3.8378,0.0000,400.0000,d)rotateFromBiaxial(d,3.8378,0.0000,d)rotate(-1.6289)rotateIntoBiaxial(d,39.8415,0.0000,d)nonlinear(d,39.8415,0.0000,250.0000,d)rotateFromBiaxial(d,39.8415,0.0000,d)nonlinear(6,0.0000,0.0000,31.2282,d)linear(0,0,0,57.4546,d)rotate(179.9824)rotateIntoBiaxial(d,143.7167,0.0000,d)nonlinear(d,143.7167,0.0000,150.0000,d)rotateFromBiaxial(d,143.7167,0.0000,d)linear(0,0,0,27.6974,d)rotateIntoBiaxial(d,15.4638,0.0000,d)nonlinear(d,15.4638,0.0000,19.5505,d)rotateFromBiaxial(d,15.4638,0.0000,d)nonlinear(6,0.0000,0.0000,2.9816,d)linear(0,0,0,46.5601,d)rotateIntoBiaxial(d,5.6416,0.0000,d)nonlinear(d,5.6416,0.0000,6.5978,d)rotateFromBiaxial(d,5.6416,0.0000,d)nonlinear(6,0.0000,0.0000,0.6731,d)rotate(-0.2877)rotateIntoBiaxial(d,4.9608,0.0000,d)nonlinear(d,4.9608,0.0000,0.5992,d)rotateFromBiaxial(d,4.9608,0.0000,d)rotate(1.3239)
276,0,40,3.4659,7.9497,init()rotateIntoBiaxial(d,1.8373,0.0000,d)nonlinear(d,1.8373,0.0000,400.0000,d)rotateFromBiaxial(d,1.8373,0.0000,d)nonlinear(6,0.0000,0.0000,0.2397,d)rotate(11.2558)rotateIntoBiaxial(d,40.8826,0.0000,d)nonlinear(d,40.8826,0.0000,200.0000,d)rotateFromBiaxial(d,40.8826,0.0000,d)nonlinear(6,0.0000,0.0000,34.6550,d)linear(0,0,0,137.2371,d)rotate(158.3696)rotateIntoBiaxial(d,143.6418,0.0000,d)nonlinear(d,143.6418,0.0000,150.0000,d)rotateFromBiaxial(d,143.6418,0.0000,d)nonlinear(6,0.0000,0.0000,45.5841,d)rotate(-11.3709)nonlinear(6,0.0000,0.0000,0.3767,d)rotate(4.3454)nonlinear(6,0.0000,0.0000,22.8319,d)linear(0,0,0,73.5943,d)rotate(-7.3889)
322,0,40,2.0937,7.9497,init()rotateIntoBiaxial(d,0.0215,0.0000,d)nonlinear(d,0.0215,0.0000,500.0000,d)rotateFromBiaxial(d,0.0215,0.0000,d)linear(0,0,0,25.9962,d)rotateIntoBiaxial(d,39.8996,0.0000,d)nonlinear(d,39.8996,0.0000,200.0000,d)rotateFromBiaxial(d,39.8996,0.0000,d)nonlinear(6,0.0000,0.0000,5.4037,d)linear(0,0,0,85.2468,d)rotate(177.0266)rotateIntoBiaxial(d,133.3444,0.0000,d)nonlinear(d,133.3444,0.0000,200.0000,d)rotateFromBiaxial(d,133.3444,0.0000,d)rotate(-1.3425)rotateIntoBiaxial(d,9.9218,0.0000,d)nonlinear(d,9.9218,0.0000,1.6259,d)rotateFromBiaxial(d,9.9218,0.0000,d)nonlinear(6,0.0000,0.0000,22.9158,d)rotate(-2.2705)nonlinear(6,0.0000,0.0000,32.6571,d)rotate(-10.5379)linear(0,0,0,4.6215,d)rotate(-2.3843)
368,0,40,0.0296,7.9497,init()rotateIntoBiaxial(d,3.3110,0.0000,d)nonlinear(d,3.3110,0.0000,400.0000,d)rotateFromBiaxial(d,3.3110,0.0000,d)nonlinear(6,0.0000,0.0000,2.1678,d)linear(0,0,0,154.0146,d)rotate(-3.8269)rotateIntoBiaxial(d,45.9217,0.0000,d)nonlinear(d,45.9217,0.0000,250.0000,d)rotateFromBiaxial(d,45.9217,0.0000,d)nonlinear(6,0.0000,0.0000,3.6425,d)linear(0,0,0,6.8038,d)rotate(178.6703)rotateIntoBiaxial(d,132.3836,0.0000,d)nonlinear(d,132.3836,0.0000,150.0000,d)rotateFromBiaxial(d,132.3836,0.0000,d)nonlinear(6,0.0000,0.0000,0.2656,d)rotateIntoBiaxial(d,5.8108,0.0000,d)nonlinear(d,5.8108,0.0000,12.8062,d)rotateFromBiaxial(d,5.8108,0.0000,d)rotate(1.9952)nonlinear(6,0.0000,0.0000,76.6432,d)rotate(-7.7193)
414,0,40,0.0224,7.9497,init()rotateIntoBiaxial(d,0.9460,0.0000,d)nonlinear(d,0.9460,0.0000,400.0000,d)rotateFromBiaxial(d,0.9460,0.0000,d)nonlinear(6,0.0000,0.0000,8.9982,d)linear(0,0,0,381.1038,d)rotate(5.6291)rotateIntoBiaxial(d,34.5151,0.0000,d)nonlinear(d,34.5151,0.0000,150.0000,d)rotateFromBiaxial(d,34.5151,0.0000,d)nonlinear(6,0.0000,0.0000,3.2463,d)rotate(168.8815)rotateIntoBiaxial(d,133.1580,0.0000,d)nonlinear(d,133.1580,0.0000,200.0000,d)rotateFromBiaxial(d,133.1580,0.0000,d)nonlinear(6,0.0000,0.0000,12.4411,d)linear(0,0,0,70.0098,d)rotateIntoBiaxial(d,3.2193,0.0000,d)nonlinear(d,3.2193,0.0000,26.4418,d)rotateFromBiaxial(d,3.2193,0.0000,d)nonlinear(6,0.0000,0.0000,30.4946,d)rotate(0.7897)rotate(0.7696)nonlinear(6,0.0000,0.0000,0.2217,d)linear(0,0,0,28.5112,d)rotate(-6.9770)
460,0,40,3.9391,7.9497,init()rotateIntoBiaxial(d,1.9162,0.0000,d)nonlinear(d,1.9162,0.0000,400.0000,d)rotateFromBiaxial(d,1.9162,0.0000,d)nonlinear(6,0.0000,0.0000,7.0516,d)linear(0,0,0,63.0043,d)rotate(-1.8216)rotateIntoBiaxial(d,40.3112,0.0000,d)nonlinear(d,40.3112,0.0000,250.0000,d)rotateFromBiaxial(d,40.3112,0.0000,d)nonlinear(6,0.0000,0.0000,0.3046,d)rotate(179.5290)rotateIntoBiaxial(d,126.2139,0.0000,d)nonlinear(d,126.2139,0.0000,150.0000,d)rotateFromBiaxial(d,126.2139,0.0000,d)nonlinear(6,0.0000,0.0000,10.3758,d)rotateIntoBiaxial(d,2.6359,0.0000,d)nonlinear(d,2.6359,0.0000,20.9258,d)rotateFromBiaxial(d,2.6359,0.0000,d)rotate(-2.0428)nonlinear(6,0.0000,0.0000,1.0914,d)linear(0,0,0,229.1807,d)rotate(-0.3856)
506,0,40,0.0739,7.9497,init()rotateIntoBiaxial(d,4.4904,0.0000,d)nonlinear(d,4.4904,0.0000,300.0000,d)rotateFromBiaxial(d,4.4904,0.0000,d)nonlinear(6,0.0000,0.0000,2.7137,d)linear(0,0,0,96.7104,d)rotate(-1.0425)rotateIntoBiaxial(d,45.9945,0.0000,d)nonlinear(d,45.9945,0.0000,200.0000,d)rotateFromBiaxial(d,45.9945,0.0000,d)nonlinear(6,0.0000,0.0000,13.4472,d)rotate(178.8589)rotateIntoBiaxial(d,131.4381,0.0000,d)nonlinear(d,131.4381,0.0000,100.0000,d)rotateFromBiaxial(d,131.4381,0.0000,d)nonlinear(6,0.0000,0.0000,44.8466,d)linear(0,0,0,143.1156,d)rotateIntoBiaxial(d,2.0591,0.0000,d)nonlinear(d,2.0591,0.0000,25.9610,d)rotateFromBiaxial(d,2.0591,0.0000,d)nonlinear(6,0.0000,0.0000,13.5009,d)linear(0,0,0,76.0638,d)linear(0,0,0,11.1625,d)rotate(-13.5028)
552,0,40,3.1166,7.9497,init()rotateIntoBiaxial(d,3.5795,0.0000,d)nonlinear(d,3.5795,0.0000,300.0000,d)rotateFromBiaxial(d,3.5795,0.0000,d)linear(0,0,0,139.8847,d)rotate(-11.1669)rotateIntoBiaxial(d,40.3108,0.0000,d)nonlinear(d,40.3108,0.0000,150.0000,d)rotateFromBiaxial(d,40.3108,0.0000,d)nonlinear(6,0.0000,0.0000,25.6894,d)linear(0,0,0,1.6862,d)rotate(179.6113)rotateIntoBiaxial(d,125.1248,0.0000,d)nonlinear(d,125.1248,0.0000,150.0000,d)rotateFromBiaxial(d,125.1248,0.0000,d)nonlinear(6,0.0000,0.0000,5.1816,d)linear(0,0,0,26.3028,d)rotateIntoBiaxial(d,18.0125,0.0000,d)nonlinear(d,18.0125,0.0000,30.9878,d)rotateFromBiaxial(d,18.0125,0.0000,d)nonlinear(6,0.0000,0.0000,3.1459,d)rotateIntoBiaxial(d,5.1589,0.0000,d)nonlinear(d,5.1589,0.0000,34.8886,d)rotateFromBiaxial(d,5.1589,0.0000,d)linear(0,0,0,8.4996,d)rotate(-24.4804)linear(0,0,0,50.5091,d)rotate(16.9265)
598,0,40,0.8318,7.9497,init()rotateIntoBiaxial(d,2.2228,0.0000,d)nonlinear(d,2.2228,0.0000,300.0000,d)rotateFromBiaxial(d,2.2228,0.0000,d)nonlinear(6,0.0000,0.0000,25.2557,d)linear(0,0,0,39.9885,d)rotate(17.0290)rotateIntoBiaxial(d,42.4880,0.0000,d)nonlinear(d,42.4880,0.0000,50.0000,d)rotateFromBiaxial(d,42.4880,0.0000,d)nonlinear(6,0.0000,0.0000,3.0659,d)rotate(172.2223)rotateIntoBiaxial(d,137.6018,0.0000,d)nonlinear(d,137.6018,0.0000,100.0000,d)rotateFromBiaxial(d,137.6018,0.0000,d)nonlinear(6,0.0000,0.0000,6.4670,d)linear(0,0,0,27.6192,d)rotateIntoBiaxial(d,16.1512,0.0000,d)nonlinear(d,16.1512,0.0000,15.5530,d)rotateFromBiaxial(d,16.1512,0.0000,d)linear(0,0,0,15.0514,d)linear(0,0,0,48.2149,d)rotate(-17.8266)rotateIntoBiaxial(d,3.4697,0.0000,d)nonlinear(d,3.4697,0.0000,22.4800,d)rotateFromBiaxial(d,3.4697,0.0000,d)nonlinear(6,0.0000,0.0000,2.6664,d)linear(0,0,0,63.3458,d)rotate(0.6975)
644,0,40,0.0947,7.9497,init()rotateIntoBiaxial(d,2.5501,0.0000,d)nonlinear(d,2.5501,0.0000,300.0000,d)rotateFromBiaxial(d,2.5501,0.0000,d)linear(0,0,0,168.9492,d)rotate(0.4710)rotateIntoBiaxial(d,51.7528,0.0000,d)nonlinear(d,51.7528,0.0000,100.0000,d)rotateFromBiaxial(d,51.7528,0.0000,d)nonlinear(6,0.0000,0.0000,35.2375,d)rotate(179.9457)rotateIntoBiaxial(d,133.0805,0.0000,d)nonlinear(d,133.0805,0.0000,150.0000,d)rotateFromBiaxial(d,133.0805,0.0000,d)nonlinear(6,0.0000,0.0000,49.0628,d)linear(0,0,0,74.5058,d)rotateIntoBiaxial(d,3.6305,0.0000,d)nonlinear(d,3.6305,0.0000,39.9458,d)rotateFromBiaxial(d,3.6305,0.0000,d)linear(0,0,0,29.6632,d)rotateIntoBiaxial(d,10.8048,0.0000,d)nonlinear(d,10.8048,0.0000,36.4359,d)rotateFromBiaxial(d,10.8048,0.0000,d)rotate(-2.4426)rotateIntoBiaxial(d,5.9441,0.0000,d)nonlinear(d,5.9441,0.0000,75.1427,d)rotateFromBiaxial(d,5.9441,0.0000,d)linear(0,0,0,21.3096,d)rotate(-0.0298)
690,0,40,3.3294,7.9497,init()rotateIntoBiaxial(d,5.9674,0.0000,d)nonlinear(d,5.9674,0.0000,250.0000,d)rotateFromBiaxial(d,5.9674,0.0000,d)linear(0,0,0,44.8666,d)rotate(0.0668)rotateIntoBiaxial(d,40.7347,0.0000,d)nonlinear(d,40.7347,0.0000,200.0000,d)rotateFromBiaxial(d,40.7347,0.0000,d)nonlinear(6,0.0000,0.0000,18.5910,d)linear(0,0,0,43.3566,d)rotate(174.1879)rotateIntoBiaxial(d,128.2957,0.0000,d)nonlinear(d,128.2957,0.0000,200.0000,d)rotateFromBiaxial(d,128.2957,0.0000,d)rotateIntoBiaxial(d,10.0156,0.0000,d)nonlinear(d,10.0156,0.0000,17.1473,d)rotateFromBiaxial(d,10.0156,0.0000,d)linear(0,0,0,44.3896,d)rotateIntoBiaxial(d,20.7434,0.0000,d)nonlinear(d,20.7434,0.0000,8.5212,d)rotateFromBiaxial(d,20.7434,0.0000,d)nonlinear(6,0.0000,0.0000,24.7932,d)linear(0,0,0,6.8467,d)rotate(-11.1819)nonlinear(6,0.0000,0.0000,7.0302,d)linear(0,0,0,223.1200,d)rotate(1.4894)
736,0,40,3.4809,7.9497,init()rotateIntoBiaxial(d,5.0293,0.0000,d)nonlinear(d,5.0293,0.0000,250.0000,d)rotateFromBiaxial(d,5.0293,0.0000,d)nonlinear(6,0.0000,0.0000,80.1044,d)rotateIntoBiaxial(d,40.4368,0.0000,d)nonlinear(d,40.4368,0.0000,150.0000,d)rotateFromBiaxial(d,40.4368,0.0000,d)nonlinear(6,0.0000,0.0000,7.8004,d)linear(0,0,0,1.6132,d)rotate(167.1021)rotateIntoBiaxial(d,130.9445,0.0000,d)nonlinear(d,130.9445,0.0000,50.0000,d)rotateFromBiaxial(d,130.9445,0.0000,d)nonlinear(6,0.0000,0.0000,5.3953,d)linear(0,0,0,4.9394,d)rotateIntoBiaxial(d,6.9311,0.0000,d)nonlinear(d,6.9311,0.0000,22.0646,d)rotateFromBiaxial(d,6.9311,0.0000,d)nonlinear(6,0.0000,0.0000,51.6060,d)nonlinear(6,0.0000,0.0000,4.0793,d)rotate(-20.9315)rotateIntoBiaxial(d,11.5483,0.0000,d)nonlinear(d,11.5483,0.0000,15.3563,d)rotateFromBiaxial(d,11.5483,0.0000,d)nonlinear(6,0.0000,0.0000,6.6420,d)linear(0,0,0,277.2497,d)rotate(1.4137)
782,0,40,5.2506,7.9497,init()rotateIntoBiaxial(d,2.1080,0.0000,d)nonlinear(d,2.1080,0.0000,300.0000,d)rotateFromBiaxial(d,2.1080,0.0000,d)nonlinear(6,0.0000,0.0000,100.7014,d)linear(0,0,0,257.4117,d)rotateIntoBiaxial(d,40.3199,0.0000,d)nonlinear(d,40.3199,0.0000,150.0000,d)rotateFromBiaxial(d,40.3199,0.0000,d)nonlinear(6,0.0000,0.0000,6.2322,d)rotate(157.7462)rotateIntoBiaxial(d,139.9071,0.0000,d)nonlinear(d,139.9071,0.0000,200.0000,d)rotateFromBiaxial(d,139.9071,0.0000,d)nonlinear(6,0.0000,0.0000,5.1386,d)rotate(-22.9181)nonlinear(6,0.0000,0.0000,20.2639,d)rotateIntoBiaxial(d,5.6071,0.0000,d)nonlinear(d,5.6071,0.0000,1.4979,d)rotateFromBiaxial(d,5.6071,0.0000,d)rotate(-7.5444)rotateIntoBiaxial(d,9.0735,0.0000,d)nonlinear(d,9.0735,0.0000,53.5418,d)rotateFromBiaxial(d,9.0735,0.0000,d)nonlinear(6,0.0000,0.0000,9.1481,d)rotate(0.0010)
828,0,40,5.8759,7.9497,init()rotateIntoBiaxial(d,3.5755,0.0000,d)nonlinear(d,3.5755,0.0000,250.0000,d)rotateFromBiaxial(d,3.5755,0.0000,d)nonlinear(6,0.0000,0.0000,1.1632,d)linear(0,0,0,40.0413,d)rotateIntoBiaxial(d,49.4886,0.0000,d)nonlinear(d,49.4886,0.0000,50.0000,d)rotateFromBiaxial(d,49.4886,0.0000,d)rotate(156.7182)rotateIntoBiaxial(d,140.2625,0.0000,d)nonlinear(d,140.2625,0.0000,150.0000,d)rotateFromBiaxial(d,140.2625,0.0000,d)nonlinear(6,0.0000,0.0000,1.4050,d)rotateIntoBiaxial(d,10.4151,0.0000,d)nonlinear(d,10.4151,0.0000,42.2482,d)rotateFromBiaxial(d,10.4151,0.0000,d)linear(0,0,0,101.9949,d)nonlinear(6,0.0000,0.0000,46.8017,d)rotate(-17.2410)rotateIntoBiaxial(d,6.3299,0.0000,d)nonlinear(d,6.3299,0.0000,9.5025,d)rotateFromBiaxial(d,6.3299,0.0000,d)linear(0,0,0,40.6651,d)
874,0,40,4.1734,7.9497,init()rotateIntoBiaxial(d,0.3242,0.0000,d)nonlinear(d,0.3242,0.0000,300.0000,d)rotateFromBiaxial(d,0.3242,0.0000,d)nonlinear(6,0.0000,0.0000,26.9164,d)linear(0,0,0,115.6945,d)rotate(-1.4459)rotateIntoBiaxial(d,40.1483,0.0000,d)nonlinear(d,40.1483,0.0000,150.0000,d)rotateFromBiaxial(d,40.1483,0.0000,d)rotate(164.1246)rotateIntoBiaxial(d,132.9562,0.0000,d)nonlinear(d,132.9562,0.0000,200.0000,d)rotateFromBiaxial(d,132.9562,0.0000,d)nonlinear(6,0.0000,0.0000,93.5362,d)rotate(-13.2145)rotateIntoBiaxial(d,20.4514,0.0000,d)nonlinear(d,20.4514,0.0000,3.4448,d)rotateFromBiaxial(d,20.4514,0.0000,d)rotateIntoBiaxial(d,2.1499,0.0000,d)nonlinear(d,2.1499,0.0000,42.2043,d)rotateFromBiaxial(d,2.1499,0.0000,d)nonlinear(6,0.0000,0.0000,35.6869,d)rotate(2.5511)rotateIntoBiaxial(d,2.9905,0.0000,d)nonlinear(d,2.9905,0.0000,35.6059,d)rotateFromBiaxial(d,2.9905,0.0000,d)linear(0,0,0,10.9011,d)rotate(0.7031)
920,0,40,4.4665,7.9497,init()rotateIntoBiaxial(d,1.8523,0.0000,d)nonlinear(d,1.8523,0.0000,250.0000,d)rotateFromBiaxial(d,1.8523,0.0000,d)nonlinear(6,0.0000,0.0000,13.9820,d)linear(0,0,0,11.2414,d)rotateIntoBiaxial(d,46.3821,0.0000,d)nonlinear(d,46.3821,0.0000,100.0000,d)rotateFromBiaxial(d,46.3821,0.0000,d)nonlinear(6,0.0000,0.0000,8.8148,d)rotate(168.1906)rotateIntoBiaxial(d,138.5861,0.0000,d)nonlinear(d,138.5861,0.0000,150.0000,d)rotateFromBiaxial(d,138.5861,0.0000,d)rotate(-1.9128)linear(0,0,0,392.5678,d)rotateIntoBiaxial(d,6.2584,0.0000,d)nonlinear(d,6.2584,0.0000,68.9201,d)rotateFromBiaxial(d,6.2584,0.0000,d)nonlinear(6,0.0000,0.0000,42.2065,d)rotate(-23.0545)rotateIntoBiaxial(d,0.9376,0.0000,d)nonlinear(d,0.9376,0.0000,22.5029,d)rotateFromBiaxial(d,0.9376,0.0000,d)linear(0,0,0,47.0103,d)
966,0,40,2.4672,7.9497,init()rotateIntoBiaxial(d,2.0572,0.0000,d)nonlinear(d,2.0572,0.0000,200.0000,d)rotateFromBiaxial(d,2.0572,0.0000,d)nonlinear(6,0.0000,0.0000,13.7501,d)linear(0,0,0,291.6096,d)rotate(-4.2049)rotateIntoBiaxial(d,36.1425,0.0000,d)nonlinear(d,36.1425,0.0000,50.0000,d)rotateFromBiaxial(d,36.1425,0.0000,d)linear(0,0,0,130.9006,d)rotate(165.8946)rotateIntoBiaxial(d,139.2584,0.0000,d)nonlinear(d,139.2584,0.0000,150.0000,d)rotateFromBiaxial(d,139.2584,0.0000,d)nonlinear(6,0.0000,0.0000,11.4875,d)rotate(-0.0612)rotateIntoBiaxial(d,6.9061,0.0000,d)nonlinear(d,6.9061,0.0000,26.3511,d)rotateFromBiaxial(d,6.9061,0.0000,d)nonlinear(6,0.0000,0.0000,31.3987,d)rotate(18.1782)nonlinear(6,0.0000,0.0000,74.9984,d)linear(0,0,0,15.6903,d)rotateIntoBiaxial(d,1.7090,0.0000,d)nonlinear(d,1.7090,0.0000,117.0342,d)rotateFromBiaxial(d,1.7090,0.0000,d)nonlinear(6,0.0000,0.0000,0.7986,d)linear(0,0,0,71.9549,d)rotate(-0.0176)
1012,0,40,2.1378,7.9497,init()rotateIntoBiaxial(d,5.3600,0.0000,d)nonlinear(d,5.3600,0.0000,200.0000,d)rotateFromBiaxial(d,5.3600,0.0000,d)nonlinear(6,0.0000,0.0000,47.0161,d)linear(0,0,0,151.6331,d)rotate(0.0428)rotateIntoBiaxial(d,39.2784,0.0000,d)nonlinear(d,39.2784,0.0000,150.0000,d)rotateFromBiaxial(d,39.2784,0.0000,d)linear(0,0,0,180.6929,d)rotate(140.0160)rotateIntoBiaxial(d,133.8021,0.0000,d)nonlinear(d,133.8021,0.0000,150.0000,d)rotateFromBiaxial(d,133.8021,0.0000,d)nonlinear(6,0.0000,0.0000,37.5175,d)linear(0,0,0,5.9779,d)rotate(-1.1903)nonlinear(6,0.0000,0.0000,34.4345,d)linear(0,0,0,78.2232,d)rotate(-0.5998)rotateIntoBiaxial(d,2.6018,0.0000,d)nonlinear(d,2.6018,0.0000,15.2252,d)rotateFromBiaxial(d,2.6018,0.0000,d)
1058,0,40,8.5114,7.9497,init()rotateIntoBiaxial(d,5.2750,0.0000,d)nonlinear(d,5.2750,0.0000,300.0000,d)rotateFromBiaxial(d,5.2750,0.0000,d)nonlinear(6,0.0000,0.0000,21.1372,d)rotate(-3.2399)rotateIntoBiaxial(d,40.9198,0.0000,d)nonlinear(d,40.9198,0.0000,100.0000,d)rotateFromBiaxial(d,40.9198,0.0000,d)nonlinear(6,0.0000,0.0000,6.4829,d)rotate(169.0952)rotateIntoBiaxial(d,140.2234,0.0000,d)nonlinear(d,140.2234,0.0000,150.0000,d)rotateFromBiaxial(d,140.2234,0.0000,d)nonlinear(6,0.0000,0.0000,4.6669,d)linear(0,0,0,94.7989,d)rotateIntoBiaxial(d,12.5637,0.0000,d)nonlinear(d,12.5637,0.0000,17.8309,d)rotateFromBiaxial(d,12.5637,0.0000,d)nonlinear(6,0.0000,0.0000,3.4455,d)rotate(4.3680)nonlinear(6,0.0000,0.0000,10.3293,d)rotate(-6.1260)rotateIntoBiaxial(d,1.1130,0.0000,d)nonlinear(d,1.1130,0.0000,69.1978,d)rotateFromBiaxial(d,1.1130,0.0000,d)nonlinear(6,0.0000,0.0000,39.5269,d)linear(0,0,0,99.1974,d)rotate(9.1087)
1104,0,40,1.7110,7.9497,init()rotateIntoBiaxial(d,1.6594,0.0000,d)nonlinear(d,1.6594,0.0000,300.0000,d)rotateFromBiaxial(d,1.6594,0.0000,d)nonlinear(6,0.0000,0.0000,6.6518,d)linear(0,0,0,446.3658,d)rotateIntoBiaxial(d,41.0123,0.0000,d)nonlinear(d,41.0123,0.0000,150.0000,d)rotateFromBiaxial(d,41.0123,0.0000,d)nonlinear(6,0.0000,0.0000,15.5931,d)linear(0,0,0,11.2559,d)rotate(165.2285)rotateIntoBiaxial(d,137.6352,0.0000,d)nonlinear(d,137.6352,0.0000,100.0000,d)rotateFromBiaxial(d,137.6352,0.0000,d)nonlinear(6,0.0000,0.0000,9.6590,d)linear(0,0,0,26.8371,d)nonlinear(6,0.0000,0.0000,11.2514,d)linear(0,0,0,44.0433,d)nonlinear(6,0.0000,0.0000,4.3533,d)rotate(-13.9924)rotateIntoBiaxial(d,0.3924,0.0000,d)nonlinear(d,0.3924,0.0000,17.5985,d)rotateFromBiaxial(d,0.3924,0.0000,d)linear(0,0,0,119.3198,d)rotate(19.9177)
1150,0,40,7.6691,7.9497,init()rotateIntoBiaxial(d,1.5913,0.0000,d)nonlinear(d,1.5913,0.0000,250.0000,d)rotateFromBiaxial(d,1.5913,0.0000,d)nonlinear(6,0.0000,0.0000,19.4354,d)linear(0,0,0,183.7961,d)rotate(3.8905)rotateIntoBiaxial(d,40.3443,0.0000,d)nonlinear(d,40.3443,0.0000,100.0000,d)rotateFromBiaxial(d,40.3443,0.0000,d)nonlinear(6,0.0000,0.0000,2.1097,d)linear(0,0,0,4.2037,d)rotate(179.3758)rotateIntoBiaxial(d,140.0430,0.0000,d)nonlinear(d,140.0430,0.0000,100.0000,d)rotateFromBiaxial(d,140.0430,0.0000,d)nonlinear(6,0.0000,0.0000,11.8905,d)rotate(-4.1740)rotateIntoBiaxial(d,9.0215,0.0000,d)nonlinear(d,9.0215,0.0000,13.8482,d)rotateFromBiaxial(d,9.0215,0.0000,d)nonlinear(6,0.0000,0.0000,9.7364,d)linear(0,0,0,3.0571,d)rotateIntoBiaxial(d,16.0770,0.0000,d)nonlinear(d,16.0770,0.0000,25.6531,d)rotateFromBiaxial(d,16.0770,0.0000,d)nonlinear(6,0.0000,0.0000,26.2650,d)rotate(-34.3783)rotateIntoBiaxial(d,16.5791,0.0000,d)nonlinear(d,16.5791,0.0000,46.9880,d)rotateFromBiaxial(d,16.5791,0.0000,d)nonlinear(6,0.0000,0.0000,19.5298,d)rotate(2.4852)
1196,0,40,0.2464,7.9497,init()rotateIntoBiaxial(d,5.7294,0.0000,d)nonlinear(d,5.7294,0.0000,300.0000,d)rotateFromBiaxial(d,5.7294,0.0000,d)nonlinear(6,0.0000,0.0000,74.5684,d)linear(0,0,0,10.4424,d)rotateIntoBiaxial(d,36.6040,0.0000,d)nonlinear(d,36.6040,0.0000,50.0000,d)rotateFromBiaxial(d,36.6040,0.0000,d)linear(0,0,0,38.8916,d)rotate(179.2579)rotateIntoBiaxial(d,132.0166,0.0000,d)nonlinear(d,132.0166,0.0000,100.0000,d)rotateFromBiaxial(d,132.0166,0.0000,d)nonlinear(6,0.0000,0.0000,45.0788,d)linear(0,0,0,146.4497,d)rotate(-9.9294)rotateIntoBiaxial(d,9.8542,0.0000,d)nonlinear(d,9.8542,0.0000,46.5990,d)rotateFromBiaxial(d,9.8542,0.0000,d)nonlinear(6,0.0000,0.0000,5.5740,d)nonlinear(6,0.0000,0.0000,7.5174,d)linear(0,0,0,391.9844,d)rotate(-22.1537)rotateIntoBiaxial(d,3.5906,0.0000,d)nonlinear(d,3.5906,0.0000,12.3367,d)rotateFromBiaxial(d,3.5906,0.0000,d)nonlinear(6,0.0000,0.0000,2.6578,d)
1242,0,40,2.5104,7.9497,init()rotateIntoBiaxial(d,6.7055,0.0000,d)nonlinear(d,6.7055,0.0000,200.0000,d)rotateFromBiaxial(d,6.7055,0.0000,d)nonlinear(6,0.0000,0.0000,6.6702,d)linear(0,0,0,125.4069,d)rotateIntoBiaxial(d,42.6868,0.0000,d)nonlinear(d,42.6868,0.0000,50.0000,d)rotateFromBiaxial(d,42.6868,0.0000,d)nonlinear(6,0.0000,0.0000,0.1859,d)linear(0,0,0,146.9176,d)rotate(167.0675)rotateIntoBiaxial(d,139.2773,0.0000,d)nonlinear(d,139.2773,0.0000,100.0000,d)rotateFromBiaxial(d,139.2773,0.0000,d)nonlinear(6,0.0000,0.0000,6.3102,d)linear(0,0,0,207.7188,d)rotate(-8.2332)rotateIntoBiaxial(d,4.5464,0.0000,d)nonlinear(d,4.5464,0.0000,75.8721,d)rotateFromBiaxial(d,4.5464,0.0000,d)nonlinear(6,0.0000,0.0000,43.4605,d)rotateIntoBiaxial(d,10.6939,0.0000,d)nonlinear(d,10.6939,0.0000,10.8221,d)rotateFromBiaxial(d,10.6939,0.0000,d)nonlinear(6,0.0000,0.0000,17.6222,d)linear(0,0,0,58.8830,d)rotate(-13.0109)rotateIntoBiaxial(d,6.1917,0.0000,d)nonlinear(d,6.1917,0.0000,77.9419,d)rotateFromBiaxial(d,6.1917,0.0000,d)
1288,0,40,4.0322,7.9497,init()rotateIntoBiaxial(d,3.9522,0.0000,d)nonlinear(d,3.9522,0.0000,150.0000,d)rotateFromBiaxial(d,3.9522,0.0000,d)nonlinear(6,0.0000,0.0000,57.2377,d)linear(0,0,0,1.2645,d)rotate(3.6782)rotateIntoBiaxial(d,40.2213,0.0000,d)nonlinear(d,40.2213,0.0000,100.0000,d)rotateFromBiaxial(d,40.2213,0.0000,d)nonlinear(6,0.0000,0.0000,14.8042,d)linear(0,0,0,18.0632,d)rotate(139.1785)rotateIntoBiaxial(d,144.1775,0.0000,d)nonlinear(d,144.1775,0.0000,100.0000,d)rotateFromBiaxial(d,144.1775,0.0000,d)nonlinear(6,0.0000,0.0000,0.7306,d)rotate(-9.9391)rotateIntoBiaxial(d,8.7323,0.0000,d)nonlinear(d,8.7323,0.0000,76.4777,d)rotateFromBiaxial(d,8.7323,0.0000,d)nonlinear(6,0.0000,0.0000,66.4359,d)linear(0,0,0,56.2899,d)nonlinear(6,0.0000,0.0000,8.5065,d)rotate(-1.8982)rotateIntoBiaxial(d,6.8134,0.0000,d)nonlinear(d,6.8134,0.0000,39.5333,d)rotateFromBiaxial(d,6.8134,0.0000,d)
1334,0,40,1.8565,7.9497,init()rotateIntoBiaxial(d,0.7263,0.0000,d)nonlinear(d,0.7263,0.0000,200.0000,d)rotateFromBiaxial(d,0.7263,0.0000,d)nonlinear(6,0.0000,0.0000,20.8455,d)linear(0,0,0,1.4862,d)rotate(15.6292)rotateIntoBiaxial(d,41.9499,0.0000,d)nonlinear(d,41.9499,0.0000,50.0000,d)rotateFromBiaxial(d,41.9499,0.0000,d)linear(0,0,0,3.0982,d)rotate(136.0001)rotateIntoBiaxial(d,144.6455,0.0000,d)nonlinear(d,144.6455,0.0000,100.0000,d)rotateFromBiaxial(d,144.6455,0.0000,d)nonlinear(6,0.0000,0.0000,7.3889,d)linear(0,0,0,75.0264,d)rotate(-11.3454)nonlinear(6,0.0000,0.0000,17.3168,d)rotate(-2.3660)rotateIntoBiaxial(d,9.0052,0.0000,d)nonlinear(d,9.0052,0.0000,14.8719,d)rotateFromBiaxial(d,9.0052,0.0000,d)nonlinear(6,0.0000,0.0000,0.6863,d)linear(0,0,0,47.2034,d)rotate(-28.7617)rotateIntoBiaxial(d,5.6624,0.0000,d)nonlinear(d,5.6624,0.0000,50.0000,d)rotateFromBiaxial(d,5.6624,0.0000,d)nonlinear(6,0.0000,0.0000,4.0428,d)linear(0,0,0,24.1168,d)rotate(5.3976)
1380,0,40,2.3521,7.9497,init()rotateIntoBiaxial(d,0.8232,0.0000,d)nonlinear(d,0.8232,0.0000,150.0000,d)rotateFromBiaxial(d,0.8232,0.0000,d)nonlinear(6,0.0000,0.0000,81.0857,d)linear(0,0,0,106.8238,d)rotate(3.9206)rotateIntoBiaxial(d,40.9583,0.0000,d)nonlinear(d,40.9583,0.0000,100.0000,d)rotateFromBiaxial(d,40.9583,0.0000,d)nonlinear(6,0.0000,0.0000,36.8131,d)linear(0,0,0,127.9370,d)rotate(143.8914)rotateIntoBiaxial(d,130.2117,0.0000,d)nonlinear(d,130.2117,0.0000,50.0000,d)rotateFromBiaxial(d,130.2117,0.0000,d)nonlinear(6,0.0000,0.0000,1.7596,d)linear(0,0,0,378.2469,d)rotate(-19.8799)nonlinear(6,0.0000,0.0000,46.7321,d)rotate(22.4844)rotateIntoBiaxial(d,8.9358,0.0000,d)nonlinear(d,8.9358,0.0000,28.4986,d)rotateFromBiaxial(d,8.9358,0.0000,d)nonlinear(6,0.0000,0.0000,55.2498,d)linear(0,0,0,25.7636,d)rotateIntoBiaxial(d,5.0167,0.0000,d)nonlinear(d,5.0167,0.0000,43.7989,d)rotateFromBiaxial(d,5.0167,0.0000,d)nonlinear(6,0.0000,0.0000,7.1014,d)linear(0,0,0,17.1174,d)
1426,0,40,2.3243,7.9497,init()rotateIntoBiaxial(d,1.3446,0.0000,d)nonlinear(d,1.3446,0.0000,150.0000,d)rotateFromBiaxial(d,1.3446,0.0000,d)nonlinear(6,0.0000,0.0000,30.6393,d)linear(0,0,0,157.6730,d)rotate(0.4915)rotateIntoBiaxial(d,36.2036,0.0000,d)nonlinear(d,36.2036,0.0000,50.0000,d)rotateFromBiaxial(d,36.2036,0.0000,d)nonlinear(6,0.0000,0.0000,32.9610,d)rotate(172.9606)rotateIntoBiaxial(d,141.8282,0.0000,d)nonlinear(d,141.8282,0.0000,50.0000,d)rotateFromBiaxial(d,141.8282,0.0000,d)linear(0,0,0,58.9353,d)rotate(-50.4083)rotateIntoBiaxial(d,6.5135,0.0000,d)nonlinear(d,6.5135,0.0000,96.0517,d)rotateFromBiaxial(d,6.5135,0.0000,d)nonlinear(6,0.0000,0.0000,3.4675,d)linear(0,0,0,192.7582,d)rotate(0.8569)rotateIntoBiaxial(d,9.4086,0.0000,d)nonlinear(d,9.4086,0.0000,8.0090,d)rotateFromBiaxial(d,9.4086,0.0000,d)nonlinear(6,0.0000,0.0000,4.7129,d)rotate(-1.0977)rotateIntoBiaxial(d,3.4455,0.0000,d)nonlinear(d,3.4455,0.0000,38.1534,d)rotateFromBiaxial(d,3.4455,0.0000,d)nonlinear(6,0.0000,0.0000,7.0522,d)linear(0,0,0,42.2129,d)rotate(3.1676)
1472,0,40,9.5969,9.5969,init()rotateIntoBiaxial(d,0.0139,0.0000,d)nonlinear(d,0.0139,0.0000,150.0000,d)rotateFromBiaxial(d,0.0139,0.0000,d)nonlinear(6,0.0000,0.0000,92.1748,d)rotate(0.3925)rotateIntoBiaxial(d,41.8008,0.0000,d)nonlinear(d,41.8008,0.0000,50.0000,d)rotateFromBiaxial(d,41.8008,0.0000,d)nonlinear(6,0.0000,0.0000,3.8392,d)linear(0,0,0,21.3726,d)rotate(177.2291)rotateIntoBiaxial(d,139.8214,0.0000,d)nonlinear(d,139.8214,0.0000,150.0000,d)rotateFromBiaxial(d,139.8214,0.0000,d)nonlinear(6,0.0000,0.0000,4.5127,d)linear(0,0,0,424.9072,d)rotate(-6.6997)rotateIntoBiaxial(d,3.3956,0.0000,d)nonlinear(d,3.3956,0.0000,13.5011,d)rotateFromBiaxial(d,3.3956,0.0000,d)nonlinear(6,0.0000,0.0000,122.5279,d)linear(0,0,0,57.7949,d)rotate(1.1403)nonlinear(6,0.0000,0.0000,0.1902,d)linear(0,0,0,0.8712,d)rotate(-4.3284)rotateIntoBiaxial(d,8.7395,0.0000,d)nonlinear(d,8.7395,0.0000,27.9850,d)rotateFromBiaxial(d,8.7395,0.0000,d)nonlinear(6,0.0000,0.0000,21.0004,d)linear(0,0,0,188.8556,d)
1518,0,40,1.8379,9.5969,init()rotateIntoBiaxial(d,2.3969,0.0000,d)nonlinear(d,2.3969,0.0000,200.0000,d)rotateFromBiaxial(d,2.3969,0.0000,d)nonlinear(6,0.0000,0.0000,54.0047,d)linear(0,0,0,97.2416,d)rotate(6.9372)rotateIntoBiaxial(d,39.6526,0.0000,d)nonlinear(d,39.6526,0.0000,100.0000,d)rotateFromBiaxial(d,39.6526,0.0000,d)nonlinear(6,0.0000,0.0000,25.3391,d)linear(0,0,0,307.2424,d)rotate(148.3372)rotateIntoBiaxial(d,138.3304,0.0000,d)nonlinear(d,138.3304,0.0000,50.0000,d)rotateFromBiaxial(d,138.3304,0.0000,d)nonlinear(6,0.0000,0.0000,46.3641,d)linear(0,0,0,152.6724,d)rotate(-31.1351)rotateIntoBiaxial(d,7.9658,0.0000,d)nonlinear(d,7.9658,0.0000,97.9579,d)rotateFromBiaxial(d,7.9658,0.0000,d)nonlinear(6,0.0000,0.0000,5.5896,d)rotate(29.0573)nonlinear(6,0.0000,0.0000,20.1804,d)linear(0,0,0,8.0179,d)rotate(-2.2272)rotateIntoBiaxial(d,4.6423,0.0000,d)nonlinear(d,4.6423,0.0000,50.0000,d)rotateFromBiaxial(d,4.6423,0.0000,d)nonlinear(6,0.0000,0.0000,29.9376,d)linear(0,0,0,93.2938,d)rotate(0.5967)
1564,0,40,2.2913,9.5969,init()rotateIntoBiaxial(d,1.8710,0.0000,d)nonlinear(d,1.8710,0.0000,200.0000,d)rotateFromBiaxial(d,1.8710,0.0000,d)nonlinear(6,0.0000,0.0000,27.1629,d)rotate(0.8827)rotateIntoBiaxial(d,40.4044,0.0000,d)nonlinear(d,40.4044,0.0000,50.0000,d)rotateFromBiaxial(d,40.4044,0.0000,d)nonlinear(6,0.0000,0.0000,18.9727,d)linear(0,0,0,130.5051,d)rotate(157.3879)rotateIntoBiaxial(d,138.1563,0.0000,d)nonlinear(d,138.1563,0.0000,50.0000,d)rotateFromBiaxial(d,138.1563,0.0000,d)nonlinear(6,0.0000,0.0000,1.5886,d)linear(0,0,0,112.0413,d)rotate(-51.5800)nonlinear(6,0.0000,0.0000,4.4909,d)rotate(34.8863)rotateIntoBiaxial(d,10.3242,0.0000,d)nonlinear(d,10.3242,0.0000,31.1808,d)rotateFromBiaxial(d,10.3242,0.0000,d)nonlinear(6,0.0000,0.0000,66.9784,d)linear(0,0,0,278.3400,d)rotate(-4.6640)rotateIntoBiaxial(d,1.1484,0.0000,d)nonlinear(d,1.1484,0.0000,36.4178,d)rotateFromBiaxial(d,1.1484,0.0000,d)linear(0,0,0,5.1889,d)
1610,0,40,7.4488,9.5969,init()rotateIntoBiaxial(d,4.9597,0.0000,d)nonlinear(d,4.9597,0.0000,200.0000,d)rotateFromBiaxial(d,4.9597,0.0000,d)rotate(4.5381)rotateIntoBiaxial(d,41.3429,0.0000,d)nonlinear(d,41.3429,0.0000,100.0000,d)rotateFromBiaxial(d,41.3429,0.0000,d)nonlinear(6,0.0000,0.0000,7.0582,d)linear(0,0,0,86.8970,d)rotate(168.3694)rotateIntoBiaxial(d,140.4291,0.0000,d)nonlinear(d,140.4291,0.0000,150.0000,d)rotateFromBiaxial(d,140.4291,0.0000,d)nonlinear(6,0.0000,0.0000,0.2034,d)linear(0,0,0,33.7420,d)rotate(-35.2981)rotateIntoBiaxial(d,6.1948,0.0000,d)nonlinear(d,6.1948,0.0000,45.6280,d)rotateFromBiaxial(d,6.1948,0.0000,d)nonlinear(6,0.0000,0.0000,16.8585,d)rotate(2.6312)rotateIntoBiaxial(d,7.8268,0.0000,d)nonlinear(d,7.8268,0.0000,16.3313,d)rotateFromBiaxial(d,7.8268,0.0000,d)nonlinear(6,0.0000,0.0000,38.4173,d)rotate(-26.8647)rotateIntoBiaxial(d,2.1858,0.0000,d)nonlinear(d,2.1858,0.0000,50.8479,d)rotateFromBiaxial(d,2.1858,0.0000,d)linear(0,0,0,19.4217,d)rotate(11.2411)
1656,0,40,5.4817,9.5969,init()rotateIntoBiaxial(d,3.7290,0.0000,d)nonlinear(d,3.7290,0.0000,200.0000,d)rotateFromBiaxial(d,3.7290,0.0000,d)nonlinear(6,0.0000,0.0000,85.5433,d)linear(0,0,0,0.1171,d)rotateIntoBiaxial(d,49.2315,0.0000,d)nonlinear(d,49.2315,0.0000,50.0000,d)rotateFromBiaxial(d,49.2315,0.0000,d)nonlinear(6,0.0000,0.0000,0.0743,d)linear(0,0,0,13.7271,d)rotate(172.5714)rotateIntoBiaxial(d,139.1948,0.0000,d)nonlinear(d,139.1948,0.0000,100.0000,d)rotateFromBiaxial(d,139.1948,0.0000,d)rotate(-36.9375)rotateIntoBiaxial(d,7.0445,0.0000,d)nonlinear(d,7.0445,0.0000,64.0830,d)rotateFromBiaxial(d,7.0445,0.0000,d)nonlinear(6,0.0000,0.0000,43.6285,d)rotate(12.4291)rotateIntoBiaxial(d,1.9555,0.0000,d)nonlinear(d,1.9555,0.0000,14.2099,d)rotateFromBiaxial(d,1.9555,0.0000,d)nonlinear(6,0.0000,0.0000,2.5769,d)linear(0,0,0,93.2189,d)rotate(-27.0210)rotateIntoBiaxial(d,1.7511,0.0000,d)nonlinear(d,1.7511,0.0000,43.2081,d)rotateFromBiaxial(d,1.7511,0.0000,d)nonlinear(6,0.0000,0.0000,6.4712,d)linear(0,0,0,4.3018,d)
1702,0,40,2.2743,9.5969,init()rotateIntoBiaxial(d,0.9097,0.0000,d)nonlinear(d,0.9097,0.0000,250.0000,d)rotateFromBiaxial(d,0.9097,0.0000,d)rotate(0.9915)rotateIntoBiaxial(d,49.6516,0.0000,d)nonlinear(d,49.6516,0.0000,100.0000,d)rotateFromBiaxial(d,49.6516,0.0000,d)nonlinear(6,0.0000,0.0000,10.5089,d)rotate(160.7347)rotateIntoBiaxial(d,140.8448,0.0000,d)nonlinear(d,140.8448,0.0000,100.0000,d)rotateFromBiaxial(d,140.8448,0.0000,d)nonlinear(6,0.0000,0.0000,23.1284,d)linear(0,0,0,210.2903,d)rotate(-31.5152)rotateIntoBiaxial(d,9.1384,0.0000,d)nonlinear(d,9.1384,0.0000,136.4939,d)rotateFromBiaxial(d,9.1384,0.0000,d)nonlinear(6,0.0000,0.0000,11.2759,d)rotate(4.3409)rotateIntoBiaxial(d,2.0122,0.0000,d)nonlinear(d,2.0122,0.0000,27.3371,d)rotateFromBiaxial(d,2.0122,0.0000,d)nonlinear(6,0.0000,0.0000,19.3838,d)rotate(-6.0122)rotateIntoBiaxial(d,4.2221,0.0000,d)nonlinear(d,4.2221,0.0000,26.3942,d)rotateFromBiaxial(d,4.2221,0.0000,d)rotate(0.5085)
1748,0,40,7.1041,9.5969,init()rotateIntoBiaxial(d,4.9280,0.0000,d)nonlinear(d,4.9280,0.0000,250.0000,d)rotateFromBiaxial(d,4.9280,0.0000,d)nonlinear(6,0.0000,0.0000,35.5105,d)linear(0,0,0,17.6616,d)rotate(10.6035)rotateIntoBiaxial(d,46.3749,0.0000,d)nonlinear(d,46.3749,0.0000,50.0000,d)rotateFromBiaxial(d,46.3749,0.0000,d)rotate(179.7624)rotateIntoBiaxial(d,140.4631,0.0000,d)nonlinear(d,140.4631,0.0000,150.0000,d)rotateFromBiaxial(d,140.4631,0.0000,d)nonlinear(6,0.0000,0.0000,11.2811,d)linear(0,0,0,66.0797,d)rotate(-36.2700)rotateIntoBiaxial(d,2.2426,0.0000,d)nonlinear(d,2.2426,0.0000,70.3751,d)rotateFromBiaxial(d,2.2426,0.0000,d)nonlinear(6,0.0000,0.0000,31.5107,d)linear(0,0,0,45.9341,d)rotate(1.2301)rotateIntoBiaxial(d,4.9035,0.0000,d)nonlinear(d,4.9035,0.0000,31.5931,d)rotateFromBiaxial(d,4.9035,0.0000,d)nonlinear(6,0.0000,0.0000,7.7514,d)rotate(-28.9245)rotateIntoBiaxial(d,13.6099,0.0000,d)nonlinear(d,13.6099,0.0000,18.2790,d)rotateFromBiaxial(d,13.6099,0.0000,d)linear(0,0,0,476.9585,d)rotate(13.8084)
1794,0,40,8.7080,9.5969,init()rotateIntoBiaxial(d,4.6886,0.0000,d)nonlinear(d,4.6886,0.0000,250.0000,d)rotateFromBiaxial(d,4.6886,0.0000,d)nonlinear(6,0.0000,0.0000,55.2592,d)rotateIntoBiaxial(d,39.7873,0.0000,d)nonlinear(d,39.7873,0.0000,50.0000,d)rotateFromBiaxial(d,39.7873,0.0000,d)linear(0,0,0,15.4836,d)rotate(165.3521)rotateIntoBiaxial(d,139.1577,0.0000,d)nonlinear(d,139.1577,0.0000,150.0000,d)rotateFromBiaxial(d,139.1577,0.0000,d)nonlinear(6,0.0000,0.0000,44.9903,d)linear(0,0,0,128.3366,d)rotate(-53.8070)nonlinear(6,0.0000,0.0000,66.9071,d)rotateIntoBiaxial(d,10.7531,0.0000,d)nonlinear(d,10.7531,0.0000,41.7498,d)rotateFromBiaxial(d,10.7531,0.0000,d)linear(0,0,0,67.7640,d)rotate(-3.2010)rotate(30.0478)
1840,0,40,6.7645,9.5969,init()rotateIntoBiaxial(d,3.2767,0.0000,d)nonlinear(d,3.2767,0.0000,200.0000,d)rotateFromBiaxial(d,3.2767,0.0000,d)nonlinear(6,0.0000,0.0000,86.2668,d)linear(0,0,0,9.7078,d)rotateIntoBiaxial(d,47.1976,0.0000,d)nonlinear(d,47.1976,0.0000,50.0000,d)rotateFromBiaxial(d,47.1976,0.0000,d)nonlinear(6,0.0000,0.0000,15.4720,d)rotate(177.5200)rotateIntoBiaxial(d,141.2177,0.0000,d)nonlinear(d,141.2177,0.0000,100.0000,d)rotateFromBiaxial(d,141.2177,0.0000,d)linear(0,0,0,74.2863,d)rotate(-55.8217)rotateIntoBiaxial(d,3.4044,0.0000,d)nonlinear(d,3.4044,0.0000,93.9600,d)rotateFromBiaxial(d,3.4044,0.0000,d)nonlinear(6,0.0000,0.0000,111.6759,d)rotateIntoBiaxial(d,9.6972,0.0000,d)nonlinear(d,9.6972,0.0000,50.0000,d)rotateFromBiaxial(d,9.6972,0.0000,d)rotate(-7.4234)rotateIntoBiaxial(d,6.3329,0.0000,d)nonlinear(d,6.3329,0.0000,26.6680,d)rotateFromBiaxial(d,6.3329,0.0000,d)linear(0,0,0,28.9677,d)rotate(29.1576)
1886,0,40,5.1188,9.5969,init()rotateIntoBiaxial(d,2.7058,0.0000,d)nonlinear(d,2.7058,0.0000,200.0000,d)rotateFromBiaxial(d,2.7058,0.0000,d)nonlinear(6,0.0000,0.0000,32.6259,d)rotateIntoBiaxial(d,42.0977,0.0000,d)nonlinear(d,42.0977,0.0000,50.0000,d)rotateFromBiaxial(d,42.0977,0.0000,d)linear(0,0,0,4.0910,d)rotate(163.6263)rotateIntoBiaxial(d,141.3905,0.0000,d)nonlinear(d,141.3905,0.0000,50.0000,d)rotateFromBiaxial(d,141.3905,0.0000,d)nonlinear(6,0.0000,0.0000,1.9156,d)linear(0,0,0,0.5509,d)rotate(-65.8656)rotateIntoBiaxial(d,4.6810,0.0000,d)nonlinear(d,4.6810,0.0000,28.8197,d)rotateFromBiaxial(d,4.6810,0.0000,d)nonlinear(6,0.0000,0.0000,35.1295,d)rotate(16.2668)rotateIntoBiaxial(d,5.6941,0.0000,d)nonlinear(d,5.6941,0.0000,19.6191,d)rotateFromBiaxial(d,5.6941,0.0000,d)nonlinear(6,0.0000,0.0000,0.7842,d)rotate(1.9820)rotateIntoBiaxial(d,1.0664,0.0000,d)nonlinear(d,1.0664,0.0000,100.0000,d)rotateFromBiaxial(d,1.0664,0.0000,d)nonlinear(6,0.0000,0.0000,3.3181,d)linear(0,0,0,107.6237,d)
1932,0,40,6.5368,9.5969,init()rotateIntoBiaxial(d,3.6568,0.0000,d)nonlinear(d,3.6568,0.0000,200.0000,d)rotateFromBiaxial(d,3.6568,0.0000,d)nonlinear(6,0.0000,0.0000,36.4157,d)rotate(11.7998)rotateIntoBiaxial(d,40.3097,0.0000,d)nonlinear(d,40.3097,0.0000,100.0000,d)rotateFromBiaxial(d,40.3097,0.0000,d)nonlinear(6,0.0000,0.0000,5.0220,d)rotate(164.8417)rotateIntoBiaxial(d,139.3873,0.0000,d)nonlinear(d,139.3873,0.0000,50.0000,d)rotateFromBiaxial(d,139.3873,0.0000,d)linear(0,0,0,31.4682,d)rotate(-46.8344)rotateIntoBiaxial(d,1.0170,0.0000,d)nonlinear(d,1.0170,0.0000,62.1362,d)rotateFromBiaxial(d,1.0170,0.0000,d)nonlinear(6,0.0000,0.0000,38.1473,d)linear(0,0,0,119.7621,d)rotate(17.4756)rotateIntoBiaxial(d,2.0999,0.0000,d)nonlinear(d,2.0999,0.0000,20.4856,d)rotateFromBiaxial(d,2.0999,0.0000,d)nonlinear(6,0.0000,0.0000,13.6775,d)linear(0,0,0,11.0931,d)rotate(-2.9316)rotateIntoBiaxial(d,8.2839,0.0000,d)nonlinear(d,8.2839,0.0000,50.0000,d)rotateFromBiaxial(d,8.2839,0.0000,d)nonlinear(6,0.0000,0.0000,1.3477,d)
1978,0,40,11.1641,9.5969,init()rotateIntoBiaxial(d,5.5802,0.0000,d)nonlinear(d,5.5802,0.0000,250.0000,d)rotateFromBiaxial(d,5.5802,0.0000,d)nonlinear(6,0.0000,0.0000,3.5656,d)rotate(0.1412)rotateIntoBiaxial(d,41.3219,0.0000,d)nonlinear(d,41.3219,0.0000,100.0000,d)rotateFromBiaxial(d,41.3219,0.0000,d)rotate(174.6896)rotateIntoBiaxial(d,140.3667,0.0000,d)nonlinear(d,140.3667,0.0000,150.0000,d)rotateFromBiaxial(d,140.3667,0.0000,d)nonlinear(6,0.0000,0.0000,2.6531,d)linear(0,0,0,176.8266,d)rotate(-47.3163)rotateIntoBiaxial(d,8.9948,0.0000,d)nonlinear(d,8.9948,0.0000,41.0872,d)rotateFromBiaxial(d,8.9948,0.0000,d)nonlinear(6,0.0000,0.0000,104.2544,d)rotate(12.7142)rotateIntoBiaxial(d,8.7831,0.0000,d)nonlinear(d,8.7831,0.0000,5.4134,d)rotateFromBiaxial(d,8.7831,0.0000,d)linear(0,0,0,57.4430,d)rotate(6.6694)rotateIntoBiaxial(d,14.6927,0.0000,d)nonlinear(d,14.6927,0.0000,50.0000,d)rotateFromBiaxial(d,14.6927,0.0000,d)
2024,0,40,5.1157,9.5969,init()rotateIntoBiaxial(d,1.6063,0.0000,d)nonlinear(d,1.6063,0.0000,200.0000,d)rotateFromBiaxial(d,1.6063,0.0000,d)nonlinear(6,0.0000,0.0000,39.8943,d)rotate(33.6545)rotateIntoBiaxial(d,45.9975,0.0000,d)nonlinear(d,45.9975,0.0000,100.0000,d)rotateFromBiaxial(d,45.9975,0.0000,d)rotate(178.8731)rotateIntoBiaxial(d,139.9654,0.0000,d)nonlinear(d,139.9654,0.0000,100.0000,d)rotateFromBiaxial(d,139.9654,0.0000,d)nonlinear(6,0.0000,0.0000,22.2632,d)rotate(-45.2546)rotateIntoBiaxial(d,0.7635,0.0000,d)nonlinear(d,0.7635,0.0000,72.5971,d)rotateFromBiaxial(d,0.7635,0.0000,d)nonlinear(6,0.0000,0.0000,96.1402,d)linear(0,0,0,6.7919,d)rotate(9.7841)rotateIntoBiaxial(d,3.4247,0.0000,d)nonlinear(d,3.4247,0.0000,33.5814,d)rotateFromBiaxial(d,3.4247,0.0000,d)nonlinear(6,0.0000,0.0000,23.4238,d)linear(0,0,0,36.1528,d)rotate(1.0992)rotateIntoBiaxial(d,1.1961,0.0000,d)nonlinear(d,1.1961,0.0000,63.6093,d)rotateFromBiaxial(d,1.1961,0.0000,d)nonlinear(6,0.0000,0.0000,0.8600,d)linear(0,0,0,5.7328,d)
2070,0,40,5.9808,9.5969,init()rotateIntoBiaxial(d,2.2452,0.0000,d)nonlinear(d,2.2452,0.0000,200.0000,d)rotateFromBiaxial(d,2.2452,0.0000,d)nonlinear(6,0.0000,0.0000,53.6703,d)rotateIntoBiaxial(d,41.4218,0.0000,d)nonlinear(d,41.4218,0.0000,100.0000,d)rotateFromBiaxial(d,41.4218,0.0000,d)nonlinear(6,0.0000,0.0000,16.3338,d)rotate(172.9347)rotateIntoBiaxial(d,130.3558,0.0000,d)nonlinear(d,130.3558,0.0000,100.0000,d)rotateFromBiaxial(d,130.3558,0.0000,d)linear(0,0,0,22.8564,d)rotate(-44.8215)rotateIntoBiaxial(d,4.0294,0.0000,d)nonlinear(d,4.0294,0.0000,76.2581,d)rotateFromBiaxial(d,4.0294,0.0000,d)nonlinear(6,0.0000,0.0000,44.7689,d)rotate(12.6308)rotateIntoBiaxial(d,8.1606,0.0000,d)nonlinear(d,8.1606,0.0000,50.0000,d)rotateFromBiaxial(d,8.1606,0.0000,d)linear(0,0,0,48.9963,d)rotateIntoBiaxial(d,8.6658,0.0000,d)nonlinear(d,8.6658,0.0000,96.9538,d)rotateFromBiaxial(d,8.6658,0.0000,d)
2116,0,40,6.9356,9.5969,init()rotateIntoBiaxial(d,1.8322,0.0000,d)nonlinear(d,1.8322,0.0000,250.0000,d)rotateFromBiaxial(d,1.8322,0.0000,d)nonlinear(6,0.0000,0.0000,14.7735,d)rotate(29.2561)rotateIntoBiaxial(d,42.9779,0.0000,d)nonlinear(d,42.9779,0.0000,50.0000,d)rotateFromBiaxial(d,42.9779,0.0000,d)nonlinear(6,0.0000,0.0000,13.1000,d)linear(0,0,0,14.4805,d)rotate(179.6016)rotateIntoBiaxial(d,139.3751,0.0000,d)nonlinear(d,139.3751,0.0000,50.0000,d)rotateFromBiaxial(d,139.3751,0.0000,d)nonlinear(6,0.0000,0.0000,7.7580,d)linear(0,0,0,9.3948,d)rotate(-57.9156)rotateIntoBiaxial(d,0.5330,0.0000,d)nonlinear(d,0.5330,0.0000,63.8417,d)rotateFromBiaxial(d,0.5330,0.0000,d)nonlinear(6,0.0000,0.0000,90.5630,d)rotateIntoBiaxial(d,6.9340,0.0000,d)nonlinear(d,6.9340,0.0000,16.2803,d)rotateFromBiaxial(d,6.9340,0.0000,d)nonlinear(6,0.0000,0.0000,13.6955,d)linear(0,0,0,67.3465,d)rotate(-5.0101)rotateIntoBiaxial(d,11.0801,0.0000,d)nonlinear(d,11.0801,0.0000,100.0000,d)rotateFromBiaxial(d,11.0801,0.0000,d)linear(0,0,0,4.2239,d)
2162,0,40,7.4905,9.5969,init()rotateIntoBiaxial(d,3.2911,0.0000,d)nonlinear(d,3.2911,0.0000,250.0000,d)rotateFromBiaxial(d,3.2911,0.0000,d)nonlinear(6,0.0000,0.0000,28.1049,d)rotateIntoBiaxial(d,41.2031,0.0000,d)nonlinear(d,41.2031,0.0000,100.0000,d)rotateFromBiaxial(d,41.2031,0.0000,d)rotate(166.7242)rotateIntoBiaxial(d,138.8978,0.0000,d)nonlinear(d,138.8978,0.0000,100.0000,d)rotateFromBiaxial(d,138.8978,0.0000,d)linear(0,0,0,35.0039,d)rotate(-47.1435)rotateIntoBiaxial(d,14.3907,0.0000,d)nonlinear(d,14.3907,0.0000,73.5516,d)rotateFromBiaxial(d,14.3907,0.0000,d)nonlinear(6,0.0000,0.0000,49.2621,d)rotate(12.7869)linear(0,0,0,48.1457,d)rotate(-1.3426)rotateIntoBiaxial(d,4.0632,0.0000,d)nonlinear(d,4.0632,0.0000,93.5858,d)rotateFromBiaxial(d,4.0632,0.0000,d)nonlinear(6,0.0000,0.0000,2.3957,d)linear(0,0,0,18.8877,d)
2208,0,40,6.6750,9.5969,init()rotateIntoBiaxial(d,1.4796,0.0000,d)nonlinear(d,1.4796,0.0000,200.0000,d)rotateFromBiaxial(d,1.4796,0.0000,d)rotate(9.0719)rotateIntoBiaxial(d,42.2866,0.0000,d)nonlinear(d,42.2866,0.0000,50.0000,d)rotateFromBiaxial(d,42.2866,0.0000,d)nonlinear(6,0.0000,0.0000,3.0826,d)linear(0,0,0,7.6803,d)rotate(173.9123)rotateIntoBiaxial(d,140.0912,0.0000,d)nonlinear(d,140.0912,0.0000,50.0000,d)rotateFromBiaxial(d,140.0912,0.0000,d)linear(0,0,0,12.9282,d)rotate(-30.6599)rotateIntoBiaxial(d,7.9756,0.0000,d)nonlinear(d,7.9756,0.0000,34.5946,d)rotateFromBiaxial(d,7.9756,0.0000,d)nonlinear(6,0.0000,0.0000,42.4483,d)rotate(4.4341)rotateIntoBiaxial(d,18.8508,0.0000,d)nonlinear(d,18.8508,0.0000,7.5747,d)rotateFromBiaxial(d,18.8508,0.0000,d)nonlinear(6,0.0000,0.0000,44.3417,d)linear(0,0,0,30.0015,d)rotate(-6.9531)rotateIntoBiaxial(d,1.1145,0.0000,d)nonlinear(d,1.1145,0.0000,100.0000,d)rotateFromBiaxial(d,1.1145,0.0000,d)nonlinear(6,0.0000,0.0000,0.2576,d)linear(0,0,0,139.2330,d)rotate(11.5636)
2254,0,40,5.6222,9.5969,init()rotateIntoBiaxial(d,5.0363,0.0000,d)nonlinear(d,5.0363,0.0000,250.0000,d)rotateFromBiaxial(d,5.0363,0.0000,d)nonlinear(6,0.0000,0.0000,51.1020,d)rotate(9.6215)rotateIntoBiaxial(d,50.1256,0.0000,d)nonlinear(d,50.1256,0.0000,50.0000,d)rotateFromBiaxial(d,50.1256,0.0000,d)rotate(167.0081)rotateIntoBiaxial(d,141.3168,0.0000,d)nonlinear(d,141.3168,0.0000,100.0000,d)rotateFromBiaxial(d,141.3168,0.0000,d)rotate(-37.7724)rotateIntoBiaxial(d,10.0333,0.0000,d)nonlinear(d,10.0333,0.0000,83.6570,d)rotateFromBiaxial(d,10.0333,0.0000,d)nonlinear(6,0.0000,0.0000,62.0361,d)rotate(11.5545)rotate(-1.2258)rotateIntoBiaxial(d,3.0827,0.0000,d)nonlinear(d,3.0827,0.0000,42.7503,d)rotateFromBiaxial(d,3.0827,0.0000,d)nonlinear(6,0.0000,0.0000,3.9553,d)linear(0,0,0,17.4761,d)rotate(7.3454)
2300,0,40,5.6494,9.5969,init()rotateIntoBiaxial(d,4.9737,0.0000,d)nonlinear(d,4.9737,0.0000,250.0000,d)rotateFromBiaxial(d,4.9737,0.0000,d)rotate(11.4743)rotateIntoBiaxial(d,44.9345,0.0000,d)nonlinear(d,44.9345,0.0000,50.0000,d)rotateFromBiaxial(d,44.9345,0.0000,d)nonlinear(6,0.0000,0.0000,2.2948,d)linear(0,0,0,30.5309,d)rotate(179.4294)rotateIntoBiaxial(d,141.3549,0.0000,d)nonlinear(d,141.3549,0.0000,100.0000,d)rotateFromBiaxial(d,141.3549,0.0000,d)linear(0,0,0,11.1807,d)rotate(-33.5956)rotateIntoBiaxial(d,8.0863,0.0000,d)nonlinear(d,8.0863,0.0000,100.0000,d)rotateFromBiaxial(d,8.0863,0.0000,d)nonlinear(6,0.0000,0.0000,73.5881,d)rotate(12.5306)rotateIntoBiaxial(d,19.0253,0.0000,d)nonlinear(d,19.0253,0.0000,23.2074,d)rotateFromBiaxial(d,19.0253,0.0000,d)nonlinear(6,0.0000,0.0000,8.4205,d)linear(0,0,0,47.1683,d)rotate(0.5846)rotateIntoBiaxial(d,0.8116,0.0000,d)nonlinear(d,0.8116,0.0000,29.8570,d)rotateFromBiaxial(d,0.8116,0.0000,d)nonlinear(6,0.0000,0.0000,4.0256,d)
2346,0,40,6.8984,9.5969,init()rotateIntoBiaxial(d,2.7440,0.0000,d)nonlinear(d,2.7440,0.0000,250.0000,d)rotateFromBiaxial(d,2.7440,0.0000,d)rotateIntoBiaxial(d,42.9665,0.0000,d)nonlinear(d,42.9665,0.0000,50.0000,d)rotateFromBiaxial(d,42.9665,0.0000,d)linear(0,0,0,2.0040,d)rotate(163.5546)rotateIntoBiaxial(d,139.4866,0.0000,d)nonlinear(d,139.4866,0.0000,100.0000,d)rotateFromBiaxial(d,139.4866,0.0000,d)linear(0,0,0,134.5298,d)rotate(-33.5816)rotateIntoBiaxial(d,2.6889,0.0000,d)nonlinear(d,2.6889,0.0000,75.3448,d)rotateFromBiaxial(d,2.6889,0.0000,d)rotate(25.4482)nonlinear(6,0.0000,0.0000,16.1247,d)linear(0,0,0,16.9089,d)rotateIntoBiaxial(d,5.6566,0.0000,d)nonlinear(d,5.6566,0.0000,37.8067,d)rotateFromBiaxial(d,5.6566,0.0000,d)nonlinear(6,0.0000,0.0000,5.8879,d)linear(0,0,0,582.9990,d)
2392,0,40,6.9092,9.5969,init()rotateIntoBiaxial(d,0.2663,0.0000,d)nonlinear(d,0.2663,0.0000,300.0000,d)rotateFromBiaxial(d,0.2663,0.0000,d)nonlinear(6,0.0000,0.0000,46.7241,d)rotateIntoBiaxial(d,44.2452,0.0000,d)nonlinear(d,44.2452,0.0000,50.0000,d)rotateFromBiaxial(d,44.2452,0.0000,d)nonlinear(6,0.0000,0.0000,8.1982,d)linear(0,0,0,1.3816,d)rotate(178.4090)rotateIntoBiaxial(d,139.9290,0.0000,d)nonlinear(d,139.9290,0.0000,100.0000,d)rotateFromBiaxial(d,139.9290,0.0000,d)nonlinear(6,0.0000,0.0000,0.4810,d)linear(0,0,0,127.4474,d)rotate(-51.8006)rotateIntoBiaxial(d,8.6587,0.0000,d)nonlinear(d,8.6587,0.0000,100.0000,d)rotateFromBiaxial(d,8.6587,0.0000,d)nonlinear(6,0.0000,0.0000,31.7488,d)rotate(18.4799)rotateIntoBiaxial(d,23.6872,0.0000,d)nonlinear(d,23.6872,0.0000,15.5118,d)rotateFromBiaxial(d,23.6872,0.0000,d)nonlinear(6,0.0000,0.0000,2.2608,d)linear(0,0,0,18.7329,d)rotate(-10.4649)rotateIntoBiaxial(d,6.9485,0.0000,d)nonlinear(d,6.9485,0.0000,97.7318,d)rotateFromBiaxial(d,6.9485,0.0000,d)nonlinear(6,0.0000,0.0000,5.5528,d)
2438,0,40,7.4927,9.5969,init()rotateIntoBiaxial(d,3.1050,0.0000,d)nonlinear(d,3.1050,0.0000,250.0000,d)rotateFromBiaxial(d,3.1050,0.0000,d)nonlinear(6,0.0000,0.0000,11.1002,d)rotateIntoBiaxial(d,41.6342,0.0000,d)nonlinear(d,41.6342,0.0000,50.0000,d)rotateFromBiaxial(d,41.6342,0.0000,d)nonlinear(6,0.0000,0.0000,34.3778,d)linear(0,0,0,7.7938,d)rotate(179.9962)rotateIntoBiaxial(d,135.2084,0.0000,d)nonlinear(d,135.2084,0.0000,50.0000,d)rotateFromBiaxial(d,135.2084,0.0000,d)linear(0,0,0,41.8549,d)rotate(-39.4690)rotateIntoBiaxial(d,11.5504,0.0000,d)nonlinear(d,11.5504,0.0000,200.0000,d)rotateFromBiaxial(d,11.5504,0.0000,d)rotate(1.3571)nonlinear(6,0.0000,0.0000,15.6432,d)linear(0,0,0,271.9439,d)rotateIntoBiaxial(d,6.7131,0.0000,d)nonlinear(d,6.7131,0.0000,44.2173,d)rotateFromBiaxial(d,6.7131,0.0000,d)nonlinear(6,0.0000,0.0000,26.6895,d)
2484,0,40,9.2381,9.5969,init()rotateIntoBiaxial(d,2.7379,0.0000,d)nonlinear(d,2.7379,0.0000,300.0000,d)rotateFromBiaxial(d,2.7379,0.0000,d)rotateIntoBiaxial(d,42.9726,0.0000,d)nonlinear(d,42.9726,0.0000,50.0000,d)rotateFromBiaxial(d,42.9726,0.0000,d)nonlinear(6,0.0000,0.0000,9.5911,d)rotate(179.5459)rotateIntoBiaxial(d,140.4681,0.0000,d)nonlinear(d,140.4681,0.0000,100.0000,d)rotateFromBiaxial(d,140.4681,0.0000,d)nonlinear(6,0.0000,0.0000,4.5834,d)linear(0,0,0,7.1418,d)rotate(-70.5085)rotateIntoBiaxial(d,2.2776,0.0000,d)nonlinear(d,2.2776,0.0000,76.0739,d)rotateFromBiaxial(d,2.2776,0.0000,d)nonlinear(6,0.0000,0.0000,38.0550,d)rotateIntoBiaxial(d,13.2643,0.0000,d)nonlinear(d,13.2643,0.0000,6.0431,d)rotateFromBiaxial(d,13.2643,0.0000,d)nonlinear(6,0.0000,0.0000,40.5837,d)linear(0,0,0,80.0528,d)rotateIntoBiaxial(d,2.0515,0.0000,d)nonlinear(d,2.0515,0.0000,26.4617,d)rotateFromBiaxial(d,2.0515,0.0000,d)nonlinear(6,0.0000,0.0000,24.3472,d)
2530,0,40,6.8806,9.5969,init()rotateIntoBiaxial(d,2.8132,0.0000,d)nonlinear(d,2.8132,0.0000,250.0000,d)rotateFromBiaxial(d,2.8132,0.0000,d)rotateIntoBiaxial(d,45.2920,0.0000,d)nonlinear(d,45.2920,0.0000,50.0000,d)rotateFromBiaxial(d,45.2920,0.0000,d)nonlinear(6,0.0000,0.0000,22.2487,d)rotate(178.3408)rotateIntoBiaxial(d,139.9238,0.0000,d)nonlinear(d,139.9238,0.0000,100.0000,d)rotateFromBiaxial(d,139.9238,0.0000,d)linear(0,0,0,41.5766,d)rotate(-58.1851)rotateIntoBiaxial(d,3.3001,0.0000,d)nonlinear(d,3.3001,0.0000,150.0000,d)rotateFromBiaxial(d,3.3001,0.0000,d)nonlinear(6,0.0000,0.0000,31.4840,d)nonlinear(6,0.0000,0.0000,0.7969,d)linear(0,0,0,245.2121,d)rotate(-0.7175)rotateIntoBiaxial(d,1.7430,0.0000,d)nonlinear(d,1.7430,0.0000,66.0146,d)rotateFromBiaxial(d,1.7430,0.0000,d)nonlinear(6,0.0000,0.0000,17.1618,d)linear(0,0,0,35.4127,d)rotate(0.0806)
2576,0,40,6.1224,9.5969,init()rotateIntoBiaxial(d,4.1495,0.0000,d)nonlinear(d,4.1495,0.0000,200.0000,d)rotateFromBiaxial(d,4.1495,0.0000,d)nonlinear(6,0.0000,0.0000,2.4113,d)rotate(6.0318)rotateIntoBiaxial(d,47.0754,0.0000,d)nonlinear(d,47.0754,0.0000,50.0000,d)rotateFromBiaxial(d,47.0754,0.0000,d)nonlinear(6,0.0000,0.0000,0.6511,d)rotate(153.0402)rotateIntoBiaxial(d,140.0775,0.0000,d)nonlinear(d,140.0775,0.0000,100.0000,d)rotateFromBiaxial(d,140.0775,0.0000,d)linear(0,0,0,62.7455,d)rotate(-39.0933)rotateIntoBiaxial(d,5.4401,0.0000,d)nonlinear(d,5.4401,0.0000,89.4759,d)rotateFromBiaxial(d,5.4401,0.0000,d)nonlinear(6,0.0000,0.0000,19.5015,d)rotateIntoBiaxial(d,7.7464,0.0000,d)nonlinear(d,7.7464,0.0000,6.5379,d)rotateFromBiaxial(d,7.7464,0.0000,d)nonlinear(6,0.0000,0.0000,6.8438,d)linear(0,0,0,47.7433,d)rotateIntoBiaxial(d,4.3966,0.0000,d)nonlinear(d,4.3966,0.0000,50.0000,d)rotateFromBiaxial(d,4.3966,0.0000,d)
2622,0,40,8.8891,9.5969,init()rotateIntoBiaxial(d,0.8872,0.0000,d)nonlinear(d,0.8872,0.0000,200.0000,d)rotateFromBiaxial(d,0.8872,0.0000,d)rotateIntoBiaxial(d,43.3561,0.0000,d)nonlinear(d,43.3561,0.0000,50.0000,d)rotateFromBiaxial(d,43.3561,0.0000,d)rotate(179.9959)rotateIntoBiaxial(d,140.9247,0.0000,d)nonlinear(d,140.9247,0.0000,50.0000,d)rotateFromBiaxial(d,140.9247,0.0000,d)rotate(-57.2834)rotateIntoBiaxial(d,9.5495,0.0000,d)nonlinear(d,9.5495,0.0000,76.5109,d)rotateFromBiaxial(d,9.5495,0.0000,d)rotateIntoBiaxial(d,2.4775,0.0000,d)nonlinear(d,2.4775,0.0000,16.1814,d)rotateFromBiaxial(d,2.4775,0.0000,d)nonlinear(6,0.0000,0.0000,5.0420,d)linear(0,0,0,36.8088,d)rotateIntoBiaxial(d,3.6292,0.0000,d)nonlinear(d,3.6292,0.0000,43.5981,d)rotateFromBiaxial(d,3.6292,0.0000,d)linear(0,0,0,84.2573,d)rotate(8.4537)
2668,0,40,5.0412,9.5969,init()rotateIntoBiaxial(d,1.7559,0.0000,d)nonlinear(d,1.7559,0.0000,200.0000,d)rotateFromBiaxial(d,1.7559,0.0000,d)rotateIntoBiaxial(d,41.4664,0.0000,d)nonlinear(d,41.4664,0.0000,50.0000,d)rotateFromBiaxial(d,41.4664,0.0000,d)linear(0,0,0,31.3707,d)rotate(177.8717)rotateIntoBiaxial(d,140.2141,0.0000,d)nonlinear(d,140.2141,0.0000,50.0000,d)rotateFromBiaxial(d,140.2141,0.0000,d)linear(0,0,0,5.7127,d)rotate(-44.8018)rotateIntoBiaxial(d,7.4780,0.0000,d)nonlinear(d,7.4780,0.0000,50.0000,d)rotateFromBiaxial(d,7.4780,0.0000,d)nonlinear(6,0.0000,0.0000,26.1095,d)rotateIntoBiaxial(d,10.9542,0.0000,d)nonlinear(d,10.9542,0.0000,19.7821,d)rotateFromBiaxial(d,10.9542,0.0000,d)nonlinear(6,0.0000,0.0000,18.9220,d)linear(0,0,0,101.7748,d)rotateIntoBiaxial(d,3.4914,0.0000,d)nonlinear(d,3.4914,0.0000,39.0633,d)rotateFromBiaxial(d,3.4914,0.0000,d)nonlinear(6,0.0000,0.0000,3.1792,d)linear(0,0,0,466.4062,d)
2714,0,40,5.2325,9.5969,init()rotateIntoBiaxial(d,4.5229,0.0000,d)nonlinear(d,4.5229,0.0000,200.0000,d)rotateFromBiaxial(d,4.5229,0.0000,d)linear(0,0,0,45.9325,d)rotate(0.2979)rotateIntoBiaxial(d,40.6062,0.0000,d)nonlinear(d,40.6062,0.0000,50.0000,d)rotateFromBiaxial(d,40.6062,0.0000,d)rotate(178.8293)rotateIntoBiaxial(d,138.8721,0.0000,d)nonlinear(d,138.8721,0.0000,50.0000,d)rotateFromBiaxial(d,138.8721,0.0000,d)rotate(-50.4639)rotateIntoBiaxial(d,6.1882,0.0000,d)nonlinear(d,6.1882,0.0000,44.1207,d)rotateFromBiaxial(d,6.1882,0.0000,d)nonlinear(6,0.0000,0.0000,28.1090,d)rotate(3.6655)nonlinear(6,0.0000,0.0000,1.4657,d)linear(0,0,0,163.2973,d)rotateIntoBiaxial(d,0.8466,0.0000,d)nonlinear(d,0.8466,0.0000,100.0000,d)rotateFromBiaxial(d,0.8466,0.0000,d)nonlinear(6,0.0000,0.0000,40.2278,d)linear(0,0,0,107.5555,d)
2760,0,40,4.0133,9.5969,init()rotateIntoBiaxial(d,2.3705,0.0000,d)nonlinear(d,2.3705,0.0000,200.0000,d)rotateFromBiaxial(d,2.3705,0.0000,d)rotate(16.7220)rotateIntoBiaxial(d,43.4242,0.0000,d)nonlinear(d,43.4242,0.0000,50.0000,d)rotateFromBiaxial(d,43.4242,0.0000,d)rotate(179.9386)rotateIntoBiaxial(d,139.6072,0.0000,d)nonlinear(d,139.6072,0.0000,50.0000,d)rotateFromBiaxial(d,139.6072,0.0000,d)rotate(-42.1255)rotateIntoBiaxial(d,6.6354,0.0000,d)nonlinear(d,6.6354,0.0000,39.2747,d)rotateFromBiaxial(d,6.6354,0.0000,d)nonlinear(6,0.0000,0.0000,11.0169,d)rotate(18.8542)rotateIntoBiaxial(d,14.1040,0.0000,d)nonlinear(d,14.1040,0.0000,24.3569,d)rotateFromBiaxial(d,14.1040,0.0000,d)nonlinear(6,0.0000,0.0000,40.8326,d)linear(0,0,0,54.6011,d)rotateIntoBiaxial(d,4.1187,0.0000,d)nonlinear(d,4.1187,0.0000,50.0000,d)rotateFromBiaxial(d,4.1187,0.0000,d)nonlinear(6,0.0000,0.0000,17.6968,d)linear(0,0,0,27.1507,d)rotate(6.0449)
2806,0,40,5.0106,9.5969,init()rotateIntoBiaxial(d,0.3126,0.0000,d)nonlinear(d,0.3126,0.0000,200.0000,d)rotateFromBiaxial(d,0.3126,0.0000,d)rotate(1.1708)rotateIntoBiaxial(d,40.8325,0.0000,d)nonlinear(d,40.8325,0.0000,50.0000,d)rotateFromBiaxial(d,40.8325,0.0000,d)nonlinear(6,0.0000,0.0000,1.0860,d)linear(0,0,0,26.4520,d)rotate(175.0724)rotateIntoBiaxial(d,138.7005,0.0000,d)nonlinear(d,138.7005,0.0000,50.0000,d)rotateFromBiaxial(d,138.7005,0.0000,d)rotate(-54.8964)rotateIntoBiaxial(d,0.7090,0.0000,d)nonlinear(d,0.7090,0.0000,150.0000,d)rotateFromBiaxial(d,0.7090,0.0000,d)rotateIntoBiaxial(d,5.5399,0.0000,d)nonlinear(d,5.5399,0.0000,11.2635,d)rotateFromBiaxial(d,5.5399,0.0000,d)nonlinear(6,0.0000,0.0000,20.6873,d)linear(0,0,0,65.7580,d)rotateIntoBiaxial(d,2.6958,0.0000,d)nonlinear(d,2.6958,0.0000,23.5842,d)rotateFromBiaxial(d,2.6958,0.0000,d)nonlinear(6,0.0000,0.0000,11.3370,d)linear(0,0,0,7.6587,d)
2852,0,40,7.7402,9.5969,init()rotateIntoBiaxial(d,1.0762,0.0000,d)nonlinear(d,1.0762,0.0000,200.0000,d)rotateFromBiaxial(d,1.0762,0.0000,d)nonlinear(6,0.0000,0.0000,23.0778,d)rotateIntoBiaxial(d,45.7096,0.0000,d)nonlinear(d,45.7096,0.0000,50.0000,d)rotateFromBiaxial(d,45.7096,0.0000,d)rotate(172.5376)rotateIntoBiaxial(d,141.9204,0.0000,d)nonlinear(d,141.9204,0.0000,50.0000,d)rotateFromBiaxial(d,141.9204,0.0000,d)nonlinear(6,0.0000,0.0000,2.7114,d)rotate(-61.2798)rotateIntoBiaxial(d,11.5874,0.0000,d)nonlinear(d,11.5874,0.0000,44.5355,d)rotateFromBiaxial(d,11.5874,0.0000,d)nonlinear(6,0.0000,0.0000,4.8831,d)rotateIntoBiaxial(d,0.0512,0.0000,d)nonlinear(d,0.0512,0.0000,40.7619,d)rotateFromBiaxial(d,0.0512,0.0000,d)linear(0,0,0,13.7253,d)rotateIntoBiaxial(d,12.1282,0.0000,d)nonlinear(d,12.1282,0.0000,91.5091,d)rotateFromBiaxial(d,12.1282,0.0000,d)nonlinear(6,0.0000,0.0000,10.4714,d)linear(0,0,0,1.8142,d)rotate(15.3590)
2898,0,40,6.4860,9.5969,init()rotateIntoBiaxial(d,0.2454,0.0000,d)nonlinear(d,0.2454,0.0000,250.0000,d)rotateFromBiaxial(d,0.2454,0.0000,d)nonlinear(6,0.0000,0.0000,10.0421,d)linear(0,0,0,7.1358,d)rotateIntoBiaxial(d,44.7454,0.0000,d)nonlinear(d,44.7454,0.0000,50.0000,d)rotateFromBiaxial(d,44.7454,0.0000,d)rotate(169.2937)rotateIntoBiaxial(d,142.6539,0.0000,d)nonlinear(d,142.6539,0.0000,50.0000,d)rotateFromBiaxial(d,142.6539,0.0000,d)rotate(-47.9081)rotateIntoBiaxial(d,2.8612,0.0000,d)nonlinear(d,2.8612,0.0000,115.5655,d)rotateFromBiaxial(d,2.8612,0.0000,d)nonlinear(6,0.0000,0.0000,34.5583,d)rotate(0.2751)linear(0,0,0,63.9993,d)rotateIntoBiaxial(d,9.4593,0.0000,d)nonlinear(d,9.4593,0.0000,100.0000,d)rotateFromBiaxial(d,9.4593,0.0000,d)nonlinear(6,0.0000,0.0000,26.1290,d)linear(0,0,0,206.8991,d)
2944,0,40,5.8161,9.5969,init()rotateIntoBiaxial(d,2.7795,0.0000,d)nonlinear(d,2.7795,0.0000,250.0000,d)rotateFromBiaxial(d,2.7795,0.0000,d)rotate(0.7517)rotateIntoBiaxial(d,40.8093,0.0000,d)nonlinear(d,40.8093,0.0000,50.0000,d)rotateFromBiaxial(d,40.8093,0.0000,d)rotate(177.2867)rotateIntoBiaxial(d,142.3784,0.0000,d)nonlinear(d,142.3784,0.0000,50.0000,d)rotateFromBiaxial(d,142.3784,0.0000,d)rotate(-51.0794)rotateIntoBiaxial(d,1.8545,0.0000,d)nonlinear(d,1.8545,0.0000,114.5914,d)rotateFromBiaxial(d,1.8545,0.0000,d)nonlinear(6,0.0000,0.0000,39.0540,d)rotate(4.2748)rotateIntoBiaxial(d,4.0003,0.0000,d)nonlinear(d,4.0003,0.0000,18.4927,d)rotateFromBiaxial(d,4.0003,0.0000,d)nonlinear(6,0.0000,0.0000,11.0388,d)linear(0,0,0,11.5406,d)rotateIntoBiaxial(d,3.4023,0.0000,d)nonlinear(d,3.4023,0.0000,100.0000,d)rotateFromBiaxial(d,3.4023,0.0000,d)nonlinear(6,0.0000,0.0000,33.3055,d)linear(0,0,0,652.9227,d)rotate(5.6069)
2990,0,40,5.4630,9.5969,init()rotateIntoBiaxial(d,3.6024,0.0000,d)nonlinear(d,3.6024,0.0000,200.0000,d)rotateFromBiaxial(d,3.6024,0.0000,d)nonlinear(6,0.0000,0.0000,1.6723,d)rotateIntoBiaxial(d,41.8614,0.0000,d)nonlinear(d,41.8614,0.0000,50.0000,d)rotateFromBiaxial(d,41.8614,0.0000,d)rotate(174.4127)rotateIntoBiaxial(d,141.5543,0.0000,d)nonlinear(d,141.5543,0.0000,50.0000,d)rotateFromBiaxial(d,141.5543,0.0000,d)rotate(-55.9588)rotateIntoBiaxial(d,4.2380,0.0000,d)nonlinear(d,4.2380,0.0000,188.1775,d)rotateFromBiaxial(d,4.2380,0.0000,d)rotate(11.8094)rotateIntoBiaxial(d,3.2501,0.0000,d)nonlinear(d,3.2501,0.0000,24.5986,d)rotateFromBiaxial(d,3.2501,0.0000,d)nonlinear(6,0.0000,0.0000,10.8383,d)rotate(1.3017)rotateIntoBiaxial(d,11.7468,0.0000,d)nonlinear(d,11.7468,0.0000,49.4049,d)rotateFromBiaxial(d,11.7468,0.0000,d)nonlinear(6,0.0000,0.0000,3.1435,d)linear(0,0,0,82.6834,d)
3036,0,40,5.2820,9.5969,init()rotateIntoBiaxial(d,3.3173,0.0000,d)nonlinear(d,3.3173,0.0000,300.0000,d)rotateFromBiaxial(d,3.3173,0.0000,d)linear(0,0,0,74.8561,d)rotateIntoBiaxial(d,43.3343,0.0000,d)nonlinear(d,43.3343,0.0000,50.0000,d)rotateFromBiaxial(d,43.3343,0.0000,d)nonlinear(6,0.0000,0.0000,8.3558,d)linear(0,0,0,1.1608,d)rotate(179.6530)rotateIntoBiaxial(d,140.5736,0.0000,d)nonlinear(d,140.5736,0.0000,50.0000,d)rotateFromBiaxial(d,140.5736,0.0000,d)nonlinear(6,0.0000,0.0000,7.7229,d)rotate(-38.2118)rotateIntoBiaxial(d,6.2525,0.0000,d)nonlinear(d,6.2525,0.0000,99.4542,d)rotateFromBiaxial(d,6.2525,0.0000,d)nonlinear(6,0.0000,0.0000,89.8629,d)rotate(3.6021)rotateIntoBiaxial(d,3.4986,0.0000,d)nonlinear(d,3.4986,0.0000,25.7134,d)rotateFromBiaxial(d,3.4986,0.0000,d)linear(0,0,0,102.4499,d)rotate(0.0087)rotateIntoBiaxial(d,6.0178,0.0000,d)nonlinear(d,6.0178,0.0000,25.1952,d)rotateFromBiaxial(d,6.0178,0.0000,d)nonlinear(6,0.0000,0.0000,0.4549,d)linear(0,0,0,100.2581,d)rotate(15.8036)
3082,0,40,7.9016,9.5969,init()rotateIntoBiaxial(d,2.2896,0.0000,d)nonlinear(d,2.2896,0.0000,200.0000,d)rotateFromBiaxial(d,2.2896,0.0000,d)linear(0,0,0,56.5291,d)rotate(10.9240)rotateIntoBiaxial(d,46.9851,0.0000,d)nonlinear(d,46.9851,0.0000,100.0000,d)rotateFromBiaxial(d,46.9851,0.0000,d)linear(0,0,0,35.8848,d)rotate(179.9854)rotateIntoBiaxial(d,139.3069,0.0000,d)nonlinear(d,139.3069,0.0000,100.0000,d)rotateFromBiaxial(d,139.3069,0.0000,d)rotate(-40.8793)rotateIntoBiaxial(d,11.1885,0.0000,d)nonlinear(d,11.1885,0.0000,200.0000,d)rotateFromBiaxial(d,11.1885,0.0000,d)nonlinear(6,0.0000,0.0000,6.9328,d)linear(0,0,0,71.5251,d)rotate(-13.8447)rotateIntoBiaxial(d,7.2205,0.0000,d)nonlinear(d,7.2205,0.0000,100.0000,d)rotateFromBiaxial(d,7.2205,0.0000,d)nonlinear(6,0.0000,0.0000,48.9462,d)linear(0,0,0,514.6587,d)
3128,0,40,7.0545,9.5969,init()rotateIntoBiaxial(d,1.0796,0.0000,d)nonlinear(d,1.0796,0.0000,250.0000,d)rotateFromBiaxial(d,1.0796,0.0000,d)nonlinear(6,0.0000,0.0000,74.4640,d)rotate(11.0367)rotateIntoBiaxial(d,41.7740,0.0000,d)nonlinear(d,41.7740,0.0000,50.0000,d)rotateFromBiaxial(d,41.7740,0.0000,d)linear(0,0,0,2.6271,d)rotate(169.8083)rotateIntoBiaxial(d,137.7948,0.0000,d)nonlinear(d,137.7948,0.0000,50.0000,d)rotateFromBiaxial(d,137.7948,0.0000,d)rotate(-33.4810)rotateIntoBiaxial(d,12.4036,0.0000,d)nonlinear(d,12.4036,0.0000,150.0000,d)rotateFromBiaxial(d,12.4036,0.0000,d)linear(0,0,0,12.5196,d)rotateIntoBiaxial(d,10.8552,0.0000,d)nonlinear(d,10.8552,0.0000,50.0000,d)rotateFromBiaxial(d,10.8552,0.0000,d)nonlinear(6,0.0000,0.0000,24.1827,d)linear(0,0,0,192.8407,d)
3174,0,40,5.3232,9.5969,init()rotateIntoBiaxial(d,4.1884,0.0000,d)nonlinear(d,4.1884,0.0000,150.0000,d)rotateFromBiaxial(d,4.1884,0.0000,d)rotate(0.0211)rotateIntoBiaxial(d,42.3351,0.0000,d)nonlinear(d,42.3351,0.0000,50.0000,d)rotateFromBiaxial(d,42.3351,0.0000,d)linear(0,0,0,3.3081,d)rotate(179.6785)rotateIntoBiaxial(d,142.3420,0.0000,d)nonlinear(d,142.3420,0.0000,50.0000,d)rotateFromBiaxial(d,142.3420,0.0000,d)rotate(-28.0259)rotateIntoBiaxial(d,2.4025,0.0000,d)nonlinear(d,2.4025,0.0000,98.1160,d)rotateFromBiaxial(d,2.4025,0.0000,d)nonlinear(6,0.0000,0.0000,48.2841,d)rotate(5.5223)rotateIntoBiaxial(d,2.9800,0.0000,d)nonlinear(d,2.9800,0.0000,23.9173,d)rotateFromBiaxial(d,2.9800,0.0000,d)nonlinear(6,0.0000,0.0000,10.0420,d)linear(0,0,0,6.6637,d)rotateIntoBiaxial(d,6.1665,0.0000,d)nonlinear(d,6.1665,0.0000,100.0000,d)rotateFromBiaxial(d,6.1665,0.0000,d)linear(0,0,0,180.3855,d)rotate(4.5514)
3220,0,40,4.5864,9.5969,init()rotateIntoBiaxial(d,1.5033,0.0000,d)nonlinear(d,1.5033,0.0000,200.0000,d)rotateFromBiaxial(d,1.5033,0.0000,d)nonlinear(6,0.0000,0.0000,26.8451,d)linear(0,0,0,78.5951,d)rotateIntoBiaxial(d,39.3937,0.0000,d)nonlinear(d,39.3937,0.0000,50.0000,d)rotateFromBiaxial(d,39.3937,0.0000,d)linear(0,0,0,8.9252,d)rotate(179.9501)rotateIntoBiaxial(d,139.9153,0.0000,d)nonlinear(d,139.9153,0.0000,50.0000,d)rotateFromBiaxial(d,139.9153,0.0000,d)rotate(-40.3921)rotateIntoBiaxial(d,1.1158,0.0000,d)nonlinear(d,1.1158,0.0000,81.5135,d)rotateFromBiaxial(d,1.1158,0.0000,d)nonlinear(6,0.0000,0.0000,6.9779,d)nonlinear(6,0.0000,0.0000,34.6826,d)linear(0,0,0,165.3546,d)rotate(-3.2501)rotateIntoBiaxial(d,3.4872,0.0000,d)nonlinear(d,3.4872,0.0000,150.0000,d)rotateFromBiaxial(d,3.4872,0.0000,d)nonlinear(6,0.0000,0.0000,46.5699,d)linear(0,0,0,504.3708,d)rotate(1.3516)
3266,0,40,3.8831,9.5969,init()rotateIntoBiaxial(d,3.3409,0.0000,d)nonlinear(d,3.3409,0.0000,200.0000,d)rotateFromBiaxial(d,3.3409,0.0000,d)rotateIntoBiaxial(d,39.3040,0.0000,d)nonlinear(d,39.3040,0.0000,50.0000,d)rotateFromBiaxial(d,39.3040,0.0000,d)linear(0,0,0,16.6704,d)rotate(163.4319)rotateIntoBiaxial(d,141.7722,0.0000,d)nonlinear(d,141.7722,0.0000,50.0000,d)rotateFromBiaxial(d,141.7722,0.0000,d)linear(0,0,0,20.4602,d)rotate(-34.7328)rotateIntoBiaxial(d,4.5361,0.0000,d)nonlinear(d,4.5361,0.0000,59.9206,d)rotateFromBiaxial(d,4.5361,0.0000,d)nonlinear(6,0.0000,0.0000,27.5080,d)rotate(27.7905)linear(0,0,0,94.1272,d)rotate(0.0854)rotateIntoBiaxial(d,3.5893,0.0000,d)nonlinear(d,3.5893,0.0000,22.6874,d)rotateFromBiaxial(d,3.5893,0.0000,d)linear(0,0,0,298.9044,d)
3312,0,40,8.0419,9.5969,init()rotateIntoBiaxial(d,2.4607,0.0000,d)nonlinear(d,2.4607,0.0000,200.0000,d)rotateFromBiaxial(d,2.4607,0.0000,d)nonlinear(6,0.0000,0.0000,0.3575,d)rotate(2.1451)rotateIntoBiaxial(d,40.8492,0.0000,d)nonlinear(d,40.8492,0.0000,100.0000,d)rotateFromBiaxial(d,40.8492,0.0000,d)linear(0,0,0,26.6727,d)rotate(175.4338)rotateIntoBiaxial(d,139.0815,0.0000,d)nonlinear(d,139.0815,0.0000,50.0000,d)rotateFromBiaxial(d,139.0815,0.0000,d)nonlinear(6,0.0000,0.0000,0.3094,d)rotate(-41.6620)rotateIntoBiaxial(d,1.5964,0.0000,d)nonlinear(d,1.5964,0.0000,33.5297,d)rotateFromBiaxial(d,1.5964,0.0000,d)nonlinear(6,0.0000,0.0000,17.7942,d)rotate(7.9555)linear(0,0,0,4.1957,d)rotateIntoBiaxial(d,4.7518,0.0000,d)nonlinear(d,4.7518,0.0000,44.8384,d)rotateFromBiaxial(d,4.7518,0.0000,d)linear(0,0,0,202.3762,d)
3358,0,40,6.7903,9.5969,init()rotateIntoBiaxial(d,0.5912,0.0000,d)nonlinear(d,0.5912,0.0000,200.0000,d)rotateFromBiaxial(d,0.5912,0.0000,d)linear(0,0,0,20.3890,d)rotate(0.7003)rotateIntoBiaxial(d,44.2101,0.0000,d)nonlinear(d,44.2101,0.0000,50.0000,d)rotateFromBiaxial(d,44.2101,0.0000,d)linear(0,0,0,10.3310,d)rotate(165.1702)rotateIntoBiaxial(d,144.4964,0.0000,d)nonlinear(d,144.4964,0.0000,50.0000,d)rotateFromBiaxial(d,144.4964,0.0000,d)rotate(-52.2680)nonlinear(6,0.0000,0.0000,41.7681,d)rotate(8.0285)linear(0,0,0,12.6847,d)rotateIntoBiaxial(d,11.2135,0.0000,d)nonlinear(d,11.2135,0.0000,94.7931,d)rotateFromBiaxial(d,11.2135,0.0000,d)linear(0,0,0,212.8807,d)
3404,0,40,9.2859,9.5969,init()rotateIntoBiaxial(d,1.1218,0.0000,d)nonlinear(d,1.1218,0.0000,250.0000,d)rotateFromBiaxial(d,1.1218,0.0000,d)nonlinear(6,0.0000,0.0000,5.2307,d)rotateIntoBiaxial(d,42.7217,0.0000,d)nonlinear(d,42.7217,0.0000,50.0000,d)rotateFromBiaxial(d,42.7217,0.0000,d)nonlinear(6,0.0000,0.0000,1.2449,d)linear(0,0,0,48.0786,d)rotate(172.5275)rotateIntoBiaxial(d,140.9814,0.0000,d)nonlinear(d,140.9814,0.0000,100.0000,d)rotateFromBiaxial(d,140.9814,0.0000,d)rotate(-34.7607)rotateIntoBiaxial(d,2.9770,0.0000,d)nonlinear(d,2.9770,0.0000,26.7395,d)rotateFromBiaxial(d,2.9770,0.0000,d)nonlinear(6,0.0000,0.0000,5.0370,d)rotate(12.9085)rotateIntoBiaxial(d,2.8187,0.0000,d)nonlinear(d,2.8187,0.0000,0.3992,d)rotateFromBiaxial(d,2.8187,0.0000,d)linear(0,0,0,21.0457,d)rotateIntoBiaxial(d,4.7955,0.0000,d)nonlinear(d,4.7955,0.0000,85.0674,d)rotateFromBiaxial(d,4.7955,0.0000,d)nonlinear(6,0.0000,0.0000,15.2749,d)linear(0,0,0,477.6696,d)
3450,0,40,4.7825,9.5969,init()rotateIntoBiaxial(d,0.0028,0.0000,d)nonlinear(d,0.0028,0.0000,150.0000,d)rotateFromBiaxial(d,0.0028,0.0000,d)rotateIntoBiaxial(d,42.6740,0.0000,d)nonlinear(d,42.6740,0.0000,50.0000,d)rotateFromBiaxial(d,42.6740,0.0000,d)linear(0,0,0,24.6872,d)rotate(178.6099)rotateIntoBiaxial(d,139.8274,0.0000,d)nonlinear(d,139.8274,0.0000,50.0000,d)rotateFromBiaxial(d,139.8274,0.0000,d)rotate(-41.0725)rotateIntoBiaxial(d,9.2123,0.0000,d)nonlinear(d,9.2123,0.0000,13.7844,d)rotateFromBiaxial(d,9.2123,0.0000,d)nonlinear(6,0.0000,0.0000,23.8255,d)rotate(19.5632)nonlinear(6,0.0000,0.0000,14.2640,d)linear(0,0,0,70.8688,d)rotateIntoBiaxial(d,0.8688,0.0000,d)nonlinear(d,0.8688,0.0000,81.1332,d)rotateFromBiaxial(d,0.8688,0.0000,d)linear(0,0,0,405.6429,d)
3496,0,40,5.1758,9.5969,init()rotateIntoBiaxial(d,0.5941,0.0000,d)nonlinear(d,0.5941,0.0000,200.0000,d)rotateFromBiaxial(d,0.5941,0.0000,d)linear(0,0,0,53.1182,d)rotateIntoBiaxial(d,42.3506,0.0000,d)nonlinear(d,42.3506,0.0000,50.0000,d)rotateFromBiaxial(d,42.3506,0.0000,d)linear(0,0,0,1.7925,d)rotate(172.4378)rotateIntoBiaxial(d,139.9181,0.0000,d)nonlinear(d,139.9181,0.0000,50.0000,d)rotateFromBiaxial(d,139.9181,0.0000,d)rotate(-39.5135)rotateIntoBiaxial(d,6.9370,0.0000,d)nonlinear(d,6.9370,0.0000,71.9799,d)rotateFromBiaxial(d,6.9370,0.0000,d)nonlinear(6,0.0000,0.0000,13.8373,d)rotate(17.2630)rotateIntoBiaxial(d,11.9756,0.0000,d)nonlinear(d,11.9756,0.0000,5.7987,d)rotateFromBiaxial(d,11.9756,0.0000,d)nonlinear(6,0.0000,0.0000,7.4469,d)linear(0,0,0,221.3485,d)rotateIntoBiaxial(d,2.4664,0.0000,d)nonlinear(d,2.4664,0.0000,127.6511,d)rotateFromBiaxial(d,2.4664,0.0000,d)nonlinear(6,0.0000,0.0000,71.6768,d)linear(0,0,0,376.6788,d)
3542,0,40,4.0242,9.5969,init()rotateIntoBiaxial(d,2.7066,0.0000,d)nonlinear(d,2.7066,0.0000,250.0000,d)rotateFromBiaxial(d,2.7066,0.0000,d)linear(0,0,0,27.0118,d)rotateIntoBiaxial(d,39.3615,0.0000,d)nonlinear(d,39.3615,0.0000,100.0000,d)rotateFromBiaxial(d,39.3615,0.0000,d)linear(0,0,0,165.0776,d)rotate(156.8627)rotateIntoBiaxial(d,138.5755,0.0000,d)nonlinear(d,138.5755,0.0000,50.0000,d)rotateFromBiaxial(d,138.5755,0.0000,d)rotate(-50.8370)rotateIntoBiaxial(d,4.2905,0.0000,d)nonlinear(d,4.2905,0.0000,105.2785,d)rotateFromBiaxial(d,4.2905,0.0000,d)nonlinear(6,0.0000,0.0000,9.9084,d)rotate(25.6158)rotateIntoBiaxial(d,9.6487,0.0000,d)nonlinear(d,9.6487,0.0000,7.2898,d)rotateFromBiaxial(d,9.6487,0.0000,d)nonlinear(6,0.0000,0.0000,20.8139,d)linear(0,0,0,171.0298,d)rotateIntoBiaxial(d,9.8244,0.0000,d)nonlinear(d,9.8244,0.0000,100.0000,d)rotateFromBiaxial(d,9.8244,0.0000,d)nonlinear(6,0.0000,0.0000,32.5104,d)linear(0,0,0,568.2724,d)
3588,0,40,4.7065,9.5969,init()rotateIntoBiaxial(d,1.2031,0.0000,d)nonlinear(d,1.2031,0.0000,200.0000,d)rotateFromBiaxial(d,1.2031,0.0000,d)nonlinear(6,0.0000,0.0000,5.6922,d)rotateIntoBiaxial(d,35.8393,0.0000,d)nonlinear(d,35.8393,0.0000,50.0000,d)rotateFromBiaxial(d,35.8393,0.0000,d)linear(0,0,0,92.2662,d)rotate(168.1963)rotateIntoBiaxial(d,136.5089,0.0000,d)nonlinear(d,136.5089,0.0000,50.0000,d)rotateFromBiaxial(d,136.5089,0.0000,d)rotate(-43.4865)rotateIntoBiaxial(d,14.9772,0.0000,d)nonlinear(d,14.9772,0.0000,24.4721,d)rotateFromBiaxial(d,14.9772,0.0000,d)nonlinear(6,0.0000,0.0000,6.2714,d)rotate(15.0340)rotateIntoBiaxial(d,3.4222,0.0000,d)nonlinear(d,3.4222,0.0000,19.8307,d)rotateFromBiaxial(d,3.4222,0.0000,d)linear(0,0,0,81.6431,d)rotateIntoBiaxial(d,3.8681,0.0000,d)nonlinear(d,3.8681,0.0000,50.0000,d)rotateFromBiaxial(d,3.8681,0.0000,d)nonlinear(6,0.0000,0.0000,45.8462,d)linear(0,0,0,160.9143,d)
3634,0,40,5.2451,9.5969,init()rotateIntoBiaxial(d,1.0662,0.0000,d)nonlinear(d,1.0662,0.0000,250.0000,d)rotateFromBiaxial(d,1.0662,0.0000,d)rotate(-0.5420)rotateIntoBiaxial(d,41.3777,0.0000,d)nonlinear(d,41.3777,0.0000,100.0000,d)rotateFromBiaxial(d,41.3777,0.0000,d)linear(0,0,0,350.8057,d)rotate(159.4064)rotateIntoBiaxial(d,140.8399,0.0000,d)nonlinear(d,140.8399,0.0000,50.0000,d)rotateFromBiaxial(d,140.8399,0.0000,d)nonlinear(6,0.0000,0.0000,1.3857,d)linear(0,0,0,380.7182,d)rotate(-53.2010)rotateIntoBiaxial(d,1.8360,0.0000,d)nonlinear(d,1.8360,0.0000,97.2982,d)rotateFromBiaxial(d,1.8360,0.0000,d)nonlinear(6,0.0000,0.0000,11.1507,d)rotateIntoBiaxial(d,12.8781,0.0000,d)nonlinear(d,12.8781,0.0000,13.9806,d)rotateFromBiaxial(d,12.8781,0.0000,d)nonlinear(6,0.0000,0.0000,16.6443,d)linear(0,0,0,49.5195,d)rotateIntoBiaxial(d,7.4510,0.0000,d)nonlinear(d,7.4510,0.0000,27.0615,d)rotateFromBiaxial(d,7.4510,0.0000,d)nonlinear(6,0.0000,0.0000,27.6129,d)linear(0,0,0,187.8820,d)
3680,0,40,7.6013,9.5969,init()rotateIntoBiaxial(d,1.3087,0.0000,d)nonlinear(d,1.3087,0.0000,200.0000,d)rotateFromBiaxial(d,1.3087,0.0000,d)nonlinear(6,0.0000,0.0000,3.4368,d)rotateIntoBiaxial(d,40.3708,0.0000,d)nonlinear(d,40.3708,0.0000,50.0000,d)rotateFromBiaxial(d,40.3708,0.0000,d)linear(0,0,0,10.0035,d)rotate(159.7025)rotateIntoBiaxial(d,139.8842,0.0000,d)nonlinear(d,139.8842,0.0000,100.0000,d)rotateFromBiaxial(d,139.8842,0.0000,d)rotate(-56.9565)rotateIntoBiaxial(d,6.8842,0.0000,d)nonlinear(d,6.8842,0.0000,119.7987,d)rotateFromBiaxial(d,6.8842,0.0000,d)nonlinear(6,0.0000,0.0000,6.6837,d)rotate(2.2170)nonlinear(6,0.0000,0.0000,6.3181,d)linear(0,0,0,145.3527,d)rotateIntoBiaxial(d,3.1361,0.0000,d)nonlinear(d,3.1361,0.0000,47.4655,d)rotateFromBiaxial(d,3.1361,0.0000,d)nonlinear(6,0.0000,0.0000,11.7763,d)linear(0,0,0,456.8038,d)
3726,0,40,6.3336,9.5969,init()rotateIntoBiaxial(d,3.4752,0.0000,d)nonlinear(d,3.4752,0.0000,250.0000,d)rotateFromBiaxial(d,3.4752,0.0000,d)nonlinear(6,0.0000,0.0000,0.0533,d)rotateIntoBiaxial(d,41.7167,0.0000,d)nonlinear(d,41.7167,0.0000,100.0000,d)rotateFromBiaxial(d,41.7167,0.0000,d)nonlinear(6,0.0000,0.0000,10.4041,d)linear(0,0,0,33.1227,d)rotate(171.7517)rotateIntoBiaxial(d,142.6063,0.0000,d)nonlinear(d,142.6063,0.0000,50.0000,d)rotateFromBiaxial(d,142.6063,0.0000,d)linear(0,0,0,75.4091,d)rotate(-72.5578)rotateIntoBiaxial(d,6.4062,0.0000,d)nonlinear(d,6.4062,0.0000,82.7550,d)rotateFromBiaxial(d,6.4062,0.0000,d)nonlinear(6,0.0000,0.0000,0.4135,d)linear(0,0,0,27.2716,d)rotateIntoBiaxial(d,8.5750,0.0000,d)nonlinear(d,8.5750,0.0000,100.0000,d)rotateFromBiaxial(d,8.5750,0.0000,d)nonlinear(6,0.0000,0.0000,3.3207,d)linear(0,0,0,127.8782,d)rotate(24.5424)
3772,0,40,8.4965,9.5969,init()rotateIntoBiaxial(d,3.2281,0.0000,d)nonlinear(d,3.2281,0.0000,200.0000,d)rotateFromBiaxial(d,3.2281,0.0000,d)rotateIntoBiaxial(d,40.8668,0.0000,d)nonlinear(d,40.8668,0.0000,100.0000,d)rotateFromBiaxial(d,40.8668,0.0000,d)linear(0,0,0,59.8030,d)rotate(177.4488)rotateIntoBiaxial(d,140.3658,0.0000,d)nonlinear(d,140.3658,0.0000,50.0000,d)rotateFromBiaxial(d,140.3658,0.0000,d)nonlinear(6,0.0000,0.0000,7.1210,d)rotate(-70.1957)rotateIntoBiaxial(d,8.6441,0.0000,d)nonlinear(d,8.6441,0.0000,68.1118,d)rotateFromBiaxial(d,8.6441,0.0000,d)linear(0,0,0,117.9810,d)rotateIntoBiaxial(d,1.2987,0.0000,d)nonlinear(d,1.2987,0.0000,49.1097,d)rotateFromBiaxial(d,1.2987,0.0000,d)nonlinear(6,0.0000,0.0000,65.3541,d)linear(0,0,0,120.4381,d)
3818,0,40,6.2647,9.5969,init()rotateIntoBiaxial(d,0.8836,0.0000,d)nonlinear(d,0.8836,0.0000,250.0000,d)rotateFromBiaxial(d,0.8836,0.0000,d)linear(0,0,0,15.6312,d)rotateIntoBiaxial(d,45.6915,0.0000,d)nonlinear(d,45.6915,0.0000,50.0000,d)rotateFromBiaxial(d,45.6915,0.0000,d)linear(0,0,0,92.8723,d)rotate(157.5368)rotateIntoBiaxial(d,143.4221,0.0000,d)nonlinear(d,143.4221,0.0000,50.0000,d)rotateFromBiaxial(d,143.4221,0.0000,d)rotate(-48.1451)rotateIntoBiaxial(d,10.7395,0.0000,d)nonlinear(d,10.7395,0.0000,101.0283,d)rotateFromBiaxial(d,10.7395,0.0000,d)nonlinear(6,0.0000,0.0000,2.5197,d)rotateIntoBiaxial(d,7.9933,0.0000,d)nonlinear(d,7.9933,0.0000,17.5881,d)rotateFromBiaxial(d,7.9933,0.0000,d)nonlinear(6,0.0000,0.0000,2.2113,d)linear(0,0,0,11.9328,d)rotateIntoBiaxial(d,4.2351,0.0000,d)nonlinear(d,4.2351,0.0000,100.0000,d)rotateFromBiaxial(d,4.2351,0.0000,d)nonlinear(6,0.0000,0.0000,38.9257,d)linear(0,0,0,259.2762,d)rotate(13.3806)
3864,0,40,4.2502,9.5969,init()rotateIntoBiaxial(d,4.5674,0.0000,d)nonlinear(d,4.5674,0.0000,200.0000,d)rotateFromBiaxial(d,4.5674,0.0000,d)nonlinear(6,0.0000,0.0000,1.6500,d)linear(0,0,0,12.3128,d)rotateIntoBiaxial(d,38.1038,0.0000,d)nonlinear(d,38.1038,0.0000,50.0000,d)rotateFromBiaxial(d,38.1038,0.0000,d)linear(0,0,0,17.4921,d)rotate(176.4475)rotateIntoBiaxial(d,136.5547,0.0000,d)nonlinear(d,136.5547,0.0000,50.0000,d)rotateFromBiaxial(d,136.5547,0.0000,d)nonlinear(6,0.0000,0.0000,6.9633,d)linear(0,0,0,120.9220,d)rotate(-43.3007)rotateIntoBiaxial(d,6.2724,0.0000,d)nonlinear(d,6.2724,0.0000,41.0673,d)rotateFromBiaxial(d,6.2724,0.0000,d)nonlinear(6,0.0000,0.0000,25.9751,d)rotate(15.5158)rotateIntoBiaxial(d,6.5245,0.0000,d)nonlinear(d,6.5245,0.0000,10.3483,d)rotateFromBiaxial(d,6.5245,0.0000,d)linear(0,0,0,126.5281,d)rotate(1.2134)rotateIntoBiaxial(d,1.3917,0.0000,d)nonlinear(d,1.3917,0.0000,68.5845,d)rotateFromBiaxial(d,1.3917,0.0000,d)nonlinear(6,0.0000,0.0000,13.5961,d)linear(0,0,0,311.3717,d)rotate(13.1418)
3910,0,40,5.9411,9.5969,init()rotateIntoBiaxial(d,2.7669,0.0000,d)nonlinear(d,2.7669,0.0000,200.0000,d)rotateFromBiaxial(d,2.7669,0.0000,d)linear(0,0,0,46.5904,d)rotateIntoBiaxial(d,41.4560,0.0000,d)nonlinear(d,41.4560,0.0000,100.0000,d)rotateFromBiaxial(d,41.4560,0.0000,d)linear(0,0,0,91.0040,d)rotate(164.4930)rotateIntoBiaxial(d,140.7711,0.0000,d)nonlinear(d,140.7711,0.0000,50.0000,d)rotateFromBiaxial(d,140.7711,0.0000,d)rotate(-66.6981)rotateIntoBiaxial(d,7.3337,0.0000,d)nonlinear(d,7.3337,0.0000,29.8317,d)rotateFromBiaxial(d,7.3337,0.0000,d)nonlinear(6,0.0000,0.0000,17.7635,d)linear(0,0,0,2.1983,d)rotate(19.8053)rotateIntoBiaxial(d,13.8308,0.0000,d)nonlinear(d,13.8308,0.0000,29.6306,d)rotateFromBiaxial(d,13.8308,0.0000,d)linear(0,0,0,10.6636,d)rotateIntoBiaxial(d,9.5297,0.0000,d)nonlinear(d,9.5297,0.0000,38.4916,d)rotateFromBiaxial(d,9.5297,0.0000,d)nonlinear(6,0.0000,0.0000,1.5163,d)linear(0,0,0,297.9843,d)rotate(34.6270)
3956,0,40,6.2275,9.5969,init()rotateIntoBiaxial(d,0.8259,0.0000,d)nonlinear(d,0.8259,0.0000,200.0000,d)rotateFromBiaxial(d,0.8259,0.0000,d)linear(0,0,0,27.9903,d)rotateIntoBiaxial(d,40.1511,0.0000,d)nonlinear(d,40.1511,0.0000,100.0000,d)rotateFromBiaxial(d,40.1511,0.0000,d)linear(0,0,0,264.5348,d)rotate(171.0580)rotateIntoBiaxial(d,139.5566,0.0000,d)nonlinear(d,139.5566,0.0000,50.0000,d)rotateFromBiaxial(d,139.5566,0.0000,d)linear(0,0,0,13.3492,d)rotate(-59.0143)rotateIntoBiaxial(d,7.4426,0.0000,d)nonlinear(d,7.4426,0.0000,86.0555,d)rotateFromBiaxial(d,7.4426,0.0000,d)nonlinear(6,0.0000,0.0000,16.1352,d)linear(0,0,0,9.4354,d)rotateIntoBiaxial(d,0.5796,0.0000,d)nonlinear(d,0.5796,0.0000,83.6895,d)rotateFromBiaxial(d,0.5796,0.0000,d)nonlinear(6,0.0000,0.0000,11.6340,d)linear(0,0,0,437.7853,d)rotate(8.6152)
4002,0,40,8.3835,9.5969,init()rotateIntoBiaxial(d,1.6621,0.0000,d)nonlinear(d,1.6621,0.0000,200.0000,d)rotateFromBiaxial(d,1.6621,0.0000,d)linear(0,0,0,69.4936,d)rotateIntoBiaxial(d,43.1237,0.0000,d)nonlinear(d,43.1237,0.0000,50.0000,d)rotateFromBiaxial(d,43.1237,0.0000,d)linear(0,0,0,14.8105,d)rotate(174.4606)rotateIntoBiaxial(d,142.3281,0.0000,d)nonlinear(d,142.3281,0.0000,50.0000,d)rotateFromBiaxial(d,142.3281,0.0000,d)rotate(-62.4095)rotateIntoBiaxial(d,10.4760,0.0000,d)nonlinear(d,10.4760,0.0000,143.3528,d)rotateFromBiaxial(d,10.4760,0.0000,d)nonlinear(6,0.0000,0.0000,15.9702,d)rotateIntoBiaxial(d,7.6550,0.0000,d)nonlinear(d,7.6550,0.0000,19.0156,d)rotateFromBiaxial(d,7.6550,0.0000,d)linear(0,0,0,91.5742,d)rotateIntoBiaxial(d,0.0000,0.0000,d)nonlinear(d,0.0000,0.0000,86.0537,d)rotateFromBiaxial(d,0.0000,0.0000,d)nonlinear(6,0.0000,0.0000,0.2691,d)linear(0,0,0,311.7570,d)
4048,0,40,14.0493,14.0493,init()rotateIntoBiaxial(d,1.2274,0.0000,d)nonlinear(d,1.2274,0.0000,250.0000,d)rotateFromBiaxial(d,1.2274,0.0000,d)linear(0,0,0,19.0810,d)rotateIntoBiaxial(d,41.2582,0.0000,d)nonlinear(d,41.2582,0.0000,100.0000,d)rotateFromBiaxial(d,41.2582,0.0000,d)linear(0,0,0,63.2893,d)rotate(164.1805)rotateIntoBiaxial(d,140.0579,0.0000,d)nonlinear(d,140.0579,0.0000,100.0000,d)rotateFromBiaxial(d,140.0579,0.0000,d)nonlinear(6,0.0000,0.0000,1.0474,d)rotate(-53.2497)rotateIntoBiaxial(d,4.7386,0.0000,d)nonlinear(d,4.7386,0.0000,60.0635,d)rotateFromBiaxial(d,4.7386,0.0000,d)nonlinear(6,0.0000,0.0000,21.0065,d)rotate(2.3719)rotateIntoBiaxial(d,0.3157,0.0000,d)nonlinear(d,0.3157,0.0000,1.5471,d)rotateFromBiaxial(d,0.3157,0.0000,d)linear(0,0,0,213.7680,d)rotateIntoBiaxial(d,5.1858,0.0000,d)nonlinear(d,5.1858,0.0000,82.8834,d)rotateFromBiaxial(d,5.1858,0.0000,d)nonlinear(6,0.0000,0.0000,0.7296,d)linear(0,0,0,46.4684,d)rotate(29.9137)
4094,0,40,8.5096,14.0493,init()rotateIntoBiaxial(d,1.4918,0.0000,d)nonlinear(d,1.4918,0.0000,200.0000,d)rotateFromBiaxial(d,1.4918,0.0000,d)linear(0,0,0,18.7692,d)rotateIntoBiaxial(d,40.3404,0.0000,d)nonlinear(d,40.3404,0.0000,100.0000,d)rotateFromBiaxial(d,40.3404,0.0000,d)linear(0,0,0,83.0385,d)rotate(164.2041)rotateIntoBiaxial(d,140.8595,0.0000,d)nonlinear(d,140.8595,0.0000,50.0000,d)rotateFromBiaxial(d,140.8595,0.0000,d)nonlinear(6,0.0000,0.0000,0.7701,d)rotate(-47.6550)rotateIntoBiaxial(d,1.9367,0.0000,d)nonlinear(d,1.9367,0.0000,35.3700,d)rotateFromBiaxial(d,1.9367,0.0000,d)nonlinear(6,0.0000,0.0000,8.6301,d)rotate(7.7200)rotateIntoBiaxial(d,3.3084,0.0000,d)nonlinear(d,3.3084,0.0000,7.3555,d)rotateFromBiaxial(d,3.3084,0.0000,d)linear(0,0,0,27.5469,d)rotateIntoBiaxial(d,9.5829,0.0000,d)nonlinear(d,9.5829,0.0000,82.8905,d)rotateFromBiaxial(d,9.5829,0.0000,d)nonlinear(6,0.0000,0.0000,0.5624,d)linear(0,0,0,512.4801,d)rotate(37.4741)
4140,0,40,7.9009,14.0493,init()rotateIntoBiaxial(d,1.8840,0.0000,d)nonlinear(d,1.8840,0.0000,250.0000,d)rotateFromBiaxial(d,1.8840,0.0000,d)rotateIntoBiaxial(d,39.9044,0.0000,d)nonlinear(d,39.9044,0.0000,100.0000,d)rotateFromBiaxial(d,39.9044,0.0000,d)linear(0,0,0,34.0942,d)rotate(153.1760)rotateIntoBiaxial(d,140.4093,0.0000,d)nonlinear(d,140.4093,0.0000,50.0000,d)rotateFromBiaxial(d,140.4093,0.0000,d)linear(0,0,0,2.7020,d)rotate(-57.0419)rotateIntoBiaxial(d,5.2201,0.0000,d)nonlinear(d,5.2201,0.0000,100.5193,d)rotateFromBiaxial(d,5.2201,0.0000,d)nonlinear(6,0.0000,0.0000,15.4461,d)rotate(2.3188)rotateIntoBiaxial(d,10.0678,0.0000,d)nonlinear(d,10.0678,0.0000,13.5505,d)rotateFromBiaxial(d,10.0678,0.0000,d)linear(0,0,0,0.3777,d)rotateIntoBiaxial(d,13.5150,0.0000,d)nonlinear(d,13.5150,0.0000,62.9509,d)rotateFromBiaxial(d,13.5150,0.0000,d)linear(0,0,0,268.0504,d)
4186,0,40,6.7828,14.0493,init()rotateIntoBiaxial(d,0.3365,0.0000,d)nonlinear(d,0.3365,0.0000,250.0000,d)rotateFromBiaxial(d,0.3365,0.0000,d)nonlinear(6,0.0000,0.0000,1.5497,d)rotateIntoBiaxial(d,41.0450,0.0000,d)nonlinear(d,41.0450,0.0000,50.0000,d)rotateFromBiaxial(d,41.0450,0.0000,d)linear(0,0,0,84.1832,d)rotate(162.3807)rotateIntoBiaxial(d,143.6686,0.0000,d)nonlinear(d,143.6686,0.0000,50.0000,d)rotateFromBiaxial(d,143.6686,0.0000,d)rotate(-59.4958)rotateIntoBiaxial(d,6.6902,0.0000,d)nonlinear(d,6.6902,0.0000,111.3723,d)rotateFromBiaxial(d,6.6902,0.0000,d)nonlinear(6,0.0000,0.0000,12.2596,d)rotate(6.8398)rotateIntoBiaxial(d,10.3621,0.0000,d)nonlinear(d,10.3621,0.0000,29.3476,d)rotateFromBiaxial(d,10.3621,0.0000,d)linear(0,0,0,123.0688,d)rotateIntoBiaxial(d,5.1264,0.0000,d)nonlinear(d,5.1264,0.0000,8.1429,d)rotateFromBiaxial(d,5.1264,0.0000,d)linear(0,0,0,151.6030,d)rotate(4.3697)
4232,0,40,6.6580,14.0493,init()rotateIntoBiaxial(d,3.1248,0.0000,d)nonlinear(d,3.1248,0.0000,150.0000,d)rotateFromBiaxial(d,3.1248,0.0000,d)rotateIntoBiaxial(d,39.1487,0.0000,d)nonlinear(d,39.1487,0.0000,100.0000,d)rotateFromBiaxial(d,39.1487,0.0000,d)linear(0,0,0,90.4005,d)rotate(176.3703)rotateIntoBiaxial(d,138.9731,0.0000,d)nonlinear(d,138.9731,0.0000,50.0000,d)rotateFromBiaxial(d,138.9731,0.0000,d)rotate(-59.2771)rotateIntoBiaxial(d,8.5933,0.0000,d)nonlinear(d,8.5933,0.0000,106.5855,d)rotateFromBiaxial(d,8.5933,0.0000,d)nonlinear(6,0.0000,0.0000,13.6779,d)rotate(10.1061)linear(0,0,0,30.5091,d)rotate(-1.2148)rotateIntoBiaxial(d,10.0013,0.0000,d)nonlinear(d,10.0013,0.0000,77.5554,d)rotateFromBiaxial(d,10.0013,0.0000,d)linear(0,0,0,278.2221,d)
4278,0,40,8.0467,14.0493,init()rotateIntoBiaxial(d,2.1459,0.0000,d)nonlinear(d,2.1459,0.0000,200.0000,d)rotateFromBiaxial(d,2.1459,0.0000,d)rotateIntoBiaxial(d,40.5162,0.0000,d)nonlinear(d,40.5162,0.0000,100.0000,d)rotateFromBiaxial(d,40.5162,0.0000,d)linear(0,0,0,7.4830,d)rotate(161.5857)rotateIntoBiaxial(d,140.6248,0.0000,d)nonlinear(d,140.6248,0.0000,50.0000,d)rotateFromBiaxial(d,140.6248,0.0000,d)rotate(-59.9207)rotateIntoBiaxial(d,6.7934,0.0000,d)nonlinear(d,6.7934,0.0000,129.0367,d)rotateFromBiaxial(d,6.7934,0.0000,d)nonlinear(6,0.0000,0.0000,18.5723,d)linear(0,0,0,9.8695,d)rotateIntoBiaxial(d,10.5182,0.0000,d)nonlinear(d,10.5182,0.0000,49.0206,d)rotateFromBiaxial(d,10.5182,0.0000,d)linear(0,0,0,278.5033,d)
4324,0,40,10.0267,14.0493,init()rotateIntoBiaxial(d,0.8552,0.0000,d)nonlinear(d,0.8552,0.0000,200.0000,d)rotateFromBiaxial(d,0.8552,0.0000,d)nonlinear(6,0.0000,0.0000,1.4850,d)rotateIntoBiaxial(d,40.0473,0.0000,d)nonlinear(d,40.0473,0.0000,100.0000,d)rotateFromBiaxial(d,40.0473,0.0000,d)linear(0,0,0,76.8452,d)rotate(175.5021)rotateIntoBiaxial(d,138.8548,0.0000,d)nonlinear(d,138.8548,0.0000,50.0000,d)rotateFromBiaxial(d,138.8548,0.0000,d)rotate(-59.2887)rotateIntoBiaxial(d,12.0289,0.0000,d)nonlinear(d,12.0289,0.0000,125.4345,d)rotateFromBiaxial(d,12.0289,0.0000,d)nonlinear(6,0.0000,0.0000,3.6899,d)linear(0,0,0,81.8215,d)rotateIntoBiaxial(d,9.2455,0.0000,d)nonlinear(d,9.2455,0.0000,54.8618,d)rotateFromBiaxial(d,9.2455,0.0000,d)nonlinear(6,0.0000,0.0000,17.8916,d)linear(0,0,0,233.7904,d)
4370,0,40,6.2860,14.0493,init()rotateIntoBiaxial(d,0.2048,0.0000,d)nonlinear(d,0.2048,0.0000,200.0000,d)rotateFromBiaxial(d,0.2048,0.0000,d)rotateIntoBiaxial(d,44.8739,0.0000,d)nonlinear(d,44.8739,0.0000,50.0000,d)rotateFromBiaxial(d,44.8739,0.0000,d)linear(0,0,0,45.5046,d)rotate(178.6257)rotateIntoBiaxial(d,140.3967,0.0000,d)nonlinear(d,140.3967,0.0000,50.0000,d)rotateFromBiaxial(d,140.3967,0.0000,d)rotate(-55.9392)rotateIntoBiaxial(d,12.3330,0.0000,d)nonlinear(d,12.3330,0.0000,110.9485,d)rotateFromBiaxial(d,12.3330,0.0000,d)nonlinear(6,0.0000,0.0000,2.3238,d)rotate(2.5672)linear(0,0,0,54.5108,d)rotateIntoBiaxial(d,9.8987,0.0000,d)nonlinear(d,9.8987,0.0000,34.2464,d)rotateFromBiaxial(d,9.8987,0.0000,d)linear(0,0,0,118.7562,d)
4416,0,40,7.4322,14.0493,init()rotateIntoBiaxial(d,2.0340,0.0000,d)nonlinear(d,2.0340,0.0000,250.0000,d)rotateFromBiaxial(d,2.0340,0.0000,d)nonlinear(6,0.0000,0.0000,9.5711,d)rotateIntoBiaxial(d,41.8092,0.0000,d)nonlinear(d,41.8092,0.0000,50.0000,d)rotateFromBiaxial(d,41.8092,0.0000,d)linear(0,0,0,122.9723,d)rotate(176.1373)rotateIntoBiaxial(d,140.1593,0.0000,d)nonlinear(d,140.1593,0.0000,50.0000,d)rotateFromBiaxial(d,140.1593,0.0000,d)rotate(-39.5110)rotateIntoBiaxial(d,9.0821,0.0000,d)nonlinear(d,9.0821,0.0000,73.1283,d)rotateFromBiaxial(d,9.0821,0.0000,d)nonlinear(6,0.0000,0.0000,5.8288,d)rotateIntoBiaxial(d,4.3399,0.0000,d)nonlinear(d,4.3399,0.0000,7.7906,d)rotateFromBiaxial(d,4.3399,0.0000,d)linear(0,0,0,54.5900,d)rotateIntoBiaxial(d,10.6083,0.0000,d)nonlinear(d,10.6083,0.0000,68.6944,d)rotateFromBiaxial(d,10.6083,0.0000,d)linear(0,0,0,134.5389,d)rotate(2.5614)
4462,0,40,8.7035,14.0493,init()rotateIntoBiaxial(d,1.2486,0.0000,d)nonlinear(d,1.2486,0.0000,250.0000,d)rotateFromBiaxial(d,1.2486,0.0000,d)rotateIntoBiaxial(d,39.6931,0.0000,d)nonlinear(d,39.6931,0.0000,50.0000,d)rotateFromBiaxial(d,39.6931,0.0000,d)linear(0,0,0,53.3131,d)rotate(179.8360)rotateIntoBiaxial(d,137.2931,0.0000,d)nonlinear(d,137.2931,0.0000,50.0000,d)rotateFromBiaxial(d,137.2931,0.0000,d)rotate(-63.7220)rotateIntoBiaxial(d,10.9257,0.0000,d)nonlinear(d,10.9257,0.0000,147.5821,d)rotateFromBiaxial(d,10.9257,0.0000,d)nonlinear(6,0.0000,0.0000,0.2027,d)rotate(2.1694)linear(0,0,0,63.7937,d)rotate(1.2995)rotateIntoBiaxial(d,5.8047,0.0000,d)nonlinear(d,5.8047,0.0000,50.0000,d)rotateFromBiaxial(d,5.8047,0.0000,d)linear(0,0,0,368.9630,d)
4508,0,40,9.9158,14.0493,init()rotateIntoBiaxial(d,0.8197,0.0000,d)nonlinear(d,0.8197,0.0000,250.0000,d)rotateFromBiaxial(d,0.8197,0.0000,d)rotateIntoBiaxial(d,41.3171,0.0000,d)nonlinear(d,41.3171,0.0000,100.0000,d)rotateFromBiaxial(d,41.3171,0.0000,d)linear(0,0,0,41.8546,d)rotate(178.0452)rotateIntoBiaxial(d,139.6941,0.0000,d)nonlinear(d,139.6941,0.0000,50.0000,d)rotateFromBiaxial(d,139.6941,0.0000,d)linear(0,0,0,48.1871,d)rotate(-65.7305)rotateIntoBiaxial(d,9.4244,0.0000,d)nonlinear(d,9.4244,0.0000,150.0000,d)rotateFromBiaxial(d,9.4244,0.0000,d)nonlinear(6,0.0000,0.0000,6.1015,d)rotateIntoBiaxial(d,2.5111,0.0000,d)nonlinear(d,2.5111,0.0000,1.3784,d)rotateFromBiaxial(d,2.5111,0.0000,d)linear(0,0,0,128.8204,d)rotateIntoBiaxial(d,8.8697,0.0000,d)nonlinear(d,8.8697,0.0000,23.3920,d)rotateFromBiaxial(d,8.8697,0.0000,d)nonlinear(6,0.0000,0.0000,1.9481,d)linear(0,0,0,24.8092,d)
4554,0,40,5.9439,14.0493,init()rotateIntoBiaxial(d,2.0546,0.0000,d)nonlinear(d,2.0546,0.0000,200.0000,d)rotateFromBiaxial(d,2.0546,0.0000,d)nonlinear(6,0.0000,0.0000,7.9351,d)rotateIntoBiaxial(d,40.8181,0.0000,d)nonlinear(d,40.8181,0.0000,50.0000,d)rotateFromBiaxial(d,40.8181,0.0000,d)linear(0,0,0,5.7057,d)rotate(179.1643)rotateIntoBiaxial(d,140.1594,0.0000,d)nonlinear(d,140.1594,0.0000,50.0000,d)rotateFromBiaxial(d,140.1594,0.0000,d)rotate(-56.9238)rotateIntoBiaxial(d,10.3274,0.0000,d)nonlinear(d,10.3274,0.0000,58.2406,d)rotateFromBiaxial(d,10.3274,0.0000,d)nonlinear(6,0.0000,0.0000,33.1011,d)rotateIntoBiaxial(d,6.1877,0.0000,d)nonlinear(d,6.1877,0.0000,2.6120,d)rotateFromBiaxial(d,6.1877,0.0000,d)linear(0,0,0,190.3035,d)rotateIntoBiaxial(d,5.0849,0.0000,d)nonlinear(d,5.0849,0.0000,36.9676,d)rotateFromBiaxial(d,5.0849,0.0000,d)linear(0,0,0,73.7549,d)rotate(15.4602)
4600,0,40,10.6497,14.0493,init()rotateIntoBiaxial(d,0.1525,0.0000,d)nonlinear(d,0.1525,0.0000,250.0000,d)rotateFromBiaxial(d,0.1525,0.0000,d)rotateIntoBiaxial(d,40.8595,0.0000,d)nonlinear(d,40.8595,0.0000,100.0000,d)rotateFromBiaxial(d,40.8595,0.0000,d)linear(0,0,0,132.1888,d)rotate(179.9580)rotateIntoBiaxial(d,138.1765,0.0000,d)nonlinear(d,138.1765,0.0000,50.0000,d)rotateFromBiaxial(d,138.1765,0.0000,d)rotate(-65.2565)rotateIntoBiaxial(d,11.8102,0.0000,d)nonlinear(d,11.8102,0.0000,112.0389,d)rotateFromBiaxial(d,11.8102,0.0000,d)nonlinear(6,0.0000,0.0000,2.0466,d)linear(0,0,0,179.2904,d)rotateIntoBiaxial(d,3.4014,0.0000,d)nonlinear(d,3.4014,0.0000,29.9325,d)rotateFromBiaxial(d,3.4014,0.0000,d)nonlinear(6,0.0000,0.0000,4.0727,d)linear(0,0,0,158.7575,d)rotate(19.2352)
4646,0,40,11.3609,14.0493,init()rotateIntoBiaxial(d,1.5085,0.0000,d)nonlinear(d,1.5085,0.0000,200.0000,d)rotateFromBiaxial(d,1.5085,0.0000,d)rotateIntoBiaxial(d,39.9471,0.0000,d)nonlinear(d,39.9471,0.0000,100.0000,d)rotateFromBiaxial(d,39.9471,0.0000,d)linear(0,0,0,0.0544,d)rotate(178.0431)rotateIntoBiaxial(d,139.5832,0.0000,d)nonlinear(d,139.5832,0.0000,50.0000,d)rotateFromBiaxial(d,139.5832,0.0000,d)rotate(-65.1197)rotateIntoBiaxial(d,9.2642,0.0000,d)nonlinear(d,9.2642,0.0000,115.9072,d)rotateFromBiaxial(d,9.2642,0.0000,d)nonlinear(6,0.0000,0.0000,8.7965,d)linear(0,0,0,57.6798,d)rotate(1.0351)rotateIntoBiaxial(d,3.9319,0.0000,d)nonlinear(d,3.9319,0.0000,35.3185,d)rotateFromBiaxial(d,3.9319,0.0000,d)nonlinear(6,0.0000,0.0000,0.4884,d)linear(0,0,0,172.5781,d)rotate(15.6305)
4692,0,40,11.9923,14.0493,init()rotateIntoBiaxial(d,1.5861,0.0000,d)nonlinear(d,1.5861,0.0000,250.0000,d)rotateFromBiaxial(d,1.5861,0.0000,d)rotateIntoBiaxial(d,43.7615,0.0000,d)nonlinear(d,43.7615,0.0000,50.0000,d)rotateFromBiaxial(d,43.7615,0.0000,d)linear(0,0,0,17.2638,d)rotate(179.6189)rotateIntoBiaxial(d,141.0693,0.0000,d)nonlinear(d,141.0693,0.0000,50.0000,d)rotateFromBiaxial(d,141.0693,0.0000,d)rotate(-56.7840)rotateIntoBiaxial(d,10.3397,0.0000,d)nonlinear(d,10.3397,0.0000,150.0000,d)rotateFromBiaxial(d,10.3397,0.0000,d)nonlinear(6,0.0000,0.0000,7.4262,d)linear(0,0,0,23.2306,d)rotate(-0.2807)rotateIntoBiaxial(d,5.9839,0.0000,d)nonlinear(d,5.9839,0.0000,26.2778,d)rotateFromBiaxial(d,5.9839,0.0000,d)nonlinear(6,0.0000,0.0000,10.7966,d)
4738,0,40,8.0762,14.0493,init()rotateIntoBiaxial(d,3.0110,0.0000,d)nonlinear(d,3.0110,0.0000,200.0000,d)rotateFromBiaxial(d,3.0110,0.0000,d)nonlinear(6,0.0000,0.0000,0.0381,d)rotateIntoBiaxial(d,41.5124,0.0000,d)nonlinear(d,41.5124,0.0000,50.0000,d)rotateFromBiaxial(d,41.5124,0.0000,d)linear(0,0,0,31.4379,d)rotate(177.9540)rotateIntoBiaxial(d,139.0254,0.0000,d)nonlinear(d,139.0254,0.0000,50.0000,d)rotateFromBiaxial(d,139.0254,0.0000,d)nonlinear(6,0.0000,0.0000,1.7860,d)rotate(-62.8057)rotateIntoBiaxial(d,12.1213,0.0000,d)nonlinear(d,12.1213,0.0000,150.0000,d)rotateFromBiaxial(d,12.1213,0.0000,d)nonlinear(6,0.0000,0.0000,9.3370,d)linear(0,0,0,186.5223,d)rotateIntoBiaxial(d,7.6809,0.0000,d)nonlinear(d,7.6809,0.0000,36.6800,d)rotateFromBiaxial(d,7.6809,0.0000,d)nonlinear(6,0.0000,0.0000,2.0254,d)linear(0,0,0,51.5700,d)rotate(12.5101)
4784,0,40,8.9622,14.0493,init()rotateIntoBiaxial(d,1.7528,0.0000,d)nonlinear(d,1.7528,0.0000,200.0000,d)rotateFromBiaxial(d,1.7528,0.0000,d)rotateIntoBiaxial(d,43.7040,0.0000,d)nonlinear(d,43.7040,0.0000,50.0000,d)rotateFromBiaxial(d,43.7040,0.0000,d)linear(0,0,0,55.0405,d)rotate(179.6086)rotateIntoBiaxial(d,140.0732,0.0000,d)nonlinear(d,140.0732,0.0000,50.0000,d)rotateFromBiaxial(d,140.0732,0.0000,d)rotate(-60.9667)rotateIntoBiaxial(d,10.4305,0.0000,d)nonlinear(d,10.4305,0.0000,120.2565,d)rotateFromBiaxial(d,10.4305,0.0000,d)nonlinear(6,0.0000,0.0000,14.4509,d)linear(0,0,0,35.3472,d)rotate(-0.0182)rotateIntoBiaxial(d,1.6262,0.0000,d)nonlinear(d,1.6262,0.0000,28.1669,d)rotateFromBiaxial(d,1.6262,0.0000,d)nonlinear(6,0.0000,0.0000,0.6516,d)linear(0,0,0,217.0382,d)rotate(8.0031)
4830,0,40,7.4075,14.0493,init()rotateIntoBiaxial(d,0.1951,0.0000,d)nonlinear(d,0.1951,0.0000,250.0000,d)rotateFromBiaxial(d,0.1951,0.0000,d)nonlinear(6,0.0000,0.0000,2.4403,d)rotateIntoBiaxial(d,40.5078,0.0000,d)nonlinear(d,40.5078,0.0000,100.0000,d)rotateFromBiaxial(d,40.5078,0.0000,d)linear(0,0,0,60.9571,d)rotate(179.5467)rotateIntoBiaxial(d,140.6606,0.0000,d)nonlinear(d,140.6606,0.0000,50.0000,d)rotateFromBiaxial(d,140.6606,0.0000,d)rotate(-47.8538)rotateIntoBiaxial(d,12.0544,0.0000,d)nonlinear(d,12.0544,0.0000,133.1210,d)rotateFromBiaxial(d,12.0544,0.0000,d)nonlinear(6,0.0000,0.0000,5.8102,d)linear(0,0,0,130.9704,d)rotate(0.6985)rotateIntoBiaxial(d,5.1346,0.0000,d)nonlinear(d,5.1346,0.0000,46.6267,d)rotateFromBiaxial(d,5.1346,0.0000,d)nonlinear(6,0.0000,0.0000,3.4676,d)linear(0,0,0,117.1372,d)
4876,0,40,11.5197,14.0493,init()rotateIntoBiaxial(d,1.5421,0.0000,d)nonlinear(d,1.5421,0.0000,200.0000,d)rotateFromBiaxial(d,1.5421,0.0000,d)rotateIntoBiaxial(d,42.7778,0.0000,d)nonlinear(d,42.7778,0.0000,50.0000,d)rotateFromBiaxial(d,42.7778,0.0000,d)linear(0,0,0,56.2905,d)rotate(179.8784)rotateIntoBiaxial(d,139.5509,0.0000,d)nonlinear(d,139.5509,0.0000,50.0000,d)rotateFromBiaxial(d,139.5509,0.0000,d)rotate(-53.3526)rotateIntoBiaxial(d,10.8282,0.0000,d)nonlinear(d,10.8282,0.0000,150.0000,d)rotateFromBiaxial(d,10.8282,0.0000,d)nonlinear(6,0.0000,0.0000,2.1243,d)nonlinear(6,0.0000,0.0000,1.1744,d)linear(0,0,0,57.7379,d)rotateIntoBiaxial(d,0.7023,0.0000,d)nonlinear(d,0.7023,0.0000,31.5456,d)rotateFromBiaxial(d,0.7023,0.0000,d)nonlinear(6,0.0000,0.0000,17.2942,d)linear(0,0,0,137.3603,d)rotate(3.4141)
4922,0,40,8.1873,14.0493,init()rotateIntoBiaxial(d,0.2501,0.0000,d)nonlinear(d,0.2501,0.0000,200.0000,d)rotateFromBiaxial(d,0.2501,0.0000,d)rotateIntoBiaxial(d,39.5283,0.0000,d)nonlinear(d,39.5283,0.0000,50.0000,d)rotateFromBiaxial(d,39.5283,0.0000,d)linear(0,0,0,163.1194,d)rotate(179.9969)rotateIntoBiaxial(d,138.3344,0.0000,d)nonlinear(d,138.3344,0.0000,50.0000,d)rotateFromBiaxial(d,138.3344,0.0000,d)rotate(-59.3395)rotateIntoBiaxial(d,10.1520,0.0000,d)nonlinear(d,10.1520,0.0000,150.0000,d)rotateFromBiaxial(d,10.1520,0.0000,d)nonlinear(6,0.0000,0.0000,0.9764,d)linear(0,0,0,277.5737,d)rotateIntoBiaxial(d,3.2501,0.0000,d)nonlinear(d,3.2501,0.0000,33.8753,d)rotateFromBiaxial(d,3.2501,0.0000,d)linear(0,0,0,323.2087,d)rotate(13.8227)
4968,0,40,8.3524,14.0493,init()rotateIntoBiaxial(d,1.4449,0.0000,d)nonlinear(d,1.4449,0.0000,200.0000,d)rotateFromBiaxial(d,1.4449,0.0000,d)rotateIntoBiaxial(d,40.5860,0.0000,d)nonlinear(d,40.5860,0.0000,100.0000,d)rotateFromBiaxial(d,40.5860,0.0000,d)linear(0,0,0,8.1828,d)rotate(177.4990)rotateIntoBiaxial(d,141.4872,0.0000,d)nonlinear(d,141.4872,0.0000,50.0000,d)rotateFromBiaxial(d,141.4872,0.0000,d)nonlinear(6,0.0000,0.0000,4.3950,d)rotate(-52.0422)rotateIntoBiaxial(d,6.5242,0.0000,d)nonlinear(d,6.5242,0.0000,57.0924,d)rotateFromBiaxial(d,6.5242,0.0000,d)nonlinear(6,0.0000,0.0000,11.3939,d)linear(0,0,0,86.7518,d)rotateIntoBiaxial(d,1.2967,0.0000,d)nonlinear(d,1.2967,0.0000,21.5188,d)rotateFromBiaxial(d,1.2967,0.0000,d)nonlinear(6,0.0000,0.0000,3.9941,d)linear(0,0,0,113.9631,d)rotate(4.1084)
5014,0,40,8.8924,14.0493,init()rotateIntoBiaxial(d,1.4556,0.0000,d)nonlinear(d,1.4556,0.0000,250.0000,d)rotateFromBiaxial(d,1.4556,0.0000,d)nonlinear(6,0.0000,0.0000,20.6036,d)rotateIntoBiaxial(d,42.3692,0.0000,d)nonlinear(d,42.3692,0.0000,50.0000,d)rotateFromBiaxial(d,42.3692,0.0000,d)linear(0,0,0,49.8194,d)rotate(179.6865)rotateIntoBiaxial(d,139.3111,0.0000,d)nonlinear(d,139.3111,0.0000,50.0000,d)rotateFromBiaxial(d,139.3111,0.0000,d)rotate(-60.5598)rotateIntoBiaxial(d,11.0646,0.0000,d)nonlinear(d,11.0646,0.0000,127.2927,d)rotateFromBiaxial(d,11.0646,0.0000,d)nonlinear(6,0.0000,0.0000,15.6682,d)linear(0,0,0,14.9537,d)rotate(0.1736)rotateIntoBiaxial(d,0.2701,0.0000,d)nonlinear(d,0.2701,0.0000,42.9180,d)rotateFromBiaxial(d,0.2701,0.0000,d)nonlinear(6,0.0000,0.0000,2.1339,d)linear(0,0,0,234.0391,d)rotate(22.5994)
5060,0,40,9.2719,14.0493,init()rotateIntoBiaxial(d,1.3129,0.0000,d)nonlinear(d,1.3129,0.0000,200.0000,d)rotateFromBiaxial(d,1.3129,0.0000,d)nonlinear(6,0.0000,0.0000,6.2335,d)rotateIntoBiaxial(d,41.8511,0.0000,d)nonlinear(d,41.8511,0.0000,50.0000,d)rotateFromBiaxial(d,41.8511,0.0000,d)linear(0,0,0,20.9261,d)rotate(175.5882)rotateIntoBiaxial(d,139.0417,0.0000,d)nonlinear(d,139.0417,0.0000,50.0000,d)rotateFromBiaxial(d,139.0417,0.0000,d)nonlinear(6,0.0000,0.0000,0.7955,d)rotate(-53.1106)rotateIntoBiaxial(d,11.7605,0.0000,d)nonlinear(d,11.7605,0.0000,100.0000,d)rotateFromBiaxial(d,11.7605,0.0000,d)nonlinear(6,0.0000,0.0000,6.8367,d)linear(0,0,0,35.8226,d)rotate(0.0709)rotateIntoBiaxial(d,3.4507,0.0000,d)nonlinear(d,3.4507,0.0000,44.2409,d)rotateFromBiaxial(d,3.4507,0.0000,d)nonlinear(6,0.0000,0.0000,1.6655,d)linear(0,0,0,172.8435,d)rotate(43.5517)
5106,0,40,12.4933,14.0493,init()rotateIntoBiaxial(d,1.3067,0.0000,d)nonlinear(d,1.3067,0.0000,250.0000,d)rotateFromBiaxial(d,1.3067,0.0000,d)nonlinear(6,0.0000,0.0000,3.4021,d)rotateIntoBiaxial(d,40.6246,0.0000,d)nonlinear(d,40.6246,0.0000,50.0000,d)rotateFromBiaxial(d,40.6246,0.0000,d)linear(0,0,0,12.5961,d)rotate(179.9428)rotateIntoBiaxial(d,138.5918,0.0000,d)nonlinear(d,138.5918,0.0000,50.0000,d)rotateFromBiaxial(d,138.5918,0.0000,d)rotate(-51.3430)rotateIntoBiaxial(d,11.2068,0.0000,d)nonlinear(d,11.2068,0.0000,147.4044,d)rotateFromBiaxial(d,11.2068,0.0000,d)nonlinear(6,0.0000,0.0000,0.9072,d)linear(0,0,0,90.7955,d)rotate(-0.2715)rotateIntoBiaxial(d,0.8059,0.0000,d)nonlinear(d,0.8059,0.0000,50.0000,d)rotateFromBiaxial(d,0.8059,0.0000,d)nonlinear(6,0.0000,0.0000,4.5104,d)linear(0,0,0,387.5681,d)rotate(16.2914)
5152,0,40,11.8453,14.0493,init()rotateIntoBiaxial(d,0.9638,0.0000,d)nonlinear(d,0.9638,0.0000,200.0000,d)rotateFromBiaxial(d,0.9638,0.0000,d)linear(0,0,0,10.0458,d)rotateIntoBiaxial(d,40.7261,0.0000,d)nonlinear(d,40.7261,0.0000,50.0000,d)rotateFromBiaxial(d,40.7261,0.0000,d)linear(0,0,0,32.8046,d)rotate(179.5563)rotateIntoBiaxial(d,138.7809,0.0000,d)nonlinear(d,138.7809,0.0000,50.0000,d)rotateFromBiaxial(d,138.7809,0.0000,d)rotate(-49.4888)rotateIntoBiaxial(d,11.0416,0.0000,d)nonlinear(d,11.0416,0.0000,150.0000,d)rotateFromBiaxial(d,11.0416,0.0000,d)linear(0,0,0,62.1100,d)rotateIntoBiaxial(d,3.9208,0.0000,d)nonlinear(d,3.9208,0.0000,50.0000,d)rotateFromBiaxial(d,3.9208,0.0000,d)nonlinear(6,0.0000,0.0000,8.5303,d)linear(0,0,0,288.8851,d)rotate(27.6803)
5198,0,40,11.2964,14.0493,init()rotateIntoBiaxial(d,2.7407,0.0000,d)nonlinear(d,2.7407,0.0000,200.0000,d)rotateFromBiaxial(d,2.7407,0.0000,d)nonlinear(6,0.0000,0.0000,0.1358,d)rotateIntoBiaxial(d,42.5489,0.0000,d)nonlinear(d,42.5489,0.0000,50.0000,d)rotateFromBiaxial(d,42.5489,0.0000,d)linear(0,0,0,45.2230,d)rotate(179.4998)rotateIntoBiaxial(d,140.3868,0.0000,d)nonlinear(d,140.3868,0.0000,50.0000,d)rotateFromBiaxial(d,140.3868,0.0000,d)nonlinear(6,0.0000,0.0000,1.5462,d)rotate(-56.5048)rotateIntoBiaxial(d,10.1302,0.0000,d)nonlinear(d,10.1302,0.0000,150.0000,d)rotateFromBiaxial(d,10.1302,0.0000,d)linear(0,0,0,8.7603,d)rotateIntoBiaxial(d,4.1623,0.0000,d)nonlinear(d,4.1623,0.0000,46.1827,d)rotateFromBiaxial(d,4.1623,0.0000,d)nonlinear(6,0.0000,0.0000,1.0860,d)linear(0,0,0,442.3284,d)rotate(6.2473)
5244,0,40,8.9548,14.0493,init()rotateIntoBiaxial(d,1.8652,0.0000,d)nonlinear(d,1.8652,0.0000,200.0000,d)rotateFromBiaxial(d,1.8652,0.0000,d)rotateIntoBiaxial(d,44.0845,0.0000,d)nonlinear(d,44.0845,0.0000,50.0000,d)rotateFromBiaxial(d,44.0845,0.0000,d)linear(0,0,0,16.8214,d)rotate(179.5583)rotateIntoBiaxial(d,140.1368,0.0000,d)nonlinear(d,140.1368,0.0000,50.0000,d)rotateFromBiaxial(d,140.1368,0.0000,d)nonlinear(6,0.0000,0.0000,4.7315,d)rotate(-57.4037)rotateIntoBiaxial(d,9.6597,0.0000,d)nonlinear(d,9.6597,0.0000,131.5622,d)rotateFromBiaxial(d,9.6597,0.0000,d)nonlinear(6,0.0000,0.0000,9.3144,d)linear(0,0,0,10.5709,d)rotateIntoBiaxial(d,0.0641,0.0000,d)nonlinear(d,0.0641,0.0000,47.1412,d)rotateFromBiaxial(d,0.0641,0.0000,d)nonlinear(6,0.0000,0.0000,2.4601,d)linear(0,0,0,218.8232,d)rotate(25.6191)
5290,0,40,10.1454,14.0493,init()rotateIntoBiaxial(d,0.2449,0.0000,d)nonlinear(d,0.2449,0.0000,200.0000,d)rotateFromBiaxial(d,0.2449,0.0000,d)nonlinear(6,0.0000,0.0000,2.0687,d)linear(0,0,0,12.4489,d)rotateIntoBiaxial(d,44.6566,0.0000,d)nonlinear(d,44.6566,0.0000,50.0000,d)rotateFromBiaxial(d,44.6566,0.0000,d)linear(0,0,0,2.4255,d)rotate(179.8879)rotateIntoBiaxial(d,140.7824,0.0000,d)nonlinear(d,140.7824,0.0000,50.0000,d)rotateFromBiaxial(d,140.7824,0.0000,d)rotate(-52.3063)rotateIntoBiaxial(d,11.5756,0.0000,d)nonlinear(d,11.5756,0.0000,150.0000,d)rotateFromBiaxial(d,11.5756,0.0000,d)linear(0,0,0,30.5897,d)rotate(0.3145)rotateIntoBiaxial(d,4.2248,0.0000,d)nonlinear(d,4.2248,0.0000,43.5476,d)rotateFromBiaxial(d,4.2248,0.0000,d)nonlinear(6,0.0000,0.0000,8.0774,d)linear(0,0,0,325.0935,d)rotate(38.3345)
5336,0,40,7.5192,14.0493,init()rotateIntoBiaxial(d,2.1512,0.0000,d)nonlinear(d,2.1512,0.0000,200.0000,d)rotateFromBiaxial(d,2.1512,0.0000,d)linear(0,0,0,83.2141,d)rotateIntoBiaxial(d,41.0075,0.0000,d)nonlinear(d,41.0075,0.0000,50.0000,d)rotateFromBiaxial(d,41.0075,0.0000,d)linear(0,0,0,6.8263,d)rotate(177.1997)rotateIntoBiaxial(d,140.4066,0.0000,d)nonlinear(d,140.4066,0.0000,50.0000,d)rotateFromBiaxial(d,140.4066,0.0000,d)rotate(-63.9457)rotateIntoBiaxial(d,11.5454,0.0000,d)nonlinear(d,11.5454,0.0000,144.9601,d)rotateFromBiaxial(d,11.5454,0.0000,d)nonlinear(6,0.0000,0.0000,9.9517,d)linear(0,0,0,36.1075,d)rotateIntoBiaxial(d,1.6505,0.0000,d)nonlinear(d,1.6505,0.0000,49.4184,d)rotateFromBiaxial(d,1.6505,0.0000,d)nonlinear(6,0.0000,0.0000,4.4622,d)linear(0,0,0,296.5978,d)rotate(14.1056)
5382,0,40,9.0795,14.0493,init()rotateIntoBiaxial(d,0.8314,0.0000,d)nonlinear(d,0.8314,0.0000,200.0000,d)rotateFromBiaxial(d,0.8314,0.0000,d)nonlinear(6,0.0000,0.0000,5.2810,d)rotateIntoBiaxial(d,41.5918,0.0000,d)nonlinear(d,41.5918,0.0000,50.0000,d)rotateFromBiaxial(d,41.5918,0.0000,d)linear(0,0,0,1.8784,d)rotate(171.8590)rotateIntoBiaxial(d,140.8485,0.0000,d)nonlinear(d,140.8485,0.0000,50.0000,d)rotateFromBiaxial(d,140.8485,0.0000,d)rotate(-45.1300)rotateIntoBiaxial(d,11.1431,0.0000,d)nonlinear(d,11.1431,0.0000,145.4930,d)rotateFromBiaxial(d,11.1431,0.0000,d)nonlinear(6,0.0000,0.0000,5.7270,d)linear(0,0,0,32.1237,d)rotateIntoBiaxial(d,3.2425,0.0000,d)nonlinear(d,3.2425,0.0000,50.0000,d)rotateFromBiaxial(d,3.2425,0.0000,d)nonlinear(6,0.0000,0.0000,2.1698,d)linear(0,0,0,292.2454,d)rotate(23.5666)
5428,0,40,9.1714,14.0493,init()rotateIntoBiaxial(d,3.2692,0.0000,d)nonlinear(d,3.2692,0.0000,200.0000,d)rotateFromBiaxial(d,3.2692,0.0000,d)rotateIntoBiaxial(d,40.8611,0.0000,d)nonlinear(d,40.8611,0.0000,50.0000,d)rotateFromBiaxial(d,40.8611,0.0000,d)linear(0,0,0,6.7154,d)rotate(178.1511)rotateIntoBiaxial(d,138.4337,0.0000,d)nonlinear(d,138.4337,0.0000,50.0000,d)rotateFromBiaxial(d,138.4337,0.0000,d)nonlinear(6,0.0000,0.0000,3.7045,d)rotate(-45.1340)rotateIntoBiaxial(d,10.8210,0.0000,d)nonlinear(d,10.8210,0.0000,100.0000,d)rotateFromBiaxial(d,10.8210,0.0000,d)nonlinear(6,0.0000,0.0000,11.7018,d)linear(0,0,0,65.1727,d)rotate(0.0156)rotateIntoBiaxial(d,1.7258,0.0000,d)nonlinear(d,1.7258,0.0000,47.2738,d)rotateFromBiaxial(d,1.7258,0.0000,d)nonlinear(6,0.0000,0.0000,11.4853,d)linear(0,0,0,408.6934,d)rotate(20.8881)
5474,0,40,8.5498,14.0493,init()rotateIntoBiaxial(d,0.0792,0.0000,d)nonlinear(d,0.0792,0.0000,200.0000,d)rotateFromBiaxial(d,0.0792,0.0000,d)rotateIntoBiaxial(d,43.8487,0.0000,d)nonlinear(d,43.8487,0.0000,50.0000,d)rotateFromBiaxial(d,43.8487,0.0000,d)nonlinear(6,0.0000,0.0000,9.8549,d)linear(0,0,0,30.6451,d)rotate(179.8216)rotateIntoBiaxial(d,141.1755,0.0000,d)nonlinear(d,141.1755,0.0000,50.0000,d)rotateFromBiaxial(d,141.1755,0.0000,d)nonlinear(6,0.0000,0.0000,2.1889,d)rotate(-41.5569)rotateIntoBiaxial(d,11.0430,0.0000,d)nonlinear(d,11.0430,0.0000,150.0000,d)rotateFromBiaxial(d,11.0430,0.0000,d)nonlinear(6,0.0000,0.0000,3.7376,d)linear(0,0,0,12.4907,d)linear(0,0,0,35.5154,d)rotateIntoBiaxial(d,6.2790,0.0000,d)nonlinear(d,6.2790,0.0000,50.0000,d)rotateFromBiaxial(d,6.2790,0.0000,d)nonlinear(6,0.0000,0.0000,1.3143,d)linear(0,0,0,308.2006,d)rotate(17.0125)
5520,0,40,14.4227,14.4227,init()rotateIntoBiaxial(d,2.4685,0.0000,d)nonlinear(d,2.4685,0.0000,200.0000,d)rotateFromBiaxial(d,2.4685,0.0000,d)nonlinear(6,0.0000,0.0000,5.2719,d)rotateIntoBiaxial(d,45.0893,0.0000,d)nonlinear(d,45.0893,0.0000,50.0000,d)rotateFromBiaxial(d,45.0893,0.0000,d)linear(0,0,0,26.2459,d)rotate(176.2158)rotateIntoBiaxial(d,140.1214,0.0000,d)nonlinear(d,140.1214,0.0000,100.0000,d)rotateFromBiaxial(d,140.1214,0.0000,d)rotate(-53.7098)rotateIntoBiaxial(d,9.9098,0.0000,d)nonlinear(d,9.9098,0.0000,150.0000,d)rotateFromBiaxial(d,9.9098,0.0000,d)nonlinear(6,0.0000,0.0000,13.0150,d)rotate(0.3569)rotateIntoBiaxial(d,5.9244,0.0000,d)nonlinear(d,5.9244,0.0000,50.0000,d)rotateFromBiaxial(d,5.9244,0.0000,d)nonlinear(6,0.0000,0.0000,1.6839,d)linear(0,0,0,186.3360,d)rotate(36.6398)
5566,0,40,10.1847,14.4227,init()rotateIntoBiaxial(d,1.4761,0.0000,d)nonlinear(d,1.4761,0.0000,200.0000,d)rotateFromBiaxial(d,1.4761,0.0000,d)rotateIntoBiaxial(d,40.8575,0.0000,d)nonlinear(d,40.8575,0.0000,50.0000,d)rotateFromBiaxial(d,40.8575,0.0000,d)linear(0,0,0,77.4175,d)rotate(179.5864)rotateIntoBiaxial(d,138.5043,0.0000,d)nonlinear(d,138.5043,0.0000,50.0000,d)rotateFromBiaxial(d,138.5043,0.0000,d)rotate(-51.1030)rotateIntoBiaxial(d,10.3135,0.0000,d)nonlinear(d,10.3135,0.0000,150.0000,d)rotateFromBiaxial(d,10.3135,0.0000,d)nonlinear(6,0.0000,0.0000,26.4501,d)linear(0,0,0,38.0905,d)rotate(0.0845)rotateIntoBiaxial(d,4.7821,0.0000,d)nonlinear(d,4.7821,0.0000,50.0000,d)rotateFromBiaxial(d,4.7821,0.0000,d)nonlinear(6,0.0000,0.0000,3.9218,d)linear(0,0,0,263.0458,d)rotate(18.8458)
5612,0,40,9.7435,14.4227,init()rotateIntoBiaxial(d,4.4025,0.0000,d)nonlinear(d,4.4025,0.0000,200.0000,d)rotateFromBiaxial(d,4.4025,0.0000,d)rotateIntoBiaxial(d,40.3514,0.0000,d)nonlinear(d,40.3514,0.0000,50.0000,d)rotateFromBiaxial(d,40.3514,0.0000,d)linear(0,0,0,14.3086,d)rotate(177.7167)rotateIntoBiaxial(d,138.0212,0.0000,d)nonlinear(d,138.0212,0.0000,50.0000,d)rotateFromBiaxial(d,138.0212,0.0000,d)nonlinear(6,0.0000,0.0000,3.8162,d)rotate(-49.4419)rotateIntoBiaxial(d,12.0759,0.0000,d)nonlinear(d,12.0759,0.0000,150.0000,d)rotateFromBiaxial(d,12.0759,0.0000,d)nonlinear(6,0.0000,0.0000,3.2893,d)linear(0,0,0,1.3724,d)rotate(0.8709)rotateIntoBiaxial(d,5.9252,0.0000,d)nonlinear(d,5.9252,0.0000,50.0000,d)rotateFromBiaxial(d,5.9252,0.0000,d)nonlinear(6,0.0000,0.0000,1.9609,d)linear(0,0,0,192.9183,d)rotate(17.4434)
5658,0,40,11.4536,14.4227,init()rotateIntoBiaxial(d,0.0021,0.0000,d)nonlinear(d,0.0021,0.0000,200.0000,d)rotateFromBiaxial(d,0.0021,0.0000,d)nonlinear(6,0.0000,0.0000,0.2789,d)rotateIntoBiaxial(d,42.8969,0.0000,d)nonlinear(d,42.8969,0.0000,50.0000,d)rotateFromBiaxial(d,42.8969,0.0000,d)linear(0,0,0,79.3964,d)rotate(179.4532)rotateIntoBiaxial(d,141.4845,0.0000,d)nonlinear(d,141.4845,0.0000,50.0000,d)rotateFromBiaxial(d,141.4845,0.0000,d)rotate(-53.3974)rotateIntoBiaxial(d,9.7520,0.0000,d)nonlinear(d,9.7520,0.0000,150.0000,d)rotateFromBiaxial(d,9.7520,0.0000,d)nonlinear(6,0.0000,0.0000,17.5712,d)linear(0,0,0,0.2928,d)rotate(3.0959)rotateIntoBiaxial(d,0.8817,0.0000,d)nonlinear(d,0.8817,0.0000,50.0000,d)rotateFromBiaxial(d,0.8817,0.0000,d)linear(0,0,0,417.6530,d)rotate(59.8539)
5704,0,40,9.0980,14.4227,init()rotateIntoBiaxial(d,0.1880,0.0000,d)nonlinear(d,0.1880,0.0000,200.0000,d)rotateFromBiaxial(d,0.1880,0.0000,d)nonlinear(6,0.0000,0.0000,0.0135,d)linear(0,0,0,112.7031,d)rotateIntoBiaxial(d,40.9131,0.0000,d)nonlinear(d,40.9131,0.0000,50.0000,d)rotateFromBiaxial(d,40.9131,0.0000,d)linear(0,0,0,63.7788,d)rotate(177.4900)rotateIntoBiaxial(d,140.4757,0.0000,d)nonlinear(d,140.4757,0.0000,100.0000,d)rotateFromBiaxial(d,140.4757,0.0000,d)nonlinear(6,0.0000,0.0000,1.2094,d)rotate(-46.7960)rotateIntoBiaxial(d,10.6175,0.0000,d)nonlinear(d,10.6175,0.0000,100.0000,d)rotateFromBiaxial(d,10.6175,0.0000,d)nonlinear(6,0.0000,0.0000,0.7392,d)linear(0,0,0,7.3289,d)linear(0,0,0,33.9667,d)rotate(-0.4589)rotateIntoBiaxial(d,7.4615,0.0000,d)nonlinear(d,7.4615,0.0000,50.0000,d)rotateFromBiaxial(d,7.4615,0.0000,d)nonlinear(6,0.0000,0.0000,9.0762,d)linear(0,0,0,484.9509,d)rotate(20.8879)
5750,0,40,8.5105,14.4227,init()rotateIntoBiaxial(d,0.6789,0.0000,d)nonlinear(d,0.6789,0.0000,200.0000,d)rotateFromBiaxial(d,0.6789,0.0000,d)rotateIntoBiaxial(d,40.8889,0.0000,d)nonlinear(d,40.8889,0.0000,50.0000,d)rotateFromBiaxial(d,40.8889,0.0000,d)linear(0,0,0,70.4546,d)rotate(178.9789)rotateIntoBiaxial(d,138.9769,0.0000,d)nonlinear(d,138.9769,0.0000,50.0000,d)rotateFromBiaxial(d,138.9769,0.0000,d)nonlinear(6,0.0000,0.0000,2.6131,d)linear(0,0,0,64.7827,d)rotate(-42.5426)rotateIntoBiaxial(d,11.7553,0.0000,d)nonlinear(d,11.7553,0.0000,110.5652,d)rotateFromBiaxial(d,11.7553,0.0000,d)nonlinear(6,0.0000,0.0000,0.2917,d)linear(0,0,0,54.4623,d)rotate(2.3364)rotateIntoBiaxial(d,0.0013,0.0000,d)nonlinear(d,0.0013,0.0000,46.9769,d)rotateFromBiaxial(d,0.0013,0.0000,d)nonlinear(6,0.0000,0.0000,2.2569,d)linear(0,0,0,717.7170,d)rotate(26.9867)
5796,0,40,9.2311,14.4227,init()rotateIntoBiaxial(d,2.2112,0.0000,d)nonlinear(d,2.2112,0.0000,200.0000,d)rotateFromBiaxial(d,2.2112,0.0000,d)nonlinear(6,0.0000,0.0000,2.1466,d)rotateIntoBiaxial(d,38.2365,0.0000,d)nonlinear(d,38.2365,0.0000,50.0000,d)rotateFromBiaxial(d,38.2365,0.0000,d)linear(0,0,0,6.2283,d)rotate(179.9549)rotateIntoBiaxial(d,137.2700,0.0000,d)nonlinear(d,137.2700,0.0000,50.0000,d)rotateFromBiaxial(d,137.2700,0.0000,d)nonlinear(6,0.0000,0.0000,10.7277,d)rotate(-42.1337)rotateIntoBiaxial(d,9.8037,0.0000,d)nonlinear(d,9.8037,0.0000,128.6902,d)rotateFromBiaxial(d,9.8037,0.0000,d)nonlinear(6,0.0000,0.0000,17.3914,d)rotateIntoBiaxial(d,7.4497,0.0000,d)nonlinear(d,7.4497,0.0000,3.7029,d)rotateFromBiaxial(d,7.4497,0.0000,d)rotate(0.1566)rotateIntoBiaxial(d,3.8051,0.0000,d)nonlinear(d,3.8051,0.0000,50.0000,d)rotateFromBiaxial(d,3.8051,0.0000,d)nonlinear(6,0.0000,0.0000,1.3662,d)linear(0,0,0,292.1472,d)rotate(26.0326)
5842,0,40,8.3594,14.4227,init()rotateIntoBiaxial(d,0.8191,0.0000,d)nonlinear(d,0.8191,0.0000,200.0000,d)rotateFromBiaxial(d,0.8191,0.0000,d)rotateIntoBiaxial(d,40.5648,0.0000,d)nonlinear(d,40.5648,0.0000,50.0000,d)rotateFromBiaxial(d,40.5648,0.0000,d)linear(0,0,0,62.1986,d)rotate(176.6358)rotateIntoBiaxial(d,136.7655,0.0000,d)nonlinear(d,136.7655,0.0000,50.0000,d)rotateFromBiaxial(d,136.7655,0.0000,d)nonlinear(6,0.0000,0.0000,12.8942,d)rotate(-48.7468)rotateIntoBiaxial(d,10.3583,0.0000,d)nonlinear(d,10.3583,0.0000,133.5392,d)rotateFromBiaxial(d,10.3583,0.0000,d)nonlinear(6,0.0000,0.0000,6.2870,d)linear(0,0,0,34.2063,d)rotateIntoBiaxial(d,5.2422,0.0000,d)nonlinear(d,5.2422,0.0000,7.2302,d)rotateFromBiaxial(d,5.2422,0.0000,d)linear(0,0,0,58.4957,d)rotate(1.5037)rotateIntoBiaxial(d,5.3743,0.0000,d)nonlinear(d,5.3743,0.0000,50.0000,d)rotateFromBiaxial(d,5.3743,0.0000,d)nonlinear(6,0.0000,0.0000,0.1082,d)linear(0,0,0,429.3530,d)rotate(27.0399)
5888,0,40,8.5796,14.4227,init()rotateIntoBiaxial(d,0.3109,0.0000,d)nonlinear(d,0.3109,0.0000,150.0000,d)rotateFromBiaxial(d,0.3109,0.0000,d)rotate(-2.5336)rotateIntoBiaxial(d,43.0664,0.0000,d)nonlinear(d,43.0664,0.0000,50.0000,d)rotateFromBiaxial(d,43.0664,0.0000,d)linear(0,0,0,128.6017,d)rotate(177.8705)rotateIntoBiaxial(d,140.1472,0.0000,d)nonlinear(d,140.1472,0.0000,100.0000,d)rotateFromBiaxial(d,140.1472,0.0000,d)nonlinear(6,0.0000,0.0000,11.0405,d)rotate(-43.7375)rotateIntoBiaxial(d,7.9867,0.0000,d)nonlinear(d,7.9867,0.0000,79.5428,d)rotateFromBiaxial(d,7.9867,0.0000,d)nonlinear(6,0.0000,0.0000,14.9365,d)rotate(0.3796)linear(0,0,0,41.4322,d)rotate(0.3611)rotateIntoBiaxial(d,6.6707,0.0000,d)nonlinear(d,6.6707,0.0000,50.0000,d)rotateFromBiaxial(d,6.6707,0.0000,d)nonlinear(6,0.0000,0.0000,5.8597,d)linear(0,0,0,541.5803,d)rotate(26.1885)
5934,0,40,9.7439,14.4227,init()rotateIntoBiaxial(d,1.5228,0.0000,d)nonlinear(d,1.5228,0.0000,150.0000,d)rotateFromBiaxial(d,1.5228,0.0000,d)nonlinear(6,0.0000,0.0000,0.1418,d)rotate(-0.7636)rotateIntoBiaxial(d,42.3530,0.0000,d)nonlinear(d,42.3530,0.0000,50.0000,d)rotateFromBiaxial(d,42.3530,0.0000,d)linear(0,0,0,44.5432,d)rotate(180.0000)rotateIntoBiaxial(d,140.3368,0.0000,d)nonlinear(d,140.3368,0.0000,100.0000,d)rotateFromBiaxial(d,140.3368,0.0000,d)nonlinear(6,0.0000,0.0000,0.4234,d)rotate(-48.3510)rotateIntoBiaxial(d,10.2292,0.0000,d)nonlinear(d,10.2292,0.0000,85.2234,d)rotateFromBiaxial(d,10.2292,0.0000,d)nonlinear(6,0.0000,0.0000,0.4684,d)linear(0,0,0,9.9595,d)linear(0,0,0,2.7049,d)rotate(0.1891)rotateIntoBiaxial(d,4.4870,0.0000,d)nonlinear(d,4.4870,0.0000,50.0000,d)rotateFromBiaxial(d,4.4870,0.0000,d)nonlinear(6,0.0000,0.0000,5.7506,d)linear(0,0,0,606.5517,d)rotate(3.1611)
5980,0,40,9.3197,14.4227,init()rotateIntoBiaxial(d,0.3917,0.0000,d)nonlinear(d,0.3917,0.0000,150.0000,d)rotateFromBiaxial(d,0.3917,0.0000,d)nonlinear(6,0.0000,0.0000,0.3013,d)rotateIntoBiaxial(d,42.1642,0.0000,d)nonlinear(d,42.1642,0.0000,50.0000,d)rotateFromBiaxial(d,42.1642,0.0000,d)linear(0,0,0,77.7526,d)rotate(179.5395)rotateIntoBiaxial(d,139.4313,0.0000,d)nonlinear(d,139.4313,0.0000,100.0000,d)rotateFromBiaxial(d,139.4313,0.0000,d)rotate(-42.6300)rotateIntoBiaxial(d,10.4283,0.0000,d)nonlinear(d,10.4283,0.0000,144.4231,d)rotateFromBiaxial(d,10.4283,0.0000,d)nonlinear(6,0.0000,0.0000,3.0263,d)linear(0,0,0,51.4916,d)rotate(1.9736)rotateIntoBiaxial(d,6.1732,0.0000,d)nonlinear(d,6.1732,0.0000,50.0000,d)rotateFromBiaxial(d,6.1732,0.0000,d)nonlinear(6,0.0000,0.0000,5.9213,d)linear(0,0,0,546.9241,d)rotate(12.4883)
6026,0,40,8.6382,14.4227,init()rotateIntoBiaxial(d,2.1851,0.0000,d)nonlinear(d,2.1851,0.0000,150.0000,d)rotateFromBiaxial(d,2.1851,0.0000,d)nonlinear(6,0.0000,0.0000,0.0222,d)rotate(-0.6704)rotateIntoBiaxial(d,40.7500,0.0000,d)nonlinear(d,40.7500,0.0000,50.0000,d)rotateFromBiaxial(d,40.7500,0.0000,d)linear(0,0,0,74.4462,d)rotate(178.3074)rotateIntoBiaxial(d,137.5353,0.0000,d)nonlinear(d,137.5353,0.0000,50.0000,d)rotateFromBiaxial(d,137.5353,0.0000,d)nonlinear(6,0.0000,0.0000,3.1782,d)rotate(-51.7519)rotateIntoBiaxial(d,11.6674,0.0000,d)nonlinear(d,11.6674,0.0000,150.0000,d)rotateFromBiaxial(d,11.6674,0.0000,d)nonlinear(6,0.0000,0.0000,1.6100,d)linear(0,0,0,18.5719,d)linear(0,0,0,28.8033,d)rotate(0.3886)rotateIntoBiaxial(d,4.1470,0.0000,d)nonlinear(d,4.1470,0.0000,50.0000,d)rotateFromBiaxial(d,4.1470,0.0000,d)nonlinear(6,0.0000,0.0000,3.2624,d)linear(0,0,0,591.1091,d)rotate(8.3518)
6072,0,40,10.4627,14.4227,init()rotateIntoBiaxial(d,0.6147,0.0000,d)nonlinear(d,0.6147,0.0000,150.0000,d)rotateFromBiaxial(d,0.6147,0.0000,d)nonlinear(6,0.0000,0.0000,1.3657,d)rotate(-1.0358)rotateIntoBiaxial(d,41.6815,0.0000,d)nonlinear(d,41.6815,0.0000,50.0000,d)rotateFromBiaxial(d,41.6815,0.0000,d)linear(0,0,0,48.3145,d)rotate(179.7029)rotateIntoBiaxial(d,139.4993,0.0000,d)nonlinear(d,139.4993,0.0000,100.0000,d)rotateFromBiaxial(d,139.4993,0.0000,d)nonlinear(6,0.0000,0.0000,0.0287,d)rotate(-45.2402)rotateIntoBiaxial(d,11.0106,0.0000,d)nonlinear(d,11.0106,0.0000,101.3016,d)rotateFromBiaxial(d,11.0106,0.0000,d)nonlinear(6,0.0000,0.0000,5.9807,d)linear(0,0,0,50.5886,d)linear(0,0,0,56.5195,d)rotate(0.7197)rotateIntoBiaxial(d,5.2545,0.0000,d)nonlinear(d,5.2545,0.0000,50.0000,d)rotateFromBiaxial(d,5.2545,0.0000,d)nonlinear(6,0.0000,0.0000,2.9607,d)linear(0,0,0,468.9762,d)rotate(31.6557)
6118,0,40,11.1373,14.4227,init()rotateIntoBiaxial(d,0.5685,0.0000,d)nonlinear(d,0.5685,0.0000,200.0000,d)rotateFromBiaxial(d,0.5685,0.0000,d)rotate(-1.6338)rotateIntoBiaxial(d,41.2990,0.0000,d)nonlinear(d,41.2990,0.0000,50.0000,d)rotateFromBiaxial(d,41.2990,0.0000,d)linear(0,0,0,7.2362,d)rotate(176.9895)rotateIntoBiaxial(d,138.9402,0.0000,d)nonlinear(d,138.9402,0.0000,50.0000,d)rotateFromBiaxial(d,138.9402,0.0000,d)nonlinear(6,0.0000,0.0000,3.9953,d)rotate(-52.4442)rotateIntoBiaxial(d,10.6367,0.0000,d)nonlinear(d,10.6367,0.0000,149.7014,d)rotateFromBiaxial(d,10.6367,0.0000,d)nonlinear(6,0.0000,0.0000,14.6083,d)linear(0,0,0,6.9942,d)rotateIntoBiaxial(d,11.6738,0.0000,d)nonlinear(d,11.6738,0.0000,50.0000,d)rotateFromBiaxial(d,11.6738,0.0000,d)linear(0,0,0,601.4924,d)rotate(21.3813)
6164,0,40,10.0915,14.4227,init()rotateIntoBiaxial(d,2.6978,0.0000,d)nonlinear(d,2.6978,0.0000,200.0000,d)rotateFromBiaxial(d,2.6978,0.0000,d)nonlinear(6,0.0000,0.0000,1.6445,d)rotate(-0.6699)rotateIntoBiaxial(d,43.1418,0.0000,d)nonlinear(d,43.1418,0.0000,50.0000,d)rotateFromBiaxial(d,43.1418,0.0000,d)linear(0,0,0,20.1936,d)rotate(179.7702)rotateIntoBiaxial(d,140.8444,0.0000,d)nonlinear(d,140.8444,0.0000,50.0000,d)rotateFromBiaxial(d,140.8444,0.0000,d)rotate(-43.4170)rotateIntoBiaxial(d,9.8267,0.0000,d)nonlinear(d,9.8267,0.0000,150.0000,d)rotateFromBiaxial(d,9.8267,0.0000,d)nonlinear(6,0.0000,0.0000,6.5243,d)linear(0,0,0,105.2459,d)rotate(3.8724)rotateIntoBiaxial(d,0.5641,0.0000,d)nonlinear(d,0.5641,0.0000,50.0000,d)rotateFromBiaxial(d,0.5641,0.0000,d)nonlinear(6,0.0000,0.0000,1.9286,d)linear(0,0,0,291.1993,d)rotate(11.2086)
6210,0,40,15.7932,15.7932,init()rotateIntoBiaxial(d,1.1853,0.0000,d)nonlinear(d,1.1853,0.0000,200.0000,d)rotateFromBiaxial(d,1.1853,0.0000,d)rotateIntoBiaxial(d,41.2841,0.0000,d)nonlinear(d,41.2841,0.0000,50.0000,d)rotateFromBiaxial(d,41.2841,0.0000,d)linear(0,0,0,11.3846,d)rotate(179.0546)rotateIntoBiaxial(d,140.2315,0.0000,d)nonlinear(d,140.2315,0.0000,100.0000,d)rotateFromBiaxial(d,140.2315,0.0000,d)nonlinear(6,0.0000,0.0000,0.1042,d)rotate(-53.6291)rotateIntoBiaxial(d,10.3270,0.0000,d)nonlinear(d,10.3270,0.0000,150.0000,d)rotateFromBiaxial(d,10.3270,0.0000,d)nonlinear(6,0.0000,0.0000,0.7685,d)nonlinear(6,0.0000,0.0000,9.3739,d)linear(0,0,0,80.5031,d)rotate(1.9991)rotateIntoBiaxial(d,0.2098,0.0000,d)nonlinear(d,0.2098,0.0000,50.0000,d)rotateFromBiaxial(d,0.2098,0.0000,d)linear(0,0,0,523.9151,d)rotate(14.3548)
6256,0,40,16.2963,15.7932,init()rotateIntoBiaxial(d,0.1160,0.0000,d)nonlinear(d,0.1160,0.0000,200.0000,d)rotateFromBiaxial(d,0.1160,0.0000,d)nonlinear(6,0.0000,0.0000,0.1243,d)rotateIntoBiaxial(d,39.8711,0.0000,d)nonlinear(d,39.8711,0.0000,50.0000,d)rotateFromBiaxial(d,39.8711,0.0000,d)linear(0,0,0,23.9287,d)rotate(176.9569)rotateIntoBiaxial(d,139.8649,0.0000,d)nonlinear(d,139.8649,0.0000,100.0000,d)rotateFromBiaxial(d,139.8649,0.0000,d)rotate(-53.8698)rotateIntoBiaxial(d,9.8011,0.0000,d)nonlinear(d,9.8011,0.0000,148.2662,d)rotateFromBiaxial(d,9.8011,0.0000,d)nonlinear(6,0.0000,0.0000,10.8837,d)linear(0,0,0,41.1977,d)rotate(0.3706)rotateIntoBiaxial(d,6.0014,0.0000,d)nonlinear(d,6.0014,0.0000,50.0000,d)rotateFromBiaxial(d,6.0014,0.0000,d)nonlinear(6,0.0000,0.0000,0.4136,d)linear(0,0,0,251.0519,d)rotate(29.9535)
6302,0,40,10.7633,15.7932,init()rotateIntoBiaxial(d,0.0955,0.0000,d)nonlinear(d,0.0955,0.0000,200.0000,d)rotateFromBiaxial(d,0.0955,0.0000,d)nonlinear(6,0.0000,0.0000,0.1585,d)rotateIntoBiaxial(d,44.8858,0.0000,d)nonlinear(d,44.8858,0.0000,50.0000,d)rotateFromBiaxial(d,44.8858,0.0000,d)linear(0,0,0,41.1568,d)rotate(179.8181)rotateIntoBiaxial(d,140.5030,0.0000,d)nonlinear(d,140.5030,0.0000,100.0000,d)rotateFromBiaxial(d,140.5030,0.0000,d)nonlinear(6,0.0000,0.0000,1.0523,d)rotate(-48.8319)rotateIntoBiaxial(d,10.7093,0.0000,d)nonlinear(d,10.7093,0.0000,100.0000,d)rotateFromBiaxial(d,10.7093,0.0000,d)linear(0,0,0,10.3593,d)linear(0,0,0,48.9302,d)rotate(0.2173)rotateIntoBiaxial(d,3.6913,0.0000,d)nonlinear(d,3.6913,0.0000,100.0000,d)rotateFromBiaxial(d,3.6913,0.0000,d)nonlinear(6,0.0000,0.0000,1.6813,d)linear(0,0,0,257.3915,d)
6348,0,40,13.9817,15.7932,init()rotateIntoBiaxial(d,0.2392,0.0000,d)nonlinear(d,0.2392,0.0000,200.0000,d)rotateFromBiaxial(d,0.2392,0.0000,d)rotateIntoBiaxial(d,43.1962,0.0000,d)nonlinear(d,43.1962,0.0000,50.0000,d)rotateFromBiaxial(d,43.1962,0.0000,d)linear(0,0,0,29.0044,d)rotate(177.8100)rotateIntoBiaxial(d,139.8788,0.0000,d)nonlinear(d,139.8788,0.0000,100.0000,d)rotateFromBiaxial(d,139.8788,0.0000,d)nonlinear(6,0.0000,0.0000,5.7729,d)rotate(-47.7863)rotateIntoBiaxial(d,11.2785,0.0000,d)nonlinear(d,11.2785,0.0000,128.4777,d)rotateFromBiaxial(d,11.2785,0.0000,d)linear(0,0,0,4.7005,d)rotate(2.3636)rotate(-0.0915)rotateIntoBiaxial(d,4.8600,0.0000,d)nonlinear(d,4.8600,0.0000,50.0000,d)rotateFromBiaxial(d,4.8600,0.0000,d)linear(0,0,0,341.5105,d)rotate(18.6524)
6394,0,40,14.4802,15.7932,init()rotateIntoBiaxial(d,0.9223,0.0000,d)nonlinear(d,0.9223,0.0000,200.0000,d)rotateFromBiaxial(d,0.9223,0.0000,d)rotateIntoBiaxial(d,41.0924,0.0000,d)nonlinear(d,41.0924,0.0000,50.0000,d)rotateFromBiaxial(d,41.0924,0.0000,d)nonlinear(6,0.0000,0.0000,8.9807,d)linear(0,0,0,9.3809,d)rotate(173.0098)rotateIntoBiaxial(d,139.7941,0.0000,d)nonlinear(d,139.7941,0.0000,150.0000,d)rotateFromBiaxial(d,139.7941,0.0000,d)rotate(-58.1608)rotateIntoBiaxial(d,6.8728,0.0000,d)nonlinear(d,6.8728,0.0000,100.0000,d)rotateFromBiaxial(d,6.8728,0.0000,d)nonlinear(6,0.0000,0.0000,17.8159,d)linear(0,0,0,16.7046,d)rotate(0.2750)rotateIntoBiaxial(d,6.2922,0.0000,d)nonlinear(d,6.2922,0.0000,50.0000,d)rotateFromBiaxial(d,6.2922,0.0000,d)nonlinear(6,0.0000,0.0000,1.6112,d)linear(0,0,0,444.3537,d)rotate(9.7671)
6440,0,40,12.5413,15.7932,init()rotateIntoBiaxial(d,0.4402,0.0000,d)nonlinear(d,0.4402,0.0000,200.0000,d)rotateFromBiaxial(d,0.4402,0.0000,d)nonlinear(6,0.0000,0.0000,1.7617,d)rotate(-0.4147)rotateIntoBiaxial(d,43.4433,0.0000,d)nonlinear(d,43.4433,0.0000,50.0000,d)rotateFromBiaxial(d,43.4433,0.0000,d)linear(0,0,0,67.2477,d)rotate(179.4749)rotateIntoBiaxial(d,140.1436,0.0000,d)nonlinear(d,140.1436,0.0000,100.0000,d)rotateFromBiaxial(d,140.1436,0.0000,d)nonlinear(6,0.0000,0.0000,2.7314,d)rotate(-56.6475)rotateIntoBiaxial(d,9.6171,0.0000,d)nonlinear(d,9.6171,0.0000,75.4977,d)rotateFromBiaxial(d,9.6171,0.0000,d)nonlinear(6,0.0000,0.0000,13.0154,d)linear(0,0,0,12.7733,d)rotate(0.3656)linear(0,0,0,133.6282,d)rotate(2.9866)rotateIntoBiaxial(d,5.8007,0.0000,d)nonlinear(d,5.8007,0.0000,50.0000,d)rotateFromBiaxial(d,5.8007,0.0000,d)nonlinear(6,0.0000,0.0000,1.2759,d)linear(0,0,0,426.6996,d)rotate(2.3918)
6486,0,40,13.4411,15.7932,init()rotateIntoBiaxial(d,1.0917,0.0000,d)nonlinear(d,1.0917,0.0000,200.0000,d)rotateFromBiaxial(d,1.0917,0.0000,d)nonlinear(6,0.0000,0.0000,2.6061,d)rotateIntoBiaxial(d,42.2465,0.0000,d)nonlinear(d,42.2465,0.0000,50.0000,d)rotateFromBiaxial(d,42.2465,0.0000,d)linear(0,0,0,42.8000,d)rotate(179.8745)rotateIntoBiaxial(d,140.0250,0.0000,d)nonlinear(d,140.0250,0.0000,150.0000,d)rotateFromBiaxial(d,140.0250,0.0000,d)nonlinear(6,0.0000,0.0000,1.6128,d)rotate(-38.6369)rotateIntoBiaxial(d,7.4139,0.0000,d)nonlinear(d,7.4139,0.0000,101.9246,d)rotateFromBiaxial(d,7.4139,0.0000,d)nonlinear(6,0.0000,0.0000,4.2829,d)linear(0,0,0,50.0046,d)rotate(1.1390)linear(0,0,0,19.9694,d)rotate(8.6293)rotateIntoBiaxial(d,1.3280,0.0000,d)nonlinear(d,1.3280,0.0000,50.0000,d)rotateFromBiaxial(d,1.3280,0.0000,d)nonlinear(6,0.0000,0.0000,19.6967,d)linear(0,0,0,345.8182,d)
6532,0,40,12.0876,15.7932,init()rotateIntoBiaxial(d,0.0004,0.0000,d)nonlinear(d,0.0004,0.0000,200.0000,d)rotateFromBiaxial(d,0.0004,0.0000,d)nonlinear(6,0.0000,0.0000,6.1699,d)rotateIntoBiaxial(d,41.7760,0.0000,d)nonlinear(d,41.7760,0.0000,50.0000,d)rotateFromBiaxial(d,41.7760,0.0000,d)linear(0,0,0,53.3060,d)rotate(178.6007)rotateIntoBiaxial(d,140.2121,0.0000,d)nonlinear(d,140.2121,0.0000,150.0000,d)rotateFromBiaxial(d,140.2121,0.0000,d)nonlinear(6,0.0000,0.0000,1.4784,d)rotate(-55.3985)rotateIntoBiaxial(d,4.5819,0.0000,d)nonlinear(d,4.5819,0.0000,133.5490,d)rotateFromBiaxial(d,4.5819,0.0000,d)nonlinear(6,0.0000,0.0000,5.9424,d)linear(0,0,0,1.1415,d)rotate(3.2918)rotate(2.4984)rotateIntoBiaxial(d,0.6266,0.0000,d)nonlinear(d,0.6266,0.0000,50.0000,d)rotateFromBiaxial(d,0.6266,0.0000,d)nonlinear(6,0.0000,0.0000,22.5593,d)linear(0,0,0,230.8152,d)rotate(7.7607)
6578,0,40,11.7743,15.7932,init()rotateIntoBiaxial(d,1.2418,0.0000,d)nonlinear(d,1.2418,0.0000,200.0000,d)rotateFromBiaxial(d,1.2418,0.0000,d)rotateIntoBiaxial(d,42.5630,0.0000,d)nonlinear(d,42.5630,0.0000,50.0000,d)rotateFromBiaxial(d,42.5630,0.0000,d)linear(0,0,0,72.2582,d)rotate(179.6913)rotateIntoBiaxial(d,139.5737,0.0000,d)nonlinear(d,139.5737,0.0000,100.0000,d)rotateFromBiaxial(d,139.5737,0.0000,d)nonlinear(6,0.0000,0.0000,6.9007,d)rotate(-45.0685)rotateIntoBiaxial(d,11.9302,0.0000,d)nonlinear(d,11.9302,0.0000,125.5709,d)rotateFromBiaxial(d,11.9302,0.0000,d)nonlinear(6,0.0000,0.0000,2.9926,d)linear(0,0,0,16.4751,d)linear(0,0,0,22.4925,d)rotateIntoBiaxial(d,0.4623,0.0000,d)nonlinear(d,0.4623,0.0000,50.0000,d)rotateFromBiaxial(d,0.4623,0.0000,d)nonlinear(6,0.0000,0.0000,1.2555,d)linear(0,0,0,384.8071,d)rotate(9.3520)
6624,0,40,14.4741,15.7932,init()rotateIntoBiaxial(d,0.7843,0.0000,d)nonlinear(d,0.7843,0.0000,200.0000,d)rotateFromBiaxial(d,0.7843,0.0000,d)rotateIntoBiaxial(d,41.9384,0.0000,d)nonlinear(d,41.9384,0.0000,50.0000,d)rotateFromBiaxial(d,41.9384,0.0000,d)linear(0,0,0,9.2362,d)rotate(179.9385)rotateIntoBiaxial(d,139.2908,0.0000,d)nonlinear(d,139.2908,0.0000,100.0000,d)rotateFromBiaxial(d,139.2908,0.0000,d)nonlinear(6,0.0000,0.0000,9.8359,d)rotate(-57.6565)rotateIntoBiaxial(d,9.4740,0.0000,d)nonlinear(d,9.4740,0.0000,150.0000,d)rotateFromBiaxial(d,9.4740,0.0000,d)nonlinear(6,0.0000,0.0000,5.3970,d)rotate(0.1038)rotateIntoBiaxial(d,1.4089,0.0000,d)nonlinear(d,1.4089,0.0000,50.0000,d)rotateFromBiaxial(d,1.4089,0.0000,d)linear(0,0,0,448.8230,d)rotate(16.3383)
6670,0,40,18.0390,18.0390,init()rotateIntoBiaxial(d,0.0853,0.0000,d)nonlinear(d,0.0853,0.0000,200.0000,d)rotateFromBiaxial(d,0.0853,0.0000,d)rotateIntoBiaxial(d,39.9272,0.0000,d)nonlinear(d,39.9272,0.0000,50.0000,d)rotateFromBiaxial(d,39.9272,0.0000,d)linear(0,0,0,2.6169,d)rotate(177.6469)rotateIntoBiaxial(d,139.6279,0.0000,d)nonlinear(d,139.6279,0.0000,150.0000,d)rotateFromBiaxial(d,139.6279,0.0000,d)nonlinear(6,0.0000,0.0000,0.0397,d)rotate(-65.9444)rotateIntoBiaxial(d,10.5391,0.0000,d)nonlinear(d,10.5391,0.0000,136.2177,d)rotateFromBiaxial(d,10.5391,0.0000,d)nonlinear(6,0.0000,0.0000,1.2304,d)linear(0,0,0,16.2283,d)linear(0,0,0,11.9364,d)rotate(0.7886)rotateIntoBiaxial(d,3.7367,0.0000,d)nonlinear(d,3.7367,0.0000,50.0000,d)rotateFromBiaxial(d,3.7367,0.0000,d)nonlinear(6,0.0000,0.0000,4.6359,d)linear(0,0,0,501.8257,d)rotate(3.5261)
6716,0,40,14.3560,18.0390,init()rotateIntoBiaxial(d,1.8321,0.0000,d)nonlinear(d,1.8321,0.0000,250.0000,d)rotateFromBiaxial(d,1.8321,0.0000,d)rotateIntoBiaxial(d,39.7405,0.0000,d)nonlinear(d,39.7405,0.0000,50.0000,d)rotateFromBiaxial(d,39.7405,0.0000,d)linear(0,0,0,55.7012,d)rotate(179.1426)rotateIntoBiaxial(d,139.3986,0.0000,d)nonlinear(d,139.3986,0.0000,100.0000,d)rotateFromBiaxial(d,139.3986,0.0000,d)nonlinear(6,0.0000,0.0000,1.6971,d)rotate(-54.9064)rotateIntoBiaxial(d,10.6339,0.0000,d)nonlinear(d,10.6339,0.0000,100.0000,d)rotateFromBiaxial(d,10.6339,0.0000,d)nonlinear(6,0.0000,0.0000,0.0336,d)rotate(-2.7300)rotateIntoBiaxial(d,0.3459,0.0000,d)nonlinear(d,0.3459,0.0000,50.0000,d)rotateFromBiaxial(d,0.3459,0.0000,d)nonlinear(6,0.0000,0.0000,2.1727,d)linear(0,0,0,458.8598,d)rotate(6.2184)
6762,0,40,14.5717,18.0390,init()rotateIntoBiaxial(d,0.6642,0.0000,d)nonlinear(d,0.6642,0.0000,250.0000,d)rotateFromBiaxial(d,0.6642,0.0000,d)nonlinear(6,0.0000,0.0000,0.1385,d)rotateIntoBiaxial(d,39.1717,0.0000,d)nonlinear(d,39.1717,0.0000,50.0000,d)rotateFromBiaxial(d,39.1717,0.0000,d)linear(0,0,0,1.1437,d)rotate(178.9609)rotateIntoBiaxial(d,139.1482,0.0000,d)nonlinear(d,139.1482,0.0000,100.0000,d)rotateFromBiaxial(d,139.1482,0.0000,d)nonlinear(6,0.0000,0.0000,1.4574,d)rotate(-72.0898)rotateIntoBiaxial(d,11.2586,0.0000,d)nonlinear(d,11.2586,0.0000,100.0000,d)rotateFromBiaxial(d,11.2586,0.0000,d)nonlinear(6,0.0000,0.0000,3.6208,d)linear(0,0,0,1.1240,d)rotate(-1.1327)rotateIntoBiaxial(d,4.6995,0.0000,d)nonlinear(d,4.6995,0.0000,50.0000,d)rotateFromBiaxial(d,4.6995,0.0000,d)nonlinear(6,0.0000,0.0000,1.5668,d)linear(0,0,0,331.6335,d)rotate(18.4185)
6808,0,40,16.0583,18.0390,init()rotateIntoBiaxial(d,0.2198,0.0000,d)nonlinear(d,0.2198,0.0000,250.0000,d)rotateFromBiaxial(d,0.2198,0.0000,d)rotateIntoBiaxial(d,41.7316,0.0000,d)nonlinear(d,41.7316,0.0000,50.0000,d)rotateFromBiaxial(d,41.7316,0.0000,d)linear(0,0,0,10.5635,d)rotate(178.2844)rotateIntoBiaxial(d,139.5864,0.0000,d)nonlinear(d,139.5864,0.0000,100.0000,d)rotateFromBiaxial(d,139.5864,0.0000,d)nonlinear(6,0.0000,0.0000,1.5889,d)rotate(-62.1132)rotateIntoBiaxial(d,10.1437,0.0000,d)nonlinear(d,10.1437,0.0000,88.6629,d)rotateFromBiaxial(d,10.1437,0.0000,d)nonlinear(6,0.0000,0.0000,13.9290,d)linear(0,0,0,0.5515,d)rotate(0.1075)rotateIntoBiaxial(d,5.1159,0.0000,d)nonlinear(d,5.1159,0.0000,50.0000,d)rotateFromBiaxial(d,5.1159,0.0000,d)nonlinear(6,0.0000,0.0000,13.3004,d)linear(0,0,0,645.2967,d)rotate(3.3603)
6854,0,40,19.2912,18.0390,init()rotateIntoBiaxial(d,0.9625,0.0000,d)nonlinear(d,0.9625,0.0000,250.0000,d)rotateFromBiaxial(d,0.9625,0.0000,d)nonlinear(6,0.0000,0.0000,0.1076,d)rotateIntoBiaxial(d,40.5823,0.0000,d)nonlinear(d,40.5823,0.0000,50.0000,d)rotateFromBiaxial(d,40.5823,0.0000,d)rotate(179.9772)rotateIntoBiaxial(d,139.5839,0.0000,d)nonlinear(d,139.5839,0.0000,150.0000,d)rotateFromBiaxial(d,139.5839,0.0000,d)rotate(-56.3767)rotateIntoBiaxial(d,12.1994,0.0000,d)nonlinear(d,12.1994,0.0000,100.0000,d)rotateFromBiaxial(d,12.1994,0.0000,d)nonlinear(6,0.0000,0.0000,6.6225,d)linear(0,0,0,1.5781,d)rotate(-0.6131)rotateIntoBiaxial(d,2.3269,0.0000,d)nonlinear(d,2.3269,0.0000,50.0000,d)rotateFromBiaxial(d,2.3269,0.0000,d)nonlinear(6,0.0000,0.0000,0.1663,d)linear(0,0,0,324.1097,d)
6900,0,40,16.3762,18.0390,init()rotateIntoBiaxial(d,3.4774,0.0000,d)nonlinear(d,3.4774,0.0000,250.0000,d)rotateFromBiaxial(d,3.4774,0.0000,d)nonlinear(6,0.0000,0.0000,0.8362,d)rotateIntoBiaxial(d,41.4968,0.0000,d)nonlinear(d,41.4968,0.0000,50.0000,d)rotateFromBiaxial(d,41.4968,0.0000,d)nonlinear(6,0.0000,0.0000,12.0845,d)linear(0,0,0,4.7857,d)rotate(177.1473)rotateIntoBiaxial(d,139.3841,0.0000,d)nonlinear(d,139.3841,0.0000,100.0000,d)rotateFromBiaxial(d,139.3841,0.0000,d)nonlinear(6,0.0000,0.0000,4.0148,d)rotate(-54.5642)rotateIntoBiaxial(d,10.6268,0.0000,d)nonlinear(d,10.6268,0.0000,141.5283,d)rotateFromBiaxial(d,10.6268,0.0000,d)nonlinear(6,0.0000,0.0000,1.6912,d)linear(0,0,0,4.3020,d)rotate(-1.4862)rotateIntoBiaxial(d,2.8320,0.0000,d)nonlinear(d,2.8320,0.0000,50.0000,d)rotateFromBiaxial(d,2.8320,0.0000,d)nonlinear(6,0.0000,0.0000,3.7914,d)linear(0,0,0,315.7422,d)
6946,0,40,13.9037,18.0390,init()rotateIntoBiaxial(d,3.4147,0.0000,d)nonlinear(d,3.4147,0.0000,200.0000,d)rotateFromBiaxial(d,3.4147,0.0000,d)rotateIntoBiaxial(d,40.6607,0.0000,d)nonlinear(d,40.6607,0.0000,50.0000,d)rotateFromBiaxial(d,40.6607,0.0000,d)nonlinear(6,0.0000,0.0000,6.5010,d)linear(0,0,0,13.4897,d)rotate(177.1091)rotateIntoBiaxial(d,139.4060,0.0000,d)nonlinear(d,139.4060,0.0000,100.0000,d)rotateFromBiaxial(d,139.4060,0.0000,d)rotate(-64.1735)rotateIntoBiaxial(d,11.2594,0.0000,d)nonlinear(d,11.2594,0.0000,100.0000,d)rotateFromBiaxial(d,11.2594,0.0000,d)nonlinear(6,0.0000,0.0000,2.8755,d)linear(0,0,0,0.6729,d)rotateIntoBiaxial(d,4.9402,0.0000,d)nonlinear(d,4.9402,0.0000,0.2878,d)rotateFromBiaxial(d,4.9402,0.0000,d)linear(0,0,0,3.6434,d)rotate(-0.1176)rotateIntoBiaxial(d,0.3158,0.0000,d)nonlinear(d,0.3158,0.0000,50.0000,d)rotateFromBiaxial(d,0.3158,0.0000,d)nonlinear(6,0.0000,0.0000,4.9019,d)linear(0,0,0,427.4100,d)
6992,0,40,16.7647,18.0390,init()rotateIntoBiaxial(d,0.0158,0.0000,d)nonlinear(d,0.0158,0.0000,250.0000,d)rotateFromBiaxial(d,0.0158,0.0000,d)rotateIntoBiaxial(d,42.5356,0.0000,d)nonlinear(d,42.5356,0.0000,50.0000,d)rotateFromBiaxial(d,42.5356,0.0000,d)linear(0,0,0,8.4357,d)rotate(179.4556)rotateIntoBiaxial(d,139.5223,0.0000,d)nonlinear(d,139.5223,0.0000,150.0000,d)rotateFromBiaxial(d,139.5223,0.0000,d)nonlinear(6,0.0000,0.0000,3.7548,d)rotate(-45.0260)rotateIntoBiaxial(d,11.0804,0.0000,d)nonlinear(d,11.0804,0.0000,100.0000,d)rotateFromBiaxial(d,11.0804,0.0000,d)nonlinear(6,0.0000,0.0000,5.0620,d)linear(0,0,0,11.2659,d)linear(0,0,0,23.0398,d)rotate(1.1725)rotateIntoBiaxial(d,2.6271,0.0000,d)nonlinear(d,2.6271,0.0000,50.0000,d)rotateFromBiaxial(d,2.6271,0.0000,d)nonlinear(6,0.0000,0.0000,6.4147,d)linear(0,0,0,476.6383,d)rotate(2.6087)
7038,0,40,15.1367,18.0390,init()rotateIntoBiaxial(d,0.6734,0.0000,d)nonlinear(d,0.6734,0.0000,250.0000,d)rotateFromBiaxial(d,0.6734,0.0000,d)rotateIntoBiaxial(d,41.7777,0.0000,d)nonlinear(d,41.7777,0.0000,50.0000,d)rotateFromBiaxial(d,41.7777,0.0000,d)nonlinear(6,0.0000,0.0000,5.3313,d)linear(0,0,0,0.0139,d)rotate(179.9944)rotateIntoBiaxial(d,139.8960,0.0000,d)nonlinear(d,139.8960,0.0000,150.0000,d)rotateFromBiaxial(d,139.8960,0.0000,d)nonlinear(6,0.0000,0.0000,4.1520,d)rotate(-53.2850)rotateIntoBiaxial(d,11.9699,0.0000,d)nonlinear(d,11.9699,0.0000,100.0000,d)rotateFromBiaxial(d,11.9699,0.0000,d)nonlinear(6,0.0000,0.0000,8.9376,d)linear(0,0,0,4.8315,d)linear(0,0,0,46.3483,d)rotate(-0.9487)rotateIntoBiaxial(d,2.4953,0.0000,d)nonlinear(d,2.4953,0.0000,50.0000,d)rotateFromBiaxial(d,2.4953,0.0000,d)nonlinear(6,0.0000,0.0000,0.9449,d)linear(0,0,0,291.7131,d)rotate(2.9855)
7084,0,40,14.4800,18.0390,init()rotateIntoBiaxial(d,2.2236,0.0000,d)nonlinear(d,2.2236,0.0000,250.0000,d)rotateFromBiaxial(d,2.2236,0.0000,d)nonlinear(6,0.0000,0.0000,2.0248,d)linear(0,0,0,11.3298,d)rotateIntoBiaxial(d,40.9462,0.0000,d)nonlinear(d,40.9462,0.0000,50.0000,d)rotateFromBiaxial(d,40.9462,0.0000,d)nonlinear(6,0.0000,0.0000,1.4658,d)rotate(179.8027)rotateIntoBiaxial(d,139.1089,0.0000,d)nonlinear(d,139.1089,0.0000,100.0000,d)rotateFromBiaxial(d,139.1089,0.0000,d)nonlinear(6,0.0000,0.0000,13.6358,d)rotate(-47.1785)rotateIntoBiaxial(d,10.0607,0.0000,d)nonlinear(d,10.0607,0.0000,100.0000,d)rotateFromBiaxial(d,10.0607,0.0000,d)nonlinear(6,0.0000,0.0000,2.3669,d)linear(0,0,0,84.2213,d)linear(0,0,0,23.9757,d)rotate(-3.1664)rotateIntoBiaxial(d,3.8853,0.0000,d)nonlinear(d,3.8853,0.0000,50.0000,d)rotateFromBiaxial(d,3.8853,0.0000,d)nonlinear(6,0.0000,0.0000,6.1185,d)linear(0,0,0,265.7700,d)rotate(7.0031)
7130,0,40,15.5911,18.0390,init()rotateIntoBiaxial(d,1.2292,0.0000,d)nonlinear(d,1.2292,0.0000,250.0000,d)rotateFromBiaxial(d,1.2292,0.0000,d)rotateIntoBiaxial(d,40.4975,0.0000,d)nonlinear(d,40.4975,0.0000,50.0000,d)rotateFromBiaxial(d,40.4975,0.0000,d)rotate(179.2110)rotateIntoBiaxial(d,139.3457,0.0000,d)nonlinear(d,139.3457,0.0000,150.0000,d)rotateFromBiaxial(d,139.3457,0.0000,d)nonlinear(6,0.0000,0.0000,2.4102,d)rotate(-39.5801)rotateIntoBiaxial(d,10.3271,0.0000,d)nonlinear(d,10.3271,0.0000,100.0000,d)rotateFromBiaxial(d,10.3271,0.0000,d)nonlinear(6,0.0000,0.0000,3.7985,d)linear(0,0,0,67.1331,d)linear(0,0,0,16.2383,d)rotate(-0.6112)rotateIntoBiaxial(d,3.4046,0.0000,d)nonlinear(d,3.4046,0.0000,50.0000,d)rotateFromBiaxial(d,3.4046,0.0000,d)nonlinear(6,0.0000,0.0000,0.2719,d)linear(0,0,0,209.8164,d)rotate(20.9142)
7176,0,40,14.4222,18.0390,init()rotateIntoBiaxial(d,0.9409,0.0000,d)nonlinear(d,0.9409,0.0000,250.0000,d)rotateFromBiaxial(d,0.9409,0.0000,d)rotateIntoBiaxial(d,40.6990,0.0000,d)nonlinear(d,40.6990,0.0000,50.0000,d)rotateFromBiaxial(d,40.6990,0.0000,d)linear(0,0,0,45.6630,d)rotate(179.8009)rotateIntoBiaxial(d,139.4116,0.0000,d)nonlinear(d,139.4116,0.0000,100.0000,d)rotateFromBiaxial(d,139.4116,0.0000,d)nonlinear(6,0.0000,0.0000,2.2241,d)rotate(-59.7552)rotateIntoBiaxial(d,9.8212,0.0000,d)nonlinear(d,9.8212,0.0000,100.0000,d)rotateFromBiaxial(d,9.8212,0.0000,d)nonlinear(6,0.0000,0.0000,3.9539,d)linear(0,0,0,21.2666,d)rotate(-0.6155)rotateIntoBiaxial(d,3.3662,0.0000,d)nonlinear(d,3.3662,0.0000,50.0000,d)rotateFromBiaxial(d,3.3662,0.0000,d)nonlinear(6,0.0000,0.0000,8.4866,d)linear(0,0,0,437.8528,d)
7222,0,40,15.7270,18.0390,init()rotateIntoBiaxial(d,3.4583,0.0000,d)nonlinear(d,3.4583,0.0000,200.0000,d)rotateFromBiaxial(d,3.4583,0.0000,d)nonlinear(6,0.0000,0.0000,0.4038,d)linear(0,0,0,30.0830,d)rotateIntoBiaxial(d,41.6759,0.0000,d)nonlinear(d,41.6759,0.0000,50.0000,d)rotateFromBiaxial(d,41.6759,0.0000,d)linear(0,0,0,10.9633,d)rotate(180.0000)rotateIntoBiaxial(d,139.7730,0.0000,d)nonlinear(d,139.7730,0.0000,150.0000,d)rotateFromBiaxial(d,139.7730,0.0000,d)nonlinear(6,0.0000,0.0000,3.3636,d)rotate(-50.7426)rotateIntoBiaxial(d,10.3650,0.0000,d)nonlinear(d,10.3650,0.0000,100.0000,d)rotateFromBiaxial(d,10.3650,0.0000,d)nonlinear(6,0.0000,0.0000,1.0460,d)linear(0,0,0,11.1735,d)linear(0,0,0,28.3933,d)rotate(-4.2813)rotateIntoBiaxial(d,0.2164,0.0000,d)nonlinear(d,0.2164,0.0000,50.0000,d)rotateFromBiaxial(d,0.2164,0.0000,d)nonlinear(6,0.0000,0.0000,7.6121,d)linear(0,0,0,406.1881,d)rotate(4.2057)
7268,0,40,12.6785,18.0390,init()rotateIntoBiaxial(d,0.2088,0.0000,d)nonlinear(d,0.2088,0.0000,250.0000,d)rotateFromBiaxial(d,0.2088,0.0000,d)linear(0,0,0,42.4576,d)rotateIntoBiaxial(d,41.5534,0.0000,d)nonlinear(d,41.5534,0.0000,50.0000,d)rotateFromBiaxial(d,41.5534,0.0000,d)rotate(179.4955)rotateIntoBiaxial(d,140.2880,0.0000,d)nonlinear(d,140.2880,0.0000,150.0000,d)rotateFromBiaxial(d,140.2880,0.0000,d)nonlinear(6,0.0000,0.0000,0.4162,d)rotate(-43.4964)rotateIntoBiaxial(d,11.9253,0.0000,d)nonlinear(d,11.9253,0.0000,100.0000,d)rotateFromBiaxial(d,11.9253,0.0000,d)nonlinear(6,0.0000,0.0000,11.3041,d)linear(0,0,0,11.8682,d)nonlinear(6,0.0000,0.0000,23.2181,d)linear(0,0,0,4.4178,d)rotateIntoBiaxial(d,5.9824,0.0000,d)nonlinear(d,5.9824,0.0000,50.0000,d)rotateFromBiaxial(d,5.9824,0.0000,d)nonlinear(6,0.0000,0.0000,13.2270,d)linear(0,0,0,359.5611,d)rotate(26.9343)
7314,0,40,16.8045,18.0390,init()rotateIntoBiaxial(d,1.1429,0.0000,d)nonlinear(d,1.1429,0.0000,250.0000,d)rotateFromBiaxial(d,1.1429,0.0000,d)nonlinear(6,0.0000,0.0000,13.1027,d)rotate(0.0591)rotateIntoBiaxial(d,43.5942,0.0000,d)nonlinear(d,43.5942,0.0000,50.0000,d)rotateFromBiaxial(d,43.5942,0.0000,d)nonlinear(6,0.0000,0.0000,5.8694,d)linear(0,0,0,1.1325,d)rotate(179.6610)rotateIntoBiaxial(d,139.4807,0.0000,d)nonlinear(d,139.4807,0.0000,150.0000,d)rotateFromBiaxial(d,139.4807,0.0000,d)rotate(-45.3590)rotateIntoBiaxial(d,11.6638,0.0000,d)nonlinear(d,11.6638,0.0000,100.0000,d)rotateFromBiaxial(d,11.6638,0.0000,d)nonlinear(6,0.0000,0.0000,0.0765,d)linear(0,0,0,10.1884,d)rotate(-0.8112)rotateIntoBiaxial(d,4.5947,0.0000,d)nonlinear(d,4.5947,0.0000,50.0000,d)rotateFromBiaxial(d,4.5947,0.0000,d)nonlinear(6,0.0000,0.0000,0.6573,d)linear(0,0,0,118.7848,d)
7360,0,40,16.8113,18.0390,init()rotateIntoBiaxial(d,0.0574,0.0000,d)nonlinear(d,0.0574,0.0000,250.0000,d)rotateFromBiaxial(d,0.0574,0.0000,d)nonlinear(6,0.0000,0.0000,6.7619,d)linear(0,0,0,19.8036,d)rotateIntoBiaxial(d,41.9837,0.0000,d)nonlinear(d,41.9837,0.0000,50.0000,d)rotateFromBiaxial(d,41.9837,0.0000,d)rotate(179.0054)rotateIntoBiaxial(d,139.9485,0.0000,d)nonlinear(d,139.9485,0.0000,150.0000,d)rotateFromBiaxial(d,139.9485,0.0000,d)nonlinear(6,0.0000,0.0000,2.7103,d)rotate(-55.0682)rotateIntoBiaxial(d,6.4262,0.0000,d)nonlinear(d,6.4262,0.0000,50.0000,d)rotateFromBiaxial(d,6.4262,0.0000,d)nonlinear(6,0.0000,0.0000,2.0729,d)linear(0,0,0,22.5302,d)rotate(-8.9443)rotateIntoBiaxial(d,5.3497,0.0000,d)nonlinear(d,5.3497,0.0000,50.0000,d)rotateFromBiaxial(d,5.3497,0.0000,d)nonlinear(6,0.0000,0.0000,0.1796,d)linear(0,0,0,496.2856,d)rotate(15.7595)
7406,0,40,14.8521,18.0390,init()rotateIntoBiaxial(d,0.4025,0.0000,d)nonlinear(d,0.4025,0.0000,250.0000,d)rotateFromBiaxial(d,0.4025,0.0000,d)nonlinear(6,0.0000,0.0000,10.8863,d)linear(0,0,0,7.3228,d)rotateIntoBiaxial(d,41.4428,0.0000,d)nonlinear(d,41.4428,0.0000,50.0000,d)rotateFromBiaxial(d,41.4428,0.0000,d)rotate(179.3663)rotateIntoBiaxial(d,140.2142,0.0000,d)nonlinear(d,140.2142,0.0000,150.0000,d)rotateFromBiaxial(d,140.2142,0.0000,d)nonlinear(6,0.0000,0.0000,0.8755,d)rotate(-38.7425)rotateIntoBiaxial(d,10.4942,0.0000,d)nonlinear(d,10.4942,0.0000,100.0000,d)rotateFromBiaxial(d,10.4942,0.0000,d)nonlinear(6,0.0000,0.0000,0.3529,d)linear(0,0,0,86.4350,d)nonlinear(6,0.0000,0.0000,4.1154,d)linear(0,0,0,0.0697,d)rotate(-3.8459)rotateIntoBiaxial(d,5.3702,0.0000,d)nonlinear(d,5.3702,0.0000,50.0000,d)rotateFromBiaxial(d,5.3702,0.0000,d)nonlinear(6,0.0000,0.0000,8.4040,d)linear(0,0,0,506.1224,d)rotate(23.2485)
7452,0,40,15.7585,18.0390,init()rotateIntoBiaxial(d,0.9344,0.0000,d)nonlinear(d,0.9344,0.0000,250.0000,d)rotateFromBiaxial(d,0.9344,0.0000,d)nonlinear(6,0.0000,0.0000,3.5637,d)rotateIntoBiaxial(d,41.4713,0.0000,d)nonlinear(d,41.4713,0.0000,50.0000,d)rotateFromBiaxial(d,41.4713,0.0000,d)rotate(170.5672)rotateIntoBiaxial(d,140.2173,0.0000,d)nonlinear(d,140.2173,0.0000,150.0000,d)rotateFromBiaxial(d,140.2173,0.0000,d)nonlinear(6,0.0000,0.0000,0.7896,d)rotate(-51.1343)rotateIntoBiaxial(d,9.5999,0.0000,d)nonlinear(d,9.5999,0.0000,100.0000,d)rotateFromBiaxial(d,9.5999,0.0000,d)nonlinear(6,0.0000,0.0000,15.5216,d)linear(0,0,0,37.1759,d)linear(0,0,0,38.7262,d)rotate(-2.7720)rotateIntoBiaxial(d,7.3388,0.0000,d)nonlinear(d,7.3388,0.0000,50.0000,d)rotateFromBiaxial(d,7.3388,0.0000,d)nonlinear(6,0.0000,0.0000,1.5400,d)linear(0,0,0,596.8608,d)rotate(15.2860)
7498,0,40,17.3452,18.0390,init()rotateIntoBiaxial(d,1.0013,0.0000,d)nonlinear(d,1.0013,0.0000,250.0000,d)rotateFromBiaxial(d,1.0013,0.0000,d)rotateIntoBiaxial(d,42.1790,0.0000,d)nonlinear(d,42.1790,0.0000,50.0000,d)rotateFromBiaxial(d,42.1790,0.0000,d)linear(0,0,0,0.9396,d)rotate(177.0175)rotateIntoBiaxial(d,139.8049,0.0000,d)nonlinear(d,139.8049,0.0000,150.0000,d)rotateFromBiaxial(d,139.8049,0.0000,d)nonlinear(6,0.0000,0.0000,5.2609,d)rotate(-44.1096)rotateIntoBiaxial(d,9.4539,0.0000,d)nonlinear(d,9.4539,0.0000,50.0000,d)rotateFromBiaxial(d,9.4539,0.0000,d)nonlinear(6,0.0000,0.0000,2.4700,d)linear(0,0,0,12.9724,d)linear(0,0,0,131.3152,d)rotate(-13.9068)rotateIntoBiaxial(d,5.3417,0.0000,d)nonlinear(d,5.3417,0.0000,50.0000,d)rotateFromBiaxial(d,5.3417,0.0000,d)nonlinear(6,0.0000,0.0000,1.7852,d)linear(0,0,0,358.0045,d)
7544,0,40,13.8705,18.0390,init()rotateIntoBiaxial(d,0.7023,0.0000,d)nonlinear(d,0.7023,0.0000,200.0000,d)rotateFromBiaxial(d,0.7023,0.0000,d)nonlinear(6,0.0000,0.0000,8.2239,d)rotateIntoBiaxial(d,40.7869,0.0000,d)nonlinear(d,40.7869,0.0000,50.0000,d)rotateFromBiaxial(d,40.7869,0.0000,d)rotate(174.4365)rotateIntoBiaxial(d,140.2815,0.0000,d)nonlinear(d,140.2815,0.0000,150.0000,d)rotateFromBiaxial(d,140.2815,0.0000,d)nonlinear(6,0.0000,0.0000,4.1686,d)rotate(-52.2373)rotateIntoBiaxial(d,5.3781,0.0000,d)nonlinear(d,5.3781,0.0000,86.0148,d)rotateFromBiaxial(d,5.3781,0.0000,d)nonlinear(6,0.0000,0.0000,7.2545,d)linear(0,0,0,7.0165,d)nonlinear(6,0.0000,0.0000,17.4155,d)linear(0,0,0,6.0327,d)rotate(-9.8013)rotateIntoBiaxial(d,9.2624,0.0000,d)nonlinear(d,9.2624,0.0000,50.0000,d)rotateFromBiaxial(d,9.2624,0.0000,d)nonlinear(6,0.0000,0.0000,0.7337,d)linear(0,0,0,258.2472,d)rotate(11.6760)
7590,0,40,16.8568,18.0390,init()rotateIntoBiaxial(d,1.4852,0.0000,d)nonlinear(d,1.4852,0.0000,250.0000,d)rotateFromBiaxial(d,1.4852,0.0000,d)nonlinear(6,0.0000,0.0000,16.1950,d)rotateIntoBiaxial(d,40.5807,0.0000,d)nonlinear(d,40.5807,0.0000,50.0000,d)rotateFromBiaxial(d,40.5807,0.0000,d)nonlinear(6,0.0000,0.0000,0.0146,d)rotate(178.0610)rotateIntoBiaxial(d,139.1063,0.0000,d)nonlinear(d,139.1063,0.0000,150.0000,d)rotateFromBiaxial(d,139.1063,0.0000,d)nonlinear(6,0.0000,0.0000,1.3880,d)rotate(-60.1000)rotateIntoBiaxial(d,11.2712,0.0000,d)nonlinear(d,11.2712,0.0000,100.0000,d)rotateFromBiaxial(d,11.2712,0.0000,d)nonlinear(6,0.0000,0.0000,6.8095,d)linear(0,0,0,4.0031,d)linear(0,0,0,60.3117,d)rotate(-5.4272)rotateIntoBiaxial(d,5.2356,0.0000,d)nonlinear(d,5.2356,0.0000,50.0000,d)rotateFromBiaxial(d,5.2356,0.0000,d)nonlinear(6,0.0000,0.0000,7.5428,d)linear(0,0,0,505.6628,d)
7636,0,40,16.9490,18.0390,init()rotateIntoBiaxial(d,0.0314,0.0000,d)nonlinear(d,0.0314,0.0000,200.0000,d)rotateFromBiaxial(d,0.0314,0.0000,d)nonlinear(6,0.0000,0.0000,0.0577,d)rotateIntoBiaxial(d,41.2235,0.0000,d)nonlinear(d,41.2235,0.0000,50.0000,d)rotateFromBiaxial(d,41.2235,0.0000,d)linear(0,0,0,8.5585,d)rotate(178.9169)rotateIntoBiaxial(d,139.6781,0.0000,d)nonlinear(d,139.6781,0.0000,150.0000,d)rotateFromBiaxial(d,139.6781,0.0000,d)nonlinear(6,0.0000,0.0000,14.4217,d)rotate(-55.3643)rotateIntoBiaxial(d,0.9605,0.0000,d)nonlinear(d,0.9605,0.0000,50.0000,d)rotateFromBiaxial(d,0.9605,0.0000,d)nonlinear(6,0.0000,0.0000,2.9615,d)linear(0,0,0,33.0512,d)linear(0,0,0,66.7366,d)rotate(-0.7435)rotateIntoBiaxial(d,9.2225,0.0000,d)nonlinear(d,9.2225,0.0000,50.0000,d)rotateFromBiaxial(d,9.2225,0.0000,d)nonlinear(6,0.0000,0.0000,1.4355,d)linear(0,0,0,433.5207,d)
7682,0,40,16.3825,18.0390,init()rotateIntoBiaxial(d,2.9600,0.0000,d)nonlinear(d,2.9600,0.0000,250.0000,d)rotateFromBiaxial(d,2.9600,0.0000,d)rotateIntoBiaxial(d,40.7571,0.0000,d)nonlinear(d,40.7571,0.0000,50.0000,d)rotateFromBiaxial(d,40.7571,0.0000,d)rotate(178.1150)rotateIntoBiaxial(d,140.1397,0.0000,d)nonlinear(d,140.1397,0.0000,150.0000,d)rotateFromBiaxial(d,140.1397,0.0000,d)nonlinear(6,0.0000,0.0000,3.7729,d)rotate(-50.9941)rotateIntoBiaxial(d,7.1082,0.0000,d)nonlinear(d,7.1082,0.0000,50.0000,d)rotateFromBiaxial(d,7.1082,0.0000,d)nonlinear(6,0.0000,0.0000,14.6486,d)linear(0,0,0,35.0858,d)nonlinear(6,0.0000,0.0000,2.0916,d)linear(0,0,0,85.4664,d)rotate(-7.9166)rotateIntoBiaxial(d,5.3512,0.0000,d)nonlinear(d,5.3512,0.0000,50.0000,d)rotateFromBiaxial(d,5.3512,0.0000,d)nonlinear(6,0.0000,0.0000,1.8442,d)linear(0,0,0,441.1740,d)
7728,0,40,17.8056,18.0390,init()rotateIntoBiaxial(d,0.1114,0.0000,d)nonlinear(d,0.1114,0.0000,250.0000,d)rotateFromBiaxial(d,0.1114,0.0000,d)nonlinear(6,0.0000,0.0000,1.1229,d)rotateIntoBiaxial(d,40.7479,0.0000,d)nonlinear(d,40.7479,0.0000,50.0000,d)rotateFromBiaxial(d,40.7479,0.0000,d)rotate(177.3038)rotateIntoBiaxial(d,139.9971,0.0000,d)nonlinear(d,139.9971,0.0000,150.0000,d)rotateFromBiaxial(d,139.9971,0.0000,d)nonlinear(6,0.0000,0.0000,2.1915,d)rotate(-55.3848)rotateIntoBiaxial(d,10.9958,0.0000,d)nonlinear(d,10.9958,0.0000,100.0000,d)rotateFromBiaxial(d,10.9958,0.0000,d)nonlinear(6,0.0000,0.0000,2.6032,d)nonlinear(6,0.0000,0.0000,6.5203,d)linear(0,0,0,41.3373,d)rotate(-3.0653)rotateIntoBiaxial(d,2.4577,0.0000,d)nonlinear(d,2.4577,0.0000,100.0000,d)rotateFromBiaxial(d,2.4577,0.0000,d)nonlinear(6,0.0000,0.0000,1.3918,d)linear(0,0,0,483.6504,d)rotate(13.4236)
7774,0,40,15.2096,18.0390,init()rotateIntoBiaxial(d,1.0158,0.0000,d)nonlinear(d,1.0158,0.0000,200.0000,d)rotateFromBiaxial(d,1.0158,0.0000,d)nonlinear(6,0.0000,0.0000,22.3213,d)rotateIntoBiaxial(d,43.5466,0.0000,d)nonlinear(d,43.5466,0.0000,50.0000,d)rotateFromBiaxial(d,43.5466,0.0000,d)rotate(179.8495)rotateIntoBiaxial(d,139.9491,0.0000,d)nonlinear(d,139.9491,0.0000,200.0000,d)rotateFromBiaxial(d,139.9491,0.0000,d)nonlinear(6,0.0000,0.0000,4.9187,d)rotate(-48.3770)rotateIntoBiaxial(d,6.7220,0.0000,d)nonlinear(d,6.7220,0.0000,50.0000,d)rotateFromBiaxial(d,6.7220,0.0000,d)nonlinear(6,0.0000,0.0000,29.7718,d)linear(0,0,0,20.9786,d)linear(0,0,0,203.2927,d)rotate(-16.2241)rotateIntoBiaxial(d,4.4053,0.0000,d)nonlinear(d,4.4053,0.0000,50.0000,d)rotateFromBiaxial(d,4.4053,0.0000,d)linear(0,0,0,494.1215,d)
7820,0,40,13.7353,18.0390,init()rotateIntoBiaxial(d,3.2845,0.0000,d)nonlinear(d,3.2845,0.0000,250.0000,d)rotateFromBiaxial(d,3.2845,0.0000,d)nonlinear(6,0.0000,0.0000,30.1776,d)rotate(-0.0504)rotateIntoBiaxial(d,43.7145,0.0000,d)nonlinear(d,43.7145,0.0000,50.0000,d)rotateFromBiaxial(d,43.7145,0.0000,d)rotate(179.2606)rotateIntoBiaxial(d,140.0235,0.0000,d)nonlinear(d,140.0235,0.0000,150.0000,d)rotateFromBiaxial(d,140.0235,0.0000,d)rotate(-52.7246)rotateIntoBiaxial(d,9.1727,0.0000,d)nonlinear(d,9.1727,0.0000,50.0000,d)rotateFromBiaxial(d,9.1727,0.0000,d)nonlinear(6,0.0000,0.0000,4.0846,d)linear(0,0,0,101.9452,d)nonlinear(6,0.0000,0.0000,1.4607,d)linear(0,0,0,161.8961,d)rotate(-21.8077)rotateIntoBiaxial(d,4.2052,0.0000,d)nonlinear(d,4.2052,0.0000,100.0000,d)rotateFromBiaxial(d,4.2052,0.0000,d)nonlinear(6,0.0000,0.0000,0.4644,d)linear(0,0,0,299.1105,d)
7866,0,40,15.7449,18.0390,init()rotateIntoBiaxial(d,3.1154,0.0000,d)nonlinear(d,3.1154,0.0000,250.0000,d)rotateFromBiaxial(d,3.1154,0.0000,d)nonlinear(6,0.0000,0.0000,10.4724,d)rotateIntoBiaxial(d,41.8489,0.0000,d)nonlinear(d,41.8489,0.0000,50.0000,d)rotateFromBiaxial(d,41.8489,0.0000,d)rotate(173.1436)rotateIntoBiaxial(d,140.2857,0.0000,d)nonlinear(d,140.2857,0.0000,150.0000,d)rotateFromBiaxial(d,140.2857,0.0000,d)nonlinear(6,0.0000,0.0000,19.0900,d)rotate(-53.5913)rotateIntoBiaxial(d,3.9168,0.0000,d)nonlinear(d,3.9168,0.0000,100.0000,d)rotateFromBiaxial(d,3.9168,0.0000,d)nonlinear(6,0.0000,0.0000,12.8311,d)linear(0,0,0,69.2995,d)nonlinear(6,0.0000,0.0000,1.8744,d)linear(0,0,0,100.8515,d)rotate(-21.4967)rotateIntoBiaxial(d,5.4216,0.0000,d)nonlinear(d,5.4216,0.0000,100.0000,d)rotateFromBiaxial(d,5.4216,0.0000,d)nonlinear(6,0.0000,0.0000,1.3471,d)linear(0,0,0,252.9883,d)rotate(9.2331)
7912,0,40,17.6334,18.0390,init()rotateIntoBiaxial(d,2.2709,0.0000,d)nonlinear(d,2.2709,0.0000,250.0000,d)rotateFromBiaxial(d,2.2709,0.0000,d)nonlinear(6,0.0000,0.0000,1.8164,d)rotate(-0.0076)rotateIntoBiaxial(d,43.0151,0.0000,d)nonlinear(d,43.0151,0.0000,50.0000,d)rotateFromBiaxial(d,43.0151,0.0000,d)linear(0,0,0,0.2027,d)rotate(173.9047)rotateIntoBiaxial(d,139.4931,0.0000,d)nonlinear(d,139.4931,0.0000,150.0000,d)rotateFromBiaxial(d,139.4931,0.0000,d)nonlinear(6,0.0000,0.0000,4.7130,d)rotate(-59.0210)rotateIntoBiaxial(d,10.7554,0.0000,d)nonlinear(d,10.7554,0.0000,100.0000,d)rotateFromBiaxial(d,10.7554,0.0000,d)nonlinear(6,0.0000,0.0000,9.8252,d)linear(0,0,0,8.5568,d)linear(0,0,0,144.1872,d)rotate(-15.3731)rotateIntoBiaxial(d,3.3488,0.0000,d)nonlinear(d,3.3488,0.0000,100.0000,d)rotateFromBiaxial(d,3.3488,0.0000,d)linear(0,0,0,540.2702,d)rotate(8.5254)
7958,0,40,13.8964,18.0390,init()rotateIntoBiaxial(d,3.5480,0.0000,d)nonlinear(d,3.5480,0.0000,250.0000,d)rotateFromBiaxial(d,3.5480,0.0000,d)nonlinear(6,0.0000,0.0000,7.5993,d)rotate(1.3223)rotateIntoBiaxial(d,39.4242,0.0000,d)nonlinear(d,39.4242,0.0000,50.0000,d)rotateFromBiaxial(d,39.4242,0.0000,d)rotate(179.2215)rotateIntoBiaxial(d,139.2540,0.0000,d)nonlinear(d,139.2540,0.0000,200.0000,d)rotateFromBiaxial(d,139.2540,0.0000,d)nonlinear(6,0.0000,0.0000,4.8738,d)rotate(-47.9297)rotateIntoBiaxial(d,5.6705,0.0000,d)nonlinear(d,5.6705,0.0000,50.0000,d)rotateFromBiaxial(d,5.6705,0.0000,d)nonlinear(6,0.0000,0.0000,13.7369,d)linear(0,0,0,37.9465,d)linear(0,0,0,52.8084,d)rotate(-3.6696)rotateIntoBiaxial(d,1.6265,0.0000,d)nonlinear(d,1.6265,0.0000,100.0000,d)rotateFromBiaxial(d,1.6265,0.0000,d)nonlinear(6,0.0000,0.0000,3.8045,d)linear(0,0,0,419.7885,d)rotate(1.4985)
8004,0,40,15.7188,18.0390,init()rotateIntoBiaxial(d,0.1361,0.0000,d)nonlinear(d,0.1361,0.0000,250.0000,d)rotateFromBiaxial(d,0.1361,0.0000,d)nonlinear(6,0.0000,0.0000,2.5056,d)rotate(0.0333)rotateIntoBiaxial(d,43.1703,0.0000,d)nonlinear(d,43.1703,0.0000,50.0000,d)rotateFromBiaxial(d,43.1703,0.0000,d)linear(0,0,0,9.3213,d)rotate(171.4321)rotateIntoBiaxial(d,139.9594,0.0000,d)nonlinear(d,139.9594,0.0000,150.0000,d)rotateFromBiaxial(d,139.9594,0.0000,d)nonlinear(6,0.0000,0.0000,13.9145,d)rotate(-67.3726)rotateIntoBiaxial(d,10.6124,0.0000,d)nonlinear(d,10.6124,0.0000,50.0000,d)rotateFromBiaxial(d,10.6124,0.0000,d)nonlinear(6,0.0000,0.0000,5.7600,d)linear(0,0,0,33.9803,d)linear(0,0,0,67.5675,d)rotate(-20.8759)rotateIntoBiaxial(d,6.3620,0.0000,d)nonlinear(d,6.3620,0.0000,100.0000,d)rotateFromBiaxial(d,6.3620,0.0000,d)nonlinear(6,0.0000,0.0000,3.1607,d)linear(0,0,0,625.9251,d)rotate(26.7483)
8050,0,40,18.1660,18.0390,init()rotateIntoBiaxial(d,1.4433,0.0000,d)nonlinear(d,1.4433,0.0000,250.0000,d)rotateFromBiaxial(d,1.4433,0.0000,d)nonlinear(6,0.0000,0.0000,2.6944,d)rotate(1.2838)rotateIntoBiaxial(d,42.6769,0.0000,d)nonlinear(d,42.6769,0.0000,50.0000,d)rotateFromBiaxial(d,42.6769,0.0000,d)nonlinear(6,0.0000,0.0000,3.5899,d)rotate(177.3347)rotateIntoBiaxial(d,140.0564,0.0000,d)nonlinear(d,140.0564,0.0000,150.0000,d)rotateFromBiaxial(d,140.0564,0.0000,d)nonlinear(6,0.0000,0.0000,5.6586,d)rotate(-53.5047)rotateIntoBiaxial(d,4.7557,0.0000,d)nonlinear(d,4.7557,0.0000,100.0000,d)rotateFromBiaxial(d,4.7557,0.0000,d)nonlinear(6,0.0000,0.0000,45.2680,d)linear(0,0,0,29.9209,d)linear(0,0,0,197.2035,d)rotate(-10.4558)rotateIntoBiaxial(d,4.3366,0.0000,d)nonlinear(d,4.3366,0.0000,100.0000,d)rotateFromBiaxial(d,4.3366,0.0000,d)linear(0,0,0,665.7162,d)rotate(14.3290)
8096,0,40,16.0086,18.0390,init()rotateIntoBiaxial(d,1.0718,0.0000,d)nonlinear(d,1.0718,0.0000,250.0000,d)rotateFromBiaxial(d,1.0718,0.0000,d)nonlinear(6,0.0000,0.0000,3.8362,d)rotate(-0.1912)rotateIntoBiaxial(d,38.7001,0.0000,d)nonlinear(d,38.7001,0.0000,50.0000,d)rotateFromBiaxial(d,38.7001,0.0000,d)rotate(178.8717)rotateIntoBiaxial(d,139.9815,0.0000,d)nonlinear(d,139.9815,0.0000,200.0000,d)rotateFromBiaxial(d,139.9815,0.0000,d)nonlinear(6,0.0000,0.0000,0.8319,d)rotate(-60.7411)rotateIntoBiaxial(d,5.9488,0.0000,d)nonlinear(d,5.9488,0.0000,100.0000,d)rotateFromBiaxial(d,5.9488,0.0000,d)nonlinear(6,0.0000,0.0000,19.1729,d)linear(0,0,0,6.6468,d)linear(0,0,0,1.8391,d)rotate(-18.7329)rotateIntoBiaxial(d,0.3096,0.0000,d)nonlinear(d,0.3096,0.0000,100.0000,d)rotateFromBiaxial(d,0.3096,0.0000,d)nonlinear(6,0.0000,0.0000,0.7091,d)linear(0,0,0,507.2803,d)rotate(26.2118)
8142,0,40,17.3270,18.0390,init()rotateIntoBiaxial(d,2.2664,0.0000,d)nonlinear(d,2.2664,0.0000,250.0000,d)rotateFromBiaxial(d,2.2664,0.0000,d)linear(0,0,0,3.1954,d)rotateIntoBiaxial(d,43.3794,0.0000,d)nonlinear(d,43.3794,0.0000,50.0000,d)rotateFromBiaxial(d,43.3794,0.0000,d)rotate(177.3931)rotateIntoBiaxial(d,140.2347,0.0000,d)nonlinear(d,140.2347,0.0000,200.0000,d)rotateFromBiaxial(d,140.2347,0.0000,d)nonlinear(6,0.0000,0.0000,5.1879,d)rotate(-65.3222)rotateIntoBiaxial(d,7.0417,0.0000,d)nonlinear(d,7.0417,0.0000,50.0000,d)rotateFromBiaxial(d,7.0417,0.0000,d)linear(0,0,0,9.5361,d)linear(0,0,0,222.4479,d)rotate(-33.1208)rotateIntoBiaxial(d,5.6413,0.0000,d)nonlinear(d,5.6413,0.0000,50.0000,d)rotateFromBiaxial(d,5.6413,0.0000,d)linear(0,0,0,432.2055,d)rotate(21.5433)
8188,0,40,18.3024,18.0390,init()rotateIntoBiaxial(d,0.9293,0.0000,d)nonlinear(d,0.9293,0.0000,250.0000,d)rotateFromBiaxial(d,0.9293,0.0000,d)nonlinear(6,0.0000,0.0000,1.3582,d)rotateIntoBiaxial(d,41.8696,0.0000,d)nonlinear(d,41.8696,0.0000,50.0000,d)rotateFromBiaxial(d,41.8696,0.0000,d)rotate(163.9126)rotateIntoBiaxial(d,139.7479,0.0000,d)nonlinear(d,139.7479,0.0000,200.0000,d)rotateFromBiaxial(d,139.7479,0.0000,d)rotate(-63.1742)rotateIntoBiaxial(d,5.1618,0.0000,d)nonlinear(d,5.1618,0.0000,50.0000,d)rotateFromBiaxial(d,5.1618,0.0000,d)nonlinear(6,0.0000,0.0000,22.3983,d)nonlinear(6,0.0000,0.0000,7.7787,d)linear(0,0,0,146.1322,d)rotate(-23.5520)rotateIntoBiaxial(d,9.7660,0.0000,d)nonlinear(d,9.7660,0.0000,100.0000,d)rotateFromBiaxial(d,9.7660,0.0000,d)linear(0,0,0,668.9561,d)rotate(27.7930)
8234,0,40,16.7598,18.0390,init()rotateIntoBiaxial(d,2.8568,0.0000,d)nonlinear(d,2.8568,0.0000,250.0000,d)rotateFromBiaxial(d,2.8568,0.0000,d)rotateIntoBiaxial(d,43.9698,0.0000,d)nonlinear(d,43.9698,0.0000,50.0000,d)rotateFromBiaxial(d,43.9698,0.0000,d)rotate(176.6686)rotateIntoBiaxial(d,139.8936,0.0000,d)nonlinear(d,139.8936,0.0000,200.0000,d)rotateFromBiaxial(d,139.8936,0.0000,d)nonlinear(6,0.0000,0.0000,33.0150,d)rotate(-59.7333)rotateIntoBiaxial(d,5.5299,0.0000,d)nonlinear(d,5.5299,0.0000,100.0000,d)rotateFromBiaxial(d,5.5299,0.0000,d)nonlinear(6,0.0000,0.0000,4.2420,d)linear(0,0,0,1.3050,d)linear(0,0,0,56.3812,d)rotate(-21.0907)rotateIntoBiaxial(d,3.0947,0.0000,d)nonlinear(d,3.0947,0.0000,100.0000,d)rotateFromBiaxial(d,3.0947,0.0000,d)linear(0,0,0,635.7772,d)rotate(35.6477)
8280,0,40,15.6608,18.0390,init()rotateIntoBiaxial(d,0.3208,0.0000,d)nonlinear(d,0.3208,0.0000,200.0000,d)rotateFromBiaxial(d,0.3208,0.0000,d)nonlinear(6,0.0000,0.0000,21.5395,d)rotateIntoBiaxial(d,40.9027,0.0000,d)nonlinear(d,40.9027,0.0000,50.0000,d)rotateFromBiaxial(d,40.9027,0.0000,d)rotate(179.9229)rotateIntoBiaxial(d,140.0683,0.0000,d)nonlinear(d,140.0683,0.0000,150.0000,d)rotateFromBiaxial(d,140.0683,0.0000,d)nonlinear(6,0.0000,0.0000,15.4856,d)rotate(-55.2391)rotateIntoBiaxial(d,3.9589,0.0000,d)nonlinear(d,3.9589,0.0000,100.0000,d)rotateFromBiaxial(d,3.9589,0.0000,d)linear(0,0,0,210.2422,d)rotate(-46.7727)rotateIntoBiaxial(d,9.1103,0.0000,d)nonlinear(d,9.1103,0.0000,100.0000,d)rotateFromBiaxial(d,9.1103,0.0000,d)linear(0,0,0,735.3738,d)rotate(10.0215)
8326,0,40,18.9119,18.0390,init()rotateIntoBiaxial(d,1.6884,0.0000,d)nonlinear(d,1.6884,0.0000,250.0000,d)rotateFromBiaxial(d,1.6884,0.0000,d)nonlinear(6,0.0000,0.0000,5.6541,d)rotateIntoBiaxial(d,40.7370,0.0000,d)nonlinear(d,40.7370,0.0000,50.0000,d)rotateFromBiaxial(d,40.7370,0.0000,d)rotate(179.9131)rotateIntoBiaxial(d,139.6761,0.0000,d)nonlinear(d,139.6761,0.0000,150.0000,d)rotateFromBiaxial(d,139.6761,0.0000,d)nonlinear(6,0.0000,0.0000,12.5329,d)rotate(-54.9773)rotateIntoBiaxial(d,5.9252,0.0000,d)nonlinear(d,5.9252,0.0000,100.0000,d)rotateFromBiaxial(d,5.9252,0.0000,d)nonlinear(6,0.0000,0.0000,18.5741,d)linear(0,0,0,0.9459,d)linear(0,0,0,123.5440,d)rotate(-22.9918)rotateIntoBiaxial(d,8.2868,0.0000,d)nonlinear(d,8.2868,0.0000,50.0000,d)rotateFromBiaxial(d,8.2868,0.0000,d)linear(0,0,0,518.5051,d)rotate(16.4822)
8372,0,40,18.2758,18.0390,init()rotateIntoBiaxial(d,1.8499,0.0000,d)nonlinear(d,1.8499,0.0000,250.0000,d)rotateFromBiaxial(d,1.8499,0.0000,d)nonlinear(6,0.0000,0.0000,5.8985,d)rotateIntoBiaxial(d,41.3328,0.0000,d)nonlinear(d,41.3328,0.0000,50.0000,d)rotateFromBiaxial(d,41.3328,0.0000,d)rotate(179.4055)rotateIntoBiaxial(d,139.9953,0.0000,d)nonlinear(d,139.9953,0.0000,200.0000,d)rotateFromBiaxial(d,139.9953,0.0000,d)nonlinear(6,0.0000,0.0000,24.2984,d)rotate(-57.3676)rotateIntoBiaxial(d,4.5326,0.0000,d)nonlinear(d,4.5326,0.0000,100.0000,d)rotateFromBiaxial(d,4.5326,0.0000,d)nonlinear(6,0.0000,0.0000,13.6918,d)linear(0,0,0,1.0651,d)linear(0,0,0,363.6645,d)rotate(-19.2041)rotateIntoBiaxial(d,7.2181,0.0000,d)nonlinear(d,7.2181,0.0000,50.0000,d)rotateFromBiaxial(d,7.2181,0.0000,d)linear(0,0,0,598.0364,d)rotate(10.6935)
8418,0,40,18.5027,18.0390,init()rotateIntoBiaxial(d,2.9298,0.0000,d)nonlinear(d,2.9298,0.0000,250.0000,d)rotateFromBiaxial(d,2.9298,0.0000,d)nonlinear(6,0.0000,0.0000,18.0648,d)rotateIntoBiaxial(d,40.0478,0.0000,d)nonlinear(d,40.0478,0.0000,50.0000,d)rotateFromBiaxial(d,40.0478,0.0000,d)nonlinear(6,0.0000,0.0000,5.3905,d)rotate(177.8337)rotateIntoBiaxial(d,139.5077,0.0000,d)nonlinear(d,139.5077,0.0000,200.0000,d)rotateFromBiaxial(d,139.5077,0.0000,d)nonlinear(6,0.0000,0.0000,28.4124,d)rotate(-62.2052)rotateIntoBiaxial(d,1.7328,0.0000,d)nonlinear(d,1.7328,0.0000,100.0000,d)rotateFromBiaxial(d,1.7328,0.0000,d)nonlinear(6,0.0000,0.0000,7.6656,d)linear(0,0,0,19.7990,d)linear(0,0,0,207.0802,d)rotate(-20.9708)rotateIntoBiaxial(d,8.2439,0.0000,d)nonlinear(d,8.2439,0.0000,50.0000,d)rotateFromBiaxial(d,8.2439,0.0000,d)linear(0,0,0,583.6906,d)rotate(11.2030)
8464,0,40,18.7734,18.0390,init()rotateIntoBiaxial(d,1.7197,0.0000,d)nonlinear(d,1.7197,0.0000,250.0000,d)rotateFromBiaxial(d,1.7197,0.0000,d)nonlinear(6,0.0000,0.0000,3.7806,d)rotateIntoBiaxial(d,39.6808,0.0000,d)nonlinear(d,39.6808,0.0000,50.0000,d)rotateFromBiaxial(d,39.6808,0.0000,d)rotate(179.9669)rotateIntoBiaxial(d,139.5841,0.0000,d)nonlinear(d,139.5841,0.0000,200.0000,d)rotateFromBiaxial(d,139.5841,0.0000,d)nonlinear(6,0.0000,0.0000,31.4715,d)rotate(-59.1717)rotateIntoBiaxial(d,4.3527,0.0000,d)nonlinear(d,4.3527,0.0000,100.0000,d)rotateFromBiaxial(d,4.3527,0.0000,d)nonlinear(6,0.0000,0.0000,32.3790,d)linear(0,0,0,47.6246,d)nonlinear(6,0.0000,0.0000,11.3197,d)linear(0,0,0,178.1215,d)rotate(-16.6597)rotateIntoBiaxial(d,10.1146,0.0000,d)nonlinear(d,10.1146,0.0000,50.0000,d)rotateFromBiaxial(d,10.1146,0.0000,d)linear(0,0,0,430.7824,d)rotate(16.1991)
8510,0,40,15.3977,18.0390,init()rotateIntoBiaxial(d,1.4358,0.0000,d)nonlinear(d,1.4358,0.0000,250.0000,d)rotateFromBiaxial(d,1.4358,0.0000,d)nonlinear(6,0.0000,0.0000,13.6625,d)rotateIntoBiaxial(d,41.7944,0.0000,d)nonlinear(d,41.7944,0.0000,50.0000,d)rotateFromBiaxial(d,41.7944,0.0000,d)rotate(178.4091)rotateIntoBiaxial(d,139.4061,0.0000,d)nonlinear(d,139.4061,0.0000,150.0000,d)rotateFromBiaxial(d,139.4061,0.0000,d)nonlinear(6,0.0000,0.0000,26.1480,d)rotate(-62.5260)rotateIntoBiaxial(d,7.4066,0.0000,d)nonlinear(d,7.4066,0.0000,50.0000,d)rotateFromBiaxial(d,7.4066,0.0000,d)nonlinear(6,0.0000,0.0000,3.2056,d)linear(0,0,0,99.2183,d)nonlinear(6,0.0000,0.0000,9.1203,d)linear(0,0,0,198.1707,d)rotate(-22.4558)rotateIntoBiaxial(d,8.0767,0.0000,d)nonlinear(d,8.0767,0.0000,100.0000,d)rotateFromBiaxial(d,8.0767,0.0000,d)nonlinear(6,0.0000,0.0000,3.8213,d)linear(0,0,0,599.0791,d)rotate(21.0507)
8556,0,40,16.1221,18.0390,init()rotateIntoBiaxial(d,0.4510,0.0000,d)nonlinear(d,0.4510,0.0000,250.0000,d)rotateFromBiaxial(d,0.4510,0.0000,d)nonlinear(6,0.0000,0.0000,14.3692,d)rotateIntoBiaxial(d,40.9961,0.0000,d)nonlinear(d,40.9961,0.0000,50.0000,d)rotateFromBiaxial(d,40.9961,0.0000,d)rotate(179.4195)rotateIntoBiaxial(d,140.0159,0.0000,d)nonlinear(d,140.0159,0.0000,200.0000,d)rotateFromBiaxial(d,140.0159,0.0000,d)nonlinear(6,0.0000,0.0000,28.3466,d)rotate(-59.1950)rotateIntoBiaxial(d,1.9559,0.0000,d)nonlinear(d,1.9559,0.0000,50.0000,d)rotateFromBiaxial(d,1.9559,0.0000,d)nonlinear(6,0.0000,0.0000,20.4120,d)linear(0,0,0,51.2647,d)linear(0,0,0,232.0693,d)rotate(-12.9358)rotateIntoBiaxial(d,3.6878,0.0000,d)nonlinear(d,3.6878,0.0000,50.0000,d)rotateFromBiaxial(d,3.6878,0.0000,d)linear(0,0,0,586.1723,d)rotate(33.8477)
8602,0,40,16.5795,18.0390,init()rotateIntoBiaxial(d,0.0240,0.0000,d)nonlinear(d,0.0240,0.0000,250.0000,d)rotateFromBiaxial(d,0.0240,0.0000,d)nonlinear(6,0.0000,0.0000,0.0013,d)rotateIntoBiaxial(d,43.9619,0.0000,d)nonlinear(d,43.9619,0.0000,50.0000,d)rotateFromBiaxial(d,43.9619,0.0000,d)rotate(176.7317)rotateIntoBiaxial(d,139.7132,0.0000,d)nonlinear(d,139.7132,0.0000,200.0000,d)rotateFromBiaxial(d,139.7132,0.0000,d)nonlinear(6,0.0000,0.0000,22.2385,d)rotate(-69.5048)rotateIntoBiaxial(d,1.5782,0.0000,d)nonlinear(d,1.5782,0.0000,100.0000,d)rotateFromBiaxial(d,1.5782,0.0000,d)nonlinear(6,0.0000,0.0000,29.5991,d)linear(0,0,0,25.3594,d)linear(0,0,0,164.6587,d)rotate(-31.5587)rotateIntoBiaxial(d,5.7733,0.0000,d)nonlinear(d,5.7733,0.0000,100.0000,d)rotateFromBiaxial(d,5.7733,0.0000,d)linear(0,0,0,484.1662,d)rotate(49.5139)
8648,0,40,17.3765,18.0390,init()rotateIntoBiaxial(d,0.7546,0.0000,d)nonlinear(d,0.7546,0.0000,300.0000,d)rotateFromBiaxial(d,0.7546,0.0000,d)nonlinear(6,0.0000,0.0000,7.3772,d)rotateIntoBiaxial(d,40.4837,0.0000,d)nonlinear(d,40.4837,0.0000,50.0000,d)rotateFromBiaxial(d,40.4837,0.0000,d)rotate(172.9076)rotateIntoBiaxial(d,139.5889,0.0000,d)nonlinear(d,139.5889,0.0000,200.0000,d)rotateFromBiaxial(d,139.5889,0.0000,d)nonlinear(6,0.0000,0.0000,2.8584,d)rotate(-58.3240)rotateIntoBiaxial(d,3.5442,0.0000,d)nonlinear(d,3.5442,0.0000,50.0000,d)rotateFromBiaxial(d,3.5442,0.0000,d)nonlinear(6,0.0000,0.0000,2.6257,d)linear(0,0,0,28.2302,d)linear(0,0,0,292.7159,d)rotate(-21.8919)rotateIntoBiaxial(d,7.8120,0.0000,d)nonlinear(d,7.8120,0.0000,43.8464,d)rotateFromBiaxial(d,7.8120,0.0000,d)linear(0,0,0,634.1853,d)rotate(17.8677)
8694,0,40,17.2314,18.0390,init()rotateIntoBiaxial(d,1.6921,0.0000,d)nonlinear(d,1.6921,0.0000,250.0000,d)rotateFromBiaxial(d,1.6921,0.0000,d)rotateIntoBiaxial(d,40.7647,0.0000,d)nonlinear(d,40.7647,0.0000,50.0000,d)rotateFromBiaxial(d,40.7647,0.0000,d)rotate(179.0190)rotateIntoBiaxial(d,139.8977,0.0000,d)nonlinear(d,139.8977,0.0000,150.0000,d)rotateFromBiaxial(d,139.8977,0.0000,d)nonlinear(6,0.0000,0.0000,27.9594,d)rotate(-56.8824)rotateIntoBiaxial(d,3.9820,0.0000,d)nonlinear(d,3.9820,0.0000,100.0000,d)rotateFromBiaxial(d,3.9820,0.0000,d)linear(0,0,0,167.2267,d)linear(0,0,0,95.9358,d)rotate(-37.4105)rotateIntoBiaxial(d,0.1101,0.0000,d)nonlinear(d,0.1101,0.0000,50.0000,d)rotateFromBiaxial(d,0.1101,0.0000,d)linear(0,0,0,415.4493,d)rotate(22.9014)
8740,0,40,16.5065,18.0390,init()rotateIntoBiaxial(d,1.1463,0.0000,d)nonlinear(d,1.1463,0.0000,250.0000,d)rotateFromBiaxial(d,1.1463,0.0000,d)nonlinear(6,0.0000,0.0000,2.3034,d)rotateIntoBiaxial(d,41.3068,0.0000,d)nonlinear(d,41.3068,0.0000,50.0000,d)rotateFromBiaxial(d,41.3068,0.0000,d)rotate(165.6793)rotateIntoBiaxial(d,139.6143,0.0000,d)nonlinear(d,139.6143,0.0000,150.0000,d)rotateFromBiaxial(d,139.6143,0.0000,d)nonlinear(6,0.0000,0.0000,28.3169,d)rotate(-63.6012)rotateIntoBiaxial(d,0.5337,0.0000,d)nonlinear(d,0.5337,0.0000,50.0000,d)rotateFromBiaxial(d,0.5337,0.0000,d)nonlinear(6,0.0000,0.0000,11.4804,d)linear(0,0,0,51.6415,d)nonlinear(6,0.0000,0.0000,1.7565,d)linear(0,0,0,14.8943,d)rotate(-17.1365)rotateIntoBiaxial(d,7.4683,0.0000,d)nonlinear(d,7.4683,0.0000,50.0000,d)rotateFromBiaxial(d,7.4683,0.0000,d)linear(0,0,0,695.1069,d)rotate(22.1935)
8786,0,40,15.9493,18.0390,init()rotateIntoBiaxial(d,2.3422,0.0000,d)nonlinear(d,2.3422,0.0000,250.0000,d)rotateFromBiaxial(d,2.3422,0.0000,d)nonlinear(6,0.0000,0.0000,12.5916,d)rotateIntoBiaxial(d,43.2921,0.0000,d)nonlinear(d,43.2921,0.0000,50.0000,d)rotateFromBiaxial(d,43.2921,0.0000,d)rotate(172.0703)rotateIntoBiaxial(d,139.9427,0.0000,d)nonlinear(d,139.9427,0.0000,200.0000,d)rotateFromBiaxial(d,139.9427,0.0000,d)nonlinear(6,0.0000,0.0000,53.6335,d)rotate(-67.0541)rotateIntoBiaxial(d,4.0825,0.0000,d)nonlinear(d,4.0825,0.0000,50.0000,d)rotateFromBiaxial(d,4.0825,0.0000,d)nonlinear(6,0.0000,0.0000,17.9134,d)linear(0,0,0,33.9908,d)linear(0,0,0,9.6275,d)rotate(-8.5306)rotateIntoBiaxial(d,7.4809,0.0000,d)nonlinear(d,7.4809,0.0000,50.0000,d)rotateFromBiaxial(d,7.4809,0.0000,d)linear(0,0,0,709.4756,d)rotate(12.1205)
8832,0,40,17.1366,18.0390,init()rotateIntoBiaxial(d,2.4742,0.0000,d)nonlinear(d,2.4742,0.0000,250.0000,d)rotateFromBiaxial(d,2.4742,0.0000,d)nonlinear(6,0.0000,0.0000,20.2539,d)rotateIntoBiaxial(d,42.2519,0.0000,d)nonlinear(d,42.2519,0.0000,50.0000,d)rotateFromBiaxial(d,42.2519,0.0000,d)rotate(170.9476)rotateIntoBiaxial(d,139.6753,0.0000,d)nonlinear(d,139.6753,0.0000,200.0000,d)rotateFromBiaxial(d,139.6753,0.0000,d)nonlinear(6,0.0000,0.0000,7.9354,d)rotate(-74.8143)rotateIntoBiaxial(d,0.9899,0.0000,d)nonlinear(d,0.9899,0.0000,50.0000,d)rotateFromBiaxial(d,0.9899,0.0000,d)nonlinear(6,0.0000,0.0000,12.8396,d)linear(0,0,0,82.3657,d)nonlinear(6,0.0000,0.0000,32.0688,d)linear(0,0,0,40.2685,d)rotate(-15.3203)rotateIntoBiaxial(d,3.4204,0.0000,d)nonlinear(d,3.4204,0.0000,50.0000,d)rotateFromBiaxial(d,3.4204,0.0000,d)nonlinear(6,0.0000,0.0000,4.3143,d)linear(0,0,0,581.0873,d)rotate(15.5819)
8878,0,40,17.6778,18.0390,init()rotateIntoBiaxial(d,0.7617,0.0000,d)nonlinear(d,0.7617,0.0000,300.0000,d)rotateFromBiaxial(d,0.7617,0.0000,d)rotateIntoBiaxial(d,42.9545,0.0000,d)nonlinear(d,42.9545,0.0000,50.0000,d)rotateFromBiaxial(d,42.9545,0.0000,d)rotate(168.5172)rotateIntoBiaxial(d,139.8803,0.0000,d)nonlinear(d,139.8803,0.0000,200.0000,d)rotateFromBiaxial(d,139.8803,0.0000,d)nonlinear(6,0.0000,0.0000,20.8731,d)rotate(-69.2726)rotateIntoBiaxial(d,1.2870,0.0000,d)nonlinear(d,1.2870,0.0000,100.0000,d)rotateFromBiaxial(d,1.2870,0.0000,d)nonlinear(6,0.0000,0.0000,26.1493,d)linear(0,0,0,93.7220,d)nonlinear(6,0.0000,0.0000,0.9382,d)linear(0,0,0,315.1230,d)rotate(-19.3698)rotateIntoBiaxial(d,4.0825,0.0000,d)nonlinear(d,4.0825,0.0000,50.0000,d)rotateFromBiaxial(d,4.0825,0.0000,d)linear(0,0,0,599.7266,d)rotate(22.1392)
8924,0,40,17.5513,18.0390,init()rotateIntoBiaxial(d,0.2828,0.0000,d)nonlinear(d,0.2828,0.0000,250.0000,d)rotateFromBiaxial(d,0.2828,0.0000,d)rotateIntoBiaxial(d,39.3045,0.0000,d)nonlinear(d,39.3045,0.0000,50.0000,d)rotateFromBiaxial(d,39.3045,0.0000,d)rotate(175.7660)rotateIntoBiaxial(d,139.5726,0.0000,d)nonlinear(d,139.5726,0.0000,200.0000,d)rotateFromBiaxial(d,139.5726,0.0000,d)nonlinear(6,0.0000,0.0000,31.2758,d)rotate(-59.0966)rotateIntoBiaxial(d,0.1817,0.0000,d)nonlinear(d,0.1817,0.0000,50.0000,d)rotateFromBiaxial(d,0.1817,0.0000,d)nonlinear(6,0.0000,0.0000,25.5217,d)linear(0,0,0,58.3229,d)linear(0,0,0,162.3214,d)rotate(-29.5777)rotateIntoBiaxial(d,2.8663,0.0000,d)nonlinear(d,2.8663,0.0000,50.0000,d)rotateFromBiaxial(d,2.8663,0.0000,d)linear(0,0,0,579.0518,d)rotate(6.0651)
8970,0,40,14.2174,18.0390,init()rotateIntoBiaxial(d,2.8476,0.0000,d)nonlinear(d,2.8476,0.0000,250.0000,d)rotateFromBiaxial(d,2.8476,0.0000,d)rotateIntoBiaxial(d,44.1007,0.0000,d)nonlinear(d,44.1007,0.0000,50.0000,d)rotateFromBiaxial(d,44.1007,0.0000,d)rotate(171.7944)rotateIntoBiaxial(d,139.4799,0.0000,d)nonlinear(d,139.4799,0.0000,200.0000,d)rotateFromBiaxial(d,139.4799,0.0000,d)nonlinear(6,0.0000,0.0000,24.5509,d)rotate(-71.8197)rotateIntoBiaxial(d,2.3289,0.0000,d)nonlinear(d,2.3289,0.0000,50.0000,d)rotateFromBiaxial(d,2.3289,0.0000,d)nonlinear(6,0.0000,0.0000,19.9737,d)linear(0,0,0,110.7867,d)linear(0,0,0,323.2415,d)rotate(-32.1099)rotateIntoBiaxial(d,3.7658,0.0000,d)nonlinear(d,3.7658,0.0000,100.0000,d)rotateFromBiaxial(d,3.7658,0.0000,d)linear(0,0,0,385.9563,d)rotate(20.8295)
9016,0,40,15.5616,18.0390,init()rotateIntoBiaxial(d,2.7669,0.0000,d)nonlinear(d,2.7669,0.0000,300.0000,d)rotateFromBiaxial(d,2.7669,0.0000,d)nonlinear(6,0.0000,0.0000,5.7708,d)rotateIntoBiaxial(d,43.2100,0.0000,d)nonlinear(d,43.2100,0.0000,50.0000,d)rotateFromBiaxial(d,43.2100,0.0000,d)linear(0,0,0,14.6770,d)rotate(177.6825)rotateIntoBiaxial(d,140.2810,0.0000,d)nonlinear(d,140.2810,0.0000,200.0000,d)rotateFromBiaxial(d,140.2810,0.0000,d)nonlinear(6,0.0000,0.0000,18.2923,d)rotate(-73.0306)rotateIntoBiaxial(d,1.9970,0.0000,d)nonlinear(d,1.9970,0.0000,50.0000,d)rotateFromBiaxial(d,1.9970,0.0000,d)linear(0,0,0,281.3077,d)rotate(-15.4387)rotateIntoBiaxial(d,0.0924,0.0000,d)nonlinear(d,0.0924,0.0000,100.0000,d)rotateFromBiaxial(d,0.0924,0.0000,d)nonlinear(6,0.0000,0.0000,1.2034,d)linear(0,0,0,364.8929,d)rotate(14.6725)
9062,0,40,15.7312,18.0390,init()rotateIntoBiaxial(d,2.2452,0.0000,d)nonlinear(d,2.2452,0.0000,300.0000,d)rotateFromBiaxial(d,2.2452,0.0000,d)nonlinear(6,0.0000,0.0000,9.3597,d)rotateIntoBiaxial(d,41.0838,0.0000,d)nonlinear(d,41.0838,0.0000,50.0000,d)rotateFromBiaxial(d,41.0838,0.0000,d)rotate(163.5694)rotateIntoBiaxial(d,139.4687,0.0000,d)nonlinear(d,139.4687,0.0000,200.0000,d)rotateFromBiaxial(d,139.4687,0.0000,d)nonlinear(6,0.0000,0.0000,20.3449,d)rotate(-60.3008)rotateIntoBiaxial(d,4.2161,0.0000,d)nonlinear(d,4.2161,0.0000,100.0000,d)rotateFromBiaxial(d,4.2161,0.0000,d)linear(0,0,0,40.7048,d)linear(0,0,0,302.6628,d)rotate(-40.7782)rotateIntoBiaxial(d,3.7178,0.0000,d)nonlinear(d,3.7178,0.0000,50.0000,d)rotateFromBiaxial(d,3.7178,0.0000,d)linear(0,0,0,539.5770,d)rotate(16.5733)
9108,0,40,18.5104,18.0390,init()rotateIntoBiaxial(d,0.6850,0.0000,d)nonlinear(d,0.6850,0.0000,300.0000,d)rotateFromBiaxial(d,0.6850,0.0000,d)rotateIntoBiaxial(d,41.2673,0.0000,d)nonlinear(d,41.2673,0.0000,50.0000,d)rotateFromBiaxial(d,41.2673,0.0000,d)rotate(170.9737)rotateIntoBiaxial(d,139.6604,0.0000,d)nonlinear(d,139.6604,0.0000,200.0000,d)rotateFromBiaxial(d,139.6604,0.0000,d)nonlinear(6,0.0000,0.0000,30.9177,d)rotate(-67.8287)rotateIntoBiaxial(d,2.9704,0.0000,d)nonlinear(d,2.9704,0.0000,50.0000,d)rotateFromBiaxial(d,2.9704,0.0000,d)linear(0,0,0,26.8352,d)linear(0,0,0,401.4404,d)rotate(-41.8284)rotateIntoBiaxial(d,2.8035,0.0000,d)nonlinear(d,2.8035,0.0000,50.0000,d)rotateFromBiaxial(d,2.8035,0.0000,d)nonlinear(6,0.0000,0.0000,0.0236,d)linear(0,0,0,466.2316,d)rotate(11.8328)
9154,0,40,18.2126,18.0390,init()rotateIntoBiaxial(d,1.2295,0.0000,d)nonlinear(d,1.2295,0.0000,300.0000,d)rotateFromBiaxial(d,1.2295,0.0000,d)nonlinear(6,0.0000,0.0000,1.3046,d)linear(0,0,0,17.1906,d)rotateIntoBiaxial(d,39.9424,0.0000,d)nonlinear(d,39.9424,0.0000,50.0000,d)rotateFromBiaxial(d,39.9424,0.0000,d)rotate(176.1166)rotateIntoBiaxial(d,139.9123,0.0000,d)nonlinear(d,139.9123,0.0000,250.0000,d)rotateFromBiaxial(d,139.9123,0.0000,d)nonlinear(6,0.0000,0.0000,10.0074,d)rotate(-54.6500)rotateIntoBiaxial(d,1.7976,0.0000,d)nonlinear(d,1.7976,0.0000,50.0000,d)rotateFromBiaxial(d,1.7976,0.0000,d)nonlinear(6,0.0000,0.0000,9.1997,d)linear(0,0,0,51.5770,d)linear(0,0,0,278.7962,d)rotate(-24.1919)rotateIntoBiaxial(d,1.6207,0.0000,d)nonlinear(d,1.6207,0.0000,50.0000,d)rotateFromBiaxial(d,1.6207,0.0000,d)linear(0,0,0,693.2206,d)rotate(13.8728)
9200,0,40,18.9953,18.0390,init()rotateIntoBiaxial(d,1.9627,0.0000,d)nonlinear(d,1.9627,0.0000,300.0000,d)rotateFromBiaxial(d,1.9627,0.0000,d)nonlinear(6,0.0000,0.0000,2.0909,d)rotateIntoBiaxial(d,39.9582,0.0000,d)nonlinear(d,39.9582,0.0000,50.0000,d)rotateFromBiaxial(d,39.9582,0.0000,d)rotate(177.8890)rotateIntoBiaxial(d,139.6418,0.0000,d)nonlinear(d,139.6418,0.0000,200.0000,d)rotateFromBiaxial(d,139.6418,0.0000,d)nonlinear(6,0.0000,0.0000,29.7275,d)rotate(-62.6612)rotateIntoBiaxial(d,0.3971,0.0000,d)nonlinear(d,0.3971,0.0000,50.0000,d)rotateFromBiaxial(d,0.3971,0.0000,d)nonlinear(6,0.0000,0.0000,4.7417,d)linear(0,0,0,145.2668,d)linear(0,0,0,416.7354,d)rotate(-21.3901)rotateIntoBiaxial(d,4.1137,0.0000,d)nonlinear(d,4.1137,0.0000,100.0000,d)rotateFromBiaxial(d,4.1137,0.0000,d)nonlinear(6,0.0000,0.0000,2.1831,d)linear(0,0,0,334.3518,d)rotate(11.1466)
9246,0,40,16.6424,18.0390,init()rotateIntoBiaxial(d,0.3971,0.0000,d)nonlinear(d,0.3971,0.0000,300.0000,d)rotateFromBiaxial(d,0.3971,0.0000,d)nonlinear(6,0.0000,0.0000,3.8311,d)rotateIntoBiaxial(d,40.9365,0.0000,d)nonlinear(d,40.9365,0.0000,50.0000,d)rotateFromBiaxial(d,40.9365,0.0000,d)rotate(164.6016)rotateIntoBiaxial(d,139.9980,0.0000,d)nonlinear(d,139.9980,0.0000,250.0000,d)rotateFromBiaxial(d,139.9980,0.0000,d)nonlinear(6,0.0000,0.0000,29.8248,d)rotate(-58.9691)rotateIntoBiaxial(d,0.5513,0.0000,d)nonlinear(d,0.5513,0.0000,50.0000,d)rotateFromBiaxial(d,0.5513,0.0000,d)linear(0,0,0,62.7838,d)linear(0,0,0,141.2773,d)rotate(-9.6502)rotateIntoBiaxial(d,1.1947,0.0000,d)nonlinear(d,1.1947,0.0000,100.0000,d)rotateFromBiaxial(d,1.1947,0.0000,d)linear(0,0,0,671.1701,d)rotate(13.7031)
9292,0,40,17.4957,18.0390,init()rotateIntoBiaxial(d,2.5029,0.0000,d)nonlinear(d,2.5029,0.0000,250.0000,d)rotateFromBiaxial(d,2.5029,0.0000,d)rotateIntoBiaxial(d,39.3173,0.0000,d)nonlinear(d,39.3173,0.0000,50.0000,d)rotateFromBiaxial(d,39.3173,0.0000,d)rotate(179.8736)rotateIntoBiaxial(d,139.9130,0.0000,d)nonlinear(d,139.9130,0.0000,250.0000,d)rotateFromBiaxial(d,139.9130,0.0000,d)nonlinear(6,0.0000,0.0000,4.3799,d)rotate(-73.2650)rotateIntoBiaxial(d,0.3118,0.0000,d)nonlinear(d,0.3118,0.0000,50.0000,d)rotateFromBiaxial(d,0.3118,0.0000,d)linear(0,0,0,157.7846,d)rotate(-29.1535)rotateIntoBiaxial(d,6.7124,0.0000,d)nonlinear(d,6.7124,0.0000,50.0000,d)rotateFromBiaxial(d,6.7124,0.0000,d)linear(0,0,0,576.7893,d)rotate(22.3868)
9338,0,40,18.9167,18.9167,init()rotateIntoBiaxial(d,1.5912,0.0000,d)nonlinear(d,1.5912,0.0000,250.0000,d)rotateFromBiaxial(d,1.5912,0.0000,d)nonlinear(6,0.0000,0.0000,4.4146,d)rotateIntoBiaxial(d,40.3035,0.0000,d)nonlinear(d,40.3035,0.0000,50.0000,d)rotateFromBiaxial(d,40.3035,0.0000,d)rotate(175.6660)rotateIntoBiaxial(d,139.7211,0.0000,d)nonlinear(d,139.7211,0.0000,200.0000,d)rotateFromBiaxial(d,139.7211,0.0000,d)nonlinear(6,0.0000,0.0000,24.3381,d)rotate(-74.2280)rotateIntoBiaxial(d,2.4160,0.0000,d)nonlinear(d,2.4160,0.0000,50.0000,d)rotateFromBiaxial(d,2.4160,0.0000,d)linear(0,0,0,194.1876,d)nonlinear(6,0.0000,0.0000,15.8113,d)linear(0,0,0,290.6210,d)rotate(-15.7017)rotateIntoBiaxial(d,4.0780,0.0000,d)nonlinear(d,4.0780,0.0000,50.0000,d)rotateFromBiaxial(d,4.0780,0.0000,d)linear(0,0,0,612.6175,d)rotate(25.1664)
9384,0,40,18.5469,18.9167,init()rotateIntoBiaxial(d,0.9559,0.0000,d)nonlinear(d,0.9559,0.0000,250.0000,d)rotateFromBiaxial(d,0.9559,0.0000,d)rotateIntoBiaxial(d,39.7040,0.0000,d)nonlinear(d,39.7040,0.0000,50.0000,d)rotateFromBiaxial(d,39.7040,0.0000,d)rotate(178.1114)rotateIntoBiaxial(d,139.4595,0.0000,d)nonlinear(d,139.4595,0.0000,200.0000,d)rotateFromBiaxial(d,139.4595,0.0000,d)nonlinear(6,0.0000,0.0000,3.4973,d)rotate(-73.7341)rotateIntoBiaxial(d,2.7910,0.0000,d)nonlinear(d,2.7910,0.0000,50.0000,d)rotateFromBiaxial(d,2.7910,0.0000,d)nonlinear(6,0.0000,0.0000,19.3412,d)linear(0,0,0,81.2100,d)linear(0,0,0,466.4095,d)rotate(-24.3942)rotateIntoBiaxial(d,5.4874,0.0000,d)nonlinear(d,5.4874,0.0000,100.0000,d)rotateFromBiaxial(d,5.4874,0.0000,d)linear(0,0,0,615.8710,d)
9430,0,40,19.2039,18.9167,init()rotateIntoBiaxial(d,1.8358,0.0000,d)nonlinear(d,1.8358,0.0000,250.0000,d)rotateFromBiaxial(d,1.8358,0.0000,d)rotateIntoBiaxial(d,39.9548,0.0000,d)nonlinear(d,39.9548,0.0000,50.0000,d)rotateFromBiaxial(d,39.9548,0.0000,d)rotate(179.0050)rotateIntoBiaxial(d,139.8018,0.0000,d)nonlinear(d,139.8018,0.0000,250.0000,d)rotateFromBiaxial(d,139.8018,0.0000,d)nonlinear(6,0.0000,0.0000,7.3697,d)rotate(-63.3718)rotateIntoBiaxial(d,2.3734,0.0000,d)nonlinear(d,2.3734,0.0000,50.0000,d)rotateFromBiaxial(d,2.3734,0.0000,d)linear(0,0,0,27.5680,d)nonlinear(6,0.0000,0.0000,5.6001,d)linear(0,0,0,331.7001,d)rotate(-26.4047)rotateIntoBiaxial(d,8.0225,0.0000,d)nonlinear(d,8.0225,0.0000,82.7856,d)rotateFromBiaxial(d,8.0225,0.0000,d)linear(0,0,0,722.5137,d)
9476,0,40,18.8024,18.9167,init()rotateIntoBiaxial(d,0.0280,0.0000,d)nonlinear(d,0.0280,0.0000,250.0000,d)rotateFromBiaxial(d,0.0280,0.0000,d)rotateIntoBiaxial(d,39.1385,0.0000,d)nonlinear(d,39.1385,0.0000,50.0000,d)rotateFromBiaxial(d,39.1385,0.0000,d)rotate(179.0986)rotateIntoBiaxial(d,139.5529,0.0000,d)nonlinear(d,139.5529,0.0000,200.0000,d)rotateFromBiaxial(d,139.5529,0.0000,d)nonlinear(6,0.0000,0.0000,14.7258,d)rotate(-60.5502)rotateIntoBiaxial(d,3.2179,0.0000,d)nonlinear(d,3.2179,0.0000,50.0000,d)rotateFromBiaxial(d,3.2179,0.0000,d)nonlinear(6,0.0000,0.0000,4.4635,d)nonlinear(6,0.0000,0.0000,9.2139,d)linear(0,0,0,411.8049,d)rotateIntoBiaxial(d,3.2396,0.0000,d)nonlinear(d,3.2396,0.0000,50.0000,d)rotateFromBiaxial(d,3.2396,0.0000,d)linear(0,0,0,588.2032,d)rotate(0.4102)
9522,0,40,18.7533,18.9167,init()rotateIntoBiaxial(d,3.4814,0.0000,d)nonlinear(d,3.4814,0.0000,300.0000,d)rotateFromBiaxial(d,3.4814,0.0000,d)rotateIntoBiaxial(d,42.6505,0.0000,d)nonlinear(d,42.6505,0.0000,50.0000,d)rotateFromBiaxial(d,42.6505,0.0000,d)rotate(179.0500)rotateIntoBiaxial(d,139.9702,0.0000,d)nonlinear(d,139.9702,0.0000,200.0000,d)rotateFromBiaxial(d,139.9702,0.0000,d)nonlinear(6,0.0000,0.0000,8.3329,d)rotate(-57.7124)rotateIntoBiaxial(d,3.4000,0.0000,d)nonlinear(d,3.4000,0.0000,50.0000,d)rotateFromBiaxial(d,3.4000,0.0000,d)nonlinear(6,0.0000,0.0000,15.6202,d)nonlinear(6,0.0000,0.0000,1.6888,d)linear(0,0,0,578.8515,d)rotate(-6.3750)rotateIntoBiaxial(d,6.3876,0.0000,d)nonlinear(d,6.3876,0.0000,50.0000,d)rotateFromBiaxial(d,6.3876,0.0000,d)linear(0,0,0,442.5523,d)rotate(0.4290)
9568,0,40,18.6775,18.9167,init()rotateIntoBiaxial(d,0.1292,0.0000,d)nonlinear(d,0.1292,0.0000,300.0000,d)rotateFromBiaxial(d,0.1292,0.0000,d)nonlinear(6,0.0000,0.0000,10.6776,d)linear(0,0,0,3.3004,d)rotateIntoBiaxial(d,40.9460,0.0000,d)nonlinear(d,40.9460,0.0000,50.0000,d)rotateFromBiaxial(d,40.9460,0.0000,d)rotate(179.9972)rotateIntoBiaxial(d,139.8236,0.0000,d)nonlinear(d,139.8236,0.0000,200.0000,d)rotateFromBiaxial(d,139.8236,0.0000,d)nonlinear(6,0.0000,0.0000,6.6707,d)rotate(-62.4823)rotateIntoBiaxial(d,2.2547,0.0000,d)nonlinear(d,2.2547,0.0000,50.0000,d)rotateFromBiaxial(d,2.2547,0.0000,d)nonlinear(6,0.0000,0.0000,10.8003,d)linear(0,0,0,479.4277,d)rotate(-24.2230)rotateIntoBiaxial(d,0.0374,0.0000,d)nonlinear(d,0.0374,0.0000,50.0000,d)rotateFromBiaxial(d,0.0374,0.0000,d)linear(0,0,0,540.7682,d)rotate(11.9967)
9614,0,40,18.9636,18.9167,init()rotateIntoBiaxial(d,2.5092,0.0000,d)nonlinear(d,2.5092,0.0000,250.0000,d)rotateFromBiaxial(d,2.5092,0.0000,d)rotateIntoBiaxial(d,41.1868,0.0000,d)nonlinear(d,41.1868,0.0000,50.0000,d)rotateFromBiaxial(d,41.1868,0.0000,d)rotate(172.5169)rotateIntoBiaxial(d,139.5023,0.0000,d)nonlinear(d,139.5023,0.0000,200.0000,d)rotateFromBiaxial(d,139.5023,0.0000,d)nonlinear(6,0.0000,0.0000,27.3431,d)rotate(-57.8345)rotateIntoBiaxial(d,0.9793,0.0000,d)nonlinear(d,0.9793,0.0000,50.0000,d)rotateFromBiaxial(d,0.9793,0.0000,d)linear(0,0,0,93.8519,d)nonlinear(6,0.0000,0.0000,2.8923,d)linear(0,0,0,494.1287,d)rotate(-35.5847)rotateIntoBiaxial(d,3.8382,0.0000,d)nonlinear(d,3.8382,0.0000,50.0000,d)rotateFromBiaxial(d,3.8382,0.0000,d)linear(0,0,0,577.7214,d)rotate(9.0714)
9660,0,40,19.3109,18.9167,init()rotateIntoBiaxial(d,0.3536,0.0000,d)nonlinear(d,0.3536,0.0000,250.0000,d)rotateFromBiaxial(d,0.3536,0.0000,d)rotateIntoBiaxial(d,41.0002,0.0000,d)nonlinear(d,41.0002,0.0000,50.0000,d)rotateFromBiaxial(d,41.0002,0.0000,d)rotate(179.8602)rotateIntoBiaxial(d,139.9892,0.0000,d)nonlinear(d,139.9892,0.0000,200.0000,d)rotateFromBiaxial(d,139.9892,0.0000,d)nonlinear(6,0.0000,0.0000,5.5574,d)rotate(-55.9023)rotateIntoBiaxial(d,2.0560,0.0000,d)nonlinear(d,2.0560,0.0000,50.0000,d)rotateFromBiaxial(d,2.0560,0.0000,d)linear(0,0,0,491.8332,d)rotate(-25.6789)rotateIntoBiaxial(d,5.0552,0.0000,d)nonlinear(d,5.0552,0.0000,50.0000,d)rotateFromBiaxial(d,5.0552,0.0000,d)linear(0,0,0,771.3699,d)
9706,0,40,18.8804,18.9167,init()rotateIntoBiaxial(d,2.4568,0.0000,d)nonlinear(d,2.4568,0.0000,250.0000,d)rotateFromBiaxial(d,2.4568,0.0000,d)nonlinear(6,0.0000,0.0000,6.9687,d)rotateIntoBiaxial(d,40.3802,0.0000,d)nonlinear(d,40.3802,0.0000,50.0000,d)rotateFromBiaxial(d,40.3802,0.0000,d)rotate(179.9208)rotateIntoBiaxial(d,139.6332,0.0000,d)nonlinear(d,139.6332,0.0000,200.0000,d)rotateFromBiaxial(d,139.6332,0.0000,d)nonlinear(6,0.0000,0.0000,9.8518,d)rotate(-42.6256)rotateIntoBiaxial(d,0.6665,0.0000,d)nonlinear(d,0.6665,0.0000,50.0000,d)rotateFromBiaxial(d,0.6665,0.0000,d)linear(0,0,0,12.8994,d)nonlinear(6,0.0000,0.0000,12.9168,d)linear(0,0,0,612.4181,d)rotate(-19.9199)rotateIntoBiaxial(d,3.5225,0.0000,d)nonlinear(d,3.5225,0.0000,100.0000,d)rotateFromBiaxial(d,3.5225,0.0000,d)linear(0,0,0,525.5778,d)rotate(2.5607)
9752,0,40,18.6442,18.9167,init()rotateIntoBiaxial(d,1.7118,0.0000,d)nonlinear(d,1.7118,0.0000,300.0000,d)rotateFromBiaxial(d,1.7118,0.0000,d)rotateIntoBiaxial(d,41.1489,0.0000,d)nonlinear(d,41.1489,0.0000,50.0000,d)rotateFromBiaxial(d,41.1489,0.0000,d)rotate(171.4313)rotateIntoBiaxial(d,139.6804,0.0000,d)nonlinear(d,139.6804,0.0000,200.0000,d)rotateFromBiaxial(d,139.6804,0.0000,d)nonlinear(6,0.0000,0.0000,18.9496,d)rotate(-42.8957)rotateIntoBiaxial(d,5.9024,0.0000,d)nonlinear(d,5.9024,0.0000,50.0000,d)rotateFromBiaxial(d,5.9024,0.0000,d)nonlinear(6,0.0000,0.0000,2.8672,d)linear(0,0,0,46.4822,d)linear(0,0,0,338.4643,d)rotate(-18.9882)rotateIntoBiaxial(d,2.2746,0.0000,d)nonlinear(d,2.2746,0.0000,50.0000,d)rotateFromBiaxial(d,2.2746,0.0000,d)linear(0,0,0,563.4517,d)rotate(1.7636)
9798,0,40,17.9273,18.9167,init()rotateIntoBiaxial(d,2.4955,0.0000,d)nonlinear(d,2.4955,0.0000,250.0000,d)rotateFromBiaxial(d,2.4955,0.0000,d)rotateIntoBiaxial(d,40.6033,0.0000,d)nonlinear(d,40.6033,0.0000,50.0000,d)rotateFromBiaxial(d,40.6033,0.0000,d)rotate(173.7834)rotateIntoBiaxial(d,140.0953,0.0000,d)nonlinear(d,140.0953,0.0000,200.0000,d)rotateFromBiaxial(d,140.0953,0.0000,d)nonlinear(6,0.0000,0.0000,0.3082,d)rotate(-55.1323)rotateIntoBiaxial(d,0.5659,0.0000,d)nonlinear(d,0.5659,0.0000,50.0000,d)rotateFromBiaxial(d,0.5659,0.0000,d)linear(0,0,0,28.3807,d)nonlinear(6,0.0000,0.0000,11.1291,d)linear(0,0,0,547.6709,d)rotate(-43.0299)rotateIntoBiaxial(d,2.3991,0.0000,d)nonlinear(d,2.3991,0.0000,50.0000,d)rotateFromBiaxial(d,2.3991,0.0000,d)linear(0,0,0,521.7065,d)
9844,0,40,18.5820,18.9167,init()rotateIntoBiaxial(d,1.7452,0.0000,d)nonlinear(d,1.7452,0.0000,300.0000,d)rotateFromBiaxial(d,1.7452,0.0000,d)nonlinear(6,0.0000,0.0000,0.1712,d)rotateIntoBiaxial(d,43.0883,0.0000,d)nonlinear(d,43.0883,0.0000,50.0000,d)rotateFromBiaxial(d,43.0883,0.0000,d)rotate(178.2859)rotateIntoBiaxial(d,139.9419,0.0000,d)nonlinear(d,139.9419,0.0000,200.0000,d)rotateFromBiaxial(d,139.9419,0.0000,d)nonlinear(6,0.0000,0.0000,3.9463,d)rotate(-50.9376)rotateIntoBiaxial(d,0.4874,0.0000,d)nonlinear(d,0.4874,0.0000,50.0000,d)rotateFromBiaxial(d,0.4874,0.0000,d)nonlinear(6,0.0000,0.0000,19.2591,d)linear(0,0,0,451.4544,d)rotate(-28.1934)rotateIntoBiaxial(d,2.1262,0.0000,d)nonlinear(d,2.1262,0.0000,100.0000,d)rotateFromBiaxial(d,2.1262,0.0000,d)linear(0,0,0,556.6549,d)rotate(0.3231)
9890,0,40,17.4973,18.9167,init()rotateIntoBiaxial(d,0.4078,0.0000,d)nonlinear(d,0.4078,0.0000,250.0000,d)rotateFromBiaxial(d,0.4078,0.0000,d)rotateIntoBiaxial(d,38.9542,0.0000,d)nonlinear(d,38.9542,0.0000,50.0000,d)rotateFromBiaxial(d,38.9542,0.0000,d)rotate(178.6610)rotateIntoBiaxial(d,139.7867,0.0000,d)nonlinear(d,139.7867,0.0000,250.0000,d)rotateFromBiaxial(d,139.7867,0.0000,d)nonlinear(6,0.0000,0.0000,0.6866,d)rotate(-64.2062)rotateIntoBiaxial(d,2.6864,0.0000,d)nonlinear(d,2.6864,0.0000,50.0000,d)rotateFromBiaxial(d,2.6864,0.0000,d)nonlinear(6,0.0000,0.0000,9.2062,d)linear(0,0,0,131.4950,d)linear(0,0,0,286.7664,d)rotate(-19.9471)rotateIntoBiaxial(d,0.8125,0.0000,d)nonlinear(d,0.8125,0.0000,50.0000,d)rotateFromBiaxial(d,0.8125,0.0000,d)linear(0,0,0,767.2932,d)rotate(13.5681)
9936,0,40,19.7452,18.9167,init()rotateIntoBiaxial(d,2.2972,0.0000,d)nonlinear(d,2.2972,0.0000,300.0000,d)rotateFromBiaxial(d,2.2972,0.0000,d)nonlinear(6,0.0000,0.0000,3.9231,d)rotateIntoBiaxial(d,40.5585,0.0000,d)nonlinear(d,40.5585,0.0000,50.0000,d)rotateFromBiaxial(d,40.5585,0.0000,d)rotate(179.0877)rotateIntoBiaxial(d,139.5803,0.0000,d)nonlinear(d,139.5803,0.0000,200.0000,d)rotateFromBiaxial(d,139.5803,0.0000,d)nonlinear(6,0.0000,0.0000,17.7677,d)rotate(-56.1562)rotateIntoBiaxial(d,6.2522,0.0000,d)nonlinear(d,6.2522,0.0000,50.0000,d)rotateFromBiaxial(d,6.2522,0.0000,d)nonlinear(6,0.0000,0.0000,21.6785,d)linear(0,0,0,245.0044,d)rotate(-40.7034)rotateIntoBiaxial(d,2.1243,0.0000,d)nonlinear(d,2.1243,0.0000,50.0000,d)rotateFromBiaxial(d,2.1243,0.0000,d)linear(0,0,0,564.8545,d)
9982,0,40,19.4039,19.4039,init()rotateIntoBiaxial(d,1.4363,0.0000,d)nonlinear(d,1.4363,0.0000,250.0000,d)rotateFromBiaxial(d,1.4363,0.0000,d)rotateIntoBiaxial(d,41.1209,0.0000,d)nonlinear(d,41.1209,0.0000,50.0000,d)rotateFromBiaxial(d,41.1209,0.0000,d)rotate(179.7637)rotateIntoBiaxial(d,140.0060,0.0000,d)nonlinear(d,140.0060,0.0000,200.0000,d)rotateFromBiaxial(d,140.0060,0.0000,d)nonlinear(6,0.0000,0.0000,7.7630,d)rotate(-57.7858)rotateIntoBiaxial(d,3.9114,0.0000,d)nonlinear(d,3.9114,0.0000,50.0000,d)rotateFromBiaxial(d,3.9114,0.0000,d)linear(0,0,0,43.3913,d)linear(0,0,0,309.8737,d)rotate(-15.4487)rotateIntoBiaxial(d,0.3848,0.0000,d)nonlinear(d,0.3848,0.0000,50.0000,d)rotateFromBiaxial(d,0.3848,0.0000,d)linear(0,0,0,556.3726,d)
10028,0,40,19.2373,19.4039,init()rotateIntoBiaxial(d,0.8662,0.0000,d)nonlinear(d,0.8662,0.0000,300.0000,d)rotateFromBiaxial(d,0.8662,0.0000,d)rotateIntoBiaxial(d,41.4399,0.0000,d)nonlinear(d,41.4399,0.0000,50.0000,d)rotateFromBiaxial(d,41.4399,0.0000,d)rotate(176.2107)rotateIntoBiaxial(d,139.6992,0.0000,d)nonlinear(d,139.6992,0.0000,200.0000,d)rotateFromBiaxial(d,139.6992,0.0000,d)nonlinear(6,0.0000,0.0000,19.8461,d)rotate(-61.4739)rotateIntoBiaxial(d,0.7673,0.0000,d)nonlinear(d,0.7673,0.0000,50.0000,d)rotateFromBiaxial(d,0.7673,0.0000,d)nonlinear(6,0.0000,0.0000,16.9544,d)linear(0,0,0,146.8709,d)nonlinear(6,0.0000,0.0000,6.3496,d)linear(0,0,0,413.7640,d)rotate(-27.5005)rotateIntoBiaxial(d,7.2944,0.0000,d)nonlinear(d,7.2944,0.0000,50.0000,d)rotateFromBiaxial(d,7.2944,0.0000,d)linear(0,0,0,472.7958,d)
10074,0,40,17.9027,19.4039,init()rotateIntoBiaxial(d,1.4720,0.0000,d)nonlinear(d,1.4720,0.0000,250.0000,d)rotateFromBiaxial(d,1.4720,0.0000,d)rotateIntoBiaxial(d,39.0889,0.0000,d)nonlinear(d,39.0889,0.0000,50.0000,d)rotateFromBiaxial(d,39.0889,0.0000,d)rotate(179.9735)rotateIntoBiaxial(d,139.8161,0.0000,d)nonlinear(d,139.8161,0.0000,200.0000,d)rotateFromBiaxial(d,139.8161,0.0000,d)nonlinear(6,0.0000,0.0000,3.2930,d)rotate(-72.0637)rotateIntoBiaxial(d,2.6039,0.0000,d)nonlinear(d,2.6039,0.0000,50.0000,d)rotateFromBiaxial(d,2.6039,0.0000,d)nonlinear(6,0.0000,0.0000,1.1710,d)linear(0,0,0,67.3595,d)linear(0,0,0,466.8296,d)rotate(-24.9863)rotateIntoBiaxial(d,1.6426,0.0000,d)nonlinear(d,1.6426,0.0000,50.0000,d)rotateFromBiaxial(d,1.6426,0.0000,d)linear(0,0,0,651.8546,d)
10120,0,40,19.0620,19.4039,init()rotateIntoBiaxial(d,2.8402,0.0000,d)nonlinear(d,2.8402,0.0000,300.0000,d)rotateFromBiaxial(d,2.8402,0.0000,d)rotateIntoBiaxial(d,40.7938,0.0000,d)nonlinear(d,40.7938,0.0000,50.0000,d)rotateFromBiaxial(d,40.7938,0.0000,d)rotate(179.2202)rotateIntoBiaxial(d,139.6192,0.0000,d)nonlinear(d,139.6192,0.0000,200.0000,d)rotateFromBiaxial(d,139.6192,0.0000,d)nonlinear(6,0.0000,0.0000,25.5043,d)rotate(-70.8251)rotateIntoBiaxial(d,2.9066,0.0000,d)nonlinear(d,2.9066,0.0000,50.0000,d)rotateFromBiaxial(d,2.9066,0.0000,d)nonlinear(6,0.0000,0.0000,22.7790,d)linear(0,0,0,215.5630,d)rotate(-17.8384)rotateIntoBiaxial(d,2.8128,0.0000,d)nonlinear(d,2.8128,0.0000,50.0000,d)rotateFromBiaxial(d,2.8128,0.0000,d)linear(0,0,0,549.6654,d)
10166,0,40,18.6017,19.4039,init()rotateIntoBiaxial(d,0.0024,0.0000,d)nonlinear(d,0.0024,0.0000,300.0000,d)rotateFromBiaxial(d,0.0024,0.0000,d)rotateIntoBiaxial(d,40.1246,0.0000,d)nonlinear(d,40.1246,0.0000,50.0000,d)rotateFromBiaxial(d,40.1246,0.0000,d)rotate(177.5526)rotateIntoBiaxial(d,139.7193,0.0000,d)nonlinear(d,139.7193,0.0000,200.0000,d)rotateFromBiaxial(d,139.7193,0.0000,d)nonlinear(6,0.0000,0.0000,7.8705,d)rotate(-64.5877)rotateIntoBiaxial(d,3.0517,0.0000,d)nonlinear(d,3.0517,0.0000,50.0000,d)rotateFromBiaxial(d,3.0517,0.0000,d)linear(0,0,0,481.7536,d)rotate(-14.2812)rotateIntoBiaxial(d,1.5837,0.0000,d)nonlinear(d,1.5837,0.0000,50.0000,d)rotateFromBiaxial(d,1.5837,0.0000,d)linear(0,0,0,424.6225,d)
10212,0,40,20.1311,20.1311,init()rotateIntoBiaxial(d,1.4831,0.0000,d)nonlinear(d,1.4831,0.0000,250.0000,d)rotateFromBiaxial(d,1.4831,0.0000,d)rotateIntoBiaxial(d,41.1860,0.0000,d)nonlinear(d,41.1860,0.0000,50.0000,d)rotateFromBiaxial(d,41.1860,0.0000,d)rotate(179.8885)rotateIntoBiaxial(d,139.6452,0.0000,d)nonlinear(d,139.6452,0.0000,200.0000,d)rotateFromBiaxial(d,139.6452,0.0000,d)nonlinear(6,0.0000,0.0000,20.3925,d)rotate(-70.5716)rotateIntoBiaxial(d,1.1928,0.0000,d)nonlinear(d,1.1928,0.0000,50.0000,d)rotateFromBiaxial(d,1.1928,0.0000,d)linear(0,0,0,148.8958,d)linear(0,0,0,443.4071,d)rotate(-12.8298)rotateIntoBiaxial(d,7.5123,0.0000,d)nonlinear(d,7.5123,0.0000,50.0000,d)rotateFromBiaxial(d,7.5123,0.0000,d)linear(0,0,0,387.3914,d)
10258,0,40,18.8523,20.1311,init()rotateIntoBiaxial(d,3.4940,0.0000,d)nonlinear(d,3.4940,0.0000,250.0000,d)rotateFromBiaxial(d,3.4940,0.0000,d)nonlinear(6,0.0000,0.0000,10.4698,d)rotateIntoBiaxial(d,40.3932,0.0000,d)nonlinear(d,40.3932,0.0000,50.0000,d)rotateFromBiaxial(d,40.3932,0.0000,d)rotate(176.9875)rotateIntoBiaxial(d,139.6878,0.0000,d)nonlinear(d,139.6878,0.0000,250.0000,d)rotateFromBiaxial(d,139.6878,0.0000,d)nonlinear(6,0.0000,0.0000,42.8298,d)rotate(-54.2290)rotateIntoBiaxial(d,0.8796,0.0000,d)nonlinear(d,0.8796,0.0000,50.0000,d)rotateFromBiaxial(d,0.8796,0.0000,d)nonlinear(6,0.0000,0.0000,0.7515,d)linear(0,0,0,328.6575,d)nonlinear(6,0.0000,0.0000,16.0270,d)linear(0,0,0,413.9638,d)rotate(-30.5616)rotateIntoBiaxial(d,3.2874,0.0000,d)nonlinear(d,3.2874,0.0000,50.0000,d)rotateFromBiaxial(d,3.2874,0.0000,d)linear(0,0,0,446.7613,d)
10304,0,40,18.4112,20.1311,init()rotateIntoBiaxial(d,1.6755,0.0000,d)nonlinear(d,1.6755,0.0000,250.0000,d)rotateFromBiaxial(d,1.6755,0.0000,d)nonlinear(6,0.0000,0.0000,0.6275,d)rotateIntoBiaxial(d,41.3482,0.0000,d)nonlinear(d,41.3482,0.0000,50.0000,d)rotateFromBiaxial(d,41.3482,0.0000,d)rotate(178.1539)rotateIntoBiaxial(d,140.1260,0.0000,d)nonlinear(d,140.1260,0.0000,200.0000,d)rotateFromBiaxial(d,140.1260,0.0000,d)nonlinear(6,0.0000,0.0000,3.7188,d)rotate(-69.9449)rotateIntoBiaxial(d,5.0879,0.0000,d)nonlinear(d,5.0879,0.0000,50.0000,d)rotateFromBiaxial(d,5.0879,0.0000,d)nonlinear(6,0.0000,0.0000,3.8300,d)linear(0,0,0,187.5574,d)nonlinear(6,0.0000,0.0000,14.3386,d)linear(0,0,0,410.5610,d)rotate(-25.3627)rotateIntoBiaxial(d,3.1441,0.0000,d)nonlinear(d,3.1441,0.0000,100.0000,d)rotateFromBiaxial(d,3.1441,0.0000,d)linear(0,0,0,250.2907,d)rotate(0.5108)
10350,0,40,18.8844,20.1311,init()rotateIntoBiaxial(d,1.6371,0.0000,d)nonlinear(d,1.6371,0.0000,250.0000,d)rotateFromBiaxial(d,1.6371,0.0000,d)nonlinear(6,0.0000,0.0000,1.8810,d)rotateIntoBiaxial(d,39.8332,0.0000,d)nonlinear(d,39.8332,0.0000,50.0000,d)rotateFromBiaxial(d,39.8332,0.0000,d)rotate(179.9922)rotateIntoBiaxial(d,139.5685,0.0000,d)nonlinear(d,139.5685,0.0000,200.0000,d)rotateFromBiaxial(d,139.5685,0.0000,d)nonlinear(6,0.0000,0.0000,3.5991,d)rotate(-72.1188)rotateIntoBiaxial(d,1.5300,0.0000,d)nonlinear(d,1.5300,0.0000,50.0000,d)rotateFromBiaxial(d,1.5300,0.0000,d)linear(0,0,0,314.6634,d)nonlinear(6,0.0000,0.0000,57.0255,d)linear(0,0,0,485.7671,d)rotate(-10.7106)rotateIntoBiaxial(d,5.9004,0.0000,d)nonlinear(d,5.9004,0.0000,50.0000,d)rotateFromBiaxial(d,5.9004,0.0000,d)linear(0,0,0,276.0462,d)
10396,0,40,16.6120,20.1311,init()rotateIntoBiaxial(d,0.0114,0.0000,d)nonlinear(d,0.0114,0.0000,250.0000,d)rotateFromBiaxial(d,0.0114,0.0000,d)nonlinear(6,0.0000,0.0000,1.8773,d)rotateIntoBiaxial(d,39.1412,0.0000,d)nonlinear(d,39.1412,0.0000,50.0000,d)rotateFromBiaxial(d,39.1412,0.0000,d)rotate(179.4920)rotateIntoBiaxial(d,139.3839,0.0000,d)nonlinear(d,139.3839,0.0000,150.0000,d)rotateFromBiaxial(d,139.3839,0.0000,d)nonlinear(6,0.0000,0.0000,13.2334,d)rotate(-55.5645)rotateIntoBiaxial(d,3.0840,0.0000,d)nonlinear(d,3.0840,0.0000,50.0000,d)rotateFromBiaxial(d,3.0840,0.0000,d)linear(0,0,0,101.3284,d)nonlinear(6,0.0000,0.0000,31.8977,d)linear(0,0,0,574.6282,d)rotate(-16.5116)rotateIntoBiaxial(d,4.4424,0.0000,d)nonlinear(d,4.4424,0.0000,50.0000,d)rotateFromBiaxial(d,4.4424,0.0000,d)linear(0,0,0,225.7211,d)
10442,0,40,18.4572,20.1311,init()rotateIntoBiaxial(d,3.1567,0.0000,d)nonlinear(d,3.1567,0.0000,250.0000,d)rotateFromBiaxial(d,3.1567,0.0000,d)nonlinear(6,0.0000,0.0000,0.7290,d)rotateIntoBiaxial(d,41.5519,0.0000,d)nonlinear(d,41.5519,0.0000,50.0000,d)rotateFromBiaxial(d,41.5519,0.0000,d)rotate(179.9655)rotateIntoBiaxial(d,139.5276,0.0000,d)nonlinear(d,139.5276,0.0000,200.0000,d)rotateFromBiaxial(d,139.5276,0.0000,d)nonlinear(6,0.0000,0.0000,14.6081,d)rotate(-68.1019)rotateIntoBiaxial(d,1.6112,0.0000,d)nonlinear(d,1.6112,0.0000,50.0000,d)rotateFromBiaxial(d,1.6112,0.0000,d)linear(0,0,0,190.9866,d)nonlinear(6,0.0000,0.0000,8.3583,d)linear(0,0,0,527.6022,d)rotate(-22.0721)rotateIntoBiaxial(d,1.4105,0.0000,d)nonlinear(d,1.4105,0.0000,50.0000,d)rotateFromBiaxial(d,1.4105,0.0000,d)linear(0,0,0,710.8190,d)
10488,0,40,19.0855,20.1311,init()rotateIntoBiaxial(d,1.1742,0.0000,d)nonlinear(d,1.1742,0.0000,250.0000,d)rotateFromBiaxial(d,1.1742,0.0000,d)nonlinear(6,0.0000,0.0000,2.1015,d)rotateIntoBiaxial(d,40.5225,0.0000,d)nonlinear(d,40.5225,0.0000,50.0000,d)rotateFromBiaxial(d,40.5225,0.0000,d)rotate(175.5127)rotateIntoBiaxial(d,139.6908,0.0000,d)nonlinear(d,139.6908,0.0000,200.0000,d)rotateFromBiaxial(d,139.6908,0.0000,d)nonlinear(6,0.0000,0.0000,0.7829,d)rotate(-60.2690)rotateIntoBiaxial(d,1.8020,0.0000,d)nonlinear(d,1.8020,0.0000,50.0000,d)rotateFromBiaxial(d,1.8020,0.0000,d)nonlinear(6,0.0000,0.0000,14.6299,d)linear(0,0,0,165.5860,d)nonlinear(6,0.0000,0.0000,59.5056,d)linear(0,0,0,528.3223,d)rotate(-27.4141)rotateIntoBiaxial(d,0.9218,0.0000,d)nonlinear(d,0.9218,0.0000,50.0000,d)rotateFromBiaxial(d,0.9218,0.0000,d)linear(0,0,0,518.1022,d)
10534,0,40,19.0163,20.1311,init()rotateIntoBiaxial(d,0.7430,0.0000,d)nonlinear(d,0.7430,0.0000,250.0000,d)rotateFromBiaxial(d,0.7430,0.0000,d)rotateIntoBiaxial(d,39.9069,0.0000,d)nonlinear(d,39.9069,0.0000,50.0000,d)rotateFromBiaxial(d,39.9069,0.0000,d)rotate(179.6939)rotateIntoBiaxial(d,139.8014,0.0000,d)nonlinear(d,139.8014,0.0000,200.0000,d)rotateFromBiaxial(d,139.8014,0.0000,d)nonlinear(6,0.0000,0.0000,10.7464,d)rotate(-50.2329)rotateIntoBiaxial(d,5.3652,0.0000,d)nonlinear(d,5.3652,0.0000,50.0000,d)rotateFromBiaxial(d,5.3652,0.0000,d)nonlinear(6,0.0000,0.0000,4.2056,d)linear(0,0,0,249.4169,d)nonlinear(6,0.0000,0.0000,8.2550,d)linear(0,0,0,530.6124,d)rotate(-26.7038)rotateIntoBiaxial(d,0.6842,0.0000,d)nonlinear(d,0.6842,0.0000,50.0000,d)rotateFromBiaxial(d,0.6842,0.0000,d)linear(0,0,0,592.1186,d)
10580,0,40,18.5944,20.1311,init()rotateIntoBiaxial(d,0.2056,0.0000,d)nonlinear(d,0.2056,0.0000,250.0000,d)rotateFromBiaxial(d,0.2056,0.0000,d)rotateIntoBiaxial(d,41.4715,0.0000,d)nonlinear(d,41.4715,0.0000,50.0000,d)rotateFromBiaxial(d,41.4715,0.0000,d)rotate(178.4448)rotateIntoBiaxial(d,139.5547,0.0000,d)nonlinear(d,139.5547,0.0000,200.0000,d)rotateFromBiaxial(d,139.5547,0.0000,d)nonlinear(6,0.0000,0.0000,3.7589,d)rotate(-60.0665)rotateIntoBiaxial(d,1.0227,0.0000,d)nonlinear(d,1.0227,0.0000,50.0000,d)rotateFromBiaxial(d,1.0227,0.0000,d)linear(0,0,0,190.6719,d)nonlinear(6,0.0000,0.0000,29.4113,d)linear(0,0,0,571.5738,d)rotate(-16.5617)rotateIntoBiaxial(d,0.1589,0.0000,d)nonlinear(d,0.1589,0.0000,50.0000,d)rotateFromBiaxial(d,0.1589,0.0000,d)linear(0,0,0,488.6586,d)
10626,0,40,18.9584,20.1311,init()rotateIntoBiaxial(d,0.8207,0.0000,d)nonlinear(d,0.8207,0.0000,250.0000,d)rotateFromBiaxial(d,0.8207,0.0000,d)rotateIntoBiaxial(d,39.4183,0.0000,d)nonlinear(d,39.4183,0.0000,50.0000,d)rotateFromBiaxial(d,39.4183,0.0000,d)rotate(179.9102)rotateIntoBiaxial(d,139.7234,0.0000,d)nonlinear(d,139.7234,0.0000,200.0000,d)rotateFromBiaxial(d,139.7234,0.0000,d)nonlinear(6,0.0000,0.0000,5.5900,d)rotate(-57.1053)rotateIntoBiaxial(d,1.8937,0.0000,d)nonlinear(d,1.8937,0.0000,50.0000,d)rotateFromBiaxial(d,1.8937,0.0000,d)linear(0,0,0,166.0363,d)nonlinear(6,0.0000,0.0000,11.2023,d)linear(0,0,0,570.7702,d)rotateIntoBiaxial(d,5.7204,0.0000,d)nonlinear(d,5.7204,0.0000,50.0000,d)rotateFromBiaxial(d,5.7204,0.0000,d)nonlinear(6,0.0000,0.0000,1.8475,d)linear(0,0,0,325.2182,d)
10672,0,40,17.7155,20.1311,init()rotateIntoBiaxial(d,0.8698,0.0000,d)nonlinear(d,0.8698,0.0000,250.0000,d)rotateFromBiaxial(d,0.8698,0.0000,d)linear(0,0,0,1.2878,d)rotateIntoBiaxial(d,40.1873,0.0000,d)nonlinear(d,40.1873,0.0000,50.0000,d)rotateFromBiaxial(d,40.1873,0.0000,d)rotate(179.9763)rotateIntoBiaxial(d,139.9163,0.0000,d)nonlinear(d,139.9163,0.0000,200.0000,d)rotateFromBiaxial(d,139.9163,0.0000,d)nonlinear(6,0.0000,0.0000,15.1707,d)rotate(-57.2955)rotateIntoBiaxial(d,7.6520,0.0000,d)nonlinear(d,7.6520,0.0000,50.0000,d)rotateFromBiaxial(d,7.6520,0.0000,d)linear(0,0,0,203.9904,d)nonlinear(6,0.0000,0.0000,25.1028,d)linear(0,0,0,578.5753,d)rotate(-32.7285)rotateIntoBiaxial(d,2.2117,0.0000,d)nonlinear(d,2.2117,0.0000,100.0000,d)rotateFromBiaxial(d,2.2117,0.0000,d)linear(0,0,0,318.4043,d)
10718,0,40,18.4509,20.1311,init()rotateIntoBiaxial(d,1.3253,0.0000,d)nonlinear(d,1.3253,0.0000,250.0000,d)rotateFromBiaxial(d,1.3253,0.0000,d)rotateIntoBiaxial(d,39.6220,0.0000,d)nonlinear(d,39.6220,0.0000,50.0000,d)rotateFromBiaxial(d,39.6220,0.0000,d)rotate(179.8086)rotateIntoBiaxial(d,139.6706,0.0000,d)nonlinear(d,139.6706,0.0000,200.0000,d)rotateFromBiaxial(d,139.6706,0.0000,d)nonlinear(6,0.0000,0.0000,24.3235,d)rotate(-73.2213)rotateIntoBiaxial(d,3.9744,0.0000,d)nonlinear(d,3.9744,0.0000,50.0000,d)rotateFromBiaxial(d,3.9744,0.0000,d)nonlinear(6,0.0000,0.0000,31.6124,d)linear(0,0,0,541.7953,d)rotate(-20.2129)rotateIntoBiaxial(d,7.7174,0.0000,d)nonlinear(d,7.7174,0.0000,50.0000,d)rotateFromBiaxial(d,7.7174,0.0000,d)linear(0,0,0,375.7601,d)
10764,0,40,18.5695,20.1311,init()rotateIntoBiaxial(d,1.5368,0.0000,d)nonlinear(d,1.5368,0.0000,250.0000,d)rotateFromBiaxial(d,1.5368,0.0000,d)nonlinear(6,0.0000,0.0000,4.2145,d)rotateIntoBiaxial(d,42.5956,0.0000,d)nonlinear(d,42.5956,0.0000,50.0000,d)rotateFromBiaxial(d,42.5956,0.0000,d)rotate(178.9209)rotateIntoBiaxial(d,139.7296,0.0000,d)nonlinear(d,139.7296,0.0000,200.0000,d)rotateFromBiaxial(d,139.7296,0.0000,d)nonlinear(6,0.0000,0.0000,5.9200,d)rotate(-63.8000)rotateIntoBiaxial(d,0.2617,0.0000,d)nonlinear(d,0.2617,0.0000,50.0000,d)rotateFromBiaxial(d,0.2617,0.0000,d)nonlinear(6,0.0000,0.0000,1.0185,d)linear(0,0,0,170.2921,d)linear(0,0,0,547.6268,d)rotate(-5.8165)rotateIntoBiaxial(d,8.2568,0.0000,d)nonlinear(d,8.2568,0.0000,50.0000,d)rotateFromBiaxial(d,8.2568,0.0000,d)linear(0,0,0,316.1339,d)
10810,0,40,18.8268,20.1311,init()rotateIntoBiaxial(d,1.0993,0.0000,d)nonlinear(d,1.0993,0.0000,250.0000,d)rotateFromBiaxial(d,1.0993,0.0000,d)nonlinear(6,0.0000,0.0000,7.6207,d)rotateIntoBiaxial(d,39.8847,0.0000,d)nonlinear(d,39.8847,0.0000,50.0000,d)rotateFromBiaxial(d,39.8847,0.0000,d)rotate(174.3918)rotateIntoBiaxial(d,139.7302,0.0000,d)nonlinear(d,139.7302,0.0000,200.0000,d)rotateFromBiaxial(d,139.7302,0.0000,d)nonlinear(6,0.0000,0.0000,10.2164,d)rotate(-59.4699)rotateIntoBiaxial(d,0.1605,0.0000,d)nonlinear(d,0.1605,0.0000,50.0000,d)rotateFromBiaxial(d,0.1605,0.0000,d)nonlinear(6,0.0000,0.0000,2.8409,d)linear(0,0,0,235.1106,d)nonlinear(6,0.0000,0.0000,32.0693,d)linear(0,0,0,724.2651,d)rotate(-12.1519)rotateIntoBiaxial(d,4.1671,0.0000,d)nonlinear(d,4.1671,0.0000,100.0000,d)rotateFromBiaxial(d,4.1671,0.0000,d)linear(0,0,0,626.6611,d)
10856,0,40,19.3050,20.1311,init()rotateIntoBiaxial(d,1.5606,0.0000,d)nonlinear(d,1.5606,0.0000,250.0000,d)rotateFromBiaxial(d,1.5606,0.0000,d)rotateIntoBiaxial(d,40.0315,0.0000,d)nonlinear(d,40.0315,0.0000,50.0000,d)rotateFromBiaxial(d,40.0315,0.0000,d)rotate(178.9568)rotateIntoBiaxial(d,139.7876,0.0000,d)nonlinear(d,139.7876,0.0000,200.0000,d)rotateFromBiaxial(d,139.7876,0.0000,d)nonlinear(6,0.0000,0.0000,10.2440,d)rotate(-58.6236)rotateIntoBiaxial(d,1.6878,0.0000,d)nonlinear(d,1.6878,0.0000,50.0000,d)rotateFromBiaxial(d,1.6878,0.0000,d)linear(0,0,0,279.2110,d)linear(0,0,0,605.7811,d)rotate(-2.5669)rotateIntoBiaxial(d,1.3578,0.0000,d)nonlinear(d,1.3578,0.0000,100.0000,d)rotateFromBiaxial(d,1.3578,0.0000,d)linear(0,0,0,657.2135,d)
10902,0,40,19.2604,20.1311,init()rotateIntoBiaxial(d,1.8568,0.0000,d)nonlinear(d,1.8568,0.0000,250.0000,d)rotateFromBiaxial(d,1.8568,0.0000,d)nonlinear(6,0.0000,0.0000,0.8898,d)rotateIntoBiaxial(d,39.8044,0.0000,d)nonlinear(d,39.8044,0.0000,50.0000,d)rotateFromBiaxial(d,39.8044,0.0000,d)rotate(179.5046)rotateIntoBiaxial(d,139.5615,0.0000,d)nonlinear(d,139.5615,0.0000,200.0000,d)rotateFromBiaxial(d,139.5615,0.0000,d)nonlinear(6,0.0000,0.0000,20.7111,d)rotate(-83.4661)rotateIntoBiaxial(d,0.3378,0.0000,d)nonlinear(d,0.3378,0.0000,50.0000,d)rotateFromBiaxial(d,0.3378,0.0000,d)nonlinear(6,0.0000,0.0000,2.5909,d)linear(0,0,0,216.9273,d)linear(0,0,0,726.2200,d)rotate(-11.1290)rotateIntoBiaxial(d,9.2387,0.0000,d)nonlinear(d,9.2387,0.0000,100.0000,d)rotateFromBiaxial(d,9.2387,0.0000,d)linear(0,0,0,323.3465,d)
10948,0,40,19.3662,20.1311,init()rotateIntoBiaxial(d,0.4876,0.0000,d)nonlinear(d,0.4876,0.0000,250.0000,d)rotateFromBiaxial(d,0.4876,0.0000,d)nonlinear(6,0.0000,0.0000,2.3817,d)rotateIntoBiaxial(d,41.6156,0.0000,d)nonlinear(d,41.6156,0.0000,50.0000,d)rotateFromBiaxial(d,41.6156,0.0000,d)rotate(178.5162)rotateIntoBiaxial(d,139.8323,0.0000,d)nonlinear(d,139.8323,0.0000,200.0000,d)rotateFromBiaxial(d,139.8323,0.0000,d)nonlinear(6,0.0000,0.0000,2.7212,d)rotate(-64.2263)rotateIntoBiaxial(d,0.6349,0.0000,d)nonlinear(d,0.6349,0.0000,50.0000,d)rotateFromBiaxial(d,0.6349,0.0000,d)nonlinear(6,0.0000,0.0000,0.8468,d)linear(0,0,0,226.3187,d)linear(0,0,0,517.0366,d)rotate(-3.2598)rotateIntoBiaxial(d,4.5924,0.0000,d)nonlinear(d,4.5924,0.0000,100.0000,d)rotateFromBiaxial(d,4.5924,0.0000,d)linear(0,0,0,328.0020,d)
10994,0,40,17.3351,20.1311,init()rotateIntoBiaxial(d,0.3556,0.0000,d)nonlinear(d,0.3556,0.0000,300.0000,d)rotateFromBiaxial(d,0.3556,0.0000,d)nonlinear(6,0.0000,0.0000,4.8045,d)rotateIntoBiaxial(d,40.4682,0.0000,d)nonlinear(d,40.4682,0.0000,50.0000,d)rotateFromBiaxial(d,40.4682,0.0000,d)rotate(179.3686)rotateIntoBiaxial(d,139.9708,0.0000,d)nonlinear(d,139.9708,0.0000,200.0000,d)rotateFromBiaxial(d,139.9708,0.0000,d)nonlinear(6,0.0000,0.0000,11.3172,d)rotate(-65.5943)rotateIntoBiaxial(d,4.5134,0.0000,d)nonlinear(d,4.5134,0.0000,50.0000,d)rotateFromBiaxial(d,4.5134,0.0000,d)linear(0,0,0,408.7582,d)linear(0,0,0,739.9813,d)rotate(-34.6896)rotateIntoBiaxial(d,2.4114,0.0000,d)nonlinear(d,2.4114,0.0000,100.0000,d)rotateFromBiaxial(d,2.4114,0.0000,d)nonlinear(6,0.0000,0.0000,0.0216,d)linear(0,0,0,511.0521,d)
11040,0,40,17.7418,20.1311,init()rotateIntoBiaxial(d,0.0261,0.0000,d)nonlinear(d,0.0261,0.0000,300.0000,d)rotateFromBiaxial(d,0.0261,0.0000,d)nonlinear(6,0.0000,0.0000,3.2740,d)rotateIntoBiaxial(d,40.9412,0.0000,d)nonlinear(d,40.9412,0.0000,50.0000,d)rotateFromBiaxial(d,40.9412,0.0000,d)rotate(171.4605)rotateIntoBiaxial(d,139.9203,0.0000,d)nonlinear(d,139.9203,0.0000,200.0000,d)rotateFromBiaxial(d,139.9203,0.0000,d)nonlinear(6,0.0000,0.0000,8.6958,d)rotate(-69.6998)rotateIntoBiaxial(d,3.2229,0.0000,d)nonlinear(d,3.2229,0.0000,50.0000,d)rotateFromBiaxial(d,3.2229,0.0000,d)linear(0,0,0,357.7545,d)nonlinear(6,0.0000,0.0000,10.9316,d)linear(0,0,0,949.6684,d)rotateIntoBiaxial(d,1.2409,0.0000,d)nonlinear(d,1.2409,0.0000,100.0000,d)rotateFromBiaxial(d,1.2409,0.0000,d)linear(0,0,0,380.6188,d)
11086,0,40,19.3058,20.1311,init()rotateIntoBiaxial(d,1.9730,0.0000,d)nonlinear(d,1.9730,0.0000,250.0000,d)rotateFromBiaxial(d,1.9730,0.0000,d)nonlinear(6,0.0000,0.0000,5.1779,d)rotateIntoBiaxial(d,41.3602,0.0000,d)nonlinear(d,41.3602,0.0000,50.0000,d)rotateFromBiaxial(d,41.3602,0.0000,d)rotate(178.9773)rotateIntoBiaxial(d,139.9280,0.0000,d)nonlinear(d,139.9280,0.0000,200.0000,d)rotateFromBiaxial(d,139.9280,0.0000,d)nonlinear(6,0.0000,0.0000,4.8563,d)rotate(-56.1246)rotateIntoBiaxial(d,3.0742,0.0000,d)nonlinear(d,3.0742,0.0000,50.0000,d)rotateFromBiaxial(d,3.0742,0.0000,d)nonlinear(6,0.0000,0.0000,2.8734,d)linear(0,0,0,342.5514,d)linear(0,0,0,661.3828,d)rotate(-15.4936)rotateIntoBiaxial(d,2.9461,0.0000,d)nonlinear(d,2.9461,0.0000,100.0000,d)rotateFromBiaxial(d,2.9461,0.0000,d)linear(0,0,0,634.3878,d)
11132,0,40,17.2646,20.1311,init()rotateIntoBiaxial(d,2.3719,0.0000,d)nonlinear(d,2.3719,0.0000,250.0000,d)rotateFromBiaxial(d,2.3719,0.0000,d)nonlinear(6,0.0000,0.0000,14.2910,d)rotateIntoBiaxial(d,40.2210,0.0000,d)nonlinear(d,40.2210,0.0000,50.0000,d)rotateFromBiaxial(d,40.2210,0.0000,d)rotate(178.0642)rotateIntoBiaxial(d,139.8983,0.0000,d)nonlinear(d,139.8983,0.0000,200.0000,d)rotateFromBiaxial(d,139.8983,0.0000,d)nonlinear(6,0.0000,0.0000,27.6727,d)rotate(-63.2970)rotateIntoBiaxial(d,4.5671,0.0000,d)nonlinear(d,4.5671,0.0000,50.0000,d)rotateFromBiaxial(d,4.5671,0.0000,d)nonlinear(6,0.0000,0.0000,0.8213,d)linear(0,0,0,235.7409,d)linear(0,0,0,831.6551,d)rotate(-6.8433)rotateIntoBiaxial(d,2.7853,0.0000,d)nonlinear(d,2.7853,0.0000,100.0000,d)rotateFromBiaxial(d,2.7853,0.0000,d)nonlinear(6,0.0000,0.0000,0.3495,d)linear(0,0,0,402.2257,d)
11178,0,40,17.9439,20.1311,init()rotateIntoBiaxial(d,2.3424,0.0000,d)nonlinear(d,2.3424,0.0000,250.0000,d)rotateFromBiaxial(d,2.3424,0.0000,d)nonlinear(6,0.0000,0.0000,19.7734,d)rotateIntoBiaxial(d,39.9561,0.0000,d)nonlinear(d,39.9561,0.0000,50.0000,d)rotateFromBiaxial(d,39.9561,0.0000,d)rotate(179.2516)rotateIntoBiaxial(d,139.8547,0.0000,d)nonlinear(d,139.8547,0.0000,200.0000,d)rotateFromBiaxial(d,139.8547,0.0000,d)nonlinear(6,0.0000,0.0000,1.0300,d)rotate(-67.9379)rotateIntoBiaxial(d,0.7831,0.0000,d)nonlinear(d,0.7831,0.0000,50.0000,d)rotateFromBiaxial(d,0.7831,0.0000,d)nonlinear(6,0.0000,0.0000,0.1324,d)linear(0,0,0,205.7899,d)linear(0,0,0,748.4917,d)rotate(-10.5044)rotateIntoBiaxial(d,3.1220,0.0000,d)nonlinear(d,3.1220,0.0000,100.0000,d)rotateFromBiaxial(d,3.1220,0.0000,d)linear(0,0,0,328.1876,d)
11224,0,40,18.1855,20.1311,init()rotateIntoBiaxial(d,0.2581,0.0000,d)nonlinear(d,0.2581,0.0000,250.0000,d)rotateFromBiaxial(d,0.2581,0.0000,d)nonlinear(6,0.0000,0.0000,2.8839,d)rotateIntoBiaxial(d,43.2898,0.0000,d)nonlinear(d,43.2898,0.0000,50.0000,d)rotateFromBiaxial(d,43.2898,0.0000,d)rotate(179.1423)rotateIntoBiaxial(d,140.0163,0.0000,d)nonlinear(d,140.0163,0.0000,250.0000,d)rotateFromBiaxial(d,140.0163,0.0000,d)nonlinear(6,0.0000,0.0000,17.9231,d)rotate(-69.8819)rotateIntoBiaxial(d,2.1470,0.0000,d)nonlinear(d,2.1470,0.0000,50.0000,d)rotateFromBiaxial(d,2.1470,0.0000,d)nonlinear(6,0.0000,0.0000,1.8422,d)linear(0,0,0,278.6791,d)linear(0,0,0,865.3167,d)rotate(-12.0737)rotateIntoBiaxial(d,4.4942,0.0000,d)nonlinear(d,4.4942,0.0000,100.0000,d)rotateFromBiaxial(d,4.4942,0.0000,d)linear(0,0,0,436.6662,d)
11270,0,40,18.8217,20.1311,init()rotateIntoBiaxial(d,1.3247,0.0000,d)nonlinear(d,1.3247,0.0000,300.0000,d)rotateFromBiaxial(d,1.3247,0.0000,d)nonlinear(6,0.0000,0.0000,12.9590,d)rotateIntoBiaxial(d,39.7370,0.0000,d)nonlinear(d,39.7370,0.0000,50.0000,d)rotateFromBiaxial(d,39.7370,0.0000,d)rotate(179.7038)rotateIntoBiaxial(d,139.6223,0.0000,d)nonlinear(d,139.6223,0.0000,250.0000,d)rotateFromBiaxial(d,139.6223,0.0000,d)nonlinear(6,0.0000,0.0000,34.9012,d)rotate(-74.6389)rotateIntoBiaxial(d,1.9463,0.0000,d)nonlinear(d,1.9463,0.0000,50.0000,d)rotateFromBiaxial(d,1.9463,0.0000,d)nonlinear(6,0.0000,0.0000,0.4536,d)linear(0,0,0,488.8451,d)linear(0,0,0,758.8036,d)rotateIntoBiaxial(d,1.0575,0.0000,d)nonlinear(d,1.0575,0.0000,100.0000,d)rotateFromBiaxial(d,1.0575,0.0000,d)linear(0,0,0,324.4179,d)
11316,0,40,18.2986,20.1311,init()rotateIntoBiaxial(d,0.3084,0.0000,d)nonlinear(d,0.3084,0.0000,250.0000,d)rotateFromBiaxial(d,0.3084,0.0000,d)nonlinear(6,0.0000,0.0000,13.0250,d)rotateIntoBiaxial(d,39.4605,0.0000,d)nonlinear(d,39.4605,0.0000,50.0000,d)rotateFromBiaxial(d,39.4605,0.0000,d)rotate(179.9684)rotateIntoBiaxial(d,139.6187,0.0000,d)nonlinear(d,139.6187,0.0000,200.0000,d)rotateFromBiaxial(d,139.6187,0.0000,d)nonlinear(6,0.0000,0.0000,6.7538,d)rotate(-67.5673)rotateIntoBiaxial(d,0.5674,0.0000,d)nonlinear(d,0.5674,0.0000,50.0000,d)rotateFromBiaxial(d,0.5674,0.0000,d)linear(0,0,0,369.0041,d)nonlinear(6,0.0000,0.0000,19.1823,d)linear(0,0,0,583.3173,d)rotate(-31.4671)rotateIntoBiaxial(d,1.4473,0.0000,d)nonlinear(d,1.4473,0.0000,100.0000,d)rotateFromBiaxial(d,1.4473,0.0000,d)linear(0,0,0,243.1186,d)
11362,0,40,17.6878,20.1311,init()rotateIntoBiaxial(d,0.3210,0.0000,d)nonlinear(d,0.3210,0.0000,250.0000,d)rotateFromBiaxial(d,0.3210,0.0000,d)nonlinear(6,0.0000,0.0000,9.7892,d)rotateIntoBiaxial(d,39.2861,0.0000,d)nonlinear(d,39.2861,0.0000,50.0000,d)rotateFromBiaxial(d,39.2861,0.0000,d)rotate(177.7625)rotateIntoBiaxial(d,139.8061,0.0000,d)nonlinear(d,139.8061,0.0000,200.0000,d)rotateFromBiaxial(d,139.8061,0.0000,d)nonlinear(6,0.0000,0.0000,6.3501,d)rotate(-66.1073)rotateIntoBiaxial(d,0.7808,0.0000,d)nonlinear(d,0.7808,0.0000,50.0000,d)rotateFromBiaxial(d,0.7808,0.0000,d)nonlinear(6,0.0000,0.0000,0.3439,d)linear(0,0,0,401.3169,d)nonlinear(6,0.0000,0.0000,37.7212,d)linear(0,0,0,914.7753,d)rotate(-9.5665)rotateIntoBiaxial(d,0.4889,0.0000,d)nonlinear(d,0.4889,0.0000,150.0000,d)rotateFromBiaxial(d,0.4889,0.0000,d)linear(0,0,0,319.5383,d)
11408,0,40,19.3085,20.1311,init()rotateIntoBiaxial(d,1.1100,0.0000,d)nonlinear(d,1.1100,0.0000,250.0000,d)rotateFromBiaxial(d,1.1100,0.0000,d)nonlinear(6,0.0000,0.0000,2.9685,d)rotateIntoBiaxial(d,40.5683,0.0000,d)nonlinear(d,40.5683,0.0000,50.0000,d)rotateFromBiaxial(d,40.5683,0.0000,d)rotate(179.9328)rotateIntoBiaxial(d,139.5613,0.0000,d)nonlinear(d,139.5613,0.0000,200.0000,d)rotateFromBiaxial(d,139.5613,0.0000,d)nonlinear(6,0.0000,0.0000,14.3783,d)rotate(-70.8445)rotateIntoBiaxial(d,0.1978,0.0000,d)nonlinear(d,0.1978,0.0000,50.0000,d)rotateFromBiaxial(d,0.1978,0.0000,d)nonlinear(6,0.0000,0.0000,3.7444,d)linear(0,0,0,484.8249,d)linear(0,0,0,774.8262,d)rotate(-8.0245)rotateIntoBiaxial(d,0.0283,0.0000,d)nonlinear(d,0.0283,0.0000,100.0000,d)rotateFromBiaxial(d,0.0283,0.0000,d)linear(0,0,0,244.6849,d)
11454,0,40,18.2947,20.1311,init()rotateIntoBiaxial(d,0.0080,0.0000,d)nonlinear(d,0.0080,0.0000,250.0000,d)rotateFromBiaxial(d,0.0080,0.0000,d)nonlinear(6,0.0000,0.0000,10.8454,d)rotateIntoBiaxial(d,40.2293,0.0000,d)nonlinear(d,40.2293,0.0000,50.0000,d)rotateFromBiaxial(d,40.2293,0.0000,d)rotate(179.1922)rotateIntoBiaxial(d,139.8470,0.0000,d)nonlinear(d,139.8470,0.0000,200.0000,d)rotateFromBiaxial(d,139.8470,0.0000,d)nonlinear(6,0.0000,0.0000,12.9829,d)rotate(-63.9637)rotateIntoBiaxial(d,0.0147,0.0000,d)nonlinear(d,0.0147,0.0000,50.0000,d)rotateFromBiaxial(d,0.0147,0.0000,d)nonlinear(6,0.0000,0.0000,1.0949,d)linear(0,0,0,506.1537,d)linear(0,0,0,658.6856,d)rotateIntoBiaxial(d,1.1570,0.0000,d)nonlinear(d,1.1570,0.0000,100.0000,d)rotateFromBiaxial(d,1.1570,0.0000,d)nonlinear(6,0.0000,0.0000,3.6703,d)linear(0,0,0,219.0383,d)
11500,0,40,17.7738,20.1311,init()rotateIntoBiaxial(d,0.9468,0.0000,d)nonlinear(d,0.9468,0.0000,250.0000,d)rotateFromBiaxial(d,0.9468,0.0000,d)nonlinear(6,0.0000,0.0000,9.8607,d)rotateIntoBiaxial(d,39.3026,0.0000,d)nonlinear(d,39.3026,0.0000,50.0000,d)rotateFromBiaxial(d,39.3026,0.0000,d)rotate(175.5658)rotateIntoBiaxial(d,139.6813,0.0000,d)nonlinear(d,139.6813,0.0000,200.0000,d)rotateFromBiaxial(d,139.6813,0.0000,d)nonlinear(6,0.0000,0.0000,6.0721,d)rotate(-77.9282)rotateIntoBiaxial(d,1.0289,0.0000,d)nonlinear(d,1.0289,0.0000,100.0000,d)rotateFromBiaxial(d,1.0289,0.0000,d)nonlinear(6,0.0000,0.0000,37.6956,d)linear(0,0,0,517.6946,d)nonlinear(6,0.0000,0.0000,5.6398,d)linear(0,0,0,622.4835,d)rotateIntoBiaxial(d,2.1667,0.0000,d)nonlinear(d,2.1667,0.0000,150.0000,d)rotateFromBiaxial(d,2.1667,0.0000,d)nonlinear(6,0.0000,0.0000,0.1035,d)linear(0,0,0,86.3307,d)
11546,0,40,18.3206,20.1311,init()rotateIntoBiaxial(d,1.7518,0.0000,d)nonlinear(d,1.7518,0.0000,250.0000,d)rotateFromBiaxial(d,1.7518,0.0000,d)nonlinear(6,0.0000,0.0000,12.1029,d)rotateIntoBiaxial(d,39.5671,0.0000,d)nonlinear(d,39.5671,0.0000,50.0000,d)rotateFromBiaxial(d,39.5671,0.0000,d)rotate(179.7492)rotateIntoBiaxial(d,139.7294,0.0000,d)nonlinear(d,139.7294,0.0000,200.0000,d)rotateFromBiaxial(d,139.7294,0.0000,d)nonlinear(6,0.0000,0.0000,19.3815,d)rotate(-68.3034)rotateIntoBiaxial(d,2.4582,0.0000,d)nonlinear(d,2.4582,0.0000,50.0000,d)rotateFromBiaxial(d,2.4582,0.0000,d)nonlinear(6,0.0000,0.0000,26.5600,d)linear(0,0,0,665.3971,d)nonlinear(6,0.0000,0.0000,25.4045,d)linear(0,0,0,582.8765,d)rotate(-2.4156)rotateIntoBiaxial(d,0.5361,0.0000,d)nonlinear(d,0.5361,0.0000,150.0000,d)rotateFromBiaxial(d,0.5361,0.0000,d)nonlinear(6,0.0000,0.0000,0.8597,d)linear(0,0,0,192.1067,d)
11592,0,40,18.3939,20.1311,init()rotateIntoBiaxial(d,2.0771,0.0000,d)nonlinear(d,2.0771,0.0000,250.0000,d)rotateFromBiaxial(d,2.0771,0.0000,d)nonlinear(6,0.0000,0.0000,12.3612,d)rotateIntoBiaxial(d,40.0660,0.0000,d)nonlinear(d,40.0660,0.0000,50.0000,d)rotateFromBiaxial(d,40.0660,0.0000,d)rotate(179.3357)rotateIntoBiaxial(d,139.8550,0.0000,d)nonlinear(d,139.8550,0.0000,200.0000,d)rotateFromBiaxial(d,139.8550,0.0000,d)nonlinear(6,0.0000,0.0000,7.8365,d)rotate(-68.7975)rotateIntoBiaxial(d,1.0686,0.0000,d)nonlinear(d,1.0686,0.0000,50.0000,d)rotateFromBiaxial(d,1.0686,0.0000,d)nonlinear(6,0.0000,0.0000,1.4604,d)linear(0,0,0,573.5705,d)linear(0,0,0,622.5829,d)rotateIntoBiaxial(d,1.6177,0.0000,d)nonlinear(d,1.6177,0.0000,100.0000,d)rotateFromBiaxial(d,1.6177,0.0000,d)linear(0,0,0,193.3419,d)
11638,0,40,18.8828,20.1311,init()rotateIntoBiaxial(d,2.3162,0.0000,d)nonlinear(d,2.3162,0.0000,250.0000,d)rotateFromBiaxial(d,2.3162,0.0000,d)nonlinear(6,0.0000,0.0000,4.1243,d)rotateIntoBiaxial(d,39.2891,0.0000,d)nonlinear(d,39.2891,0.0000,50.0000,d)rotateFromBiaxial(d,39.2891,0.0000,d)rotate(179.9215)rotateIntoBiaxial(d,139.6663,0.0000,d)nonlinear(d,139.6663,0.0000,200.0000,d)rotateFromBiaxial(d,139.6663,0.0000,d)nonlinear(6,0.0000,0.0000,8.0093,d)rotate(-58.9834)rotateIntoBiaxial(d,3.3679,0.0000,d)nonlinear(d,3.3679,0.0000,50.0000,d)rotateFromBiaxial(d,3.3679,0.0000,d)nonlinear(6,0.0000,0.0000,17.1171,d)linear(0,0,0,689.2751,d)linear(0,0,0,579.1950,d)rotateIntoBiaxial(d,5.4269,0.0000,d)nonlinear(d,5.4269,0.0000,100.0000,d)rotateFromBiaxial(d,5.4269,0.0000,d)nonlinear(6,0.0000,0.0000,2.0252,d)linear(0,0,0,170.9736,d)
11684,0,40,21.4918,21.4918,init()rotateIntoBiaxial(d,0.3038,0.0000,d)nonlinear(d,0.3038,0.0000,250.0000,d)rotateFromBiaxial(d,0.3038,0.0000,d)nonlinear(6,0.0000,0.0000,2.8166,d)rotateIntoBiaxial(d,40.1778,0.0000,d)nonlinear(d,40.1778,0.0000,100.0000,d)rotateFromBiaxial(d,40.1778,0.0000,d)rotate(178.0420)rotateIntoBiaxial(d,139.9416,0.0000,d)nonlinear(d,139.9416,0.0000,200.0000,d)rotateFromBiaxial(d,139.9416,0.0000,d)nonlinear(6,0.0000,0.0000,10.6804,d)rotate(-76.5408)rotateIntoBiaxial(d,0.3530,0.0000,d)nonlinear(d,0.3530,0.0000,50.0000,d)rotateFromBiaxial(d,0.3530,0.0000,d)nonlinear(6,0.0000,0.0000,7.0982,d)linear(0,0,0,693.9000,d)nonlinear(6,0.0000,0.0000,15.0787,d)linear(0,0,0,601.5472,d)rotateIntoBiaxial(d,3.4726,0.0000,d)nonlinear(d,3.4726,0.0000,150.0000,d)rotateFromBiaxial(d,3.4726,0.0000,d)nonlinear(6,0.0000,0.0000,9.8338,d)linear(0,0,0,244.7830,d)
11730,0,40,21.3760,21.4918,init()rotateIntoBiaxial(d,2.2055,0.0000,d)nonlinear(d,2.2055,0.0000,300.0000,d)rotateFromBiaxial(d,2.2055,0.0000,d)nonlinear(6,0.0000,0.0000,0.9657,d)linear(0,0,0,41.9846,d)rotateIntoBiaxial(d,41.0460,0.0000,d)nonlinear(d,41.0460,0.0000,100.0000,d)rotateFromBiaxial(d,41.0460,0.0000,d)rotate(179.7602)rotateIntoBiaxial(d,139.9001,0.0000,d)nonlinear(d,139.9001,0.0000,200.0000,d)rotateFromBiaxial(d,139.9001,0.0000,d)nonlinear(6,0.0000,0.0000,2.4038,d)rotate(-69.4546)rotateIntoBiaxial(d,0.6599,0.0000,d)nonlinear(d,0.6599,0.0000,50.0000,d)rotateFromBiaxial(d,0.6599,0.0000,d)nonlinear(6,0.0000,0.0000,6.3838,d)linear(0,0,0,467.3739,d)linear(0,0,0,623.0862,d)rotate(-1.8208)rotateIntoBiaxial(d,6.4405,0.0000,d)nonlinear(d,6.4405,0.0000,100.0000,d)rotateFromBiaxial(d,6.4405,0.0000,d)nonlinear(6,0.0000,0.0000,0.1220,d)linear(0,0,0,409.4671,d)
11776,0,40,22.8953,21.4918,init()rotateIntoBiaxial(d,2.6212,0.0000,d)nonlinear(d,2.6212,0.0000,250.0000,d)rotateFromBiaxial(d,2.6212,0.0000,d)nonlinear(6,0.0000,0.0000,1.9811,d)rotateIntoBiaxial(d,40.6447,0.0000,d)nonlinear(d,40.6447,0.0000,100.0000,d)rotateFromBiaxial(d,40.6447,0.0000,d)rotate(179.1705)rotateIntoBiaxial(d,139.8030,0.0000,d)nonlinear(d,139.8030,0.0000,200.0000,d)rotateFromBiaxial(d,139.8030,0.0000,d)nonlinear(6,0.0000,0.0000,14.5322,d)rotate(-74.4903)rotateIntoBiaxial(d,0.1315,0.0000,d)nonlinear(d,0.1315,0.0000,50.0000,d)rotateFromBiaxial(d,0.1315,0.0000,d)nonlinear(6,0.0000,0.0000,0.0551,d)linear(0,0,0,496.1339,d)linear(0,0,0,579.2429,d)rotate(-8.4813)rotateIntoBiaxial(d,5.0669,0.0000,d)nonlinear(d,5.0669,0.0000,150.0000,d)rotateFromBiaxial(d,5.0669,0.0000,d)nonlinear(6,0.0000,0.0000,0.9877,d)linear(0,0,0,218.7735,d)
11822,0,40,17.7851,21.4918,init()rotateIntoBiaxial(d,0.0642,0.0000,d)nonlinear(d,0.0642,0.0000,250.0000,d)rotateFromBiaxial(d,0.0642,0.0000,d)nonlinear(6,0.0000,0.0000,4.0707,d)linear(0,0,0,11.1307,d)rotateIntoBiaxial(d,39.7213,0.0000,d)nonlinear(d,39.7213,0.0000,50.0000,d)rotateFromBiaxial(d,39.7213,0.0000,d)rotate(172.1170)rotateIntoBiaxial(d,139.7477,0.0000,d)nonlinear(d,139.7477,0.0000,200.0000,d)rotateFromBiaxial(d,139.7477,0.0000,d)nonlinear(6,0.0000,0.0000,7.2323,d)rotate(-60.5381)rotateIntoBiaxial(d,2.6762,0.0000,d)nonlinear(d,2.6762,0.0000,50.0000,d)rotateFromBiaxial(d,2.6762,0.0000,d)nonlinear(6,0.0000,0.0000,2.9885,d)linear(0,0,0,374.8408,d)nonlinear(6,0.0000,0.0000,0.6404,d)linear(0,0,0,598.6555,d)rotateIntoBiaxial(d,1.5982,0.0000,d)nonlinear(d,1.5982,0.0000,150.0000,d)rotateFromBiaxial(d,1.5982,0.0000,d)nonlinear(6,0.0000,0.0000,1.4313,d)linear(0,0,0,186.5615,d)rotate(2.0566)
11868,0,40,18.1266,21.4918,init()rotateIntoBiaxial(d,0.0028,0.0000,d)nonlinear(d,0.0028,0.0000,300.0000,d)rotateFromBiaxial(d,0.0028,0.0000,d)nonlinear(6,0.0000,0.0000,11.4079,d)rotateIntoBiaxial(d,40.6045,0.0000,d)nonlinear(d,40.6045,0.0000,50.0000,d)rotateFromBiaxial(d,40.6045,0.0000,d)rotate(177.4675)rotateIntoBiaxial(d,139.9230,0.0000,d)nonlinear(d,139.9230,0.0000,250.0000,d)rotateFromBiaxial(d,139.9230,0.0000,d)nonlinear(6,0.0000,0.0000,15.9459,d)rotate(-61.6685)rotateIntoBiaxial(d,1.1497,0.0000,d)nonlinear(d,1.1497,0.0000,50.0000,d)rotateFromBiaxial(d,1.1497,0.0000,d)nonlinear(6,0.0000,0.0000,10.2950,d)linear(0,0,0,435.0437,d)linear(0,0,0,639.5878,d)rotateIntoBiaxial(d,0.2037,0.0000,d)nonlinear(d,0.2037,0.0000,100.0000,d)rotateFromBiaxial(d,0.2037,0.0000,d)nonlinear(6,0.0000,0.0000,0.0136,d)linear(0,0,0,180.1405,d)rotate(4.3961)
11914,0,40,23.2600,23.2600,init()rotateIntoBiaxial(d,0.4124,0.0000,d)nonlinear(d,0.4124,0.0000,300.0000,d)rotateFromBiaxial(d,0.4124,0.0000,d)nonlinear(6,0.0000,0.0000,22.6355,d)rotateIntoBiaxial(d,39.9726,0.0000,d)nonlinear(d,39.9726,0.0000,100.0000,d)rotateFromBiaxial(d,39.9726,0.0000,d)rotate(177.7961)rotateIntoBiaxial(d,139.5770,0.0000,d)nonlinear(d,139.5770,0.0000,200.0000,d)rotateFromBiaxial(d,139.5770,0.0000,d)nonlinear(6,0.0000,0.0000,6.6603,d)rotate(-72.5495)rotateIntoBiaxial(d,3.5480,0.0000,d)nonlinear(d,3.5480,0.0000,50.0000,d)rotateFromBiaxial(d,3.5480,0.0000,d)nonlinear(6,0.0000,0.0000,6.7516,d)linear(0,0,0,258.3586,d)linear(0,0,0,646.6640,d)rotateIntoBiaxial(d,0.4249,0.0000,d)nonlinear(d,0.4249,0.0000,150.0000,d)rotateFromBiaxial(d,0.4249,0.0000,d)
11960,0,40,19.4949,23.2600,init()rotateIntoBiaxial(d,0.4637,0.0000,d)nonlinear(d,0.4637,0.0000,250.0000,d)rotateFromBiaxial(d,0.4637,0.0000,d)nonlinear(6,0.0000,0.0000,0.1739,d)rotateIntoBiaxial(d,41.1756,0.0000,d)nonlinear(d,41.1756,0.0000,50.0000,d)rotateFromBiaxial(d,41.1756,0.0000,d)rotate(178.7265)rotateIntoBiaxial(d,139.8342,0.0000,d)nonlinear(d,139.8342,0.0000,250.0000,d)rotateFromBiaxial(d,139.8342,0.0000,d)nonlinear(6,0.0000,0.0000,9.2993,d)rotate(-55.6752)rotateIntoBiaxial(d,2.7734,0.0000,d)nonlinear(d,2.7734,0.0000,50.0000,d)rotateFromBiaxial(d,2.7734,0.0000,d)nonlinear(6,0.0000,0.0000,0.2311,d)linear(0,0,0,535.6375,d)linear(0,0,0,682.1612,d)rotateIntoBiaxial(d,2.1543,0.0000,d)nonlinear(d,2.1543,0.0000,150.0000,d)rotateFromBiaxial(d,2.1543,0.0000,d)nonlinear(6,0.0000,0.0000,1.8661,d)linear(0,0,0,57.1302,d)
12006,0,40,16.7020,23.2600,init()rotateIntoBiaxial(d,2.2344,0.0000,d)nonlinear(d,2.2344,0.0000,250.0000,d)rotateFromBiaxial(d,2.2344,0.0000,d)nonlinear(6,0.0000,0.0000,4.9373,d)rotateIntoBiaxial(d,39.6682,0.0000,d)nonlinear(d,39.6682,0.0000,100.0000,d)rotateFromBiaxial(d,39.6682,0.0000,d)linear(0,0,0,4.3401,d)rotate(170.7295)rotateIntoBiaxial(d,139.9806,0.0000,d)nonlinear(d,139.9806,0.0000,200.0000,d)rotateFromBiaxial(d,139.9806,0.0000,d)nonlinear(6,0.0000,0.0000,6.1318,d)rotate(-62.6173)rotateIntoBiaxial(d,0.4886,0.0000,d)nonlinear(d,0.4886,0.0000,50.0000,d)rotateFromBiaxial(d,0.4886,0.0000,d)nonlinear(6,0.0000,0.0000,0.5690,d)linear(0,0,0,501.1423,d)linear(0,0,0,628.9262,d)rotateIntoBiaxial(d,4.0605,0.0000,d)nonlinear(d,4.0605,0.0000,150.0000,d)rotateFromBiaxial(d,4.0605,0.0000,d)nonlinear(6,0.0000,0.0000,5.2585,d)linear(0,0,0,77.4628,d)
12052,0,40,21.1472,23.2600,init()rotateIntoBiaxial(d,0.6760,0.0000,d)nonlinear(d,0.6760,0.0000,300.0000,d)rotateFromBiaxial(d,0.6760,0.0000,d)nonlinear(6,0.0000,0.0000,23.3077,d)rotateIntoBiaxial(d,40.6771,0.0000,d)nonlinear(d,40.6771,0.0000,100.0000,d)rotateFromBiaxial(d,40.6771,0.0000,d)rotate(173.3468)rotateIntoBiaxial(d,139.5131,0.0000,d)nonlinear(d,139.5131,0.0000,200.0000,d)rotateFromBiaxial(d,139.5131,0.0000,d)nonlinear(6,0.0000,0.0000,0.5720,d)rotate(-72.9497)rotateIntoBiaxial(d,0.3426,0.0000,d)nonlinear(d,0.3426,0.0000,50.0000,d)rotateFromBiaxial(d,0.3426,0.0000,d)nonlinear(6,0.0000,0.0000,10.2460,d)linear(0,0,0,518.2101,d)linear(0,0,0,704.5064,d)rotateIntoBiaxial(d,3.9977,0.0000,d)nonlinear(d,3.9977,0.0000,200.0000,d)rotateFromBiaxial(d,3.9977,0.0000,d)
12098,0,40,21.7274,23.2600,init()rotateIntoBiaxial(d,1.5139,0.0000,d)nonlinear(d,1.5139,0.0000,250.0000,d)rotateFromBiaxial(d,1.5139,0.0000,d)nonlinear(6,0.0000,0.0000,1.6820,d)rotateIntoBiaxial(d,40.8034,0.0000,d)nonlinear(d,40.8034,0.0000,100.0000,d)rotateFromBiaxial(d,40.8034,0.0000,d)linear(0,0,0,1.2244,d)rotate(179.7250)rotateIntoBiaxial(d,140.1029,0.0000,d)nonlinear(d,140.1029,0.0000,250.0000,d)rotateFromBiaxial(d,140.1029,0.0000,d)nonlinear(6,0.0000,0.0000,16.0994,d)rotate(-67.7441)rotateIntoBiaxial(d,2.2849,0.0000,d)nonlinear(d,2.2849,0.0000,50.0000,d)rotateFromBiaxial(d,2.2849,0.0000,d)nonlinear(6,0.0000,0.0000,11.8678,d)linear(0,0,0,595.6147,d)linear(0,0,0,826.4872,d)rotateIntoBiaxial(d,3.3123,0.0000,d)nonlinear(d,3.3123,0.0000,150.0000,d)rotateFromBiaxial(d,3.3123,0.0000,d)linear(0,0,0,58.9908,d)
12144,0,40,17.8980,23.2600,init()rotateIntoBiaxial(d,0.1767,0.0000,d)nonlinear(d,0.1767,0.0000,250.0000,d)rotateFromBiaxial(d,0.1767,0.0000,d)nonlinear(6,0.0000,0.0000,7.5150,d)rotateIntoBiaxial(d,40.9399,0.0000,d)nonlinear(d,40.9399,0.0000,50.0000,d)rotateFromBiaxial(d,40.9399,0.0000,d)rotate(179.8815)rotateIntoBiaxial(d,139.9528,0.0000,d)nonlinear(d,139.9528,0.0000,200.0000,d)rotateFromBiaxial(d,139.9528,0.0000,d)nonlinear(6,0.0000,0.0000,30.0659,d)rotate(-72.5248)rotateIntoBiaxial(d,0.3088,0.0000,d)nonlinear(d,0.3088,0.0000,50.0000,d)rotateFromBiaxial(d,0.3088,0.0000,d)nonlinear(6,0.0000,0.0000,0.6627,d)linear(0,0,0,591.7017,d)linear(0,0,0,842.9809,d)rotateIntoBiaxial(d,1.7011,0.0000,d)nonlinear(d,1.7011,0.0000,100.0000,d)rotateFromBiaxial(d,1.7011,0.0000,d)linear(0,0,0,162.0703,d)
12190,0,40,18.2631,23.2600,init()rotateIntoBiaxial(d,1.4111,0.0000,d)nonlinear(d,1.4111,0.0000,250.0000,d)rotateFromBiaxial(d,1.4111,0.0000,d)nonlinear(6,0.0000,0.0000,12.4814,d)linear(0,0,0,3.8769,d)rotateIntoBiaxial(d,40.9643,0.0000,d)nonlinear(d,40.9643,0.0000,50.0000,d)rotateFromBiaxial(d,40.9643,0.0000,d)rotate(173.9814)rotateIntoBiaxial(d,139.8782,0.0000,d)nonlinear(d,139.8782,0.0000,200.0000,d)rotateFromBiaxial(d,139.8782,0.0000,d)nonlinear(6,0.0000,0.0000,16.5742,d)rotate(-77.5286)rotateIntoBiaxial(d,0.0322,0.0000,d)nonlinear(d,0.0322,0.0000,50.0000,d)rotateFromBiaxial(d,0.0322,0.0000,d)nonlinear(6,0.0000,0.0000,6.9866,d)linear(0,0,0,429.1222,d)linear(0,0,0,740.6955,d)rotateIntoBiaxial(d,1.2339,0.0000,d)nonlinear(d,1.2339,0.0000,150.0000,d)rotateFromBiaxial(d,1.2339,0.0000,d)linear(0,0,0,5.3281,d)
12236,0,40,19.3198,23.2600,init()rotateIntoBiaxial(d,2.0723,0.0000,d)nonlinear(d,2.0723,0.0000,250.0000,d)rotateFromBiaxial(d,2.0723,0.0000,d)nonlinear(6,0.0000,0.0000,7.9269,d)rotateIntoBiaxial(d,40.6651,0.0000,d)nonlinear(d,40.6651,0.0000,50.0000,d)rotateFromBiaxial(d,40.6651,0.0000,d)rotate(178.0508)rotateIntoBiaxial(d,139.7581,0.0000,d)nonlinear(d,139.7581,0.0000,200.0000,d)rotateFromBiaxial(d,139.7581,0.0000,d)nonlinear(6,0.0000,0.0000,9.0403,d)rotate(-67.1163)rotateIntoBiaxial(d,0.0157,0.0000,d)nonlinear(d,0.0157,0.0000,50.0000,d)rotateFromBiaxial(d,0.0157,0.0000,d)nonlinear(6,0.0000,0.0000,2.2909,d)linear(0,0,0,495.6806,d)linear(0,0,0,583.6537,d)rotateIntoBiaxial(d,3.0577,0.0000,d)nonlinear(d,3.0577,0.0000,150.0000,d)rotateFromBiaxial(d,3.0577,0.0000,d)
12282,0,40,22.3861,23.2600,init()rotateIntoBiaxial(d,0.4410,0.0000,d)nonlinear(d,0.4410,0.0000,300.0000,d)rotateFromBiaxial(d,0.4410,0.0000,d)nonlinear(6,0.0000,0.0000,0.6118,d)linear(0,0,0,33.5565,d)rotateIntoBiaxial(d,40.8134,0.0000,d)nonlinear(d,40.8134,0.0000,100.0000,d)rotateFromBiaxial(d,40.8134,0.0000,d)rotate(171.1878)rotateIntoBiaxial(d,139.6674,0.0000,d)nonlinear(d,139.6674,0.0000,200.0000,d)rotateFromBiaxial(d,139.6674,0.0000,d)nonlinear(6,0.0000,0.0000,20.1391,d)rotate(-71.3372)rotateIntoBiaxial(d,0.3535,0.0000,d)nonlinear(d,0.3535,0.0000,50.0000,d)rotateFromBiaxial(d,0.3535,0.0000,d)nonlinear(6,0.0000,0.0000,0.3350,d)linear(0,0,0,481.7605,d)linear(0,0,0,765.4361,d)rotateIntoBiaxial(d,5.9838,0.0000,d)nonlinear(d,5.9838,0.0000,150.0000,d)rotateFromBiaxial(d,5.9838,0.0000,d)linear(0,0,0,90.8190,d)rotate(4.0134)
12328,0,40,15.7634,23.2600,init()rotateIntoBiaxial(d,0.0412,0.0000,d)nonlinear(d,0.0412,0.0000,300.0000,d)rotateFromBiaxial(d,0.0412,0.0000,d)nonlinear(6,0.0000,0.0000,5.1857,d)linear(0,0,0,63.3535,d)rotateIntoBiaxial(d,40.8860,0.0000,d)nonlinear(d,40.8860,0.0000,50.0000,d)rotateFromBiaxial(d,40.8860,0.0000,d)rotate(172.0603)rotateIntoBiaxial(d,139.7715,0.0000,d)nonlinear(d,139.7715,0.0000,200.0000,d)rotateFromBiaxial(d,139.7715,0.0000,d)nonlinear(6,0.0000,0.0000,20.0948,d)rotate(-80.1344)rotateIntoBiaxial(d,0.3837,0.0000,d)nonlinear(d,0.3837,0.0000,50.0000,d)rotateFromBiaxial(d,0.3837,0.0000,d)nonlinear(6,0.0000,0.0000,2.5674,d)linear(0,0,0,442.5050,d)linear(0,0,0,851.5711,d)rotateIntoBiaxial(d,4.0295,0.0000,d)nonlinear(d,4.0295,0.0000,100.0000,d)rotateFromBiaxial(d,4.0295,0.0000,d)nonlinear(6,0.0000,0.0000,7.4485,d)linear(0,0,0,47.4255,d)rotate(2.2614)
12374,0,40,22.5915,23.2600,init()rotateIntoBiaxial(d,0.0223,0.0000,d)nonlinear(d,0.0223,0.0000,300.0000,d)rotateFromBiaxial(d,0.0223,0.0000,d)nonlinear(6,0.0000,0.0000,2.4265,d)rotateIntoBiaxial(d,40.1772,0.0000,d)nonlinear(d,40.1772,0.0000,100.0000,d)rotateFromBiaxial(d,40.1772,0.0000,d)linear(0,0,0,10.3790,d)rotate(178.9955)rotateIntoBiaxial(d,139.3242,0.0000,d)nonlinear(d,139.3242,0.0000,200.0000,d)rotateFromBiaxial(d,139.3242,0.0000,d)nonlinear(6,0.0000,0.0000,13.4955,d)rotate(-76.0304)rotateIntoBiaxial(d,4.0026,0.0000,d)nonlinear(d,4.0026,0.0000,50.0000,d)rotateFromBiaxial(d,4.0026,0.0000,d)nonlinear(6,0.0000,0.0000,3.9739,d)linear(0,0,0,385.8608,d)linear(0,0,0,641.1861,d)rotateIntoBiaxial(d,1.7086,0.0000,d)nonlinear(d,1.7086,0.0000,150.0000,d)rotateFromBiaxial(d,1.7086,0.0000,d)linear(0,0,0,89.2494,d)
12420,0,40,18.9404,23.2600,init()rotateIntoBiaxial(d,2.0055,0.0000,d)nonlinear(d,2.0055,0.0000,300.0000,d)rotateFromBiaxial(d,2.0055,0.0000,d)nonlinear(6,0.0000,0.0000,3.0041,d)rotateIntoBiaxial(d,40.7625,0.0000,d)nonlinear(d,40.7625,0.0000,50.0000,d)rotateFromBiaxial(d,40.7625,0.0000,d)linear(0,0,0,15.0808,d)rotate(178.3729)rotateIntoBiaxial(d,139.6947,0.0000,d)nonlinear(d,139.6947,0.0000,200.0000,d)rotateFromBiaxial(d,139.6947,0.0000,d)nonlinear(6,0.0000,0.0000,14.4989,d)rotate(-68.0254)rotateIntoBiaxial(d,1.7411,0.0000,d)nonlinear(d,1.7411,0.0000,50.0000,d)rotateFromBiaxial(d,1.7411,0.0000,d)nonlinear(6,0.0000,0.0000,1.3685,d)linear(0,0,0,498.8358,d)linear(0,0,0,639.2945,d)rotateIntoBiaxial(d,1.7269,0.0000,d)nonlinear(d,1.7269,0.0000,200.0000,d)rotateFromBiaxial(d,1.7269,0.0000,d)nonlinear(6,0.0000,0.0000,9.1302,d)
12466,0,40,16.5104,23.2600,init()rotateIntoBiaxial(d,2.8784,0.0000,d)nonlinear(d,2.8784,0.0000,250.0000,d)rotateFromBiaxial(d,2.8784,0.0000,d)nonlinear(6,0.0000,0.0000,0.2354,d)rotateIntoBiaxial(d,41.1683,0.0000,d)nonlinear(d,41.1683,0.0000,50.0000,d)rotateFromBiaxial(d,41.1683,0.0000,d)linear(0,0,0,7.4300,d)rotate(179.6722)rotateIntoBiaxial(d,140.1256,0.0000,d)nonlinear(d,140.1256,0.0000,200.0000,d)rotateFromBiaxial(d,140.1256,0.0000,d)nonlinear(6,0.0000,0.0000,26.1935,d)rotate(-74.3650)rotateIntoBiaxial(d,0.6671,0.0000,d)nonlinear(d,0.6671,0.0000,50.0000,d)rotateFromBiaxial(d,0.6671,0.0000,d)nonlinear(6,0.0000,0.0000,7.2421,d)linear(0,0,0,367.6044,d)linear(0,0,0,723.6792,d)rotate(-1.2159)rotateIntoBiaxial(d,2.2344,0.0000,d)nonlinear(d,2.2344,0.0000,150.0000,d)rotateFromBiaxial(d,2.2344,0.0000,d)linear(0,0,0,41.4938,d)rotate(4.3223)
12512,0,40,21.2788,23.2600,init()rotateIntoBiaxial(d,0.4916,0.0000,d)nonlinear(d,0.4916,0.0000,250.0000,d)rotateFromBiaxial(d,0.4916,0.0000,d)nonlinear(6,0.0000,0.0000,2.8491,d)rotateIntoBiaxial(d,40.6875,0.0000,d)nonlinear(d,40.6875,0.0000,100.0000,d)rotateFromBiaxial(d,40.6875,0.0000,d)rotate(176.6878)rotateIntoBiaxial(d,139.3395,0.0000,d)nonlinear(d,139.3395,0.0000,200.0000,d)rotateFromBiaxial(d,139.3395,0.0000,d)nonlinear(6,0.0000,0.0000,12.1485,d)rotate(-72.5228)rotateIntoBiaxial(d,0.8907,0.0000,d)nonlinear(d,0.8907,0.0000,50.0000,d)rotateFromBiaxial(d,0.8907,0.0000,d)nonlinear(6,0.0000,0.0000,9.9719,d)linear(0,0,0,432.0775,d)linear(0,0,0,767.8343,d)rotate(-3.2611)rotateIntoBiaxial(d,3.1722,0.0000,d)nonlinear(d,3.1722,0.0000,150.0000,d)rotateFromBiaxial(d,3.1722,0.0000,d)nonlinear(6,0.0000,0.0000,11.5587,d)
12558,0,40,18.9955,23.2600,init()rotateIntoBiaxial(d,1.0355,0.0000,d)nonlinear(d,1.0355,0.0000,250.0000,d)rotateFromBiaxial(d,1.0355,0.0000,d)nonlinear(6,0.0000,0.0000,9.7888,d)rotateIntoBiaxial(d,41.4342,0.0000,d)nonlinear(d,41.4342,0.0000,50.0000,d)rotateFromBiaxial(d,41.4342,0.0000,d)rotate(174.9689)rotateIntoBiaxial(d,139.7772,0.0000,d)nonlinear(d,139.7772,0.0000,200.0000,d)rotateFromBiaxial(d,139.7772,0.0000,d)nonlinear(6,0.0000,0.0000,19.8573,d)rotate(-74.4507)rotateIntoBiaxial(d,2.4008,0.0000,d)nonlinear(d,2.4008,0.0000,50.0000,d)rotateFromBiaxial(d,2.4008,0.0000,d)nonlinear(6,0.0000,0.0000,9.3007,d)linear(0,0,0,515.0274,d)linear(0,0,0,624.2022,d)rotateIntoBiaxial(d,3.0338,0.0000,d)nonlinear(d,3.0338,0.0000,150.0000,d)rotateFromBiaxial(d,3.0338,0.0000,d)nonlinear(6,0.0000,0.0000,7.1678,d)linear(0,0,0,87.8632,d)
12604,0,40,21.4686,23.2600,init()rotateIntoBiaxial(d,0.8337,0.0000,d)nonlinear(d,0.8337,0.0000,300.0000,d)rotateFromBiaxial(d,0.8337,0.0000,d)nonlinear(6,0.0000,0.0000,12.6847,d)rotateIntoBiaxial(d,40.8173,0.0000,d)nonlinear(d,40.8173,0.0000,100.0000,d)rotateFromBiaxial(d,40.8173,0.0000,d)linear(0,0,0,34.8299,d)rotate(174.3452)rotateIntoBiaxial(d,139.7889,0.0000,d)nonlinear(d,139.7889,0.0000,200.0000,d)rotateFromBiaxial(d,139.7889,0.0000,d)nonlinear(6,0.0000,0.0000,15.9968,d)rotate(-80.2003)rotateIntoBiaxial(d,8.3355,0.0000,d)nonlinear(d,8.3355,0.0000,50.0000,d)rotateFromBiaxial(d,8.3355,0.0000,d)nonlinear(6,0.0000,0.0000,10.8450,d)linear(0,0,0,562.8028,d)linear(0,0,0,599.8672,d)rotate(-1.7798)rotateIntoBiaxial(d,0.9440,0.0000,d)nonlinear(d,0.9440,0.0000,123.0486,d)rotateFromBiaxial(d,0.9440,0.0000,d)nonlinear(6,0.0000,0.0000,4.6305,d)linear(0,0,0,185.1412,d)
12650,0,40,19.1158,23.2600,init()rotateIntoBiaxial(d,1.4688,0.0000,d)nonlinear(d,1.4688,0.0000,300.0000,d)rotateFromBiaxial(d,1.4688,0.0000,d)nonlinear(6,0.0000,0.0000,6.7721,d)rotateIntoBiaxial(d,39.9506,0.0000,d)nonlinear(d,39.9506,0.0000,50.0000,d)rotateFromBiaxial(d,39.9506,0.0000,d)rotate(177.6763)rotateIntoBiaxial(d,139.7106,0.0000,d)nonlinear(d,139.7106,0.0000,250.0000,d)rotateFromBiaxial(d,139.7106,0.0000,d)nonlinear(6,0.0000,0.0000,8.2815,d)rotate(-76.5727)rotateIntoBiaxial(d,1.7098,0.0000,d)nonlinear(d,1.7098,0.0000,50.0000,d)rotateFromBiaxial(d,1.7098,0.0000,d)nonlinear(6,0.0000,0.0000,10.2822,d)linear(0,0,0,552.5994,d)linear(0,0,0,754.1207,d)rotateIntoBiaxial(d,3.0474,0.0000,d)nonlinear(d,3.0474,0.0000,100.0000,d)rotateFromBiaxial(d,3.0474,0.0000,d)linear(0,0,0,181.0322,d)
12696,0,40,24.2883,24.2883,init()rotateIntoBiaxial(d,0.4594,0.0000,d)nonlinear(d,0.4594,0.0000,250.0000,d)rotateFromBiaxial(d,0.4594,0.0000,d)nonlinear(6,0.0000,0.0000,9.9911,d)rotateIntoBiaxial(d,40.7338,0.0000,d)nonlinear(d,40.7338,0.0000,100.0000,d)rotateFromBiaxial(d,40.7338,0.0000,d)rotate(179.3804)rotateIntoBiaxial(d,139.9435,0.0000,d)nonlinear(d,139.9435,0.0000,250.0000,d)rotateFromBiaxial(d,139.9435,0.0000,d)nonlinear(6,0.0000,0.0000,7.9285,d)rotate(-85.1286)rotateIntoBiaxial(d,4.4869,0.0000,d)nonlinear(d,4.4869,0.0000,50.0000,d)rotateFromBiaxial(d,4.4869,0.0000,d)nonlinear(6,0.0000,0.0000,16.8275,d)linear(0,0,0,551.6854,d)linear(0,0,0,420.8679,d)rotateIntoBiaxial(d,3.4843,0.0000,d)nonlinear(d,3.4843,0.0000,150.0000,d)rotateFromBiaxial(d,3.4843,0.0000,d)nonlinear(6,0.0000,0.0000,4.4744,d)linear(0,0,0,86.9180,d)
12742,0,40,23.3463,24.2883,init()rotateIntoBiaxial(d,0.6819,0.0000,d)nonlinear(d,0.6819,0.0000,250.0000,d)rotateFromBiaxial(d,0.6819,0.0000,d)nonlinear(6,0.0000,0.0000,1.2630,d)rotateIntoBiaxial(d,41.4508,0.0000,d)nonlinear(d,41.4508,0.0000,100.0000,d)rotateFromBiaxial(d,41.4508,0.0000,d)linear(0,0,0,10.9169,d)rotate(179.4050)rotateIntoBiaxial(d,140.0693,0.0000,d)nonlinear(d,140.0693,0.0000,250.0000,d)rotateFromBiaxial(d,140.0693,0.0000,d)nonlinear(6,0.0000,0.0000,15.4887,d)rotate(-78.4796)rotateIntoBiaxial(d,3.3539,0.0000,d)nonlinear(d,3.3539,0.0000,50.0000,d)rotateFromBiaxial(d,3.3539,0.0000,d)nonlinear(6,0.0000,0.0000,2.4474,d)linear(0,0,0,364.4614,d)linear(0,0,0,594.7201,d)rotateIntoBiaxial(d,0.2442,0.0000,d)nonlinear(d,0.2442,0.0000,100.0000,d)rotateFromBiaxial(d,0.2442,0.0000,d)nonlinear(6,0.0000,0.0000,0.0167,d)linear(0,0,0,117.9837,d)
12788,0,40,22.1148,24.2883,init()rotateIntoBiaxial(d,2.8141,0.0000,d)nonlinear(d,2.8141,0.0000,300.0000,d)rotateFromBiaxial(d,2.8141,0.0000,d)nonlinear(6,0.0000,0.0000,1.5384,d)rotateIntoBiaxial(d,40.4393,0.0000,d)nonlinear(d,40.4393,0.0000,100.0000,d)rotateFromBiaxial(d,40.4393,0.0000,d)linear(0,0,0,63.9257,d)rotate(179.9164)rotateIntoBiaxial(d,139.8242,0.0000,d)nonlinear(d,139.8242,0.0000,250.0000,d)rotateFromBiaxial(d,139.8242,0.0000,d)nonlinear(6,0.0000,0.0000,25.5258,d)rotate(-75.4286)rotateIntoBiaxial(d,0.0201,0.0000,d)nonlinear(d,0.0201,0.0000,50.0000,d)rotateFromBiaxial(d,0.0201,0.0000,d)nonlinear(6,0.0000,0.0000,7.3203,d)linear(0,0,0,578.2667,d)linear(0,0,0,548.4085,d)rotate(-5.9907)rotateIntoBiaxial(d,2.1981,0.0000,d)nonlinear(d,2.1981,0.0000,100.0000,d)rotateFromBiaxial(d,2.1981,0.0000,d)
12834,0,40,26.8830,26.8830,init()rotateIntoBiaxial(d,0.1236,0.0000,d)nonlinear(d,0.1236,0.0000,300.0000,d)rotateFromBiaxial(d,0.1236,0.0000,d)nonlinear(6,0.0000,0.0000,1.2170,d)rotateIntoBiaxial(d,40.6738,0.0000,d)nonlinear(d,40.6738,0.0000,100.0000,d)rotateFromBiaxial(d,40.6738,0.0000,d)linear(0,0,0,0.9119,d)rotate(179.9972)rotateIntoBiaxial(d,139.8565,0.0000,d)nonlinear(d,139.8565,0.0000,250.0000,d)rotateFromBiaxial(d,139.8565,0.0000,d)nonlinear(6,0.0000,0.0000,8.0408,d)rotate(-73.6544)rotateIntoBiaxial(d,5.0575,0.0000,d)nonlinear(d,5.0575,0.0000,50.0000,d)rotateFromBiaxial(d,5.0575,0.0000,d)nonlinear(6,0.0000,0.0000,10.5353,d)linear(0,0,0,427.7545,d)linear(0,0,0,705.9758,d)rotateIntoBiaxial(d,4.4764,0.0000,d)nonlinear(d,4.4764,0.0000,150.0000,d)rotateFromBiaxial(d,4.4764,0.0000,d)linear(0,0,0,323.9923,d)
12880,0,40,23.8511,26.8830,init()rotateIntoBiaxial(d,1.3745,0.0000,d)nonlinear(d,1.3745,0.0000,250.0000,d)rotateFromBiaxial(d,1.3745,0.0000,d)nonlinear(6,0.0000,0.0000,6.1475,d)rotateIntoBiaxial(d,40.8535,0.0000,d)nonlinear(d,40.8535,0.0000,100.0000,d)rotateFromBiaxial(d,40.8535,0.0000,d)linear(0,0,0,44.5542,d)rotate(172.3787)rotateIntoBiaxial(d,139.7116,0.0000,d)nonlinear(d,139.7116,0.0000,250.0000,d)rotateFromBiaxial(d,139.7116,0.0000,d)nonlinear(6,0.0000,0.0000,1.3781,d)rotate(-66.0828)rotateIntoBiaxial(d,5.3459,0.0000,d)nonlinear(d,5.3459,0.0000,50.0000,d)rotateFromBiaxial(d,5.3459,0.0000,d)nonlinear(6,0.0000,0.0000,6.2635,d)linear(0,0,0,430.7303,d)rotate(4.4439)linear(0,0,0,691.5258,d)rotateIntoBiaxial(d,1.9225,0.0000,d)nonlinear(d,1.9225,0.0000,150.0000,d)rotateFromBiaxial(d,1.9225,0.0000,d)nonlinear(6,0.0000,0.0000,0.7920,d)linear(0,0,0,107.0575,d)
12926,0,40,25.6995,26.8830,init()rotateIntoBiaxial(d,0.2201,0.0000,d)nonlinear(d,0.2201,0.0000,300.0000,d)rotateFromBiaxial(d,0.2201,0.0000,d)nonlinear(6,0.0000,0.0000,0.9940,d)rotateIntoBiaxial(d,40.7252,0.0000,d)nonlinear(d,40.7252,0.0000,100.0000,d)rotateFromBiaxial(d,40.7252,0.0000,d)linear(0,0,0,6.4956,d)rotate(169.7529)rotateIntoBiaxial(d,139.8764,0.0000,d)nonlinear(d,139.8764,0.0000,250.0000,d)rotateFromBiaxial(d,139.8764,0.0000,d)nonlinear(6,0.0000,0.0000,5.9652,d)rotate(-65.1386)rotateIntoBiaxial(d,6.8027,0.0000,d)nonlinear(d,6.8027,0.0000,50.0000,d)rotateFromBiaxial(d,6.8027,0.0000,d)nonlinear(6,0.0000,0.0000,10.7534,d)linear(0,0,0,567.3178,d)linear(0,0,0,673.2585,d)rotateIntoBiaxial(d,3.1390,0.0000,d)nonlinear(d,3.1390,0.0000,150.0000,d)rotateFromBiaxial(d,3.1390,0.0000,d)linear(0,0,0,142.7970,d)
12972,0,40,20.7984,26.8830,init()rotateIntoBiaxial(d,1.1895,0.0000,d)nonlinear(d,1.1895,0.0000,250.0000,d)rotateFromBiaxial(d,1.1895,0.0000,d)nonlinear(6,0.0000,0.0000,0.1932,d)rotateIntoBiaxial(d,39.3633,0.0000,d)nonlinear(d,39.3633,0.0000,100.0000,d)rotateFromBiaxial(d,39.3633,0.0000,d)linear(0,0,0,15.6202,d)rotate(178.0910)rotateIntoBiaxial(d,139.4556,0.0000,d)nonlinear(d,139.4556,0.0000,200.0000,d)rotateFromBiaxial(d,139.4556,0.0000,d)nonlinear(6,0.0000,0.0000,20.0460,d)linear(0,0,0,21.3668,d)rotate(-69.6707)rotateIntoBiaxial(d,6.2899,0.0000,d)nonlinear(d,6.2899,0.0000,50.0000,d)rotateFromBiaxial(d,6.2899,0.0000,d)nonlinear(6,0.0000,0.0000,4.4032,d)linear(0,0,0,554.9773,d)rotate(0.2711)linear(0,0,0,566.3395,d)rotateIntoBiaxial(d,4.7967,0.0000,d)nonlinear(d,4.7967,0.0000,150.0000,d)rotateFromBiaxial(d,4.7967,0.0000,d)nonlinear(6,0.0000,0.0000,5.7694,d)linear(0,0,0,209.0767,d)
13018,0,40,23.2636,26.8830,init()rotateIntoBiaxial(d,0.6938,0.0000,d)nonlinear(d,0.6938,0.0000,300.0000,d)rotateFromBiaxial(d,0.6938,0.0000,d)nonlinear(6,0.0000,0.0000,0.2650,d)rotateIntoBiaxial(d,39.6664,0.0000,d)nonlinear(d,39.6664,0.0000,100.0000,d)rotateFromBiaxial(d,39.6664,0.0000,d)linear(0,0,0,35.7449,d)rotate(172.8825)rotateIntoBiaxial(d,139.6320,0.0000,d)nonlinear(d,139.6320,0.0000,250.0000,d)rotateFromBiaxial(d,139.6320,0.0000,d)nonlinear(6,0.0000,0.0000,6.8624,d)rotate(-58.0366)rotateIntoBiaxial(d,7.1870,0.0000,d)nonlinear(d,7.1870,0.0000,50.0000,d)rotateFromBiaxial(d,7.1870,0.0000,d)nonlinear(6,0.0000,0.0000,2.7981,d)linear(0,0,0,775.7908,d)rotate(4.7280)linear(0,0,0,754.3239,d)rotateIntoBiaxial(d,3.2420,0.0000,d)nonlinear(d,3.2420,0.0000,150.0000,d)rotateFromBiaxial(d,3.2420,0.0000,d)nonlinear(6,0.0000,0.0000,2.2474,d)linear(0,0,0,224.7717,d)
13064,0,40,21.1156,26.8830,init()rotateIntoBiaxial(d,0.3076,0.0000,d)nonlinear(d,0.3076,0.0000,300.0000,d)rotateFromBiaxial(d,0.3076,0.0000,d)nonlinear(6,0.0000,0.0000,1.7839,d)rotateIntoBiaxial(d,40.7085,0.0000,d)nonlinear(d,40.7085,0.0000,100.0000,d)rotateFromBiaxial(d,40.7085,0.0000,d)linear(0,0,0,42.4441,d)rotate(179.9061)rotateIntoBiaxial(d,140.0345,0.0000,d)nonlinear(d,140.0345,0.0000,200.0000,d)rotateFromBiaxial(d,140.0345,0.0000,d)nonlinear(6,0.0000,0.0000,9.2148,d)rotate(-28.0917)rotateIntoBiaxial(d,3.1568,0.0000,d)nonlinear(d,3.1568,0.0000,50.0000,d)rotateFromBiaxial(d,3.1568,0.0000,d)nonlinear(6,0.0000,0.0000,5.2975,d)linear(0,0,0,815.5971,d)rotate(34.4385)linear(0,0,0,502.3618,d)rotateIntoBiaxial(d,2.5507,0.0000,d)nonlinear(d,2.5507,0.0000,100.0000,d)rotateFromBiaxial(d,2.5507,0.0000,d)nonlinear(6,0.0000,0.0000,0.7272,d)linear(0,0,0,490.9531,d)
13110,0,40,22.7476,26.8830,init()rotateIntoBiaxial(d,0.9290,0.0000,d)nonlinear(d,0.9290,0.0000,250.0000,d)rotateFromBiaxial(d,0.9290,0.0000,d)nonlinear(6,0.0000,0.0000,1.2724,d)rotateIntoBiaxial(d,41.0655,0.0000,d)nonlinear(d,41.0655,0.0000,100.0000,d)rotateFromBiaxial(d,41.0655,0.0000,d)linear(0,0,0,98.1633,d)rotate(179.3203)rotateIntoBiaxial(d,139.7029,0.0000,d)nonlinear(d,139.7029,0.0000,250.0000,d)rotateFromBiaxial(d,139.7029,0.0000,d)nonlinear(6,0.0000,0.0000,6.4571,d)rotate(-76.2261)rotateIntoBiaxial(d,0.7765,0.0000,d)nonlinear(d,0.7765,0.0000,50.0000,d)rotateFromBiaxial(d,0.7765,0.0000,d)nonlinear(6,0.0000,0.0000,1.9465,d)linear(0,0,0,592.8368,d)rotate(14.6660)linear(0,0,0,552.0766,d)rotateIntoBiaxial(d,1.9042,0.0000,d)nonlinear(d,1.9042,0.0000,100.0000,d)rotateFromBiaxial(d,1.9042,0.0000,d)nonlinear(6,0.0000,0.0000,1.8624,d)linear(0,0,0,317.8119,d)
13156,0,40,20.6251,26.8830,init()rotateIntoBiaxial(d,3.6096,0.0000,d)nonlinear(d,3.6096,0.0000,300.0000,d)rotateFromBiaxial(d,3.6096,0.0000,d)nonlinear(6,0.0000,0.0000,12.7309,d)rotateIntoBiaxial(d,39.8750,0.0000,d)nonlinear(d,39.8750,0.0000,100.0000,d)rotateFromBiaxial(d,39.8750,0.0000,d)linear(0,0,0,3.8374,d)rotate(175.5226)rotateIntoBiaxial(d,139.8468,0.0000,d)nonlinear(d,139.8468,0.0000,250.0000,d)rotateFromBiaxial(d,139.8468,0.0000,d)nonlinear(6,0.0000,0.0000,19.1665,d)linear(0,0,0,7.8904,d)rotate(-61.7628)rotateIntoBiaxial(d,5.6046,0.0000,d)nonlinear(d,5.6046,0.0000,50.0000,d)rotateFromBiaxial(d,5.6046,0.0000,d)nonlinear(6,0.0000,0.0000,2.3833,d)linear(0,0,0,911.3486,d)rotate(11.3372)linear(0,0,0,468.8921,d)rotateIntoBiaxial(d,1.4340,0.0000,d)nonlinear(d,1.4340,0.0000,150.0000,d)rotateFromBiaxial(d,1.4340,0.0000,d)nonlinear(6,0.0000,0.0000,1.8960,d)linear(0,0,0,398.2355,d)
13202,0,40,20.1231,26.8830,init()rotateIntoBiaxial(d,0.8980,0.0000,d)nonlinear(d,0.8980,0.0000,300.0000,d)rotateFromBiaxial(d,0.8980,0.0000,d)nonlinear(6,0.0000,0.0000,1.8401,d)rotateIntoBiaxial(d,39.8944,0.0000,d)nonlinear(d,39.8944,0.0000,100.0000,d)rotateFromBiaxial(d,39.8944,0.0000,d)linear(0,0,0,36.6709,d)rotate(164.7983)rotateIntoBiaxial(d,139.5419,0.0000,d)nonlinear(d,139.5419,0.0000,200.0000,d)rotateFromBiaxial(d,139.5419,0.0000,d)nonlinear(6,0.0000,0.0000,0.8481,d)rotate(-40.8478)rotateIntoBiaxial(d,12.0229,0.0000,d)nonlinear(d,12.0229,0.0000,50.0000,d)rotateFromBiaxial(d,12.0229,0.0000,d)nonlinear(6,0.0000,0.0000,5.4528,d)linear(0,0,0,652.7500,d)rotate(1.6986)linear(0,0,0,648.2954,d)rotateIntoBiaxial(d,0.6549,0.0000,d)nonlinear(d,0.6549,0.0000,100.0000,d)rotateFromBiaxial(d,0.6549,0.0000,d)nonlinear(6,0.0000,0.0000,6.4060,d)linear(0,0,0,203.1604,d)
13248,0,40,20.5957,26.8830,init()rotateIntoBiaxial(d,2.3345,0.0000,d)nonlinear(d,2.3345,0.0000,300.0000,d)rotateFromBiaxial(d,2.3345,0.0000,d)nonlinear(6,0.0000,0.0000,0.7465,d)rotateIntoBiaxial(d,40.1682,0.0000,d)nonlinear(d,40.1682,0.0000,100.0000,d)rotateFromBiaxial(d,40.1682,0.0000,d)rotate(156.5994)rotateIntoBiaxial(d,139.5852,0.0000,d)nonlinear(d,139.5852,0.0000,250.0000,d)rotateFromBiaxial(d,139.5852,0.0000,d)nonlinear(6,0.0000,0.0000,5.7930,d)rotate(-26.9448)rotateIntoBiaxial(d,8.2197,0.0000,d)nonlinear(d,8.2197,0.0000,50.0000,d)rotateFromBiaxial(d,8.2197,0.0000,d)nonlinear(6,0.0000,0.0000,7.2931,d)linear(0,0,0,673.0827,d)linear(0,0,0,634.2084,d)rotateIntoBiaxial(d,1.5365,0.0000,d)nonlinear(d,1.5365,0.0000,100.0000,d)rotateFromBiaxial(d,1.5365,0.0000,d)linear(0,0,0,362.6973,d)
13294,0,40,22.0616,26.8830,init()rotateIntoBiaxial(d,0.8411,0.0000,d)nonlinear(d,0.8411,0.0000,300.0000,d)rotateFromBiaxial(d,0.8411,0.0000,d)nonlinear(6,0.0000,0.0000,0.5962,d)rotateIntoBiaxial(d,40.8384,0.0000,d)nonlinear(d,40.8384,0.0000,100.0000,d)rotateFromBiaxial(d,40.8384,0.0000,d)rotate(159.0601)rotateIntoBiaxial(d,139.6215,0.0000,d)nonlinear(d,139.6215,0.0000,250.0000,d)rotateFromBiaxial(d,139.6215,0.0000,d)nonlinear(6,0.0000,0.0000,0.4870,d)rotate(-63.5962)rotateIntoBiaxial(d,5.9013,0.0000,d)nonlinear(d,5.9013,0.0000,50.0000,d)rotateFromBiaxial(d,5.9013,0.0000,d)nonlinear(6,0.0000,0.0000,0.0081,d)linear(0,0,0,616.0302,d)rotate(7.5101)linear(0,0,0,600.9370,d)rotateIntoBiaxial(d,1.7336,0.0000,d)nonlinear(d,1.7336,0.0000,100.0000,d)rotateFromBiaxial(d,1.7336,0.0000,d)linear(0,0,0,414.8719,d)
13340,0,40,24.0709,26.8830,init()rotateIntoBiaxial(d,1.6006,0.0000,d)nonlinear(d,1.6006,0.0000,300.0000,d)rotateFromBiaxial(d,1.6006,0.0000,d)nonlinear(6,0.0000,0.0000,1.2688,d)linear(0,0,0,17.9221,d)rotateIntoBiaxial(d,40.2323,0.0000,d)nonlinear(d,40.2323,0.0000,100.0000,d)rotateFromBiaxial(d,40.2323,0.0000,d)linear(0,0,0,2.0558,d)rotate(169.4794)rotateIntoBiaxial(d,139.6958,0.0000,d)nonlinear(d,139.6958,0.0000,250.0000,d)rotateFromBiaxial(d,139.6958,0.0000,d)nonlinear(6,0.0000,0.0000,2.9566,d)linear(0,0,0,37.4577,d)rotate(-49.2854)rotateIntoBiaxial(d,4.6402,0.0000,d)nonlinear(d,4.6402,0.0000,100.0000,d)rotateFromBiaxial(d,4.6402,0.0000,d)nonlinear(6,0.0000,0.0000,3.4167,d)linear(0,0,0,826.3438,d)rotate(12.7643)linear(0,0,0,688.0886,d)rotateIntoBiaxial(d,2.1638,0.0000,d)nonlinear(d,2.1638,0.0000,100.0000,d)rotateFromBiaxial(d,2.1638,0.0000,d)nonlinear(6,0.0000,0.0000,0.9396,d)linear(0,0,0,140.4331,d)
13386,0,40,24.4403,26.8830,init()rotateIntoBiaxial(d,0.6136,0.0000,d)nonlinear(d,0.6136,0.0000,300.0000,d)rotateFromBiaxial(d,0.6136,0.0000,d)nonlinear(6,0.0000,0.0000,3.4784,d)rotateIntoBiaxial(d,39.7855,0.0000,d)nonlinear(d,39.7855,0.0000,100.0000,d)rotateFromBiaxial(d,39.7855,0.0000,d)rotate(177.1460)rotateIntoBiaxial(d,139.4668,0.0000,d)nonlinear(d,139.4668,0.0000,250.0000,d)rotateFromBiaxial(d,139.4668,0.0000,d)nonlinear(6,0.0000,0.0000,3.7529,d)rotate(-45.8118)rotateIntoBiaxial(d,5.6209,0.0000,d)nonlinear(d,5.6209,0.0000,50.0000,d)rotateFromBiaxial(d,5.6209,0.0000,d)nonlinear(6,0.0000,0.0000,1.3592,d)linear(0,0,0,476.8984,d)rotate(7.8980)linear(0,0,0,737.7895,d)rotateIntoBiaxial(d,3.1232,0.0000,d)nonlinear(d,3.1232,0.0000,100.0000,d)rotateFromBiaxial(d,3.1232,0.0000,d)linear(0,0,0,279.4308,d)
13432,0,40,23.9576,26.8830,init()rotateIntoBiaxial(d,0.0097,0.0000,d)nonlinear(d,0.0097,0.0000,300.0000,d)rotateFromBiaxial(d,0.0097,0.0000,d)nonlinear(6,0.0000,0.0000,5.2468,d)rotateIntoBiaxial(d,40.8836,0.0000,d)nonlinear(d,40.8836,0.0000,100.0000,d)rotateFromBiaxial(d,40.8836,0.0000,d)rotate(176.8466)rotateIntoBiaxial(d,139.5855,0.0000,d)nonlinear(d,139.5855,0.0000,200.0000,d)rotateFromBiaxial(d,139.5855,0.0000,d)nonlinear(6,0.0000,0.0000,6.7294,d)linear(0,0,0,308.1311,d)rotate(-47.9487)rotateIntoBiaxial(d,8.9278,0.0000,d)nonlinear(d,8.9278,0.0000,100.0000,d)rotateFromBiaxial(d,8.9278,0.0000,d)nonlinear(6,0.0000,0.0000,3.6260,d)linear(0,0,0,685.4055,d)linear(0,0,0,737.2312,d)rotateIntoBiaxial(d,5.3313,0.0000,d)nonlinear(d,5.3313,0.0000,100.0000,d)rotateFromBiaxial(d,5.3313,0.0000,d)nonlinear(6,0.0000,0.0000,0.1301,d)linear(0,0,0,272.8012,d)
13478,0,40,22.8628,26.8830,init()rotateIntoBiaxial(d,1.0898,0.0000,d)nonlinear(d,1.0898,0.0000,300.0000,d)rotateFromBiaxial(d,1.0898,0.0000,d)nonlinear(6,0.0000,0.0000,6.4429,d)rotateIntoBiaxial(d,39.6728,0.0000,d)nonlinear(d,39.6728,0.0000,100.0000,d)rotateFromBiaxial(d,39.6728,0.0000,d)rotate(165.5665)rotateIntoBiaxial(d,139.6037,0.0000,d)nonlinear(d,139.6037,0.0000,250.0000,d)rotateFromBiaxial(d,139.6037,0.0000,d)nonlinear(6,0.0000,0.0000,1.4290,d)linear(0,0,0,113.5418,d)rotate(-72.9798)rotateIntoBiaxial(d,4.9275,0.0000,d)nonlinear(d,4.9275,0.0000,100.0000,d)rotateFromBiaxial(d,4.9275,0.0000,d)nonlinear(6,0.0000,0.0000,17.3279,d)linear(0,0,0,587.5522,d)linear(0,0,0,815.8498,d)rotateIntoBiaxial(d,0.8995,0.0000,d)nonlinear(d,0.8995,0.0000,50.0000,d)rotateFromBiaxial(d,0.8995,0.0000,d)linear(0,0,0,463.9366,d)
13524,0,40,19.6829,26.8830,init()rotateIntoBiaxial(d,2.4947,0.0000,d)nonlinear(d,2.4947,0.0000,300.0000,d)rotateFromBiaxial(d,2.4947,0.0000,d)nonlinear(6,0.0000,0.0000,6.0113,d)rotateIntoBiaxial(d,40.8691,0.0000,d)nonlinear(d,40.8691,0.0000,100.0000,d)rotateFromBiaxial(d,40.8691,0.0000,d)linear(0,0,0,21.2930,d)rotate(160.6374)rotateIntoBiaxial(d,140.0680,0.0000,d)nonlinear(d,140.0680,0.0000,250.0000,d)rotateFromBiaxial(d,140.0680,0.0000,d)rotate(-67.3186)rotateIntoBiaxial(d,4.9147,0.0000,d)nonlinear(d,4.9147,0.0000,100.0000,d)rotateFromBiaxial(d,4.9147,0.0000,d)nonlinear(6,0.0000,0.0000,0.5160,d)linear(0,0,0,397.4658,d)linear(0,0,0,854.7261,d)rotateIntoBiaxial(d,4.2931,0.0000,d)nonlinear(d,4.2931,0.0000,100.0000,d)rotateFromBiaxial(d,4.2931,0.0000,d)nonlinear(6,0.0000,0.0000,5.6325,d)linear(0,0,0,132.8027,d)
13570,0,40,22.9946,26.8830,init()rotateIntoBiaxial(d,1.4016,0.0000,d)nonlinear(d,1.4016,0.0000,300.0000,d)rotateFromBiaxial(d,1.4016,0.0000,d)nonlinear(6,0.0000,0.0000,40.7477,d)rotateIntoBiaxial(d,40.6260,0.0000,d)nonlinear(d,40.6260,0.0000,100.0000,d)rotateFromBiaxial(d,40.6260,0.0000,d)linear(0,0,0,6.9826,d)rotate(179.4213)rotateIntoBiaxial(d,140.0335,0.0000,d)nonlinear(d,140.0335,0.0000,300.0000,d)rotateFromBiaxial(d,140.0335,0.0000,d)nonlinear(6,0.0000,0.0000,0.4133,d)rotate(-30.0599)rotateIntoBiaxial(d,5.4500,0.0000,d)nonlinear(d,5.4500,0.0000,100.0000,d)rotateFromBiaxial(d,5.4500,0.0000,d)nonlinear(6,0.0000,0.0000,0.8722,d)linear(0,0,0,610.0691,d)rotate(2.2714)linear(0,0,0,761.8897,d)rotate(-4.5786)rotateIntoBiaxial(d,4.7300,0.0000,d)nonlinear(d,4.7300,0.0000,100.0000,d)rotateFromBiaxial(d,4.7300,0.0000,d)linear(0,0,0,185.5316,d)
13616,0,40,18.1026,26.8830,init()rotateIntoBiaxial(d,0.8066,0.0000,d)nonlinear(d,0.8066,0.0000,250.0000,d)rotateFromBiaxial(d,0.8066,0.0000,d)nonlinear(6,0.0000,0.0000,30.8046,d)rotateIntoBiaxial(d,39.7838,0.0000,d)nonlinear(d,39.7838,0.0000,50.0000,d)rotateFromBiaxial(d,39.7838,0.0000,d)rotate(179.6775)rotateIntoBiaxial(d,139.8447,0.0000,d)nonlinear(d,139.8447,0.0000,250.0000,d)rotateFromBiaxial(d,139.8447,0.0000,d)nonlinear(6,0.0000,0.0000,8.5789,d)linear(0,0,0,9.5267,d)rotate(-52.4534)rotateIntoBiaxial(d,3.5512,0.0000,d)nonlinear(d,3.5512,0.0000,100.0000,d)rotateFromBiaxial(d,3.5512,0.0000,d)nonlinear(6,0.0000,0.0000,2.3796,d)linear(0,0,0,737.6945,d)linear(0,0,0,746.5500,d)rotate(-1.3006)rotateIntoBiaxial(d,3.5676,0.0000,d)nonlinear(d,3.5676,0.0000,100.0000,d)rotateFromBiaxial(d,3.5676,0.0000,d)nonlinear(6,0.0000,0.0000,3.1668,d)linear(0,0,0,333.0500,d)
13662,0,40,22.0134,26.8830,init()rotateIntoBiaxial(d,1.2629,0.0000,d)nonlinear(d,1.2629,0.0000,250.0000,d)rotateFromBiaxial(d,1.2629,0.0000,d)nonlinear(6,0.0000,0.0000,27.3991,d)linear(0,0,0,10.4956,d)rotateIntoBiaxial(d,40.0214,0.0000,d)nonlinear(d,40.0214,0.0000,100.0000,d)rotateFromBiaxial(d,40.0214,0.0000,d)rotate(179.9965)rotateIntoBiaxial(d,139.3923,0.0000,d)nonlinear(d,139.3923,0.0000,250.0000,d)rotateFromBiaxial(d,139.3923,0.0000,d)rotate(-32.5670)rotateIntoBiaxial(d,7.7015,0.0000,d)nonlinear(d,7.7015,0.0000,50.0000,d)rotateFromBiaxial(d,7.7015,0.0000,d)nonlinear(6,0.0000,0.0000,17.0937,d)linear(0,0,0,572.0883,d)linear(0,0,0,1093.2805,d)rotate(-2.6374)rotateIntoBiaxial(d,2.3116,0.0000,d)nonlinear(d,2.3116,0.0000,100.0000,d)rotateFromBiaxial(d,2.3116,0.0000,d)linear(0,0,0,451.5277,d)
13708,0,40,18.4105,26.8830,init()rotateIntoBiaxial(d,0.2680,0.0000,d)nonlinear(d,0.2680,0.0000,250.0000,d)rotateFromBiaxial(d,0.2680,0.0000,d)nonlinear(6,0.0000,0.0000,0.3234,d)rotateIntoBiaxial(d,40.6321,0.0000,d)nonlinear(d,40.6321,0.0000,50.0000,d)rotateFromBiaxial(d,40.6321,0.0000,d)rotate(176.9691)rotateIntoBiaxial(d,139.8250,0.0000,d)nonlinear(d,139.8250,0.0000,300.0000,d)rotateFromBiaxial(d,139.8250,0.0000,d)nonlinear(6,0.0000,0.0000,0.7968,d)rotate(-90.2104)rotateIntoBiaxial(d,7.1980,0.0000,d)nonlinear(d,7.1980,0.0000,50.0000,d)rotateFromBiaxial(d,7.1980,0.0000,d)nonlinear(6,0.0000,0.0000,5.3765,d)linear(0,0,0,527.3412,d)linear(0,0,0,622.3602,d)rotate(-6.2707)rotateIntoBiaxial(d,6.2964,0.0000,d)nonlinear(d,6.2964,0.0000,100.0000,d)rotateFromBiaxial(d,6.2964,0.0000,d)nonlinear(6,0.0000,0.0000,16.6920,d)linear(0,0,0,351.4266,d)
13754,0,40,19.1664,26.8830,init()rotateIntoBiaxial(d,0.4935,0.0000,d)nonlinear(d,0.4935,0.0000,250.0000,d)rotateFromBiaxial(d,0.4935,0.0000,d)nonlinear(6,0.0000,0.0000,3.3002,d)rotateIntoBiaxial(d,41.6480,0.0000,d)nonlinear(d,41.6480,0.0000,50.0000,d)rotateFromBiaxial(d,41.6480,0.0000,d)rotate(176.2065)rotateIntoBiaxial(d,139.7194,0.0000,d)nonlinear(d,139.7194,0.0000,250.0000,d)rotateFromBiaxial(d,139.7194,0.0000,d)nonlinear(6,0.0000,0.0000,2.8125,d)rotate(-66.8250)rotateIntoBiaxial(d,8.7796,0.0000,d)nonlinear(d,8.7796,0.0000,50.0000,d)rotateFromBiaxial(d,8.7796,0.0000,d)nonlinear(6,0.0000,0.0000,10.8806,d)linear(0,0,0,466.8126,d)linear(0,0,0,844.5367,d)rotateIntoBiaxial(d,1.6035,0.0000,d)nonlinear(d,1.6035,0.0000,100.0000,d)rotateFromBiaxial(d,1.6035,0.0000,d)linear(0,0,0,498.7663,d)
13800,0,40,24.1161,26.8830,init()rotateIntoBiaxial(d,2.8895,0.0000,d)nonlinear(d,2.8895,0.0000,300.0000,d)rotateFromBiaxial(d,2.8895,0.0000,d)rotateIntoBiaxial(d,39.9329,0.0000,d)nonlinear(d,39.9329,0.0000,100.0000,d)rotateFromBiaxial(d,39.9329,0.0000,d)rotate(176.4268)rotateIntoBiaxial(d,139.5302,0.0000,d)nonlinear(d,139.5302,0.0000,300.0000,d)rotateFromBiaxial(d,139.5302,0.0000,d)nonlinear(6,0.0000,0.0000,5.3141,d)linear(0,0,0,151.8586,d)rotate(-14.0460)rotateIntoBiaxial(d,5.2616,0.0000,d)nonlinear(d,5.2616,0.0000,50.0000,d)rotateFromBiaxial(d,5.2616,0.0000,d)nonlinear(6,0.0000,0.0000,7.5063,d)linear(0,0,0,305.3032,d)rotate(0.4853)linear(0,0,0,799.6582,d)rotateIntoBiaxial(d,2.6972,0.0000,d)nonlinear(d,2.6972,0.0000,100.0000,d)rotateFromBiaxial(d,2.6972,0.0000,d)linear(0,0,0,249.8305,d)
13846,0,40,17.5512,26.8830,init()rotateIntoBiaxial(d,1.7514,0.0000,d)nonlinear(d,1.7514,0.0000,250.0000,d)rotateFromBiaxial(d,1.7514,0.0000,d)nonlinear(6,0.0000,0.0000,13.6199,d)rotateIntoBiaxial(d,41.0977,0.0000,d)nonlinear(d,41.0977,0.0000,50.0000,d)rotateFromBiaxial(d,41.0977,0.0000,d)linear(0,0,0,27.2161,d)rotate(179.0001)rotateIntoBiaxial(d,139.9807,0.0000,d)nonlinear(d,139.9807,0.0000,250.0000,d)rotateFromBiaxial(d,139.9807,0.0000,d)nonlinear(6,0.0000,0.0000,3.1524,d)rotate(-34.3168)rotateIntoBiaxial(d,7.7104,0.0000,d)nonlinear(d,7.7104,0.0000,50.0000,d)rotateFromBiaxial(d,7.7104,0.0000,d)nonlinear(6,0.0000,0.0000,15.3324,d)linear(0,0,0,571.0387,d)linear(0,0,0,723.7287,d)rotate(-2.6060)rotateIntoBiaxial(d,7.2322,0.0000,d)nonlinear(d,7.2322,0.0000,50.0000,d)rotateFromBiaxial(d,7.2322,0.0000,d)linear(0,0,0,407.2700,d)
13892,0,40,24.4591,26.8830,init()rotateIntoBiaxial(d,0.6506,0.0000,d)nonlinear(d,0.6506,0.0000,250.0000,d)rotateFromBiaxial(d,0.6506,0.0000,d)nonlinear(6,0.0000,0.0000,7.9859,d)rotateIntoBiaxial(d,40.5689,0.0000,d)nonlinear(d,40.5689,0.0000,100.0000,d)rotateFromBiaxial(d,40.5689,0.0000,d)rotate(177.3700)rotateIntoBiaxial(d,139.6998,0.0000,d)nonlinear(d,139.6998,0.0000,200.0000,d)rotateFromBiaxial(d,139.6998,0.0000,d)nonlinear(6,0.0000,0.0000,12.9202,d)rotate(-44.6151)rotateIntoBiaxial(d,3.1179,0.0000,d)nonlinear(d,3.1179,0.0000,50.0000,d)rotateFromBiaxial(d,3.1179,0.0000,d)linear(0,0,0,734.5368,d)linear(0,0,0,916.4321,d)rotateIntoBiaxial(d,4.2499,0.0000,d)nonlinear(d,4.2499,0.0000,50.0000,d)rotateFromBiaxial(d,4.2499,0.0000,d)nonlinear(6,0.0000,0.0000,16.7945,d)linear(0,0,0,217.8834,d)
13938,0,40,17.7005,26.8830,init()rotateIntoBiaxial(d,2.1406,0.0000,d)nonlinear(d,2.1406,0.0000,250.0000,d)rotateFromBiaxial(d,2.1406,0.0000,d)nonlinear(6,0.0000,0.0000,13.6310,d)rotateIntoBiaxial(d,41.6971,0.0000,d)nonlinear(d,41.6971,0.0000,50.0000,d)rotateFromBiaxial(d,41.6971,0.0000,d)rotate(176.7775)rotateIntoBiaxial(d,140.0693,0.0000,d)nonlinear(d,140.0693,0.0000,200.0000,d)rotateFromBiaxial(d,140.0693,0.0000,d)rotate(-83.1020)rotateIntoBiaxial(d,4.9465,0.0000,d)nonlinear(d,4.9465,0.0000,50.0000,d)rotateFromBiaxial(d,4.9465,0.0000,d)linear(0,0,0,560.6669,d)rotate(13.6129)linear(0,0,0,639.3542,d)rotateIntoBiaxial(d,5.4399,0.0000,d)nonlinear(d,5.4399,0.0000,100.0000,d)rotateFromBiaxial(d,5.4399,0.0000,d)linear(0,0,0,196.7543,d)
13984,0,40,16.7916,26.8830,init()rotateIntoBiaxial(d,0.0062,0.0000,d)nonlinear(d,0.0062,0.0000,250.0000,d)rotateFromBiaxial(d,0.0062,0.0000,d)nonlinear(6,0.0000,0.0000,7.1884,d)rotateIntoBiaxial(d,39.1993,0.0000,d)nonlinear(d,39.1993,0.0000,50.0000,d)rotateFromBiaxial(d,39.1993,0.0000,d)linear(0,0,0,41.0279,d)rotate(177.5744)rotateIntoBiaxial(d,139.7584,0.0000,d)nonlinear(d,139.7584,0.0000,250.0000,d)rotateFromBiaxial(d,139.7584,0.0000,d)rotate(-85.1299)rotateIntoBiaxial(d,2.7436,0.0000,d)nonlinear(d,2.7436,0.0000,50.0000,d)rotateFromBiaxial(d,2.7436,0.0000,d)nonlinear(6,0.0000,0.0000,2.4988,d)linear(0,0,0,244.4091,d)rotate(22.5569)linear(0,0,0,565.4782,d)rotate(-23.5322)rotateIntoBiaxial(d,0.5736,0.0000,d)nonlinear(d,0.5736,0.0000,100.0000,d)rotateFromBiaxial(d,0.5736,0.0000,d)linear(0,0,0,212.1587,d)
14030,0,40,22.9580,26.8830,init()rotateIntoBiaxial(d,0.8582,0.0000,d)nonlinear(d,0.8582,0.0000,250.0000,d)rotateFromBiaxial(d,0.8582,0.0000,d)nonlinear(6,0.0000,0.0000,1.6721,d)rotateIntoBiaxial(d,39.8133,0.0000,d)nonlinear(d,39.8133,0.0000,100.0000,d)rotateFromBiaxial(d,39.8133,0.0000,d)rotate(179.2662)rotateIntoBiaxial(d,139.3493,0.0000,d)nonlinear(d,139.3493,0.0000,250.0000,d)rotateFromBiaxial(d,139.3493,0.0000,d)rotate(-63.4955)rotateIntoBiaxial(d,5.9075,0.0000,d)nonlinear(d,5.9075,0.0000,50.0000,d)rotateFromBiaxial(d,5.9075,0.0000,d)linear(0,0,0,621.7188,d)rotate(24.3376)linear(0,0,0,889.3011,d)rotateIntoBiaxial(d,0.0001,0.0000,d)nonlinear(d,0.0001,0.0000,150.0000,d)rotateFromBiaxial(d,0.0001,0.0000,d)linear(0,0,0,292.7682,d)
14076,0,40,17.0974,26.8830,init()rotateIntoBiaxial(d,0.4196,0.0000,d)nonlinear(d,0.4196,0.0000,250.0000,d)rotateFromBiaxial(d,0.4196,0.0000,d)nonlinear(6,0.0000,0.0000,30.9833,d)rotateIntoBiaxial(d,38.8456,0.0000,d)nonlinear(d,38.8456,0.0000,50.0000,d)rotateFromBiaxial(d,38.8456,0.0000,d)rotate(179.4913)rotateIntoBiaxial(d,139.8387,0.0000,d)nonlinear(d,139.8387,0.0000,250.0000,d)rotateFromBiaxial(d,139.8387,0.0000,d)nonlinear(6,0.0000,0.0000,7.8311,d)rotate(-102.0209)rotateIntoBiaxial(d,5.4520,0.0000,d)nonlinear(d,5.4520,0.0000,50.0000,d)rotateFromBiaxial(d,5.4520,0.0000,d)linear(0,0,0,716.4125,d)rotate(25.4976)linear(0,0,0,683.6086,d)rotate(-14.2926)rotateIntoBiaxial(d,5.9590,0.0000,d)nonlinear(d,5.9590,0.0000,100.0000,d)rotateFromBiaxial(d,5.9590,0.0000,d)linear(0,0,0,236.3450,d)
14122,0,40,23.4774,26.8830,init()rotateIntoBiaxial(d,1.5202,0.0000,d)nonlinear(d,1.5202,0.0000,250.0000,d)rotateFromBiaxial(d,1.5202,0.0000,d)nonlinear(6,0.0000,0.0000,10.1086,d)rotateIntoBiaxial(d,39.7725,0.0000,d)nonlinear(d,39.7725,0.0000,100.0000,d)rotateFromBiaxial(d,39.7725,0.0000,d)linear(0,0,0,14.3214,d)rotate(179.6756)rotateIntoBiaxial(d,139.5059,0.0000,d)nonlinear(d,139.5059,0.0000,250.0000,d)rotateFromBiaxial(d,139.5059,0.0000,d)nonlinear(6,0.0000,0.0000,0.2872,d)rotate(-93.1053)rotateIntoBiaxial(d,3.5305,0.0000,d)nonlinear(d,3.5305,0.0000,50.0000,d)rotateFromBiaxial(d,3.5305,0.0000,d)linear(0,0,0,448.5409,d)rotate(14.4420)linear(0,0,0,641.8592,d)rotateIntoBiaxial(d,3.1480,0.0000,d)nonlinear(d,3.1480,0.0000,150.0000,d)rotateFromBiaxial(d,3.1480,0.0000,d)nonlinear(6,0.0000,0.0000,2.3361,d)linear(0,0,0,166.0362,d)
14168,0,40,24.9718,26.8830,init()rotateIntoBiaxial(d,1.1926,0.0000,d)nonlinear(d,1.1926,0.0000,250.0000,d)rotateFromBiaxial(d,1.1926,0.0000,d)nonlinear(6,0.0000,0.0000,3.1924,d)rotateIntoBiaxial(d,40.2104,0.0000,d)nonlinear(d,40.2104,0.0000,100.0000,d)rotateFromBiaxial(d,40.2104,0.0000,d)rotate(179.8531)rotateIntoBiaxial(d,139.7694,0.0000,d)nonlinear(d,139.7694,0.0000,250.0000,d)rotateFromBiaxial(d,139.7694,0.0000,d)rotate(-64.6163)rotateIntoBiaxial(d,4.3846,0.0000,d)nonlinear(d,4.3846,0.0000,50.0000,d)rotateFromBiaxial(d,4.3846,0.0000,d)linear(0,0,0,366.1032,d)rotate(21.0838)linear(0,0,0,900.2721,d)rotateIntoBiaxial(d,7.0011,0.0000,d)nonlinear(d,7.0011,0.0000,150.0000,d)rotateFromBiaxial(d,7.0011,0.0000,d)linear(0,0,0,119.3938,d)
14214,0,40,19.7409,26.8830,init()rotateIntoBiaxial(d,1.1087,0.0000,d)nonlinear(d,1.1087,0.0000,300.0000,d)rotateFromBiaxial(d,1.1087,0.0000,d)nonlinear(6,0.0000,0.0000,1.9044,d)rotateIntoBiaxial(d,41.3812,0.0000,d)nonlinear(d,41.3812,0.0000,50.0000,d)rotateFromBiaxial(d,41.3812,0.0000,d)linear(0,0,0,10.0757,d)rotate(179.0229)rotateIntoBiaxial(d,139.7629,0.0000,d)nonlinear(d,139.7629,0.0000,250.0000,d)rotateFromBiaxial(d,139.7629,0.0000,d)nonlinear(6,0.0000,0.0000,5.8078,d)rotate(-90.9339)rotateIntoBiaxial(d,3.2908,0.0000,d)nonlinear(d,3.2908,0.0000,50.0000,d)rotateFromBiaxial(d,3.2908,0.0000,d)linear(0,0,0,582.1360,d)linear(0,0,0,844.7214,d)rotateIntoBiaxial(d,6.6501,0.0000,d)nonlinear(d,6.6501,0.0000,100.0000,d)rotateFromBiaxial(d,6.6501,0.0000,d)nonlinear(6,0.0000,0.0000,17.8660,d)linear(0,0,0,224.3356,d)
14260,0,40,18.3376,26.8830,init()rotateIntoBiaxial(d,0.5567,0.0000,d)nonlinear(d,0.5567,0.0000,250.0000,d)rotateFromBiaxial(d,0.5567,0.0000,d)nonlinear(6,0.0000,0.0000,17.1477,d)rotateIntoBiaxial(d,40.1612,0.0000,d)nonlinear(d,40.1612,0.0000,50.0000,d)rotateFromBiaxial(d,40.1612,0.0000,d)linear(0,0,0,10.9505,d)rotate(177.1351)rotateIntoBiaxial(d,139.6287,0.0000,d)nonlinear(d,139.6287,0.0000,250.0000,d)rotateFromBiaxial(d,139.6287,0.0000,d)nonlinear(6,0.0000,0.0000,5.4153,d)rotate(-75.8758)rotateIntoBiaxial(d,0.5909,0.0000,d)nonlinear(d,0.5909,0.0000,50.0000,d)rotateFromBiaxial(d,0.5909,0.0000,d)linear(0,0,0,723.1847,d)linear(0,0,0,936.4008,d)rotateIntoBiaxial(d,3.0817,0.0000,d)nonlinear(d,3.0817,0.0000,100.0000,d)rotateFromBiaxial(d,3.0817,0.0000,d)linear(0,0,0,509.4512,d)
14306,0,40,25.4244,26.8830,init()rotateIntoBiaxial(d,1.2876,0.0000,d)nonlinear(d,1.2876,0.0000,250.0000,d)rotateFromBiaxial(d,1.2876,0.0000,d)nonlinear(6,0.0000,0.0000,5.7083,d)rotateIntoBiaxial(d,40.5388,0.0000,d)nonlinear(d,40.5388,0.0000,100.0000,d)rotateFromBiaxial(d,40.5388,0.0000,d)rotate(178.6549)rotateIntoBiaxial(d,139.7495,0.0000,d)nonlinear(d,139.7495,0.0000,250.0000,d)rotateFromBiaxial(d,139.7495,0.0000,d)nonlinear(6,0.0000,0.0000,1.2014,d)rotate(-62.4886)rotateIntoBiaxial(d,1.1666,0.0000,d)nonlinear(d,1.1666,0.0000,50.0000,d)rotateFromBiaxial(d,1.1666,0.0000,d)linear(0,0,0,504.6750,d)rotate(0.5544)linear(0,0,0,711.0914,d)rotate(-9.8784)rotateIntoBiaxial(d,6.7460,0.0000,d)nonlinear(d,6.7460,0.0000,100.0000,d)rotateFromBiaxial(d,6.7460,0.0000,d)linear(0,0,0,265.8581,d)rotate(0.5088)
14352,0,40,18.4398,26.8830,init()rotateIntoBiaxial(d,2.6275,0.0000,d)nonlinear(d,2.6275,0.0000,300.0000,d)rotateFromBiaxial(d,2.6275,0.0000,d)nonlinear(6,0.0000,0.0000,12.6452,d)rotateIntoBiaxial(d,41.2118,0.0000,d)nonlinear(d,41.2118,0.0000,50.0000,d)rotateFromBiaxial(d,41.2118,0.0000,d)rotate(179.9999)rotateIntoBiaxial(d,140.0360,0.0000,d)nonlinear(d,140.0360,0.0000,250.0000,d)rotateFromBiaxial(d,140.0360,0.0000,d)nonlinear(6,0.0000,0.0000,1.4644,d)rotate(-75.5428)rotateIntoBiaxial(d,1.0424,0.0000,d)nonlinear(d,1.0424,0.0000,50.0000,d)rotateFromBiaxial(d,1.0424,0.0000,d)linear(0,0,0,508.6946,d)rotate(4.5013)linear(0,0,0,629.2901,d)rotateIntoBiaxial(d,12.0542,0.0000,d)nonlinear(d,12.0542,0.0000,100.0000,d)rotateFromBiaxial(d,12.0542,0.0000,d)linear(0,0,0,313.9142,d)
14398,0,40,18.7197,26.8830,init()rotateIntoBiaxial(d,0.0025,0.0000,d)nonlinear(d,0.0025,0.0000,250.0000,d)rotateFromBiaxial(d,0.0025,0.0000,d)nonlinear(6,0.0000,0.0000,21.9011,d)rotateIntoBiaxial(d,41.3890,0.0000,d)nonlinear(d,41.3890,0.0000,50.0000,d)rotateFromBiaxial(d,41.3890,0.0000,d)rotate(179.7177)rotateIntoBiaxial(d,139.8582,0.0000,d)nonlinear(d,139.8582,0.0000,250.0000,d)rotateFromBiaxial(d,139.8582,0.0000,d)nonlinear(6,0.0000,0.0000,17.8721,d)rotate(-82.7990)rotateIntoBiaxial(d,4.5873,0.0000,d)nonlinear(d,4.5873,0.0000,50.0000,d)rotateFromBiaxial(d,4.5873,0.0000,d)linear(0,0,0,566.9203,d)linear(0,0,0,1018.9921,d)rotateIntoBiaxial(d,1.1493,0.0000,d)nonlinear(d,1.1493,0.0000,100.0000,d)rotateFromBiaxial(d,1.1493,0.0000,d)linear(0,0,0,299.2823,d)
14444,0,40,18.3444,26.8830,init()rotateIntoBiaxial(d,1.8494,0.0000,d)nonlinear(d,1.8494,0.0000,250.0000,d)rotateFromBiaxial(d,1.8494,0.0000,d)nonlinear(6,0.0000,0.0000,15.4177,d)rotateIntoBiaxial(d,40.9541,0.0000,d)nonlinear(d,40.9541,0.0000,50.0000,d)rotateFromBiaxial(d,40.9541,0.0000,d)linear(0,0,0,15.9543,d)rotate(179.6767)rotateIntoBiaxial(d,139.8944,0.0000,d)nonlinear(d,139.8944,0.0000,200.0000,d)rotateFromBiaxial(d,139.8944,0.0000,d)nonlinear(6,0.0000,0.0000,14.5709,d)linear(0,0,0,76.9478,d)rotate(-67.4771)rotateIntoBiaxial(d,1.8891,0.0000,d)nonlinear(d,1.8891,0.0000,50.0000,d)rotateFromBiaxial(d,1.8891,0.0000,d)linear(0,0,0,798.0306,d)rotate(1.7619)linear(0,0,0,1061.9794,d)rotateIntoBiaxial(d,11.2118,0.0000,d)nonlinear(d,11.2118,0.0000,100.0000,d)rotateFromBiaxial(d,11.2118,0.0000,d)linear(0,0,0,239.4612,d)
14490,0,40,19.8981,26.8830,init()rotateIntoBiaxial(d,0.9934,0.0000,d)nonlinear(d,0.9934,0.0000,250.0000,d)rotateFromBiaxial(d,0.9934,0.0000,d)nonlinear(6,0.0000,0.0000,7.1304,d)rotateIntoBiaxial(d,40.9526,0.0000,d)nonlinear(d,40.9526,0.0000,100.0000,d)rotateFromBiaxial(d,40.9526,0.0000,d)rotate(179.9993)rotateIntoBiaxial(d,139.3628,0.0000,d)nonlinear(d,139.3628,0.0000,250.0000,d)rotateFromBiaxial(d,139.3628,0.0000,d)nonlinear(6,0.0000,0.0000,13.6455,d)rotate(-68.8847)rotateIntoBiaxial(d,2.1268,0.0000,d)nonlinear(d,2.1268,0.0000,50.0000,d)rotateFromBiaxial(d,2.1268,0.0000,d)linear(0,0,0,548.2561,d)linear(0,0,0,846.4160,d)rotateIntoBiaxial(d,11.9912,0.0000,d)nonlinear(d,11.9912,0.0000,150.0000,d)rotateFromBiaxial(d,11.9912,0.0000,d)linear(0,0,0,361.0092,d)
14536,0,40,24.9835,26.8830,init()rotateIntoBiaxial(d,1.0231,0.0000,d)nonlinear(d,1.0231,0.0000,300.0000,d)rotateFromBiaxial(d,1.0231,0.0000,d)nonlinear(6,0.0000,0.0000,3.9365,d)rotateIntoBiaxial(d,41.0781,0.0000,d)nonlinear(d,41.0781,0.0000,100.0000,d)rotateFromBiaxial(d,41.0781,0.0000,d)rotate(179.8830)rotateIntoBiaxial(d,139.6278,0.0000,d)nonlinear(d,139.6278,0.0000,250.0000,d)rotateFromBiaxial(d,139.6278,0.0000,d)nonlinear(6,0.0000,0.0000,22.5317,d)linear(0,0,0,268.7904,d)rotate(-65.4052)rotateIntoBiaxial(d,6.3733,0.0000,d)nonlinear(d,6.3733,0.0000,50.0000,d)rotateFromBiaxial(d,6.3733,0.0000,d)linear(0,0,0,595.4493,d)linear(0,0,0,681.2880,d)rotateIntoBiaxial(d,5.3667,0.0000,d)nonlinear(d,5.3667,0.0000,100.0000,d)rotateFromBiaxial(d,5.3667,0.0000,d)linear(0,0,0,384.3119,d)rotate(1.8254)
14582,0,40,19.3913,26.8830,init()rotateIntoBiaxial(d,1.7740,0.0000,d)nonlinear(d,1.7740,0.0000,300.0000,d)rotateFromBiaxial(d,1.7740,0.0000,d)nonlinear(6,0.0000,0.0000,3.4028,d)rotateIntoBiaxial(d,42.6156,0.0000,d)nonlinear(d,42.6156,0.0000,50.0000,d)rotateFromBiaxial(d,42.6156,0.0000,d)rotate(178.9356)rotateIntoBiaxial(d,139.8171,0.0000,d)nonlinear(d,139.8171,0.0000,250.0000,d)rotateFromBiaxial(d,139.8171,0.0000,d)nonlinear(6,0.0000,0.0000,6.9018,d)rotate(-56.7486)rotateIntoBiaxial(d,10.0157,0.0000,d)nonlinear(d,10.0157,0.0000,50.0000,d)rotateFromBiaxial(d,10.0157,0.0000,d)linear(0,0,0,587.1600,d)linear(0,0,0,783.0395,d)rotateIntoBiaxial(d,9.9860,0.0000,d)nonlinear(d,9.9860,0.0000,150.0000,d)rotateFromBiaxial(d,9.9860,0.0000,d)linear(0,0,0,342.7079,d)
14628,0,40,17.3222,26.8830,init()rotateIntoBiaxial(d,3.7003,0.0000,d)nonlinear(d,3.7003,0.0000,300.0000,d)rotateFromBiaxial(d,3.7003,0.0000,d)nonlinear(6,0.0000,0.0000,9.1479,d)rotateIntoBiaxial(d,40.5088,0.0000,d)nonlinear(d,40.5088,0.0000,50.0000,d)rotateFromBiaxial(d,40.5088,0.0000,d)rotate(174.8955)rotateIntoBiaxial(d,140.0023,0.0000,d)nonlinear(d,140.0023,0.0000,300.0000,d)rotateFromBiaxial(d,140.0023,0.0000,d)nonlinear(6,0.0000,0.0000,30.9071,d)rotate(-74.3566)rotateIntoBiaxial(d,5.1464,0.0000,d)nonlinear(d,5.1464,0.0000,50.0000,d)rotateFromBiaxial(d,5.1464,0.0000,d)nonlinear(6,0.0000,0.0000,0.2141,d)linear(0,0,0,700.6884,d)rotate(21.0667)linear(0,0,0,815.6228,d)rotateIntoBiaxial(d,3.3894,0.0000,d)nonlinear(d,3.3894,0.0000,100.0000,d)rotateFromBiaxial(d,3.3894,0.0000,d)linear(0,0,0,323.2281,d)rotate(7.4944)
14674,0,40,18.1766,26.8830,init()rotateIntoBiaxial(d,3.4470,0.0000,d)nonlinear(d,3.4470,0.0000,250.0000,d)rotateFromBiaxial(d,3.4470,0.0000,d)nonlinear(6,0.0000,0.0000,35.4639,d)rotateIntoBiaxial(d,39.9320,0.0000,d)nonlinear(d,39.9320,0.0000,50.0000,d)rotateFromBiaxial(d,39.9320,0.0000,d)rotate(179.6281)rotateIntoBiaxial(d,139.8772,0.0000,d)nonlinear(d,139.8772,0.0000,250.0000,d)rotateFromBiaxial(d,139.8772,0.0000,d)nonlinear(6,0.0000,0.0000,24.2705,d)linear(0,0,0,208.4271,d)rotate(-73.5513)rotateIntoBiaxial(d,4.8874,0.0000,d)nonlinear(d,4.8874,0.0000,50.0000,d)rotateFromBiaxial(d,4.8874,0.0000,d)linear(0,0,0,528.5127,d)rotate(24.2255)linear(0,0,0,980.7216,d)rotateIntoBiaxial(d,10.1546,0.0000,d)nonlinear(d,10.1546,0.0000,100.0000,d)rotateFromBiaxial(d,10.1546,0.0000,d)linear(0,0,0,269.6900,d)
14720,0,40,18.3332,26.8830,init()rotateIntoBiaxial(d,2.9724,0.0000,d)nonlinear(d,2.9724,0.0000,250.0000,d)rotateFromBiaxial(d,2.9724,0.0000,d)nonlinear(6,0.0000,0.0000,14.3236,d)rotateIntoBiaxial(d,41.4545,0.0000,d)nonlinear(d,41.4545,0.0000,50.0000,d)rotateFromBiaxial(d,41.4545,0.0000,d)rotate(179.9228)rotateIntoBiaxial(d,139.7186,0.0000,d)nonlinear(d,139.7186,0.0000,300.0000,d)rotateFromBiaxial(d,139.7186,0.0000,d)nonlinear(6,0.0000,0.0000,25.4436,d)rotate(-75.0615)rotateIntoBiaxial(d,0.6009,0.0000,d)nonlinear(d,0.6009,0.0000,50.0000,d)rotateFromBiaxial(d,0.6009,0.0000,d)linear(0,0,0,611.1936,d)linear(0,0,0,982.1869,d)rotateIntoBiaxial(d,5.0280,0.0000,d)nonlinear(d,5.0280,0.0000,100.0000,d)rotateFromBiaxial(d,5.0280,0.0000,d)linear(0,0,0,268.5786,d)
14766,0,40,17.3879,26.8830,init()rotateIntoBiaxial(d,0.0504,0.0000,d)nonlinear(d,0.0504,0.0000,300.0000,d)rotateFromBiaxial(d,0.0504,0.0000,d)nonlinear(6,0.0000,0.0000,5.1466,d)rotateIntoBiaxial(d,39.1368,0.0000,d)nonlinear(d,39.1368,0.0000,50.0000,d)rotateFromBiaxial(d,39.1368,0.0000,d)rotate(179.8009)rotateIntoBiaxial(d,139.8167,0.0000,d)nonlinear(d,139.8167,0.0000,250.0000,d)rotateFromBiaxial(d,139.8167,0.0000,d)nonlinear(6,0.0000,0.0000,12.9331,d)rotate(-76.5302)rotateIntoBiaxial(d,0.1363,0.0000,d)nonlinear(d,0.1363,0.0000,50.0000,d)rotateFromBiaxial(d,0.1363,0.0000,d)linear(0,0,0,591.2847,d)linear(0,0,0,992.9199,d)rotateIntoBiaxial(d,0.7580,0.0000,d)nonlinear(d,0.7580,0.0000,100.0000,d)rotateFromBiaxial(d,0.7580,0.0000,d)linear(0,0,0,111.1818,d)rotate(0.9986)
14812,0,40,19.2093,26.8830,init()rotateIntoBiaxial(d,1.8894,0.0000,d)nonlinear(d,1.8894,0.0000,300.0000,d)rotateFromBiaxial(d,1.8894,0.0000,d)nonlinear(6,0.0000,0.0000,17.8826,d)rotateIntoBiaxial(d,41.1939,0.0000,d)nonlinear(d,41.1939,0.0000,50.0000,d)rotateFromBiaxial(d,41.1939,0.0000,d)linear(0,0,0,5.9264,d)rotate(179.9850)rotateIntoBiaxial(d,139.8038,0.0000,d)nonlinear(d,139.8038,0.0000,250.0000,d)rotateFromBiaxial(d,139.8038,0.0000,d)nonlinear(6,0.0000,0.0000,12.9053,d)linear(0,0,0,58.4746,d)rotate(-54.6935)rotateIntoBiaxial(d,1.7868,0.0000,d)nonlinear(d,1.7868,0.0000,50.0000,d)rotateFromBiaxial(d,1.7868,0.0000,d)nonlinear(6,0.0000,0.0000,0.9870,d)linear(0,0,0,392.3286,d)linear(0,0,0,961.2776,d)rotate(-13.2980)rotateIntoBiaxial(d,1.6266,0.0000,d)nonlinear(d,1.6266,0.0000,100.0000,d)rotateFromBiaxial(d,1.6266,0.0000,d)linear(0,0,0,284.9271,d)rotate(3.5597)
14858,0,40,19.1762,26.8830,init()rotateIntoBiaxial(d,1.6724,0.0000,d)nonlinear(d,1.6724,0.0000,250.0000,d)rotateFromBiaxial(d,1.6724,0.0000,d)nonlinear(6,0.0000,0.0000,30.4683,d)rotateIntoBiaxial(d,40.6526,0.0000,d)nonlinear(d,40.6526,0.0000,50.0000,d)rotateFromBiaxial(d,40.6526,0.0000,d)rotate(179.9738)rotateIntoBiaxial(d,139.7245,0.0000,d)nonlinear(d,139.7245,0.0000,250.0000,d)rotateFromBiaxial(d,139.7245,0.0000,d)nonlinear(6,0.0000,0.0000,29.5052,d)rotate(-35.0049)rotateIntoBiaxial(d,0.5871,0.0000,d)nonlinear(d,0.5871,0.0000,50.0000,d)rotateFromBiaxial(d,0.5871,0.0000,d)linear(0,0,0,549.3266,d)linear(0,0,0,1119.7763,d)rotateIntoBiaxial(d,4.7033,0.0000,d)nonlinear(d,4.7033,0.0000,100.0000,d)rotateFromBiaxial(d,4.7033,0.0000,d)linear(0,0,0,345.3788,d)rotate(12.3260)
14904,0,40,18.9253,26.8830,init()rotateIntoBiaxial(d,2.7815,0.0000,d)nonlinear(d,2.7815,0.0000,300.0000,d)rotateFromBiaxial(d,2.7815,0.0000,d)nonlinear(6,0.0000,0.0000,43.1128,d)rotateIntoBiaxial(d,40.6373,0.0000,d)nonlinear(d,40.6373,0.0000,50.0000,d)rotateFromBiaxial(d,40.6373,0.0000,d)rotate(179.3707)rotateIntoBiaxial(d,139.7843,0.0000,d)nonlinear(d,139.7843,0.0000,250.0000,d)rotateFromBiaxial(d,139.7843,0.0000,d)nonlinear(6,0.0000,0.0000,7.4901,d)rotate(-69.4586)rotateIntoBiaxial(d,3.3893,0.0000,d)nonlinear(d,3.3893,0.0000,50.0000,d)rotateFromBiaxial(d,3.3893,0.0000,d)linear(0,0,0,470.4892,d)linear(0,0,0,1043.7238,d)rotateIntoBiaxial(d,6.7977,0.0000,d)nonlinear(d,6.7977,0.0000,100.0000,d)rotateFromBiaxial(d,6.7977,0.0000,d)linear(0,0,0,146.7547,d)
14950,0,40,19.0121,26.8830,init()rotateIntoBiaxial(d,0.4676,0.0000,d)nonlinear(d,0.4676,0.0000,250.0000,d)rotateFromBiaxial(d,0.4676,0.0000,d)nonlinear(6,0.0000,0.0000,42.1655,d)rotateIntoBiaxial(d,41.1677,0.0000,d)nonlinear(d,41.1677,0.0000,50.0000,d)rotateFromBiaxial(d,41.1677,0.0000,d)rotate(178.1780)rotateIntoBiaxial(d,139.6719,0.0000,d)nonlinear(d,139.6719,0.0000,250.0000,d)rotateFromBiaxial(d,139.6719,0.0000,d)nonlinear(6,0.0000,0.0000,35.8099,d)linear(0,0,0,87.5063,d)rotate(-58.6222)rotateIntoBiaxial(d,0.0418,0.0000,d)nonlinear(d,0.0418,0.0000,50.0000,d)rotateFromBiaxial(d,0.0418,0.0000,d)nonlinear(6,0.0000,0.0000,0.2466,d)linear(0,0,0,429.8509,d)linear(0,0,0,1224.6316,d)rotate(-3.8128)rotateIntoBiaxial(d,3.0971,0.0000,d)nonlinear(d,3.0971,0.0000,100.0000,d)rotateFromBiaxial(d,3.0971,0.0000,d)linear(0,0,0,362.3950,d)rotate(7.8542)
14996,0,40,17.6084,26.8830,init()rotateIntoBiaxial(d,1.2167,0.0000,d)nonlinear(d,1.2167,0.0000,250.0000,d)rotateFromBiaxial(d,1.2167,0.0000,d)nonlinear(6,0.0000,0.0000,8.0474,d)linear(0,0,0,43.2320,d)rotateIntoBiaxial(d,39.6022,0.0000,d)nonlinear(d,39.6022,0.0000,50.0000,d)rotateFromBiaxial(d,39.6022,0.0000,d)rotate(179.2509)rotateIntoBiaxial(d,139.8210,0.0000,d)nonlinear(d,139.8210,0.0000,250.0000,d)rotateFromBiaxial(d,139.8210,0.0000,d)nonlinear(6,0.0000,0.0000,12.2613,d)rotate(-53.8707)rotateIntoBiaxial(d,0.2709,0.0000,d)nonlinear(d,0.2709,0.0000,50.0000,d)rotateFromBiaxial(d,0.2709,0.0000,d)linear(0,0,0,433.1877,d)linear(0,0,0,1118.0086,d)rotate(-0.9153)rotateIntoBiaxial(d,0.1743,0.0000,d)nonlinear(d,0.1743,0.0000,50.0000,d)rotateFromBiaxial(d,0.1743,0.0000,d)linear(0,0,0,309.1269,d)rotate(9.2295)
15042,0,40,18.4559,26.8830,init()rotateIntoBiaxial(d,0.1669,0.0000,d)nonlinear(d,0.1669,0.0000,250.0000,d)rotateFromBiaxial(d,0.1669,0.0000,d)nonlinear(6,0.0000,0.0000,37.6519,d)linear(0,0,0,21.1782,d)rotateIntoBiaxial(d,41.3464,0.0000,d)nonlinear(d,41.3464,0.0000,50.0000,d)rotateFromBiaxial(d,41.3464,0.0000,d)rotate(179.9937)rotateIntoBiaxial(d,139.8668,0.0000,d)nonlinear(d,139.8668,0.0000,250.0000,d)rotateFromBiaxial(d,139.8668,0.0000,d)nonlinear(6,0.0000,0.0000,15.9518,d)rotate(-75.7931)rotateIntoBiaxial(d,4.7077,0.0000,d)nonlinear(d,4.7077,0.0000,50.0000,d)rotateFromBiaxial(d,4.7077,0.0000,d)nonlinear(6,0.0000,0.0000,0.5315,d)linear(0,0,0,279.5953,d)linear(0,0,0,1036.2598,d)rotateIntoBiaxial(d,1.5247,0.0000,d)nonlinear(d,1.5247,0.0000,50.0000,d)rotateFromBiaxial(d,1.5247,0.0000,d)nonlinear(6,0.0000,0.0000,3.6552,d)linear(0,0,0,118.4575,d)rotate(14.3150)
15088,0,40,18.4565,26.8830,init()rotateIntoBiaxial(d,1.2735,0.0000,d)nonlinear(d,1.2735,0.0000,300.0000,d)rotateFromBiaxial(d,1.2735,0.0000,d)nonlinear(6,0.0000,0.0000,6.0385,d)rotateIntoBiaxial(d,39.6714,0.0000,d)nonlinear(d,39.6714,0.0000,50.0000,d)rotateFromBiaxial(d,39.6714,0.0000,d)rotate(179.9705)rotateIntoBiaxial(d,139.7837,0.0000,d)nonlinear(d,139.7837,0.0000,250.0000,d)rotateFromBiaxial(d,139.7837,0.0000,d)rotate(-71.4059)rotateIntoBiaxial(d,0.6409,0.0000,d)nonlinear(d,0.6409,0.0000,50.0000,d)rotateFromBiaxial(d,0.6409,0.0000,d)linear(0,0,0,296.4568,d)linear(0,0,0,283.5714,d)rotate(-9.8376)rotateIntoBiaxial(d,1.2779,0.0000,d)nonlinear(d,1.2779,0.0000,100.0000,d)rotateFromBiaxial(d,1.2779,0.0000,d)linear(0,0,0,285.4422,d)rotate(16.8563)
15134,0,40,18.3899,26.8830,init()rotateIntoBiaxial(d,1.1271,0.0000,d)nonlinear(d,1.1271,0.0000,300.0000,d)rotateFromBiaxial(d,1.1271,0.0000,d)nonlinear(6,0.0000,0.0000,14.6587,d)linear(0,0,0,2.9276,d)rotateIntoBiaxial(d,39.7592,0.0000,d)nonlinear(d,39.7592,0.0000,50.0000,d)rotateFromBiaxial(d,39.7592,0.0000,d)rotate(178.4165)rotateIntoBiaxial(d,139.7726,0.0000,d)nonlinear(d,139.7726,0.0000,250.0000,d)rotateFromBiaxial(d,139.7726,0.0000,d)nonlinear(6,0.0000,0.0000,15.0646,d)linear(0,0,0,281.2296,d)rotate(-84.0286)rotateIntoBiaxial(d,5.8345,0.0000,d)nonlinear(d,5.8345,0.0000,50.0000,d)rotateFromBiaxial(d,5.8345,0.0000,d)linear(0,0,0,406.8486,d)linear(0,0,0,825.2171,d)rotateIntoBiaxial(d,1.6723,0.0000,d)nonlinear(d,1.6723,0.0000,100.0000,d)rotateFromBiaxial(d,1.6723,0.0000,d)nonlinear(6,0.0000,0.0000,21.8469,d)linear(0,0,0,406.7481,d)rotate(12.1116)
15180,0,40,18.6829,26.8830,init()rotateIntoBiaxial(d,1.2709,0.0000,d)nonlinear(d,1.2709,0.0000,300.0000,d)rotateFromBiaxial(d,1.2709,0.0000,d)nonlinear(6,0.0000,0.0000,0.3050,d)rotateIntoBiaxial(d,39.5128,0.0000,d)nonlinear(d,39.5128,0.0000,50.0000,d)rotateFromBiaxial(d,39.5128,0.0000,d)rotate(175.0852)rotateIntoBiaxial(d,139.7631,0.0000,d)nonlinear(d,139.7631,0.0000,250.0000,d)rotateFromBiaxial(d,139.7631,0.0000,d)nonlinear(6,0.0000,0.0000,37.4231,d)rotate(-83.9342)rotateIntoBiaxial(d,4.0026,0.0000,d)nonlinear(d,4.0026,0.0000,50.0000,d)rotateFromBiaxial(d,4.0026,0.0000,d)linear(0,0,0,259.8889,d)linear(0,0,0,1001.8419,d)rotate(-14.2209)rotateIntoBiaxial(d,0.8249,0.0000,d)nonlinear(d,0.8249,0.0000,100.0000,d)rotateFromBiaxial(d,0.8249,0.0000,d)nonlinear(6,0.0000,0.0000,6.9030,d)linear(0,0,0,242.8680,d)rotate(18.9368)
15226,0,40,18.6597,26.8830,init()rotateIntoBiaxial(d,0.2608,0.0000,d)nonlinear(d,0.2608,0.0000,250.0000,d)rotateFromBiaxial(d,0.2608,0.0000,d)nonlinear(6,0.0000,0.0000,36.3982,d)rotateIntoBiaxial(d,40.6097,0.0000,d)nonlinear(d,40.6097,0.0000,50.0000,d)rotateFromBiaxial(d,40.6097,0.0000,d)rotate(179.5561)rotateIntoBiaxial(d,139.6658,0.0000,d)nonlinear(d,139.6658,0.0000,200.0000,d)rotateFromBiaxial(d,139.6658,0.0000,d)nonlinear(6,0.0000,0.0000,9.2577,d)rotate(-68.1491)rotateIntoBiaxial(d,0.8467,0.0000,d)nonlinear(d,0.8467,0.0000,50.0000,d)rotateFromBiaxial(d,0.8467,0.0000,d)linear(0,0,0,191.1673,d)linear(0,0,0,740.5881,d)rotate(-12.4528)rotateIntoBiaxial(d,0.3518,0.0000,d)nonlinear(d,0.3518,0.0000,50.0000,d)rotateFromBiaxial(d,0.3518,0.0000,d)nonlinear(6,0.0000,0.0000,28.8512,d)linear(0,0,0,241.9312,d)
15272,0,40,18.4048,26.8830,init()rotateIntoBiaxial(d,0.4674,0.0000,d)nonlinear(d,0.4674,0.0000,300.0000,d)rotateFromBiaxial(d,0.4674,0.0000,d)nonlinear(6,0.0000,0.0000,41.1115,d)rotateIntoBiaxial(d,41.4071,0.0000,d)nonlinear(d,41.4071,0.0000,50.0000,d)rotateFromBiaxial(d,41.4071,0.0000,d)rotate(179.7367)rotateIntoBiaxial(d,139.8032,0.0000,d)nonlinear(d,139.8032,0.0000,250.0000,d)rotateFromBiaxial(d,139.8032,0.0000,d)linear(0,0,0,158.5102,d)rotate(-70.4635)rotateIntoBiaxial(d,4.0067,0.0000,d)nonlinear(d,4.0067,0.0000,50.0000,d)rotateFromBiaxial(d,4.0067,0.0000,d)linear(0,0,0,503.1237,d)linear(0,0,0,1082.8860,d)rotateIntoBiaxial(d,4.1219,0.0000,d)nonlinear(d,4.1219,0.0000,100.0000,d)rotateFromBiaxial(d,4.1219,0.0000,d)nonlinear(6,0.0000,0.0000,15.1880,d)linear(0,0,0,403.0181,d)
15318,0,40,18.8539,26.8830,init()rotateIntoBiaxial(d,1.3205,0.0000,d)nonlinear(d,1.3205,0.0000,250.0000,d)rotateFromBiaxial(d,1.3205,0.0000,d)nonlinear(6,0.0000,0.0000,8.8281,d)rotateIntoBiaxial(d,40.9227,0.0000,d)nonlinear(d,40.9227,0.0000,50.0000,d)rotateFromBiaxial(d,40.9227,0.0000,d)rotate(179.9035)rotateIntoBiaxial(d,139.9190,0.0000,d)nonlinear(d,139.9190,0.0000,200.0000,d)rotateFromBiaxial(d,139.9190,0.0000,d)nonlinear(6,0.0000,0.0000,5.6246,d)linear(0,0,0,100.2583,d)rotate(-69.7361)rotateIntoBiaxial(d,3.4112,0.0000,d)nonlinear(d,3.4112,0.0000,50.0000,d)rotateFromBiaxial(d,3.4112,0.0000,d)linear(0,0,0,599.1417,d)linear(0,0,0,1110.1388,d)rotate(-0.6205)rotateIntoBiaxial(d,3.2693,0.0000,d)nonlinear(d,3.2693,0.0000,100.0000,d)rotateFromBiaxial(d,3.2693,0.0000,d)nonlinear(6,0.0000,0.0000,24.5894,d)linear(0,0,0,234.2645,d)
15364,0,40,18.4707,26.8830,init()rotateIntoBiaxial(d,2.1313,0.0000,d)nonlinear(d,2.1313,0.0000,300.0000,d)rotateFromBiaxial(d,2.1313,0.0000,d)nonlinear(6,0.0000,0.0000,20.2639,d)rotateIntoBiaxial(d,40.5044,0.0000,d)nonlinear(d,40.5044,0.0000,50.0000,d)rotateFromBiaxial(d,40.5044,0.0000,d)rotate(179.7058)rotateIntoBiaxial(d,139.5902,0.0000,d)nonlinear(d,139.5902,0.0000,250.0000,d)rotateFromBiaxial(d,139.5902,0.0000,d)nonlinear(6,0.0000,0.0000,7.1008,d)linear(0,0,0,56.3010,d)rotate(-84.6345)rotateIntoBiaxial(d,0.0053,0.0000,d)nonlinear(d,0.0053,0.0000,50.0000,d)rotateFromBiaxial(d,0.0053,0.0000,d)nonlinear(6,0.0000,0.0000,9.4586,d)linear(0,0,0,502.8032,d)nonlinear(6,0.0000,0.0000,4.2142,d)linear(0,0,0,1121.9704,d)rotateIntoBiaxial(d,1.3374,0.0000,d)nonlinear(d,1.3374,0.0000,50.0000,d)rotateFromBiaxial(d,1.3374,0.0000,d)nonlinear(6,0.0000,0.0000,11.9194,d)linear(0,0,0,288.1552,d)
15410,0,40,18.4453,26.8830,init()rotateIntoBiaxial(d,0.1632,0.0000,d)nonlinear(d,0.1632,0.0000,250.0000,d)rotateFromBiaxial(d,0.1632,0.0000,d)nonlinear(6,0.0000,0.0000,28.2095,d)rotateIntoBiaxial(d,41.0364,0.0000,d)nonlinear(d,41.0364,0.0000,50.0000,d)rotateFromBiaxial(d,41.0364,0.0000,d)rotate(179.1546)rotateIntoBiaxial(d,139.7897,0.0000,d)nonlinear(d,139.7897,0.0000,200.0000,d)rotateFromBiaxial(d,139.7897,0.0000,d)nonlinear(6,0.0000,0.0000,13.6903,d)rotate(-80.5390)rotateIntoBiaxial(d,5.3455,0.0000,d)nonlinear(d,5.3455,0.0000,50.0000,d)rotateFromBiaxial(d,5.3455,0.0000,d)linear(0,0,0,428.7460,d)nonlinear(6,0.0000,0.0000,2.1284,d)linear(0,0,0,900.6656,d)rotateIntoBiaxial(d,0.0185,0.0000,d)nonlinear(d,0.0185,0.0000,150.0000,d)rotateFromBiaxial(d,0.0185,0.0000,d)nonlinear(6,0.0000,0.0000,36.7454,d)linear(0,0,0,209.8627,d)
15456,0,40,18.8221,26.8830,init()rotateIntoBiaxial(d,0.2655,0.0000,d)nonlinear(d,0.2655,0.0000,250.0000,d)rotateFromBiaxial(d,0.2655,0.0000,d)nonlinear(6,0.0000,0.0000,14.5030,d)rotateIntoBiaxial(d,41.0828,0.0000,d)nonlinear(d,41.0828,0.0000,50.0000,d)rotateFromBiaxial(d,41.0828,0.0000,d)rotate(178.5588)rotateIntoBiaxial(d,139.7307,0.0000,d)nonlinear(d,139.7307,0.0000,250.0000,d)rotateFromBiaxial(d,139.7307,0.0000,d)nonlinear(6,0.0000,0.0000,1.1081,d)rotate(-70.9726)rotateIntoBiaxial(d,1.1488,0.0000,d)nonlinear(d,1.1488,0.0000,50.0000,d)rotateFromBiaxial(d,1.1488,0.0000,d)nonlinear(6,0.0000,0.0000,3.2732,d)linear(0,0,0,621.7032,d)nonlinear(6,0.0000,0.0000,7.8643,d)linear(0,0,0,1039.4264,d)rotateIntoBiaxial(d,0.5141,0.0000,d)nonlinear(d,0.5141,0.0000,50.0000,d)rotateFromBiaxial(d,0.5141,0.0000,d)nonlinear(6,0.0000,0.0000,50.1228,d)linear(0,0,0,253.6343,d)
15502,0,40,19.0827,26.8830,init()rotateIntoBiaxial(d,1.7314,0.0000,d)nonlinear(d,1.7314,0.0000,250.0000,d)rotateFromBiaxial(d,1.7314,0.0000,d)nonlinear(6,0.0000,0.0000,2.5171,d)rotateIntoBiaxial(d,40.0186,0.0000,d)nonlinear(d,40.0186,0.0000,50.0000,d)rotateFromBiaxial(d,40.0186,0.0000,d)rotate(179.9803)rotateIntoBiaxial(d,139.8253,0.0000,d)nonlinear(d,139.8253,0.0000,200.0000,d)rotateFromBiaxial(d,139.8253,0.0000,d)nonlinear(6,0.0000,0.0000,0.2081,d)rotate(-66.6683)rotateIntoBiaxial(d,2.8310,0.0000,d)nonlinear(d,2.8310,0.0000,50.0000,d)rotateFromBiaxial(d,2.8310,0.0000,d)nonlinear(6,0.0000,0.0000,7.9965,d)linear(0,0,0,331.1902,d)nonlinear(6,0.0000,0.0000,23.2441,d)linear(0,0,0,1035.9549,d)rotate(-6.6699)rotateIntoBiaxial(d,0.8960,0.0000,d)nonlinear(d,0.8960,0.0000,50.0000,d)rotateFromBiaxial(d,0.8960,0.0000,d)nonlinear(6,0.0000,0.0000,36.5343,d)linear(0,0,0,66.7278,d)
15548,0,40,18.2439,26.8830,init()rotateIntoBiaxial(d,0.8130,0.0000,d)nonlinear(d,0.8130,0.0000,250.0000,d)rotateFromBiaxial(d,0.8130,0.0000,d)nonlinear(6,0.0000,0.0000,24.3765,d)rotateIntoBiaxial(d,39.6319,0.0000,d)nonlinear(d,39.6319,0.0000,50.0000,d)rotateFromBiaxial(d,39.6319,0.0000,d)linear(0,0,0,4.9180,d)rotate(178.7947)rotateIntoBiaxial(d,139.7028,0.0000,d)nonlinear(d,139.7028,0.0000,200.0000,d)rotateFromBiaxial(d,139.7028,0.0000,d)nonlinear(6,0.0000,0.0000,6.9230,d)linear(0,0,0,166.0707,d)rotate(-75.2720)rotateIntoBiaxial(d,5.1573,0.0000,d)nonlinear(d,5.1573,0.0000,50.0000,d)rotateFromBiaxial(d,5.1573,0.0000,d)nonlinear(6,0.0000,0.0000,8.9305,d)linear(0,0,0,445.3910,d)nonlinear(6,0.0000,0.0000,37.9803,d)linear(0,0,0,833.3855,d)rotateIntoBiaxial(d,4.1919,0.0000,d)nonlinear(d,4.1919,0.0000,100.0000,d)rotateFromBiaxial(d,4.1919,0.0000,d)nonlinear(6,0.0000,0.0000,25.3428,d)linear(0,0,0,401.9700,d)
15594,0,40,19.6028,26.8830,init()rotateIntoBiaxial(d,0.8654,0.0000,d)nonlinear(d,0.8654,0.0000,250.0000,d)rotateFromBiaxial(d,0.8654,0.0000,d)nonlinear(6,0.0000,0.0000,1.3143,d)rotateIntoBiaxial(d,40.7800,0.0000,d)nonlinear(d,40.7800,0.0000,50.0000,d)rotateFromBiaxial(d,40.7800,0.0000,d)rotate(178.5320)rotateIntoBiaxial(d,139.8641,0.0000,d)nonlinear(d,139.8641,0.0000,250.0000,d)rotateFromBiaxial(d,139.8641,0.0000,d)nonlinear(6,0.0000,0.0000,0.1227,d)linear(0,0,0,245.2176,d)rotate(-74.0564)rotateIntoBiaxial(d,0.3661,0.0000,d)nonlinear(d,0.3661,0.0000,50.0000,d)rotateFromBiaxial(d,0.3661,0.0000,d)nonlinear(6,0.0000,0.0000,6.8104,d)linear(0,0,0,492.7681,d)nonlinear(6,0.0000,0.0000,20.5189,d)linear(0,0,0,1033.9877,d)rotateIntoBiaxial(d,4.9051,0.0000,d)nonlinear(d,4.9051,0.0000,100.0000,d)rotateFromBiaxial(d,4.9051,0.0000,d)nonlinear(6,0.0000,0.0000,32.4176,d)linear(0,0,0,313.7017,d)
15640,0,40,19.2183,26.8830,init()rotateIntoBiaxial(d,1.6576,0.0000,d)nonlinear(d,1.6576,0.0000,300.0000,d)rotateFromBiaxial(d,1.6576,0.0000,d)nonlinear(6,0.0000,0.0000,9.2208,d)rotateIntoBiaxial(d,40.5914,0.0000,d)nonlinear(d,40.5914,0.0000,50.0000,d)rotateFromBiaxial(d,40.5914,0.0000,d)rotate(179.9806)rotateIntoBiaxial(d,139.6473,0.0000,d)nonlinear(d,139.6473,0.0000,250.0000,d)rotateFromBiaxial(d,139.6473,0.0000,d)nonlinear(6,0.0000,0.0000,1.0717,d)rotate(-83.6191)rotateIntoBiaxial(d,4.5878,0.0000,d)nonlinear(d,4.5878,0.0000,50.0000,d)rotateFromBiaxial(d,4.5878,0.0000,d)linear(0,0,0,603.0561,d)nonlinear(6,0.0000,0.0000,8.7544,d)linear(0,0,0,1070.2771,d)rotateIntoBiaxial(d,3.9954,0.0000,d)nonlinear(d,3.9954,0.0000,150.0000,d)rotateFromBiaxial(d,3.9954,0.0000,d)nonlinear(6,0.0000,0.0000,0.4568,d)linear(0,0,0,86.2565,d)
15686,0,40,18.9442,26.8830,init()rotateIntoBiaxial(d,0.9833,0.0000,d)nonlinear(d,0.9833,0.0000,250.0000,d)rotateFromBiaxial(d,0.9833,0.0000,d)nonlinear(6,0.0000,0.0000,25.1438,d)rotateIntoBiaxial(d,40.2357,0.0000,d)nonlinear(d,40.2357,0.0000,50.0000,d)rotateFromBiaxial(d,40.2357,0.0000,d)rotate(179.9437)rotateIntoBiaxial(d,139.7565,0.0000,d)nonlinear(d,139.7565,0.0000,250.0000,d)rotateFromBiaxial(d,139.7565,0.0000,d)nonlinear(6,0.0000,0.0000,2.4607,d)rotate(-78.3367)rotateIntoBiaxial(d,4.1221,0.0000,d)nonlinear(d,4.1221,0.0000,50.0000,d)rotateFromBiaxial(d,4.1221,0.0000,d)linear(0,0,0,449.1391,d)nonlinear(6,0.0000,0.0000,43.9700,d)linear(0,0,0,635.3092,d)rotateIntoBiaxial(d,1.2429,0.0000,d)nonlinear(d,1.2429,0.0000,50.0000,d)rotateFromBiaxial(d,1.2429,0.0000,d)nonlinear(6,0.0000,0.0000,17.8050,d)linear(0,0,0,258.5754,d)
15732,0,40,18.3277,26.8830,init()rotateIntoBiaxial(d,2.0264,0.0000,d)nonlinear(d,2.0264,0.0000,300.0000,d)rotateFromBiaxial(d,2.0264,0.0000,d)nonlinear(6,0.0000,0.0000,10.1603,d)rotateIntoBiaxial(d,40.0492,0.0000,d)nonlinear(d,40.0492,0.0000,50.0000,d)rotateFromBiaxial(d,40.0492,0.0000,d)rotate(179.2839)rotateIntoBiaxial(d,139.9232,0.0000,d)nonlinear(d,139.9232,0.0000,250.0000,d)rotateFromBiaxial(d,139.9232,0.0000,d)nonlinear(6,0.0000,0.0000,10.4409,d)linear(0,0,0,89.5212,d)rotate(-64.0272)rotateIntoBiaxial(d,2.5494,0.0000,d)nonlinear(d,2.5494,0.0000,50.0000,d)rotateFromBiaxial(d,2.5494,0.0000,d)nonlinear(6,0.0000,0.0000,23.3496,d)linear(0,0,0,460.3001,d)nonlinear(6,0.0000,0.0000,14.0449,d)linear(0,0,0,1064.3463,d)rotateIntoBiaxial(d,3.9025,0.0000,d)nonlinear(d,3.9025,0.0000,100.0000,d)rotateFromBiaxial(d,3.9025,0.0000,d)nonlinear(6,0.0000,0.0000,2.5522,d)linear(0,0,0,100.6362,d)rotate(8.3164)
15778,0,40,18.8714,26.8830,init()rotateIntoBiaxial(d,1.0902,0.0000,d)nonlinear(d,1.0902,0.0000,250.0000,d)rotateFromBiaxial(d,1.0902,0.0000,d)nonlinear(6,0.0000,0.0000,17.7591,d)rotateIntoBiaxial(d,41.0347,0.0000,d)nonlinear(d,41.0347,0.0000,50.0000,d)rotateFromBiaxial(d,41.0347,0.0000,d)rotate(179.0111)rotateIntoBiaxial(d,139.6505,0.0000,d)nonlinear(d,139.6505,0.0000,250.0000,d)rotateFromBiaxial(d,139.6505,0.0000,d)nonlinear(6,0.0000,0.0000,1.2617,d)rotate(-78.3982)rotateIntoBiaxial(d,4.4987,0.0000,d)nonlinear(d,4.4987,0.0000,50.0000,d)rotateFromBiaxial(d,4.4987,0.0000,d)nonlinear(6,0.0000,0.0000,1.6454,d)linear(0,0,0,422.2723,d)nonlinear(6,0.0000,0.0000,26.8148,d)linear(0,0,0,811.3195,d)rotate(-14.6642)rotateIntoBiaxial(d,2.0010,0.0000,d)nonlinear(d,2.0010,0.0000,50.0000,d)rotateFromBiaxial(d,2.0010,0.0000,d)linear(0,0,0,218.4611,d)
15824,0,40,19.0637,26.8830,init()rotateIntoBiaxial(d,0.7072,0.0000,d)nonlinear(d,0.7072,0.0000,250.0000,d)rotateFromBiaxial(d,0.7072,0.0000,d)nonlinear(6,0.0000,0.0000,5.2700,d)rotateIntoBiaxial(d,40.9064,0.0000,d)nonlinear(d,40.9064,0.0000,50.0000,d)rotateFromBiaxial(d,40.9064,0.0000,d)rotate(173.9703)rotateIntoBiaxial(d,139.8231,0.0000,d)nonlinear(d,139.8231,0.0000,250.0000,d)rotateFromBiaxial(d,139.8231,0.0000,d)rotate(-71.6959)rotateIntoBiaxial(d,10.2598,0.0000,d)nonlinear(d,10.2598,0.0000,50.0000,d)rotateFromBiaxial(d,10.2598,0.0000,d)nonlinear(6,0.0000,0.0000,19.8077,d)linear(0,0,0,390.5237,d)nonlinear(6,0.0000,0.0000,8.6050,d)linear(0,0,0,918.1137,d)rotateIntoBiaxial(d,2.5810,0.0000,d)nonlinear(d,2.5810,0.0000,100.0000,d)rotateFromBiaxial(d,2.5810,0.0000,d)nonlinear(6,0.0000,0.0000,21.9448,d)linear(0,0,0,118.9383,d)
15870,0,40,19.6462,26.8830,init()rotateIntoBiaxial(d,3.2313,0.0000,d)nonlinear(d,3.2313,0.0000,250.0000,d)rotateFromBiaxial(d,3.2313,0.0000,d)nonlinear(6,0.0000,0.0000,5.1248,d)rotateIntoBiaxial(d,41.3493,0.0000,d)nonlinear(d,41.3493,0.0000,50.0000,d)rotateFromBiaxial(d,41.3493,0.0000,d)rotate(179.9998)rotateIntoBiaxial(d,139.7971,0.0000,d)nonlinear(d,139.7971,0.0000,250.0000,d)rotateFromBiaxial(d,139.7971,0.0000,d)nonlinear(6,0.0000,0.0000,18.8635,d)linear(0,0,0,82.1613,d)rotate(-78.4642)rotateIntoBiaxial(d,1.0617,0.0000,d)nonlinear(d,1.0617,0.0000,50.0000,d)rotateFromBiaxial(d,1.0617,0.0000,d)nonlinear(6,0.0000,0.0000,12.6036,d)linear(0,0,0,630.7490,d)linear(0,0,0,1049.2438,d)rotateIntoBiaxial(d,1.3164,0.0000,d)nonlinear(d,1.3164,0.0000,100.0000,d)rotateFromBiaxial(d,1.3164,0.0000,d)nonlinear(6,0.0000,0.0000,11.0313,d)linear(0,0,0,78.9832,d)
15916,0,40,19.2717,26.8830,init()rotateIntoBiaxial(d,1.4393,0.0000,d)nonlinear(d,1.4393,0.0000,300.0000,d)rotateFromBiaxial(d,1.4393,0.0000,d)nonlinear(6,0.0000,0.0000,5.9463,d)rotateIntoBiaxial(d,39.8130,0.0000,d)nonlinear(d,39.8130,0.0000,50.0000,d)rotateFromBiaxial(d,39.8130,0.0000,d)rotate(179.0825)rotateIntoBiaxial(d,139.7091,0.0000,d)nonlinear(d,139.7091,0.0000,250.0000,d)rotateFromBiaxial(d,139.7091,0.0000,d)nonlinear(6,0.0000,0.0000,25.0183,d)linear(0,0,0,175.0875,d)rotate(-66.4557)rotateIntoBiaxial(d,3.4618,0.0000,d)nonlinear(d,3.4618,0.0000,50.0000,d)rotateFromBiaxial(d,3.4618,0.0000,d)linear(0,0,0,456.5248,d)nonlinear(6,0.0000,0.0000,15.2499,d)linear(0,0,0,652.4553,d)rotateIntoBiaxial(d,2.7717,0.0000,d)nonlinear(d,2.7717,0.0000,100.0000,d)rotateFromBiaxial(d,2.7717,0.0000,d)linear(0,0,0,219.9326,d)rotate(2.1527)
15962,0,40,18.5967,26.8830,init()rotateIntoBiaxial(d,2.8164,0.0000,d)nonlinear(d,2.8164,0.0000,300.0000,d)rotateFromBiaxial(d,2.8164,0.0000,d)nonlinear(6,0.0000,0.0000,7.6199,d)rotateIntoBiaxial(d,42.9958,0.0000,d)nonlinear(d,42.9958,0.0000,50.0000,d)rotateFromBiaxial(d,42.9958,0.0000,d)rotate(178.5988)rotateIntoBiaxial(d,139.7547,0.0000,d)nonlinear(d,139.7547,0.0000,250.0000,d)rotateFromBiaxial(d,139.7547,0.0000,d)nonlinear(6,0.0000,0.0000,0.5689,d)linear(0,0,0,297.5399,d)rotate(-68.1446)rotateIntoBiaxial(d,3.7725,0.0000,d)nonlinear(d,3.7725,0.0000,50.0000,d)rotateFromBiaxial(d,3.7725,0.0000,d)linear(0,0,0,552.6656,d)nonlinear(6,0.0000,0.0000,13.1616,d)linear(0,0,0,531.8041,d)rotateIntoBiaxial(d,5.3250,0.0000,d)nonlinear(d,5.3250,0.0000,50.0000,d)rotateFromBiaxial(d,5.3250,0.0000,d)nonlinear(6,0.0000,0.0000,18.9408,d)linear(0,0,0,64.4230,d)
16008,0,40,19.6475,26.8830,init()rotateIntoBiaxial(d,0.8229,0.0000,d)nonlinear(d,0.8229,0.0000,300.0000,d)rotateFromBiaxial(d,0.8229,0.0000,d)nonlinear(6,0.0000,0.0000,1.1841,d)rotateIntoBiaxial(d,41.1016,0.0000,d)nonlinear(d,41.1016,0.0000,50.0000,d)rotateFromBiaxial(d,41.1016,0.0000,d)rotate(177.7536)rotateIntoBiaxial(d,139.6994,0.0000,d)nonlinear(d,139.6994,0.0000,250.0000,d)rotateFromBiaxial(d,139.6994,0.0000,d)linear(0,0,0,51.9131,d)rotate(-77.1136)rotateIntoBiaxial(d,6.3763,0.0000,d)nonlinear(d,6.3763,0.0000,50.0000,d)rotateFromBiaxial(d,6.3763,0.0000,d)nonlinear(6,0.0000,0.0000,8.1230,d)linear(0,0,0,440.1240,d)nonlinear(6,0.0000,0.0000,10.8645,d)linear(0,0,0,908.8185,d)rotateIntoBiaxial(d,0.0677,0.0000,d)nonlinear(d,0.0677,0.0000,100.0000,d)rotateFromBiaxial(d,0.0677,0.0000,d)nonlinear(6,0.0000,0.0000,19.6896,d)linear(0,0,0,33.5367,d)rotate(2.5874)
16054,0,40,19.5524,26.8830,init()rotateIntoBiaxial(d,2.4910,0.0000,d)nonlinear(d,2.4910,0.0000,300.0000,d)rotateFromBiaxial(d,2.4910,0.0000,d)nonlinear(6,0.0000,0.0000,12.3366,d)rotateIntoBiaxial(d,41.1815,0.0000,d)nonlinear(d,41.1815,0.0000,50.0000,d)rotateFromBiaxial(d,41.1815,0.0000,d)rotate(179.9952)rotateIntoBiaxial(d,139.7729,0.0000,d)nonlinear(d,139.7729,0.0000,250.0000,d)rotateFromBiaxial(d,139.7729,0.0000,d)nonlinear(6,0.0000,0.0000,16.9101,d)rotate(-69.6788)rotateIntoBiaxial(d,6.5265,0.0000,d)nonlinear(d,6.5265,0.0000,50.0000,d)rotateFromBiaxial(d,6.5265,0.0000,d)linear(0,0,0,397.6359,d)nonlinear(6,0.0000,0.0000,44.7886,d)linear(0,0,0,1040.1699,d)rotateIntoBiaxial(d,4.0609,0.0000,d)nonlinear(d,4.0609,0.0000,100.0000,d)rotateFromBiaxial(d,4.0609,0.0000,d)nonlinear(6,0.0000,0.0000,21.2388,d)linear(0,0,0,106.9693,d)rotate(14.2366)
16100,0,40,18.9472,26.8830,init()rotateIntoBiaxial(d,0.0689,0.0000,d)nonlinear(d,0.0689,0.0000,250.0000,d)rotateFromBiaxial(d,0.0689,0.0000,d)nonlinear(6,0.0000,0.0000,7.3757,d)rotateIntoBiaxial(d,40.2361,0.0000,d)nonlinear(d,40.2361,0.0000,50.0000,d)rotateFromBiaxial(d,40.2361,0.0000,d)rotate(179.2310)rotateIntoBiaxial(d,139.7482,0.0000,d)nonlinear(d,139.7482,0.0000,250.0000,d)rotateFromBiaxial(d,139.7482,0.0000,d)nonlinear(6,0.0000,0.0000,14.3905,d)linear(0,0,0,88.1863,d)rotate(-69.1600)rotateIntoBiaxial(d,7.6066,0.0000,d)nonlinear(d,7.6066,0.0000,50.0000,d)rotateFromBiaxial(d,7.6066,0.0000,d)nonlinear(6,0.0000,0.0000,5.4366,d)linear(0,0,0,465.6593,d)nonlinear(6,0.0000,0.0000,28.1343,d)linear(0,0,0,817.1110,d)rotateIntoBiaxial(d,1.4193,0.0000,d)nonlinear(d,1.4193,0.0000,100.0000,d)rotateFromBiaxial(d,1.4193,0.0000,d)linear(0,0,0,190.7086,d)
16146,0,40,18.0632,26.8830,init()rotateIntoBiaxial(d,0.3049,0.0000,d)nonlinear(d,0.3049,0.0000,300.0000,d)rotateFromBiaxial(d,0.3049,0.0000,d)nonlinear(6,0.0000,0.0000,22.0080,d)rotateIntoBiaxial(d,40.7680,0.0000,d)nonlinear(d,40.7680,0.0000,50.0000,d)rotateFromBiaxial(d,40.7680,0.0000,d)rotate(179.8029)rotateIntoBiaxial(d,139.7432,0.0000,d)nonlinear(d,139.7432,0.0000,200.0000,d)rotateFromBiaxial(d,139.7432,0.0000,d)nonlinear(6,0.0000,0.0000,9.9501,d)linear(0,0,0,147.2236,d)rotate(-68.9039)rotateIntoBiaxial(d,5.2314,0.0000,d)nonlinear(d,5.2314,0.0000,50.0000,d)rotateFromBiaxial(d,5.2314,0.0000,d)nonlinear(6,0.0000,0.0000,6.3300,d)linear(0,0,0,368.7455,d)nonlinear(6,0.0000,0.0000,12.3025,d)linear(0,0,0,953.6132,d)rotateIntoBiaxial(d,1.3116,0.0000,d)nonlinear(d,1.3116,0.0000,100.0000,d)rotateFromBiaxial(d,1.3116,0.0000,d)nonlinear(6,0.0000,0.0000,43.6664,d)linear(0,0,0,338.8309,d)rotate(9.1321)
16192,0,40,18.0495,26.8830,init()rotateIntoBiaxial(d,0.2122,0.0000,d)nonlinear(d,0.2122,0.0000,250.0000,d)rotateFromBiaxial(d,0.2122,0.0000,d)nonlinear(6,0.0000,0.0000,25.6681,d)rotateIntoBiaxial(d,39.5381,0.0000,d)nonlinear(d,39.5381,0.0000,50.0000,d)rotateFromBiaxial(d,39.5381,0.0000,d)rotate(177.1336)rotateIntoBiaxial(d,139.6541,0.0000,d)nonlinear(d,139.6541,0.0000,200.0000,d)rotateFromBiaxial(d,139.6541,0.0000,d)nonlinear(6,0.0000,0.0000,26.6186,d)rotate(-67.4675)rotateIntoBiaxial(d,2.4560,0.0000,d)nonlinear(d,2.4560,0.0000,50.0000,d)rotateFromBiaxial(d,2.4560,0.0000,d)nonlinear(6,0.0000,0.0000,8.2581,d)linear(0,0,0,571.7829,d)nonlinear(6,0.0000,0.0000,40.2420,d)linear(0,0,0,760.0987,d)rotateIntoBiaxial(d,5.7064,0.0000,d)nonlinear(d,5.7064,0.0000,50.0000,d)rotateFromBiaxial(d,5.7064,0.0000,d)nonlinear(6,0.0000,0.0000,35.6938,d)linear(0,0,0,216.5497,d)rotate(0.2708)
16238,0,40,18.8170,26.8830,init()rotateIntoBiaxial(d,0.6093,0.0000,d)nonlinear(d,0.6093,0.0000,300.0000,d)rotateFromBiaxial(d,0.6093,0.0000,d)nonlinear(6,0.0000,0.0000,19.6589,d)rotateIntoBiaxial(d,41.0276,0.0000,d)nonlinear(d,41.0276,0.0000,50.0000,d)rotateFromBiaxial(d,41.0276,0.0000,d)rotate(179.7357)rotateIntoBiaxial(d,139.7652,0.0000,d)nonlinear(d,139.7652,0.0000,250.0000,d)rotateFromBiaxial(d,139.7652,0.0000,d)nonlinear(6,0.0000,0.0000,33.4001,d)rotate(-67.9292)rotateIntoBiaxial(d,6.4061,0.0000,d)nonlinear(d,6.4061,0.0000,50.0000,d)rotateFromBiaxial(d,6.4061,0.0000,d)nonlinear(6,0.0000,0.0000,3.8982,d)linear(0,0,0,383.5416,d)nonlinear(6,0.0000,0.0000,42.4521,d)linear(0,0,0,952.6848,d)rotateIntoBiaxial(d,1.3533,0.0000,d)nonlinear(d,1.3533,0.0000,100.0000,d)rotateFromBiaxial(d,1.3533,0.0000,d)nonlinear(6,0.0000,0.0000,12.6823,d)linear(0,0,0,115.3725,d)rotate(0.7549)
16284,0,40,19.2542,26.8830,init()rotateIntoBiaxial(d,1.6749,0.0000,d)nonlinear(d,1.6749,0.0000,300.0000,d)rotateFromBiaxial(d,1.6749,0.0000,d)nonlinear(6,0.0000,0.0000,13.8758,d)rotateIntoBiaxial(d,40.6892,0.0000,d)nonlinear(d,40.6892,0.0000,50.0000,d)rotateFromBiaxial(d,40.6892,0.0000,d)rotate(176.2760)rotateIntoBiaxial(d,139.6816,0.0000,d)nonlinear(d,139.6816,0.0000,250.0000,d)rotateFromBiaxial(d,139.6816,0.0000,d)nonlinear(6,0.0000,0.0000,15.1741,d)rotate(-70.9003)rotateIntoBiaxial(d,5.0801,0.0000,d)nonlinear(d,5.0801,0.0000,50.0000,d)rotateFromBiaxial(d,5.0801,0.0000,d)linear(0,0,0,415.7619,d)nonlinear(6,0.0000,0.0000,7.6331,d)linear(0,0,0,935.5975,d)rotateIntoBiaxial(d,2.7707,0.0000,d)nonlinear(d,2.7707,0.0000,100.0000,d)rotateFromBiaxial(d,2.7707,0.0000,d)linear(0,0,0,215.5095,d)
16330,0,40,19.2442,26.8830,init()rotateIntoBiaxial(d,1.8145,0.0000,d)nonlinear(d,1.8145,0.0000,300.0000,d)rotateFromBiaxial(d,1.8145,0.0000,d)nonlinear(6,0.0000,0.0000,15.7784,d)rotateIntoBiaxial(d,40.4062,0.0000,d)nonlinear(d,40.4062,0.0000,50.0000,d)rotateFromBiaxial(d,40.4062,0.0000,d)rotate(179.3600)rotateIntoBiaxial(d,139.7172,0.0000,d)nonlinear(d,139.7172,0.0000,250.0000,d)rotateFromBiaxial(d,139.7172,0.0000,d)nonlinear(6,0.0000,0.0000,9.5522,d)rotate(-71.5135)rotateIntoBiaxial(d,5.4218,0.0000,d)nonlinear(d,5.4218,0.0000,50.0000,d)rotateFromBiaxial(d,5.4218,0.0000,d)nonlinear(6,0.0000,0.0000,1.6502,d)linear(0,0,0,393.6749,d)nonlinear(6,0.0000,0.0000,13.7315,d)linear(0,0,0,690.4230,d)rotateIntoBiaxial(d,0.6965,0.0000,d)nonlinear(d,0.6965,0.0000,100.0000,d)rotateFromBiaxial(d,0.6965,0.0000,d)linear(0,0,0,118.6396,d)rotate(4.8140)
16376,0,40,18.1440,26.8830,init()rotateIntoBiaxial(d,1.0580,0.0000,d)nonlinear(d,1.0580,0.0000,250.0000,d)rotateFromBiaxial(d,1.0580,0.0000,d)nonlinear(6,0.0000,0.0000,13.9960,d)rotateIntoBiaxial(d,40.1787,0.0000,d)nonlinear(d,40.1787,0.0000,50.0000,d)rotateFromBiaxial(d,40.1787,0.0000,d)rotate(179.8809)rotateIntoBiaxial(d,139.9057,0.0000,d)nonlinear(d,139.9057,0.0000,250.0000,d)rotateFromBiaxial(d,139.9057,0.0000,d)nonlinear(6,0.0000,0.0000,15.6017,d)rotate(-74.7231)rotateIntoBiaxial(d,5.0876,0.0000,d)nonlinear(d,5.0876,0.0000,50.0000,d)rotateFromBiaxial(d,5.0876,0.0000,d)nonlinear(6,0.0000,0.0000,0.0118,d)linear(0,0,0,438.8621,d)nonlinear(6,0.0000,0.0000,3.9706,d)linear(0,0,0,761.6329,d)rotateIntoBiaxial(d,2.5720,0.0000,d)nonlinear(d,2.5720,0.0000,150.0000,d)rotateFromBiaxial(d,2.5720,0.0000,d)nonlinear(6,0.0000,0.0000,34.1700,d)linear(0,0,0,156.9026,d)
16422,0,40,18.8751,26.8830,init()rotateIntoBiaxial(d,0.4952,0.0000,d)nonlinear(d,0.4952,0.0000,250.0000,d)rotateFromBiaxial(d,0.4952,0.0000,d)nonlinear(6,0.0000,0.0000,26.3010,d)rotateIntoBiaxial(d,41.1895,0.0000,d)nonlinear(d,41.1895,0.0000,50.0000,d)rotateFromBiaxial(d,41.1895,0.0000,d)rotate(177.8337)rotateIntoBiaxial(d,139.6509,0.0000,d)nonlinear(d,139.6509,0.0000,250.0000,d)rotateFromBiaxial(d,139.6509,0.0000,d)nonlinear(6,0.0000,0.0000,28.8795,d)rotate(-70.3176)rotateIntoBiaxial(d,7.7013,0.0000,d)nonlinear(d,7.7013,0.0000,50.0000,d)rotateFromBiaxial(d,7.7013,0.0000,d)linear(0,0,0,532.0786,d)rotate(6.6793)nonlinear(6,0.0000,0.0000,19.0989,d)linear(0,0,0,542.8606,d)rotateIntoBiaxial(d,1.6804,0.0000,d)nonlinear(d,1.6804,0.0000,100.0000,d)rotateFromBiaxial(d,1.6804,0.0000,d)nonlinear(6,0.0000,0.0000,25.0129,d)linear(0,0,0,282.0474,d)rotate(0.2060)
16468,0,40,19.4668,26.8830,init()rotateIntoBiaxial(d,1.3572,0.0000,d)nonlinear(d,1.3572,0.0000,250.0000,d)rotateFromBiaxial(d,1.3572,0.0000,d)nonlinear(6,0.0000,0.0000,12.9375,d)rotateIntoBiaxial(d,40.2937,0.0000,d)nonlinear(d,40.2937,0.0000,50.0000,d)rotateFromBiaxial(d,40.2937,0.0000,d)rotate(179.9671)rotateIntoBiaxial(d,139.6847,0.0000,d)nonlinear(d,139.6847,0.0000,250.0000,d)rotateFromBiaxial(d,139.6847,0.0000,d)nonlinear(6,0.0000,0.0000,25.2321,d)linear(0,0,0,117.4519,d)rotate(-69.0560)rotateIntoBiaxial(d,5.4484,0.0000,d)nonlinear(d,5.4484,0.0000,50.0000,d)rotateFromBiaxial(d,5.4484,0.0000,d)linear(0,0,0,261.3493,d)nonlinear(6,0.0000,0.0000,2.6974,d)linear(0,0,0,298.1931,d)rotateIntoBiaxial(d,1.2065,0.0000,d)nonlinear(d,1.2065,0.0000,100.0000,d)rotateFromBiaxial(d,1.2065,0.0000,d)linear(0,0,0,450.7846,d)rotate(6.1502)
16514,0,40,18.9644,26.8830,init()rotateIntoBiaxial(d,1.0336,0.0000,d)nonlinear(d,1.0336,0.0000,250.0000,d)rotateFromBiaxial(d,1.0336,0.0000,d)nonlinear(6,0.0000,0.0000,13.4088,d)rotateIntoBiaxial(d,40.5162,0.0000,d)nonlinear(d,40.5162,0.0000,50.0000,d)rotateFromBiaxial(d,40.5162,0.0000,d)rotate(179.9082)rotateIntoBiaxial(d,139.8460,0.0000,d)nonlinear(d,139.8460,0.0000,250.0000,d)rotateFromBiaxial(d,139.8460,0.0000,d)nonlinear(6,0.0000,0.0000,59.7487,d)linear(0,0,0,304.8503,d)rotate(-70.8894)rotateIntoBiaxial(d,3.6244,0.0000,d)nonlinear(d,3.6244,0.0000,50.0000,d)rotateFromBiaxial(d,3.6244,0.0000,d)nonlinear(6,0.0000,0.0000,11.6569,d)linear(0,0,0,656.9461,d)linear(0,0,0,474.1399,d)rotateIntoBiaxial(d,1.8176,0.0000,d)nonlinear(d,1.8176,0.0000,100.0000,d)rotateFromBiaxial(d,1.8176,0.0000,d)nonlinear(6,0.0000,0.0000,45.2059,d)linear(0,0,0,242.8226,d)
16560,0,40,19.0738,26.8830,init()rotateIntoBiaxial(d,0.6133,0.0000,d)nonlinear(d,0.6133,0.0000,250.0000,d)rotateFromBiaxial(d,0.6133,0.0000,d)nonlinear(6,0.0000,0.0000,10.4359,d)rotateIntoBiaxial(d,40.1325,0.0000,d)nonlinear(d,40.1325,0.0000,50.0000,d)rotateFromBiaxial(d,40.1325,0.0000,d)rotate(178.9023)rotateIntoBiaxial(d,139.7199,0.0000,d)nonlinear(d,139.7199,0.0000,250.0000,d)rotateFromBiaxial(d,139.7199,0.0000,d)nonlinear(6,0.0000,0.0000,37.3139,d)linear(0,0,0,63.0413,d)rotate(-85.9403)rotateIntoBiaxial(d,4.7833,0.0000,d)nonlinear(d,4.7833,0.0000,50.0000,d)rotateFromBiaxial(d,4.7833,0.0000,d)nonlinear(6,0.0000,0.0000,6.8965,d)linear(0,0,0,528.5583,d)nonlinear(6,0.0000,0.0000,4.2858,d)linear(0,0,0,682.3612,d)rotateIntoBiaxial(d,1.4544,0.0000,d)nonlinear(d,1.4544,0.0000,100.0000,d)rotateFromBiaxial(d,1.4544,0.0000,d)nonlinear(6,0.0000,0.0000,1.4490,d)linear(0,0,0,240.1601,d)
16606,0,40,19.4458,26.8830,init()rotateIntoBiaxial(d,1.4055,0.0000,d)nonlinear(d,1.4055,0.0000,300.0000,d)rotateFromBiaxial(d,1.4055,0.0000,d)nonlinear(6,0.0000,0.0000,2.6485,d)rotateIntoBiaxial(d,40.4494,0.0000,d)nonlinear(d,40.4494,0.0000,50.0000,d)rotateFromBiaxial(d,40.4494,0.0000,d)rotate(176.7746)rotateIntoBiaxial(d,139.7930,0.0000,d)nonlinear(d,139.7930,0.0000,250.0000,d)rotateFromBiaxial(d,139.7930,0.0000,d)nonlinear(6,0.0000,0.0000,43.7195,d)linear(0,0,0,5.3834,d)rotate(-85.4292)rotateIntoBiaxial(d,4.9019,0.0000,d)nonlinear(d,4.9019,0.0000,50.0000,d)rotateFromBiaxial(d,4.9019,0.0000,d)nonlinear(6,0.0000,0.0000,4.7925,d)linear(0,0,0,452.6906,d)linear(0,0,0,695.8317,d)rotateIntoBiaxial(d,2.8824,0.0000,d)nonlinear(d,2.8824,0.0000,50.0000,d)rotateFromBiaxial(d,2.8824,0.0000,d)linear(0,0,0,178.7822,d)rotate(1.9376)
16652,0,40,18.1149,26.8830,init()rotateIntoBiaxial(d,2.0170,0.0000,d)nonlinear(d,2.0170,0.0000,300.0000,d)rotateFromBiaxial(d,2.0170,0.0000,d)nonlinear(6,0.0000,0.0000,41.5816,d)rotateIntoBiaxial(d,40.5216,0.0000,d)nonlinear(d,40.5216,0.0000,50.0000,d)rotateFromBiaxial(d,40.5216,0.0000,d)rotate(179.7177)rotateIntoBiaxial(d,139.5616,0.0000,d)nonlinear(d,139.5616,0.0000,250.0000,d)rotateFromBiaxial(d,139.5616,0.0000,d)nonlinear(6,0.0000,0.0000,9.3184,d)rotate(-75.9345)rotateIntoBiaxial(d,5.5088,0.0000,d)nonlinear(d,5.5088,0.0000,50.0000,d)rotateFromBiaxial(d,5.5088,0.0000,d)nonlinear(6,0.0000,0.0000,1.8720,d)linear(0,0,0,513.9713,d)nonlinear(6,0.0000,0.0000,9.9332,d)linear(0,0,0,887.7108,d)rotateIntoBiaxial(d,1.1144,0.0000,d)nonlinear(d,1.1144,0.0000,50.0000,d)rotateFromBiaxial(d,1.1144,0.0000,d)nonlinear(6,0.0000,0.0000,24.0708,d)linear(0,0,0,326.6054,d)rotate(3.0057)
16698,0,40,19.4703,26.8830,init()rotateIntoBiaxial(d,2.5336,0.0000,d)nonlinear(d,2.5336,0.0000,300.0000,d)rotateFromBiaxial(d,2.5336,0.0000,d)nonlinear(6,0.0000,0.0000,6.1133,d)rotateIntoBiaxial(d,40.8799,0.0000,d)nonlinear(d,40.8799,0.0000,50.0000,d)rotateFromBiaxial(d,40.8799,0.0000,d)rotate(179.8264)rotateIntoBiaxial(d,139.7798,0.0000,d)nonlinear(d,139.7798,0.0000,300.0000,d)rotateFromBiaxial(d,139.7798,0.0000,d)nonlinear(6,0.0000,0.0000,14.1692,d)rotate(-80.1993)rotateIntoBiaxial(d,7.6651,0.0000,d)nonlinear(d,7.6651,0.0000,50.0000,d)rotateFromBiaxial(d,7.6651,0.0000,d)nonlinear(6,0.0000,0.0000,0.5549,d)linear(0,0,0,392.9433,d)linear(0,0,0,359.5810,d)rotateIntoBiaxial(d,0.9997,0.0000,d)nonlinear(d,0.9997,0.0000,50.0000,d)rotateFromBiaxial(d,0.9997,0.0000,d)linear(0,0,0,344.2654,d)rotate(6.5044)
16744,0,40,20.4386,26.8830,init()rotateIntoBiaxial(d,2.2497,0.0000,d)nonlinear(d,2.2497,0.0000,300.0000,d)rotateFromBiaxial(d,2.2497,0.0000,d)nonlinear(6,0.0000,0.0000,0.0936,d)rotateIntoBiaxial(d,41.2134,0.0000,d)nonlinear(d,41.2134,0.0000,50.0000,d)rotateFromBiaxial(d,41.2134,0.0000,d)rotate(179.9758)rotateIntoBiaxial(d,139.7772,0.0000,d)nonlinear(d,139.7772,0.0000,250.0000,d)rotateFromBiaxial(d,139.7772,0.0000,d)nonlinear(6,0.0000,0.0000,14.0790,d)rotate(-73.0931)rotateIntoBiaxial(d,3.6975,0.0000,d)nonlinear(d,3.6975,0.0000,50.0000,d)rotateFromBiaxial(d,3.6975,0.0000,d)nonlinear(6,0.0000,0.0000,3.0777,d)linear(0,0,0,515.0511,d)nonlinear(6,0.0000,0.0000,27.0154,d)linear(0,0,0,507.7701,d)rotateIntoBiaxial(d,3.4589,0.0000,d)nonlinear(d,3.4589,0.0000,100.0000,d)rotateFromBiaxial(d,3.4589,0.0000,d)nonlinear(6,0.0000,0.0000,0.7829,d)linear(0,0,0,316.6450,d)
16790,0,40,19.9619,26.8830,init()rotateIntoBiaxial(d,1.6765,0.0000,d)nonlinear(d,1.6765,0.0000,300.0000,d)rotateFromBiaxial(d,1.6765,0.0000,d)nonlinear(6,0.0000,0.0000,4.1694,d)rotateIntoBiaxial(d,40.8562,0.0000,d)nonlinear(d,40.8562,0.0000,50.0000,d)rotateFromBiaxial(d,40.8562,0.0000,d)rotate(178.7017)rotateIntoBiaxial(d,139.7360,0.0000,d)nonlinear(d,139.7360,0.0000,250.0000,d)rotateFromBiaxial(d,139.7360,0.0000,d)nonlinear(6,0.0000,0.0000,17.0177,d)rotate(-78.9145)rotateIntoBiaxial(d,5.9350,0.0000,d)nonlinear(d,5.9350,0.0000,50.0000,d)rotateFromBiaxial(d,5.9350,0.0000,d)nonlinear(6,0.0000,0.0000,0.6923,d)linear(0,0,0,425.2162,d)linear(0,0,0,353.9992,d)rotateIntoBiaxial(d,1.3079,0.0000,d)nonlinear(d,1.3079,0.0000,100.0000,d)rotateFromBiaxial(d,1.3079,0.0000,d)nonlinear(6,0.0000,0.0000,3.0632,d)linear(0,0,0,266.0399,d)rotate(0.2749)
16836,0,40,18.4753,26.8830,init()rotateIntoBiaxial(d,0.0050,0.0000,d)nonlinear(d,0.0050,0.0000,300.0000,d)rotateFromBiaxial(d,0.0050,0.0000,d)nonlinear(6,0.0000,0.0000,9.3410,d)rotateIntoBiaxial(d,40.5593,0.0000,d)nonlinear(d,40.5593,0.0000,50.0000,d)rotateFromBiaxial(d,40.5593,0.0000,d)rotate(176.5189)rotateIntoBiaxial(d,139.6171,0.0000,d)nonlinear(d,139.6171,0.0000,250.0000,d)rotateFromBiaxial(d,139.6171,0.0000,d)nonlinear(6,0.0000,0.0000,20.3240,d)rotate(-73.0609)rotateIntoBiaxial(d,0.9695,0.0000,d)nonlinear(d,0.9695,0.0000,50.0000,d)rotateFromBiaxial(d,0.9695,0.0000,d)nonlinear(6,0.0000,0.0000,1.0859,d)linear(0,0,0,607.0044,d)nonlinear(6,0.0000,0.0000,11.6234,d)linear(0,0,0,494.4547,d)rotateIntoBiaxial(d,1.2263,0.0000,d)nonlinear(d,1.2263,0.0000,50.0000,d)rotateFromBiaxial(d,1.2263,0.0000,d)nonlinear(6,0.0000,0.0000,25.4056,d)linear(0,0,0,391.0556,d)rotate(1.7944)
16882,0,40,18.6261,26.8830,init()rotateIntoBiaxial(d,2.2058,0.0000,d)nonlinear(d,2.2058,0.0000,300.0000,d)rotateFromBiaxial(d,2.2058,0.0000,d)nonlinear(6,0.0000,0.0000,8.8780,d)rotateIntoBiaxial(d,40.0071,0.0000,d)nonlinear(d,40.0071,0.0000,50.0000,d)rotateFromBiaxial(d,40.0071,0.0000,d)rotate(177.3455)rotateIntoBiaxial(d,139.8864,0.0000,d)nonlinear(d,139.8864,0.0000,250.0000,d)rotateFromBiaxial(d,139.8864,0.0000,d)nonlinear(6,0.0000,0.0000,5.4760,d)rotate(-76.1495)rotateIntoBiaxial(d,3.3255,0.0000,d)nonlinear(d,3.3255,0.0000,50.0000,d)rotateFromBiaxial(d,3.3255,0.0000,d)nonlinear(6,0.0000,0.0000,16.3829,d)linear(0,0,0,427.4519,d)nonlinear(6,0.0000,0.0000,5.5214,d)linear(0,0,0,462.4281,d)rotateIntoBiaxial(d,0.3549,0.0000,d)nonlinear(d,0.3549,0.0000,100.0000,d)rotateFromBiaxial(d,0.3549,0.0000,d)linear(0,0,0,246.0314,d)
16928,0,40,18.5175,26.8830,init()rotateIntoBiaxial(d,0.2231,0.0000,d)nonlinear(d,0.2231,0.0000,300.0000,d)rotateFromBiaxial(d,0.2231,0.0000,d)nonlinear(6,0.0000,0.0000,3.1628,d)rotateIntoBiaxial(d,40.9589,0.0000,d)nonlinear(d,40.9589,0.0000,50.0000,d)rotateFromBiaxial(d,40.9589,0.0000,d)linear(0,0,0,12.8745,d)rotate(173.2074)rotateIntoBiaxial(d,139.9100,0.0000,d)nonlinear(d,139.9100,0.0000,250.0000,d)rotateFromBiaxial(d,139.9100,0.0000,d)nonlinear(6,0.0000,0.0000,5.9730,d)rotate(-77.2765)rotateIntoBiaxial(d,9.3664,0.0000,d)nonlinear(d,9.3664,0.0000,50.0000,d)rotateFromBiaxial(d,9.3664,0.0000,d)nonlinear(6,0.0000,0.0000,5.4519,d)linear(0,0,0,378.7516,d)linear(0,0,0,320.5801,d)rotateIntoBiaxial(d,4.0155,0.0000,d)nonlinear(d,4.0155,0.0000,100.0000,d)rotateFromBiaxial(d,4.0155,0.0000,d)nonlinear(6,0.0000,0.0000,10.0030,d)linear(0,0,0,288.8926,d)rotate(13.9840)
16974,0,40,18.4483,26.8830,init()rotateIntoBiaxial(d,1.0508,0.0000,d)nonlinear(d,1.0508,0.0000,300.0000,d)rotateFromBiaxial(d,1.0508,0.0000,d)nonlinear(6,0.0000,0.0000,31.9905,d)rotateIntoBiaxial(d,40.3199,0.0000,d)nonlinear(d,40.3199,0.0000,50.0000,d)rotateFromBiaxial(d,40.3199,0.0000,d)linear(0,0,0,0.6515,d)rotate(174.2397)rotateIntoBiaxial(d,139.7115,0.0000,d)nonlinear(d,139.7115,0.0000,250.0000,d)rotateFromBiaxial(d,139.7115,0.0000,d)nonlinear(6,0.0000,0.0000,7.7412,d)rotate(-69.5563)rotateIntoBiaxial(d,6.5806,0.0000,d)nonlinear(d,6.5806,0.0000,50.0000,d)rotateFromBiaxial(d,6.5806,0.0000,d)nonlinear(6,0.0000,0.0000,6.1182,d)linear(0,0,0,473.2730,d)linear(0,0,0,601.9383,d)rotateIntoBiaxial(d,0.3502,0.0000,d)nonlinear(d,0.3502,0.0000,100.0000,d)rotateFromBiaxial(d,0.3502,0.0000,d)nonlinear(6,0.0000,0.0000,11.7982,d)linear(0,0,0,312.2827,d)
17020,0,40,19.2264,26.8830,init()rotateIntoBiaxial(d,1.8768,0.0000,d)nonlinear(d,1.8768,0.0000,250.0000,d)rotateFromBiaxial(d,1.8768,0.0000,d)nonlinear(6,0.0000,0.0000,10.9467,d)rotateIntoBiaxial(d,40.6473,0.0000,d)nonlinear(d,40.6473,0.0000,50.0000,d)rotateFromBiaxial(d,40.6473,0.0000,d)linear(0,0,0,7.4417,d)rotate(178.3384)rotateIntoBiaxial(d,139.6312,0.0000,d)nonlinear(d,139.6312,0.0000,250.0000,d)rotateFromBiaxial(d,139.6312,0.0000,d)nonlinear(6,0.0000,0.0000,10.3835,d)rotate(-76.2483)rotateIntoBiaxial(d,6.3883,0.0000,d)nonlinear(d,6.3883,0.0000,50.0000,d)rotateFromBiaxial(d,6.3883,0.0000,d)nonlinear(6,0.0000,0.0000,3.3038,d)linear(0,0,0,311.8252,d)linear(0,0,0,290.4857,d)rotateIntoBiaxial(d,1.1814,0.0000,d)nonlinear(d,1.1814,0.0000,50.0000,d)rotateFromBiaxial(d,1.1814,0.0000,d)linear(0,0,0,422.0084,d)rotate(6.4987)
17066,0,40,19.4726,26.8830,init()rotateIntoBiaxial(d,0.1474,0.0000,d)nonlinear(d,0.1474,0.0000,300.0000,d)rotateFromBiaxial(d,0.1474,0.0000,d)nonlinear(6,0.0000,0.0000,1.8074,d)rotateIntoBiaxial(d,40.7069,0.0000,d)nonlinear(d,40.7069,0.0000,50.0000,d)rotateFromBiaxial(d,40.7069,0.0000,d)rotate(179.0992)rotateIntoBiaxial(d,139.7967,0.0000,d)nonlinear(d,139.7967,0.0000,250.0000,d)rotateFromBiaxial(d,139.7967,0.0000,d)nonlinear(6,0.0000,0.0000,12.2911,d)linear(0,0,0,84.1992,d)rotate(-72.3495)rotateIntoBiaxial(d,7.4147,0.0000,d)nonlinear(d,7.4147,0.0000,50.0000,d)rotateFromBiaxial(d,7.4147,0.0000,d)nonlinear(6,0.0000,0.0000,0.3406,d)linear(0,0,0,473.2117,d)rotate(4.2914)linear(0,0,0,277.0848,d)rotateIntoBiaxial(d,0.2236,0.0000,d)nonlinear(d,0.2236,0.0000,100.0000,d)rotateFromBiaxial(d,0.2236,0.0000,d)nonlinear(6,0.0000,0.0000,0.9355,d)linear(0,0,0,406.8623,d)
17112,0,40,20.0126,26.8830,init()rotateIntoBiaxial(d,2.1424,0.0000,d)nonlinear(d,2.1424,0.0000,300.0000,d)rotateFromBiaxial(d,2.1424,0.0000,d)nonlinear(6,0.0000,0.0000,0.0118,d)rotateIntoBiaxial(d,40.8246,0.0000,d)nonlinear(d,40.8246,0.0000,50.0000,d)rotateFromBiaxial(d,40.8246,0.0000,d)rotate(179.9823)rotateIntoBiaxial(d,139.8789,0.0000,d)nonlinear(d,139.8789,0.0000,250.0000,d)rotateFromBiaxial(d,139.8789,0.0000,d)nonlinear(6,0.0000,0.0000,2.9133,d)rotate(-73.5164)rotateIntoBiaxial(d,9.0856,0.0000,d)nonlinear(d,9.0856,0.0000,50.0000,d)rotateFromBiaxial(d,9.0856,0.0000,d)nonlinear(6,0.0000,0.0000,5.6208,d)linear(0,0,0,504.1495,d)linear(0,0,0,116.2409,d)rotateIntoBiaxial(d,0.9330,0.0000,d)nonlinear(d,0.9330,0.0000,50.0000,d)rotateFromBiaxial(d,0.9330,0.0000,d)nonlinear(6,0.0000,0.0000,5.7498,d)linear(0,0,0,495.4804,d)rotate(1.9954)
17158,0,40,19.8661,26.8830,init()rotateIntoBiaxial(d,1.6330,0.0000,d)nonlinear(d,1.6330,0.0000,250.0000,d)rotateFromBiaxial(d,1.6330,0.0000,d)nonlinear(6,0.0000,0.0000,7.7237,d)rotateIntoBiaxial(d,41.2146,0.0000,d)nonlinear(d,41.2146,0.0000,50.0000,d)rotateFromBiaxial(d,41.2146,0.0000,d)rotate(179.9361)rotateIntoBiaxial(d,139.7369,0.0000,d)nonlinear(d,139.7369,0.0000,250.0000,d)rotateFromBiaxial(d,139.7369,0.0000,d)nonlinear(6,0.0000,0.0000,30.2340,d)rotate(-68.3997)rotateIntoBiaxial(d,8.7899,0.0000,d)nonlinear(d,8.7899,0.0000,50.0000,d)rotateFromBiaxial(d,8.7899,0.0000,d)nonlinear(6,0.0000,0.0000,6.8635,d)linear(0,0,0,370.4451,d)linear(0,0,0,380.4255,d)rotateIntoBiaxial(d,3.5766,0.0000,d)nonlinear(d,3.5766,0.0000,50.0000,d)rotateFromBiaxial(d,3.5766,0.0000,d)linear(0,0,0,637.3880,d)
17204,0,40,19.4879,26.8830,init()rotateIntoBiaxial(d,0.9522,0.0000,d)nonlinear(d,0.9522,0.0000,300.0000,d)rotateFromBiaxial(d,0.9522,0.0000,d)nonlinear(6,0.0000,0.0000,0.4028,d)rotateIntoBiaxial(d,40.5553,0.0000,d)nonlinear(d,40.5553,0.0000,50.0000,d)rotateFromBiaxial(d,40.5553,0.0000,d)linear(0,0,0,12.8457,d)rotate(179.6935)rotateIntoBiaxial(d,139.6203,0.0000,d)nonlinear(d,139.6203,0.0000,250.0000,d)rotateFromBiaxial(d,139.6203,0.0000,d)nonlinear(6,0.0000,0.0000,30.2338,d)rotate(-73.4937)rotateIntoBiaxial(d,4.3485,0.0000,d)nonlinear(d,4.3485,0.0000,50.0000,d)rotateFromBiaxial(d,4.3485,0.0000,d)nonlinear(6,0.0000,0.0000,21.9253,d)linear(0,0,0,428.0288,d)linear(0,0,0,384.9517,d)rotateIntoBiaxial(d,2.8412,0.0000,d)nonlinear(d,2.8412,0.0000,100.0000,d)rotateFromBiaxial(d,2.8412,0.0000,d)nonlinear(6,0.0000,0.0000,5.1692,d)linear(0,0,0,281.1609,d)
17250,0,40,18.8428,26.8830,init()rotateIntoBiaxial(d,1.8325,0.0000,d)nonlinear(d,1.8325,0.0000,300.0000,d)rotateFromBiaxial(d,1.8325,0.0000,d)nonlinear(6,0.0000,0.0000,10.8445,d)rotateIntoBiaxial(d,41.0015,0.0000,d)nonlinear(d,41.0015,0.0000,50.0000,d)rotateFromBiaxial(d,41.0015,0.0000,d)linear(0,0,0,6.5246,d)rotate(178.6427)rotateIntoBiaxial(d,139.9619,0.0000,d)nonlinear(d,139.9619,0.0000,250.0000,d)rotateFromBiaxial(d,139.9619,0.0000,d)nonlinear(6,0.0000,0.0000,7.6417,d)rotate(-67.6666)rotateIntoBiaxial(d,3.3394,0.0000,d)nonlinear(d,3.3394,0.0000,50.0000,d)rotateFromBiaxial(d,3.3394,0.0000,d)nonlinear(6,0.0000,0.0000,18.6739,d)linear(0,0,0,356.3100,d)rotate(3.7163)linear(0,0,0,347.6912,d)rotateIntoBiaxial(d,2.6321,0.0000,d)nonlinear(d,2.6321,0.0000,100.0000,d)rotateFromBiaxial(d,2.6321,0.0000,d)nonlinear(6,0.0000,0.0000,5.5143,d)linear(0,0,0,373.2130,d)
17296,0,40,19.7044,26.8830,init()rotateIntoBiaxial(d,1.8212,0.0000,d)nonlinear(d,1.8212,0.0000,300.0000,d)rotateFromBiaxial(d,1.8212,0.0000,d)nonlinear(6,0.0000,0.0000,8.0174,d)rotateIntoBiaxial(d,40.9884,0.0000,d)nonlinear(d,40.9884,0.0000,50.0000,d)rotateFromBiaxial(d,40.9884,0.0000,d)rotate(179.1113)rotateIntoBiaxial(d,139.7263,0.0000,d)nonlinear(d,139.7263,0.0000,250.0000,d)rotateFromBiaxial(d,139.7263,0.0000,d)nonlinear(6,0.0000,0.0000,34.7214,d)rotate(-82.4016)rotateIntoBiaxial(d,2.9346,0.0000,d)nonlinear(d,2.9346,0.0000,50.0000,d)rotateFromBiaxial(d,2.9346,0.0000,d)nonlinear(6,0.0000,0.0000,8.1058,d)linear(0,0,0,356.5930,d)linear(0,0,0,240.2908,d)rotateIntoBiaxial(d,1.6032,0.0000,d)nonlinear(d,1.6032,0.0000,50.0000,d)rotateFromBiaxial(d,1.6032,0.0000,d)nonlinear(6,0.0000,0.0000,2.5586,d)linear(0,0,0,356.9873,d)
17342,0,40,19.0725,26.8830,init()rotateIntoBiaxial(d,2.2083,0.0000,d)nonlinear(d,2.2083,0.0000,300.0000,d)rotateFromBiaxial(d,2.2083,0.0000,d)nonlinear(6,0.0000,0.0000,9.4754,d)rotateIntoBiaxial(d,40.4406,0.0000,d)nonlinear(d,40.4406,0.0000,50.0000,d)rotateFromBiaxial(d,40.4406,0.0000,d)rotate(175.4493)rotateIntoBiaxial(d,139.7763,0.0000,d)nonlinear(d,139.7763,0.0000,300.0000,d)rotateFromBiaxial(d,139.7763,0.0000,d)nonlinear(6,0.0000,0.0000,20.2931,d)rotate(-81.7603)rotateIntoBiaxial(d,6.5356,0.0000,d)nonlinear(d,6.5356,0.0000,50.0000,d)rotateFromBiaxial(d,6.5356,0.0000,d)nonlinear(6,0.0000,0.0000,6.8510,d)linear(0,0,0,229.8584,d)rotate(6.3900)linear(0,0,0,250.9819,d)rotateIntoBiaxial(d,0.0940,0.0000,d)nonlinear(d,0.0940,0.0000,100.0000,d)rotateFromBiaxial(d,0.0940,0.0000,d)linear(0,0,0,425.1283,d)rotate(4.3816)
17388,0,40,19.9834,26.8830,init()rotateIntoBiaxial(d,2.2108,0.0000,d)nonlinear(d,2.2108,0.0000,300.0000,d)rotateFromBiaxial(d,2.2108,0.0000,d)nonlinear(6,0.0000,0.0000,0.7513,d)rotateIntoBiaxial(d,40.8883,0.0000,d)nonlinear(d,40.8883,0.0000,50.0000,d)rotateFromBiaxial(d,40.8883,0.0000,d)rotate(179.4881)rotateIntoBiaxial(d,139.8428,0.0000,d)nonlinear(d,139.8428,0.0000,250.0000,d)rotateFromBiaxial(d,139.8428,0.0000,d)nonlinear(6,0.0000,0.0000,28.4326,d)rotate(-84.4686)rotateIntoBiaxial(d,4.4550,0.0000,d)nonlinear(d,4.4550,0.0000,50.0000,d)rotateFromBiaxial(d,4.4550,0.0000,d)nonlinear(6,0.0000,0.0000,22.4104,d)linear(0,0,0,458.9803,d)rotate(7.4441)linear(0,0,0,332.5037,d)rotateIntoBiaxial(d,3.0903,0.0000,d)nonlinear(d,3.0903,0.0000,91.2228,d)rotateFromBiaxial(d,3.0903,0.0000,d)nonlinear(6,0.0000,0.0000,4.0009,d)linear(0,0,0,191.1248,d)rotate(0.4572)
17434,0,40,22.8051,26.8830,init()rotateIntoBiaxial(d,0.9030,0.0000,d)nonlinear(d,0.9030,0.0000,300.0000,d)rotateFromBiaxial(d,0.9030,0.0000,d)nonlinear(6,0.0000,0.0000,15.2510,d)rotateIntoBiaxial(d,40.0461,0.0000,d)nonlinear(d,40.0461,0.0000,100.0000,d)rotateFromBiaxial(d,40.0461,0.0000,d)rotate(179.9265)rotateIntoBiaxial(d,139.9029,0.0000,d)nonlinear(d,139.9029,0.0000,250.0000,d)rotateFromBiaxial(d,139.9029,0.0000,d)nonlinear(6,0.0000,0.0000,19.5716,d)rotate(-64.1625)rotateIntoBiaxial(d,3.5303,0.0000,d)nonlinear(d,3.5303,0.0000,50.0000,d)rotateFromBiaxial(d,3.5303,0.0000,d)nonlinear(6,0.0000,0.0000,29.7393,d)linear(0,0,0,392.8396,d)linear(0,0,0,234.0859,d)rotateIntoBiaxial(d,1.8528,0.0000,d)nonlinear(d,1.8528,0.0000,50.0000,d)rotateFromBiaxial(d,1.8528,0.0000,d)linear(0,0,0,302.6295,d)
17480,0,40,19.5915,26.8830,init()rotateIntoBiaxial(d,2.2217,0.0000,d)nonlinear(d,2.2217,0.0000,250.0000,d)rotateFromBiaxial(d,2.2217,0.0000,d)nonlinear(6,0.0000,0.0000,5.3703,d)rotateIntoBiaxial(d,40.6494,0.0000,d)nonlinear(d,40.6494,0.0000,50.0000,d)rotateFromBiaxial(d,40.6494,0.0000,d)rotate(179.9981)rotateIntoBiaxial(d,139.8349,0.0000,d)nonlinear(d,139.8349,0.0000,250.0000,d)rotateFromBiaxial(d,139.8349,0.0000,d)nonlinear(6,0.0000,0.0000,43.4928,d)rotate(-77.7829)rotateIntoBiaxial(d,6.2972,0.0000,d)nonlinear(d,6.2972,0.0000,50.0000,d)rotateFromBiaxial(d,6.2972,0.0000,d)nonlinear(6,0.0000,0.0000,11.6102,d)linear(0,0,0,331.0885,d)rotate(11.7480)linear(0,0,0,117.1284,d)rotateIntoBiaxial(d,3.2866,0.0000,d)nonlinear(d,3.2866,0.0000,100.0000,d)rotateFromBiaxial(d,3.2866,0.0000,d)nonlinear(6,0.0000,0.0000,10.0730,d)linear(0,0,0,134.6135,d)rotate(0.1495)
17526,0,40,19.3661,26.8830,init()rotateIntoBiaxial(d,1.2749,0.0000,d)nonlinear(d,1.2749,0.0000,300.0000,d)rotateFromBiaxial(d,1.2749,0.0000,d)nonlinear(6,0.0000,0.0000,3.9534,d)rotateIntoBiaxial(d,39.9219,0.0000,d)nonlinear(d,39.9219,0.0000,50.0000,d)rotateFromBiaxial(d,39.9219,0.0000,d)rotate(179.8189)rotateIntoBiaxial(d,139.6693,0.0000,d)nonlinear(d,139.6693,0.0000,250.0000,d)rotateFromBiaxial(d,139.6693,0.0000,d)nonlinear(6,0.0000,0.0000,30.6129,d)rotate(-72.4215)rotateIntoBiaxial(d,3.2755,0.0000,d)nonlinear(d,3.2755,0.0000,50.0000,d)rotateFromBiaxial(d,3.2755,0.0000,d)nonlinear(6,0.0000,0.0000,13.5676,d)linear(0,0,0,326.2705,d)linear(0,0,0,209.9674,d)rotateIntoBiaxial(d,0.0237,0.0000,d)nonlinear(d,0.0237,0.0000,50.0000,d)rotateFromBiaxial(d,0.0237,0.0000,d)linear(0,0,0,311.8538,d)rotate(0.0879)
17572,0,40,19.6015,26.8830,init()rotateIntoBiaxial(d,0.3977,0.0000,d)nonlinear(d,0.3977,0.0000,300.0000,d)rotateFromBiaxial(d,0.3977,0.0000,d)nonlinear(6,0.0000,0.0000,0.9466,d)rotateIntoBiaxial(d,40.9603,0.0000,d)nonlinear(d,40.9603,0.0000,50.0000,d)rotateFromBiaxial(d,40.9603,0.0000,d)rotate(178.8064)rotateIntoBiaxial(d,139.7102,0.0000,d)nonlinear(d,139.7102,0.0000,250.0000,d)rotateFromBiaxial(d,139.7102,0.0000,d)nonlinear(6,0.0000,0.0000,38.3756,d)rotate(-87.0636)rotateIntoBiaxial(d,1.1736,0.0000,d)nonlinear(d,1.1736,0.0000,50.0000,d)rotateFromBiaxial(d,1.1736,0.0000,d)nonlinear(6,0.0000,0.0000,14.2614,d)linear(0,0,0,346.9365,d)rotate(2.1069)linear(0,0,0,80.9728,d)rotateIntoBiaxial(d,2.2556,0.0000,d)nonlinear(d,2.2556,0.0000,100.0000,d)rotateFromBiaxial(d,2.2556,0.0000,d)nonlinear(6,0.0000,0.0000,3.3480,d)linear(0,0,0,314.4457,d)rotate(4.6652)
17618,0,40,19.2806,26.8830,init()rotateIntoBiaxial(d,1.2153,0.0000,d)nonlinear(d,1.2153,0.0000,300.0000,d)rotateFromBiaxial(d,1.2153,0.0000,d)nonlinear(6,0.0000,0.0000,14.9222,d)linear(0,0,0,0.7257,d)rotateIntoBiaxial(d,41.1612,0.0000,d)nonlinear(d,41.1612,0.0000,50.0000,d)rotateFromBiaxial(d,41.1612,0.0000,d)rotate(179.9574)rotateIntoBiaxial(d,139.8210,0.0000,d)nonlinear(d,139.8210,0.0000,250.0000,d)rotateFromBiaxial(d,139.8210,0.0000,d)nonlinear(6,0.0000,0.0000,31.2169,d)rotate(-80.7603)rotateIntoBiaxial(d,3.8823,0.0000,d)nonlinear(d,3.8823,0.0000,50.0000,d)rotateFromBiaxial(d,3.8823,0.0000,d)nonlinear(6,0.0000,0.0000,15.8124,d)linear(0,0,0,261.2220,d)linear(0,0,0,111.7642,d)rotateIntoBiaxial(d,1.7556,0.0000,d)nonlinear(d,1.7556,0.0000,100.0000,d)rotateFromBiaxial(d,1.7556,0.0000,d)nonlinear(6,0.0000,0.0000,2.6257,d)linear(0,0,0,246.5145,d)rotate(1.4705)
17664,0,40,19.4371,26.8830,init()rotateIntoBiaxial(d,0.9454,0.0000,d)nonlinear(d,0.9454,0.0000,300.0000,d)rotateFromBiaxial(d,0.9454,0.0000,d)nonlinear(6,0.0000,0.0000,7.7036,d)rotateIntoBiaxial(d,40.7493,0.0000,d)nonlinear(d,40.7493,0.0000,50.0000,d)rotateFromBiaxial(d,40.7493,0.0000,d)rotate(179.8361)rotateIntoBiaxial(d,139.8126,0.0000,d)nonlinear(d,139.8126,0.0000,250.0000,d)rotateFromBiaxial(d,139.8126,0.0000,d)nonlinear(6,0.0000,0.0000,17.9261,d)rotate(-72.7306)rotateIntoBiaxial(d,0.7381,0.0000,d)nonlinear(d,0.7381,0.0000,50.0000,d)rotateFromBiaxial(d,0.7381,0.0000,d)nonlinear(6,0.0000,0.0000,6.8417,d)linear(0,0,0,292.1314,d)rotate(4.7249)linear(0,0,0,428.9817,d)rotateIntoBiaxial(d,1.1596,0.0000,d)nonlinear(d,1.1596,0.0000,100.0000,d)rotateFromBiaxial(d,1.1596,0.0000,d)nonlinear(6,0.0000,0.0000,1.2651,d)linear(0,0,0,293.3834,d)
17710,0,40,19.4302,26.8830,init()rotateIntoBiaxial(d,1.1509,0.0000,d)nonlinear(d,1.1509,0.0000,250.0000,d)rotateFromBiaxial(d,1.1509,0.0000,d)nonlinear(6,0.0000,0.0000,6.5880,d)rotateIntoBiaxial(d,40.1015,0.0000,d)nonlinear(d,40.1015,0.0000,50.0000,d)rotateFromBiaxial(d,40.1015,0.0000,d)rotate(179.9493)rotateIntoBiaxial(d,139.6496,0.0000,d)nonlinear(d,139.6496,0.0000,250.0000,d)rotateFromBiaxial(d,139.6496,0.0000,d)nonlinear(6,0.0000,0.0000,26.4583,d)rotate(-84.7699)rotateIntoBiaxial(d,3.5056,0.0000,d)nonlinear(d,3.5056,0.0000,50.0000,d)rotateFromBiaxial(d,3.5056,0.0000,d)nonlinear(6,0.0000,0.0000,18.3204,d)linear(0,0,0,344.5568,d)linear(0,0,0,173.9322,d)rotateIntoBiaxial(d,3.0161,0.0000,d)nonlinear(d,3.0161,0.0000,50.0000,d)rotateFromBiaxial(d,3.0161,0.0000,d)nonlinear(6,0.0000,0.0000,5.1501,d)linear(0,0,0,299.2366,d)
17756,0,40,19.1321,26.8830,init()rotateIntoBiaxial(d,0.1742,0.0000,d)nonlinear(d,0.1742,0.0000,300.0000,d)rotateFromBiaxial(d,0.1742,0.0000,d)nonlinear(6,0.0000,0.0000,1.2776,d)rotateIntoBiaxial(d,40.1335,0.0000,d)nonlinear(d,40.1335,0.0000,50.0000,d)rotateFromBiaxial(d,40.1335,0.0000,d)rotate(178.5846)rotateIntoBiaxial(d,139.7251,0.0000,d)nonlinear(d,139.7251,0.0000,250.0000,d)rotateFromBiaxial(d,139.7251,0.0000,d)nonlinear(6,0.0000,0.0000,33.2131,d)rotate(-73.6467)rotateIntoBiaxial(d,1.7939,0.0000,d)nonlinear(d,1.7939,0.0000,50.0000,d)rotateFromBiaxial(d,1.7939,0.0000,d)nonlinear(6,0.0000,0.0000,14.9334,d)linear(0,0,0,287.5266,d)rotate(17.5068)linear(0,0,0,359.0385,d)rotateIntoBiaxial(d,1.6316,0.0000,d)nonlinear(d,1.6316,0.0000,100.0000,d)rotateFromBiaxial(d,1.6316,0.0000,d)nonlinear(6,0.0000,0.0000,3.5008,d)linear(0,0,0,170.9739,d)rotate(1.6093)
17802,0,40,26.7198,26.7198,init()rotateIntoBiaxial(d,1.1371,0.0000,d)nonlinear(d,1.1371,0.0000,300.0000,d)rotateFromBiaxial(d,1.1371,0.0000,d)nonlinear(6,0.0000,0.0000,1.5711,d)linear(0,0,0,0.0218,d)rotateIntoBiaxial(d,40.7838,0.0000,d)nonlinear(d,40.7838,0.0000,100.0000,d)rotateFromBiaxial(d,40.7838,0.0000,d)rotate(179.9446)rotateIntoBiaxial(d,139.7382,0.0000,d)nonlinear(d,139.7382,0.0000,250.0000,d)rotateFromBiaxial(d,139.7382,0.0000,d)nonlinear(6,0.0000,0.0000,21.3201,d)rotate(-83.7521)rotateIntoBiaxial(d,2.3663,0.0000,d)nonlinear(d,2.3663,0.0000,50.0000,d)rotateFromBiaxial(d,2.3663,0.0000,d)nonlinear(6,0.0000,0.0000,4.1589,d)linear(0,0,0,349.1878,d)rotate(8.6423)linear(0,0,0,191.1414,d)rotateIntoBiaxial(d,2.7425,0.0000,d)nonlinear(d,2.7425,0.0000,50.0000,d)rotateFromBiaxial(d,2.7425,0.0000,d)nonlinear(6,0.0000,0.0000,0.3590,d)linear(0,0,0,279.6182,d)
17848,0,40,19.4613,26.7198,init()rotateIntoBiaxial(d,0.9274,0.0000,d)nonlinear(d,0.9274,0.0000,300.0000,d)rotateFromBiaxial(d,0.9274,0.0000,d)nonlinear(6,0.0000,0.0000,3.0690,d)rotateIntoBiaxial(d,40.1870,0.0000,d)nonlinear(d,40.1870,0.0000,50.0000,d)rotateFromBiaxial(d,40.1870,0.0000,d)rotate(178.2556)rotateIntoBiaxial(d,139.7411,0.0000,d)nonlinear(d,139.7411,0.0000,250.0000,d)rotateFromBiaxial(d,139.7411,0.0000,d)nonlinear(6,0.0000,0.0000,20.0599,d)rotate(-74.8533)rotateIntoBiaxial(d,2.5492,0.0000,d)nonlinear(d,2.5492,0.0000,50.0000,d)rotateFromBiaxial(d,2.5492,0.0000,d)nonlinear(6,0.0000,0.0000,7.2470,d)linear(0,0,0,352.4123,d)nonlinear(6,0.0000,0.0000,10.9471,d)linear(0,0,0,168.0664,d)rotateIntoBiaxial(d,1.5909,0.0000,d)nonlinear(d,1.5909,0.0000,50.0000,d)rotateFromBiaxial(d,1.5909,0.0000,d)nonlinear(6,0.0000,0.0000,9.5045,d)linear(0,0,0,325.2295,d)rotate(0.4989)
17894,0,40,19.0523,26.7198,init()rotateIntoBiaxial(d,1.7215,0.0000,d)nonlinear(d,1.7215,0.0000,300.0000,d)rotateFromBiaxial(d,1.7215,0.0000,d)nonlinear(6,0.0000,0.0000,11.0108,d)rotateIntoBiaxial(d,40.5178,0.0000,d)nonlinear(d,40.5178,0.0000,50.0000,d)rotateFromBiaxial(d,40.5178,0.0000,d)rotate(179.9940)rotateIntoBiaxial(d,139.8490,0.0000,d)nonlinear(d,139.8490,0.0000,250.0000,d)rotateFromBiaxial(d,139.8490,0.0000,d)nonlinear(6,0.0000,0.0000,41.1274,d)rotate(-76.5661)rotateIntoBiaxial(d,1.3441,0.0000,d)nonlinear(d,1.3441,0.0000,50.0000,d)rotateFromBiaxial(d,1.3441,0.0000,d)nonlinear(6,0.0000,0.0000,5.0434,d)linear(0,0,0,316.3320,d)rotate(10.8242)linear(0,0,0,306.1813,d)rotateIntoBiaxial(d,2.7899,0.0000,d)nonlinear(d,2.7899,0.0000,100.0000,d)rotateFromBiaxial(d,2.7899,0.0000,d)nonlinear(6,0.0000,0.0000,4.8584,d)linear(0,0,0,270.5128,d)
17940,0,40,25.6121,26.7198,init()rotateIntoBiaxial(d,0.7777,0.0000,d)nonlinear(d,0.7777,0.0000,300.0000,d)rotateFromBiaxial(d,0.7777,0.0000,d)nonlinear(6,0.0000,0.0000,2.8986,d)linear(0,0,0,11.8493,d)rotateIntoBiaxial(d,41.2182,0.0000,d)nonlinear(d,41.2182,0.0000,100.0000,d)rotateFromBiaxial(d,41.2182,0.0000,d)rotate(179.7289)rotateIntoBiaxial(d,139.8285,0.0000,d)nonlinear(d,139.8285,0.0000,250.0000,d)rotateFromBiaxial(d,139.8285,0.0000,d)nonlinear(6,0.0000,0.0000,27.4994,d)rotate(-68.1694)rotateIntoBiaxial(d,1.5417,0.0000,d)nonlinear(d,1.5417,0.0000,50.0000,d)rotateFromBiaxial(d,1.5417,0.0000,d)nonlinear(6,0.0000,0.0000,11.6914,d)linear(0,0,0,287.4103,d)rotate(7.3527)linear(0,0,0,401.4710,d)rotateIntoBiaxial(d,1.5234,0.0000,d)nonlinear(d,1.5234,0.0000,100.0000,d)rotateFromBiaxial(d,1.5234,0.0000,d)nonlinear(6,0.0000,0.0000,6.8397,d)linear(0,0,0,258.1089,d)rotate(5.5137)
17986,0,40,25.6313,26.7198,init()rotateIntoBiaxial(d,0.6782,0.0000,d)nonlinear(d,0.6782,0.0000,300.0000,d)rotateFromBiaxial(d,0.6782,0.0000,d)nonlinear(6,0.0000,0.0000,15.1681,d)rotateIntoBiaxial(d,40.1512,0.0000,d)nonlinear(d,40.1512,0.0000,100.0000,d)rotateFromBiaxial(d,40.1512,0.0000,d)linear(0,0,0,6.1385,d)rotate(179.8081)rotateIntoBiaxial(d,139.5897,0.0000,d)nonlinear(d,139.5897,0.0000,250.0000,d)rotateFromBiaxial(d,139.5897,0.0000,d)nonlinear(6,0.0000,0.0000,27.9880,d)rotate(-65.4190)rotateIntoBiaxial(d,0.8514,0.0000,d)nonlinear(d,0.8514,0.0000,50.0000,d)rotateFromBiaxial(d,0.8514,0.0000,d)nonlinear(6,0.0000,0.0000,9.7926,d)linear(0,0,0,301.6275,d)rotate(12.3227)linear(0,0,0,154.1963,d)rotateIntoBiaxial(d,0.4064,0.0000,d)nonlinear(d,0.4064,0.0000,50.0000,d)rotateFromBiaxial(d,0.4064,0.0000,d)nonlinear(6,0.0000,0.0000,0.6820,d)linear(0,0,0,237.4813,d)
18032,0,40,26.2157,26.7198,init()rotateIntoBiaxial(d,1.4762,0.0000,d)nonlinear(d,1.4762,0.0000,300.0000,d)rotateFromBiaxial(d,1.4762,0.0000,d)nonlinear(6,0.0000,0.0000,11.8189,d)linear(0,0,0,0.1451,d)rotateIntoBiaxial(d,40.7925,0.0000,d)nonlinear(d,40.7925,0.0000,100.0000,d)rotateFromBiaxial(d,40.7925,0.0000,d)rotate(179.7871)rotateIntoBiaxial(d,139.7189,0.0000,d)nonlinear(d,139.7189,0.0000,250.0000,d)rotateFromBiaxial(d,139.7189,0.0000,d)nonlinear(6,0.0000,0.0000,19.1115,d)rotate(-69.9639)rotateIntoBiaxial(d,2.5160,0.0000,d)nonlinear(d,2.5160,0.0000,50.0000,d)rotateFromBiaxial(d,2.5160,0.0000,d)nonlinear(6,0.0000,0.0000,6.4290,d)linear(0,0,0,218.3546,d)rotate(20.3085)linear(0,0,0,189.9303,d)rotateIntoBiaxial(d,0.8879,0.0000,d)nonlinear(d,0.8879,0.0000,50.0000,d)rotateFromBiaxial(d,0.8879,0.0000,d)nonlinear(6,0.0000,0.0000,5.4276,d)linear(0,0,0,415.8652,d)rotate(9.4387)
18078,0,40,25.1884,26.7198,init()rotateIntoBiaxial(d,1.7775,0.0000,d)nonlinear(d,1.7775,0.0000,300.0000,d)rotateFromBiaxial(d,1.7775,0.0000,d)nonlinear(6,0.0000,0.0000,16.0549,d)rotateIntoBiaxial(d,40.9911,0.0000,d)nonlinear(d,40.9911,0.0000,100.0000,d)rotateFromBiaxial(d,40.9911,0.0000,d)linear(0,0,0,1.4247,d)rotate(179.7950)rotateIntoBiaxial(d,139.7183,0.0000,d)nonlinear(d,139.7183,0.0000,250.0000,d)rotateFromBiaxial(d,139.7183,0.0000,d)nonlinear(6,0.0000,0.0000,26.2523,d)linear(0,0,0,18.6505,d)rotate(-71.4144)rotateIntoBiaxial(d,0.5659,0.0000,d)nonlinear(d,0.5659,0.0000,50.0000,d)rotateFromBiaxial(d,0.5659,0.0000,d)nonlinear(6,0.0000,0.0000,1.6080,d)linear(0,0,0,359.4233,d)rotate(5.1807)linear(0,0,0,262.9062,d)rotateIntoBiaxial(d,1.1069,0.0000,d)nonlinear(d,1.1069,0.0000,50.0000,d)rotateFromBiaxial(d,1.1069,0.0000,d)nonlinear(6,0.0000,0.0000,6.7165,d)linear(0,0,0,180.2257,d)
18124,0,40,26.3134,26.3134,init()rotateIntoBiaxial(d,0.3027,0.0000,d)nonlinear(d,0.3027,0.0000,300.0000,d)rotateFromBiaxial(d,0.3027,0.0000,d)nonlinear(6,0.0000,0.0000,5.2788,d)rotateIntoBiaxial(d,40.5991,0.0000,d)nonlinear(d,40.5991,0.0000,100.0000,d)rotateFromBiaxial(d,40.5991,0.0000,d)linear(0,0,0,4.2710,d)rotate(179.9930)rotateIntoBiaxial(d,139.6410,0.0000,d)nonlinear(d,139.6410,0.0000,250.0000,d)rotateFromBiaxial(d,139.6410,0.0000,d)nonlinear(6,0.0000,0.0000,32.8697,d)rotate(-70.2329)rotateIntoBiaxial(d,2.2861,0.0000,d)nonlinear(d,2.2861,0.0000,50.0000,d)rotateFromBiaxial(d,2.2861,0.0000,d)nonlinear(6,0.0000,0.0000,19.0475,d)linear(0,0,0,436.7457,d)rotate(9.2322)linear(0,0,0,443.8749,d)rotateIntoBiaxial(d,0.5571,0.0000,d)nonlinear(d,0.5571,0.0000,100.0000,d)rotateFromBiaxial(d,0.5571,0.0000,d)nonlinear(6,0.0000,0.0000,2.2836,d)linear(0,0,0,122.0976,d)
18170,0,40,26.3014,26.3014,init()rotateIntoBiaxial(d,0.9787,0.0000,d)nonlinear(d,0.9787,0.0000,300.0000,d)rotateFromBiaxial(d,0.9787,0.0000,d)nonlinear(6,0.0000,0.0000,17.2646,d)rotateIntoBiaxial(d,40.5208,0.0000,d)nonlinear(d,40.5208,0.0000,100.0000,d)rotateFromBiaxial(d,40.5208,0.0000,d)rotate(179.6886)rotateIntoBiaxial(d,139.7810,0.0000,d)nonlinear(d,139.7810,0.0000,250.0000,d)rotateFromBiaxial(d,139.7810,0.0000,d)nonlinear(6,0.0000,0.0000,8.4537,d)rotate(-66.1995)rotateIntoBiaxial(d,1.4210,0.0000,d)nonlinear(d,1.4210,0.0000,50.0000,d)rotateFromBiaxial(d,1.4210,0.0000,d)nonlinear(6,0.0000,0.0000,15.3053,d)linear(0,0,0,484.7257,d)rotate(2.4239)nonlinear(6,0.0000,0.0000,11.7997,d)linear(0,0,0,341.1998,d)rotateIntoBiaxial(d,0.6840,0.0000,d)nonlinear(d,0.6840,0.0000,50.0000,d)rotateFromBiaxial(d,0.6840,0.0000,d)nonlinear(6,0.0000,0.0000,7.2358,d)linear(0,0,0,306.6127,d)
18216,0,40,26.4503,26.3014,init()rotateIntoBiaxial(d,0.2790,0.0000,d)nonlinear(d,0.2790,0.0000,300.0000,d)rotateFromBiaxial(d,0.2790,0.0000,d)nonlinear(6,0.0000,0.0000,4.1882,d)linear(0,0,0,5.3158,d)rotateIntoBiaxial(d,40.3858,0.0000,d)nonlinear(d,40.3858,0.0000,100.0000,d)rotateFromBiaxial(d,40.3858,0.0000,d)rotate(179.7690)rotateIntoBiaxial(d,139.6431,0.0000,d)nonlinear(d,139.6431,0.0000,250.0000,d)rotateFromBiaxial(d,139.6431,0.0000,d)nonlinear(6,0.0000,0.0000,25.6837,d)rotate(-75.6505)rotateIntoBiaxial(d,0.6660,0.0000,d)nonlinear(d,0.6660,0.0000,50.0000,d)rotateFromBiaxial(d,0.6660,0.0000,d)nonlinear(6,0.0000,0.0000,17.7822,d)linear(0,0,0,520.0936,d)rotate(12.8344)linear(0,0,0,237.3383,d)rotateIntoBiaxial(d,0.2882,0.0000,d)nonlinear(d,0.2882,0.0000,50.0000,d)rotateFromBiaxial(d,0.2882,0.0000,d)nonlinear(6,0.0000,0.0000,7.6550,d)linear(0,0,0,338.2002,d)
18262,0,40,25.5647,26.3014,init()rotateIntoBiaxial(d,0.3437,0.0000,d)nonlinear(d,0.3437,0.0000,250.0000,d)rotateFromBiaxial(d,0.3437,0.0000,d)nonlinear(6,0.0000,0.0000,4.6560,d)linear(0,0,0,5.8808,d)rotateIntoBiaxial(d,40.5801,0.0000,d)nonlinear(d,40.5801,0.0000,100.0000,d)rotateFromBiaxial(d,40.5801,0.0000,d)rotate(179.7267)rotateIntoBiaxial(d,139.7556,0.0000,d)nonlinear(d,139.7556,0.0000,300.0000,d)rotateFromBiaxial(d,139.7556,0.0000,d)nonlinear(6,0.0000,0.0000,12.9440,d)rotate(-69.0468)rotateIntoBiaxial(d,1.2581,0.0000,d)nonlinear(d,1.2581,0.0000,50.0000,d)rotateFromBiaxial(d,1.2581,0.0000,d)nonlinear(6,0.0000,0.0000,0.6729,d)linear(0,0,0,341.0075,d)rotate(15.3673)nonlinear(6,0.0000,0.0000,8.4394,d)linear(0,0,0,212.3869,d)rotateIntoBiaxial(d,2.7547,0.0000,d)nonlinear(d,2.7547,0.0000,50.0000,d)rotateFromBiaxial(d,2.7547,0.0000,d)nonlinear(6,0.0000,0.0000,7.7639,d)linear(0,0,0,118.7717,d)rotate(2.6300)
18308,0,40,25.6766,26.3014,init()rotateIntoBiaxial(d,0.9596,0.0000,d)nonlinear(d,0.9596,0.0000,300.0000,d)rotateFromBiaxial(d,0.9596,0.0000,d)nonlinear(6,0.0000,0.0000,3.3020,d)linear(0,0,0,2.9398,d)rotateIntoBiaxial(d,40.0939,0.0000,d)nonlinear(d,40.0939,0.0000,100.0000,d)rotateFromBiaxial(d,40.0939,0.0000,d)rotate(179.8078)rotateIntoBiaxial(d,139.7984,0.0000,d)nonlinear(d,139.7984,0.0000,300.0000,d)rotateFromBiaxial(d,139.7984,0.0000,d)nonlinear(6,0.0000,0.0000,64.9405,d)rotate(-68.1924)rotateIntoBiaxial(d,2.7102,0.0000,d)nonlinear(d,2.7102,0.0000,50.0000,d)rotateFromBiaxial(d,2.7102,0.0000,d)nonlinear(6,0.0000,0.0000,9.8887,d)linear(0,0,0,304.6811,d)nonlinear(6,0.0000,0.0000,9.2663,d)linear(0,0,0,475.2550,d)rotateIntoBiaxial(d,1.3843,0.0000,d)nonlinear(d,1.3843,0.0000,50.0000,d)rotateFromBiaxial(d,1.3843,0.0000,d)nonlinear(6,0.0000,0.0000,0.1542,d)linear(0,0,0,243.9650,d)
18354,0,40,27.0486,26.3014,init()rotateIntoBiaxial(d,0.7776,0.0000,d)nonlinear(d,0.7776,0.0000,300.0000,d)rotateFromBiaxial(d,0.7776,0.0000,d)nonlinear(6,0.0000,0.0000,1.3216,d)rotateIntoBiaxial(d,40.8382,0.0000,d)nonlinear(d,40.8382,0.0000,100.0000,d)rotateFromBiaxial(d,40.8382,0.0000,d)rotate(179.9947)rotateIntoBiaxial(d,139.8568,0.0000,d)nonlinear(d,139.8568,0.0000,250.0000,d)rotateFromBiaxial(d,139.8568,0.0000,d)nonlinear(6,0.0000,0.0000,14.2038,d)rotate(-66.0533)rotateIntoBiaxial(d,0.5577,0.0000,d)nonlinear(d,0.5577,0.0000,50.0000,d)rotateFromBiaxial(d,0.5577,0.0000,d)nonlinear(6,0.0000,0.0000,6.9834,d)linear(0,0,0,463.3221,d)rotate(16.6352)nonlinear(6,0.0000,0.0000,23.1463,d)linear(0,0,0,220.9883,d)rotateIntoBiaxial(d,0.1924,0.0000,d)nonlinear(d,0.1924,0.0000,50.0000,d)rotateFromBiaxial(d,0.1924,0.0000,d)nonlinear(6,0.0000,0.0000,5.7048,d)linear(0,0,0,272.0650,d)rotate(5.0029)
18400,0,40,26.9265,26.3014,init()rotateIntoBiaxial(d,0.9774,0.0000,d)nonlinear(d,0.9774,0.0000,300.0000,d)rotateFromBiaxial(d,0.9774,0.0000,d)nonlinear(6,0.0000,0.0000,0.7713,d)rotateIntoBiaxial(d,40.6847,0.0000,d)nonlinear(d,40.6847,0.0000,100.0000,d)rotateFromBiaxial(d,40.6847,0.0000,d)rotate(178.5523)rotateIntoBiaxial(d,139.6744,0.0000,d)nonlinear(d,139.6744,0.0000,250.0000,d)rotateFromBiaxial(d,139.6744,0.0000,d)nonlinear(6,0.0000,0.0000,29.1129,d)rotate(-58.2456)rotateIntoBiaxial(d,0.1834,0.0000,d)nonlinear(d,0.1834,0.0000,50.0000,d)rotateFromBiaxial(d,0.1834,0.0000,d)nonlinear(6,0.0000,0.0000,6.1504,d)linear(0,0,0,517.0728,d)rotate(1.8785)nonlinear(6,0.0000,0.0000,11.9920,d)linear(0,0,0,235.5396,d)rotateIntoBiaxial(d,1.2744,0.0000,d)nonlinear(d,1.2744,0.0000,50.0000,d)rotateFromBiaxial(d,1.2744,0.0000,d)nonlinear(6,0.0000,0.0000,0.7300,d)linear(0,0,0,240.5020,d)
18446,0,40,26.9717,26.9717,init()rotateIntoBiaxial(d,1.0486,0.0000,d)nonlinear(d,1.0486,0.0000,300.0000,d)rotateFromBiaxial(d,1.0486,0.0000,d)nonlinear(6,0.0000,0.0000,0.4000,d)rotateIntoBiaxial(d,40.6571,0.0000,d)nonlinear(d,40.6571,0.0000,100.0000,d)rotateFromBiaxial(d,40.6571,0.0000,d)rotate(179.9630)rotateIntoBiaxial(d,139.8314,0.0000,d)nonlinear(d,139.8314,0.0000,250.0000,d)rotateFromBiaxial(d,139.8314,0.0000,d)nonlinear(6,0.0000,0.0000,19.2905,d)rotate(-68.8284)rotateIntoBiaxial(d,1.3193,0.0000,d)nonlinear(d,1.3193,0.0000,50.0000,d)rotateFromBiaxial(d,1.3193,0.0000,d)nonlinear(6,0.0000,0.0000,17.9290,d)linear(0,0,0,603.1476,d)rotate(11.7026)nonlinear(6,0.0000,0.0000,10.1788,d)linear(0,0,0,98.3385,d)rotateIntoBiaxial(d,4.5441,0.0000,d)nonlinear(d,4.5441,0.0000,100.0000,d)rotateFromBiaxial(d,4.5441,0.0000,d)nonlinear(6,0.0000,0.0000,4.5717,d)linear(0,0,0,256.1165,d)
18492,0,40,24.2653,26.9717,init()rotateIntoBiaxial(d,1.9607,0.0000,d)nonlinear(d,1.9607,0.0000,300.0000,d)rotateFromBiaxial(d,1.9607,0.0000,d)nonlinear(6,0.0000,0.0000,18.2889,d)linear(0,0,0,0.0506,d)rotateIntoBiaxial(d,39.8274,0.0000,d)nonlinear(d,39.8274,0.0000,100.0000,d)rotateFromBiaxial(d,39.8274,0.0000,d)rotate(179.1756)rotateIntoBiaxial(d,139.7275,0.0000,d)nonlinear(d,139.7275,0.0000,250.0000,d)rotateFromBiaxial(d,139.7275,0.0000,d)nonlinear(6,0.0000,0.0000,14.4627,d)rotate(-67.2384)rotateIntoBiaxial(d,3.0268,0.0000,d)nonlinear(d,3.0268,0.0000,50.0000,d)rotateFromBiaxial(d,3.0268,0.0000,d)nonlinear(6,0.0000,0.0000,22.6397,d)linear(0,0,0,493.0691,d)rotate(21.5521)nonlinear(6,0.0000,0.0000,29.8543,d)linear(0,0,0,317.0917,d)rotateIntoBiaxial(d,2.0004,0.0000,d)nonlinear(d,2.0004,0.0000,100.0000,d)rotateFromBiaxial(d,2.0004,0.0000,d)nonlinear(6,0.0000,0.0000,2.7042,d)linear(0,0,0,139.3862,d)
18538,0,40,25.5165,26.9717,init()rotateIntoBiaxial(d,0.3168,0.0000,d)nonlinear(d,0.3168,0.0000,300.0000,d)rotateFromBiaxial(d,0.3168,0.0000,d)nonlinear(6,0.0000,0.0000,9.7783,d)rotateIntoBiaxial(d,39.9115,0.0000,d)nonlinear(d,39.9115,0.0000,100.0000,d)rotateFromBiaxial(d,39.9115,0.0000,d)rotate(179.8788)rotateIntoBiaxial(d,139.6566,0.0000,d)nonlinear(d,139.6566,0.0000,250.0000,d)rotateFromBiaxial(d,139.6566,0.0000,d)nonlinear(6,0.0000,0.0000,12.4052,d)rotate(-72.0386)rotateIntoBiaxial(d,3.2759,0.0000,d)nonlinear(d,3.2759,0.0000,50.0000,d)rotateFromBiaxial(d,3.2759,0.0000,d)nonlinear(6,0.0000,0.0000,19.4217,d)linear(0,0,0,429.2115,d)rotate(0.7219)nonlinear(6,0.0000,0.0000,20.6616,d)linear(0,0,0,306.4337,d)rotateIntoBiaxial(d,5.2076,0.0000,d)nonlinear(d,5.2076,0.0000,50.0000,d)rotateFromBiaxial(d,5.2076,0.0000,d)nonlinear(6,0.0000,0.0000,2.9111,d)linear(0,0,0,352.4486,d)
18584,0,40,26.5429,26.9717,init()rotateIntoBiaxial(d,0.3607,0.0000,d)nonlinear(d,0.3607,0.0000,300.0000,d)rotateFromBiaxial(d,0.3607,0.0000,d)nonlinear(6,0.0000,0.0000,10.5433,d)rotateIntoBiaxial(d,40.3372,0.0000,d)nonlinear(d,40.3372,0.0000,100.0000,d)rotateFromBiaxial(d,40.3372,0.0000,d)rotate(178.7821)rotateIntoBiaxial(d,139.6231,0.0000,d)nonlinear(d,139.6231,0.0000,250.0000,d)rotateFromBiaxial(d,139.6231,0.0000,d)nonlinear(6,0.0000,0.0000,13.9432,d)rotate(-64.0518)rotateIntoBiaxial(d,3.8191,0.0000,d)nonlinear(d,3.8191,0.0000,50.0000,d)rotateFromBiaxial(d,3.8191,0.0000,d)nonlinear(6,0.0000,0.0000,14.3870,d)linear(0,0,0,598.5347,d)rotate(7.0538)nonlinear(6,0.0000,0.0000,4.9137,d)linear(0,0,0,101.1192,d)rotateIntoBiaxial(d,3.3816,0.0000,d)nonlinear(d,3.3816,0.0000,50.0000,d)rotateFromBiaxial(d,3.3816,0.0000,d)nonlinear(6,0.0000,0.0000,10.9880,d)linear(0,0,0,209.4222,d)
18630,0,40,26.3614,26.9717,init()rotateIntoBiaxial(d,1.4611,0.0000,d)nonlinear(d,1.4611,0.0000,300.0000,d)rotateFromBiaxial(d,1.4611,0.0000,d)nonlinear(6,0.0000,0.0000,4.0257,d)rotateIntoBiaxial(d,40.7046,0.0000,d)nonlinear(d,40.7046,0.0000,100.0000,d)rotateFromBiaxial(d,40.7046,0.0000,d)linear(0,0,0,2.0963,d)rotate(179.3285)rotateIntoBiaxial(d,139.6476,0.0000,d)nonlinear(d,139.6476,0.0000,250.0000,d)rotateFromBiaxial(d,139.6476,0.0000,d)nonlinear(6,0.0000,0.0000,17.0726,d)rotate(-71.4295)rotateIntoBiaxial(d,1.7587,0.0000,d)nonlinear(d,1.7587,0.0000,50.0000,d)rotateFromBiaxial(d,1.7587,0.0000,d)nonlinear(6,0.0000,0.0000,18.2084,d)linear(0,0,0,456.5191,d)rotate(19.9480)nonlinear(6,0.0000,0.0000,0.1296,d)linear(0,0,0,420.4306,d)rotateIntoBiaxial(d,5.9481,0.0000,d)nonlinear(d,5.9481,0.0000,50.0000,d)rotateFromBiaxial(d,5.9481,0.0000,d)nonlinear(6,0.0000,0.0000,0.4895,d)linear(0,0,0,98.2718,d)
18676,0,40,26.0806,26.9717,init()rotateIntoBiaxial(d,1.7284,0.0000,d)nonlinear(d,1.7284,0.0000,300.0000,d)rotateFromBiaxial(d,1.7284,0.0000,d)nonlinear(6,0.0000,0.0000,1.5709,d)rotateIntoBiaxial(d,40.7712,0.0000,d)nonlinear(d,40.7712,0.0000,100.0000,d)rotateFromBiaxial(d,40.7712,0.0000,d)rotate(179.6145)rotateIntoBiaxial(d,139.9032,0.0000,d)nonlinear(d,139.9032,0.0000,250.0000,d)rotateFromBiaxial(d,139.9032,0.0000,d)nonlinear(6,0.0000,0.0000,16.5290,d)rotate(-75.5694)rotateIntoBiaxial(d,2.8039,0.0000,d)nonlinear(d,2.8039,0.0000,50.0000,d)rotateFromBiaxial(d,2.8039,0.0000,d)nonlinear(6,0.0000,0.0000,12.5054,d)linear(0,0,0,435.4063,d)rotate(1.2410)linear(0,0,0,267.7312,d)rotateIntoBiaxial(d,4.8537,0.0000,d)nonlinear(d,4.8537,0.0000,50.0000,d)rotateFromBiaxial(d,4.8537,0.0000,d)nonlinear(6,0.0000,0.0000,5.6894,d)linear(0,0,0,307.8614,d)
18722,0,40,27.0632,27.0632,init()rotateIntoBiaxial(d,0.1186,0.0000,d)nonlinear(d,0.1186,0.0000,300.0000,d)rotateFromBiaxial(d,0.1186,0.0000,d)nonlinear(6,0.0000,0.0000,6.0038,d)rotateIntoBiaxial(d,40.6022,0.0000,d)nonlinear(d,40.6022,0.0000,100.0000,d)rotateFromBiaxial(d,40.6022,0.0000,d)rotate(179.8164)rotateIntoBiaxial(d,139.6972,0.0000,d)nonlinear(d,139.6972,0.0000,250.0000,d)rotateFromBiaxial(d,139.6972,0.0000,d)nonlinear(6,0.0000,0.0000,18.2439,d)rotate(-65.7443)rotateIntoBiaxial(d,3.9349,0.0000,d)nonlinear(d,3.9349,0.0000,50.0000,d)rotateFromBiaxial(d,3.9349,0.0000,d)nonlinear(6,0.0000,0.0000,27.7234,d)linear(0,0,0,514.2860,d)rotate(5.2285)linear(0,0,0,266.9888,d)rotateIntoBiaxial(d,2.3025,0.0000,d)nonlinear(d,2.3025,0.0000,100.0000,d)rotateFromBiaxial(d,2.3025,0.0000,d)nonlinear(6,0.0000,0.0000,2.6143,d)linear(0,0,0,111.2711,d)
18768,0,40,25.1324,27.0632,init()rotateIntoBiaxial(d,1.0065,0.0000,d)nonlinear(d,1.0065,0.0000,300.0000,d)rotateFromBiaxial(d,1.0065,0.0000,d)nonlinear(6,0.0000,0.0000,13.6667,d)rotateIntoBiaxial(d,40.6363,0.0000,d)nonlinear(d,40.6363,0.0000,100.0000,d)rotateFromBiaxial(d,40.6363,0.0000,d)linear(0,0,0,5.7954,d)rotate(179.6258)rotateIntoBiaxial(d,139.9527,0.0000,d)nonlinear(d,139.9527,0.0000,250.0000,d)rotateFromBiaxial(d,139.9527,0.0000,d)nonlinear(6,0.0000,0.0000,2.4183,d)rotate(-61.4017)rotateIntoBiaxial(d,5.3509,0.0000,d)nonlinear(d,5.3509,0.0000,50.0000,d)rotateFromBiaxial(d,5.3509,0.0000,d)nonlinear(6,0.0000,0.0000,10.2931,d)linear(0,0,0,319.3355,d)rotate(5.0796)linear(0,0,0,307.8702,d)rotateIntoBiaxial(d,0.1698,0.0000,d)nonlinear(d,0.1698,0.0000,50.0000,d)rotateFromBiaxial(d,0.1698,0.0000,d)nonlinear(6,0.0000,0.0000,11.5446,d)linear(0,0,0,241.1874,d)
18814,0,40,26.1940,27.0632,init()rotateIntoBiaxial(d,1.5838,0.0000,d)nonlinear(d,1.5838,0.0000,300.0000,d)rotateFromBiaxial(d,1.5838,0.0000,d)nonlinear(6,0.0000,0.0000,5.0759,d)rotateIntoBiaxial(d,40.4689,0.0000,d)nonlinear(d,40.4689,0.0000,100.0000,d)rotateFromBiaxial(d,40.4689,0.0000,d)rotate(178.8619)rotateIntoBiaxial(d,139.6483,0.0000,d)nonlinear(d,139.6483,0.0000,250.0000,d)rotateFromBiaxial(d,139.6483,0.0000,d)nonlinear(6,0.0000,0.0000,1.3755,d)rotate(-62.0366)rotateIntoBiaxial(d,3.7361,0.0000,d)nonlinear(d,3.7361,0.0000,50.0000,d)rotateFromBiaxial(d,3.7361,0.0000,d)nonlinear(6,0.0000,0.0000,34.3124,d)linear(0,0,0,493.5819,d)rotate(10.2661)nonlinear(6,0.0000,0.0000,0.9258,d)linear(0,0,0,293.2565,d)rotateIntoBiaxial(d,2.1125,0.0000,d)nonlinear(d,2.1125,0.0000,50.0000,d)rotateFromBiaxial(d,2.1125,0.0000,d)nonlinear(6,0.0000,0.0000,1.3180,d)linear(0,0,0,338.3259,d)
18860,0,40,25.9743,27.0632,init()rotateIntoBiaxial(d,1.3185,0.0000,d)nonlinear(d,1.3185,0.0000,300.0000,d)rotateFromBiaxial(d,1.3185,0.0000,d)nonlinear(6,0.0000,0.0000,4.3890,d)rotateIntoBiaxial(d,40.3620,0.0000,d)nonlinear(d,40.3620,0.0000,100.0000,d)rotateFromBiaxial(d,40.3620,0.0000,d)linear(0,0,0,19.6404,d)rotate(179.9906)rotateIntoBiaxial(d,139.7162,0.0000,d)nonlinear(d,139.7162,0.0000,250.0000,d)rotateFromBiaxial(d,139.7162,0.0000,d)nonlinear(6,0.0000,0.0000,11.3957,d)rotate(-52.9255)rotateIntoBiaxial(d,0.7969,0.0000,d)nonlinear(d,0.7969,0.0000,50.0000,d)rotateFromBiaxial(d,0.7969,0.0000,d)nonlinear(6,0.0000,0.0000,7.6334,d)linear(0,0,0,521.8867,d)rotate(9.9611)linear(0,0,0,73.7478,d)rotateIntoBiaxial(d,2.8188,0.0000,d)nonlinear(d,2.8188,0.0000,47.7350,d)rotateFromBiaxial(d,2.8188,0.0000,d)nonlinear(6,0.0000,0.0000,2.0887,d)linear(0,0,0,214.3763,d)
18906,0,40,26.0333,27.0632,init()rotateIntoBiaxial(d,0.6323,0.0000,d)nonlinear(d,0.6323,0.0000,300.0000,d)rotateFromBiaxial(d,0.6323,0.0000,d)nonlinear(6,0.0000,0.0000,25.2150,d)rotateIntoBiaxial(d,40.4954,0.0000,d)nonlinear(d,40.4954,0.0000,100.0000,d)rotateFromBiaxial(d,40.4954,0.0000,d)rotate(178.2903)rotateIntoBiaxial(d,139.7959,0.0000,d)nonlinear(d,139.7959,0.0000,250.0000,d)rotateFromBiaxial(d,139.7959,0.0000,d)nonlinear(6,0.0000,0.0000,12.4627,d)rotate(-51.7751)rotateIntoBiaxial(d,3.4757,0.0000,d)nonlinear(d,3.4757,0.0000,50.0000,d)rotateFromBiaxial(d,3.4757,0.0000,d)nonlinear(6,0.0000,0.0000,8.4636,d)linear(0,0,0,418.5697,d)rotate(11.3038)linear(0,0,0,146.5316,d)rotateIntoBiaxial(d,4.2289,0.0000,d)nonlinear(d,4.2289,0.0000,50.0000,d)rotateFromBiaxial(d,4.2289,0.0000,d)nonlinear(6,0.0000,0.0000,5.2026,d)linear(0,0,0,180.0858,d)rotate(1.4946)
18952,0,40,25.9589,27.0632,init()rotateIntoBiaxial(d,0.1843,0.0000,d)nonlinear(d,0.1843,0.0000,300.0000,d)rotateFromBiaxial(d,0.1843,0.0000,d)nonlinear(6,0.0000,0.0000,2.8084,d)rotateIntoBiaxial(d,40.5308,0.0000,d)nonlinear(d,40.5308,0.0000,100.0000,d)rotateFromBiaxial(d,40.5308,0.0000,d)rotate(179.9795)rotateIntoBiaxial(d,139.5609,0.0000,d)nonlinear(d,139.5609,0.0000,250.0000,d)rotateFromBiaxial(d,139.5609,0.0000,d)nonlinear(6,0.0000,0.0000,41.5803,d)rotate(-57.5335)rotateIntoBiaxial(d,0.1443,0.0000,d)nonlinear(d,0.1443,0.0000,50.0000,d)rotateFromBiaxial(d,0.1443,0.0000,d)nonlinear(6,0.0000,0.0000,7.1018,d)linear(0,0,0,467.5787,d)rotate(4.9176)nonlinear(6,0.0000,0.0000,0.1077,d)linear(0,0,0,178.2684,d)rotateIntoBiaxial(d,0.8237,0.0000,d)nonlinear(d,0.8237,0.0000,86.6472,d)rotateFromBiaxial(d,0.8237,0.0000,d)nonlinear(6,0.0000,0.0000,8.0265,d)linear(0,0,0,244.9016,d)
18998,0,40,26.3026,27.0632,init()rotateIntoBiaxial(d,1.1078,0.0000,d)nonlinear(d,1.1078,0.0000,300.0000,d)rotateFromBiaxial(d,1.1078,0.0000,d)nonlinear(6,0.0000,0.0000,1.6187,d)rotateIntoBiaxial(d,40.1834,0.0000,d)nonlinear(d,40.1834,0.0000,100.0000,d)rotateFromBiaxial(d,40.1834,0.0000,d)rotate(179.9380)rotateIntoBiaxial(d,139.7605,0.0000,d)nonlinear(d,139.7605,0.0000,250.0000,d)rotateFromBiaxial(d,139.7605,0.0000,d)nonlinear(6,0.0000,0.0000,20.8233,d)rotate(-59.8856)rotateIntoBiaxial(d,2.1219,0.0000,d)nonlinear(d,2.1219,0.0000,50.0000,d)rotateFromBiaxial(d,2.1219,0.0000,d)linear(0,0,0,518.1790,d)rotate(3.7417)linear(0,0,0,133.2813,d)rotate(-2.3552)rotateIntoBiaxial(d,1.9392,0.0000,d)nonlinear(d,1.9392,0.0000,48.6237,d)rotateFromBiaxial(d,1.9392,0.0000,d)nonlinear(6,0.0000,0.0000,0.1968,d)linear(0,0,0,224.1063,d)
19044,0,40,25.7890,27.0632,init()rotateIntoBiaxial(d,0.0393,0.0000,d)nonlinear(d,0.0393,0.0000,300.0000,d)rotateFromBiaxial(d,0.0393,0.0000,d)nonlinear(6,0.0000,0.0000,2.4108,d)rotateIntoBiaxial(d,40.0461,0.0000,d)nonlinear(d,40.0461,0.0000,100.0000,d)rotateFromBiaxial(d,40.0461,0.0000,d)rotate(179.8541)rotateIntoBiaxial(d,139.7314,0.0000,d)nonlinear(d,139.7314,0.0000,250.0000,d)rotateFromBiaxial(d,139.7314,0.0000,d)nonlinear(6,0.0000,0.0000,16.3511,d)rotate(-58.9384)rotateIntoBiaxial(d,6.9049,0.0000,d)nonlinear(d,6.9049,0.0000,50.0000,d)rotateFromBiaxial(d,6.9049,0.0000,d)nonlinear(6,0.0000,0.0000,21.3017,d)linear(0,0,0,377.3819,d)rotate(11.5122)linear(0,0,0,108.1057,d)rotateIntoBiaxial(d,2.2664,0.0000,d)nonlinear(d,2.2664,0.0000,42.2242,d)rotateFromBiaxial(d,2.2664,0.0000,d)nonlinear(6,0.0000,0.0000,9.5155,d)linear(0,0,0,295.5759,d)
19090,0,40,25.9979,27.0632,init()rotateIntoBiaxial(d,0.9655,0.0000,d)nonlinear(d,0.9655,0.0000,300.0000,d)rotateFromBiaxial(d,0.9655,0.0000,d)nonlinear(6,0.0000,0.0000,0.8117,d)rotateIntoBiaxial(d,40.5567,0.0000,d)nonlinear(d,40.5567,0.0000,100.0000,d)rotateFromBiaxial(d,40.5567,0.0000,d)rotate(178.7984)rotateIntoBiaxial(d,139.8844,0.0000,d)nonlinear(d,139.8844,0.0000,250.0000,d)rotateFromBiaxial(d,139.8844,0.0000,d)nonlinear(6,0.0000,0.0000,20.1416,d)rotate(-49.6098)rotateIntoBiaxial(d,1.4328,0.0000,d)nonlinear(d,1.4328,0.0000,50.0000,d)rotateFromBiaxial(d,1.4328,0.0000,d)nonlinear(6,0.0000,0.0000,24.7155,d)linear(0,0,0,410.0306,d)rotate(9.2974)nonlinear(6,0.0000,0.0000,3.1317,d)linear(0,0,0,198.9291,d)rotateIntoBiaxial(d,0.0101,0.0000,d)nonlinear(d,0.0101,0.0000,44.5615,d)rotateFromBiaxial(d,0.0101,0.0000,d)nonlinear(6,0.0000,0.0000,2.5653,d)linear(0,0,0,277.1733,d)
19136,0,40,25.0091,27.0632,init()rotateIntoBiaxial(d,0.0019,0.0000,d)nonlinear(d,0.0019,0.0000,300.0000,d)rotateFromBiaxial(d,0.0019,0.0000,d)nonlinear(6,0.0000,0.0000,2.9525,d)linear(0,0,0,34.9358,d)rotateIntoBiaxial(d,40.5120,0.0000,d)nonlinear(d,40.5120,0.0000,100.0000,d)rotateFromBiaxial(d,40.5120,0.0000,d)rotate(179.6980)rotateIntoBiaxial(d,139.6770,0.0000,d)nonlinear(d,139.6770,0.0000,250.0000,d)rotateFromBiaxial(d,139.6770,0.0000,d)nonlinear(6,0.0000,0.0000,32.1752,d)rotate(-56.1512)rotateIntoBiaxial(d,3.9068,0.0000,d)nonlinear(d,3.9068,0.0000,50.0000,d)rotateFromBiaxial(d,3.9068,0.0000,d)nonlinear(6,0.0000,0.0000,6.6897,d)linear(0,0,0,337.0393,d)rotate(6.4917)linear(0,0,0,208.8859,d)rotate(-8.9917)rotateIntoBiaxial(d,3.5772,0.0000,d)nonlinear(d,3.5772,0.0000,43.0377,d)rotateFromBiaxial(d,3.5772,0.0000,d)nonlinear(6,0.0000,0.0000,0.8223,d)linear(0,0,0,351.3994,d)rotate(0.2882)
19182,0,40,26.5453,27.0632,init()rotateIntoBiaxial(d,0.1836,0.0000,d)nonlinear(d,0.1836,0.0000,300.0000,d)rotateFromBiaxial(d,0.1836,0.0000,d)nonlinear(6,0.0000,0.0000,3.8162,d)rotateIntoBiaxial(d,40.6894,0.0000,d)nonlinear(d,40.6894,0.0000,100.0000,d)rotateFromBiaxial(d,40.6894,0.0000,d)rotate(178.0385)rotateIntoBiaxial(d,139.7349,0.0000,d)nonlinear(d,139.7349,0.0000,250.0000,d)rotateFromBiaxial(d,139.7349,0.0000,d)nonlinear(6,0.0000,0.0000,9.7820,d)rotate(-56.8766)rotateIntoBiaxial(d,2.2443,0.0000,d)nonlinear(d,2.2443,0.0000,100.0000,d)rotateFromBiaxial(d,2.2443,0.0000,d)nonlinear(6,0.0000,0.0000,9.2053,d)linear(0,0,0,263.3331,d)rotate(15.9358)linear(0,0,0,61.8322,d)rotateIntoBiaxial(d,0.0421,0.0000,d)nonlinear(d,0.0421,0.0000,31.3797,d)rotateFromBiaxial(d,0.0421,0.0000,d)nonlinear(6,0.0000,0.0000,2.1800,d)linear(0,0,0,312.2352,d)
19228,0,40,25.5089,27.0632,init()rotateIntoBiaxial(d,0.5210,0.0000,d)nonlinear(d,0.5210,0.0000,300.0000,d)rotateFromBiaxial(d,0.5210,0.0000,d)nonlinear(6,0.0000,0.0000,2.2007,d)rotateIntoBiaxial(d,39.8697,0.0000,d)nonlinear(d,39.8697,0.0000,100.0000,d)rotateFromBiaxial(d,39.8697,0.0000,d)rotate(179.8999)rotateIntoBiaxial(d,139.7013,0.0000,d)nonlinear(d,139.7013,0.0000,250.0000,d)rotateFromBiaxial(d,139.7013,0.0000,d)nonlinear(6,0.0000,0.0000,19.3687,d)rotate(-52.9820)rotateIntoBiaxial(d,4.4534,0.0000,d)nonlinear(d,4.4534,0.0000,50.0000,d)rotateFromBiaxial(d,4.4534,0.0000,d)nonlinear(6,0.0000,0.0000,9.3334,d)linear(0,0,0,357.8203,d)rotate(11.7545)linear(0,0,0,75.0467,d)rotate(-16.9116)rotateIntoBiaxial(d,1.6011,0.0000,d)nonlinear(d,1.6011,0.0000,35.0581,d)rotateFromBiaxial(d,1.6011,0.0000,d)nonlinear(6,0.0000,0.0000,0.4858,d)linear(0,0,0,468.2682,d)
19274,0,40,26.5858,27.0632,init()rotateIntoBiaxial(d,0.8275,0.0000,d)nonlinear(d,0.8275,0.0000,300.0000,d)rotateFromBiaxial(d,0.8275,0.0000,d)nonlinear(6,0.0000,0.0000,1.1315,d)linear(0,0,0,5.7268,d)rotateIntoBiaxial(d,40.4539,0.0000,d)nonlinear(d,40.4539,0.0000,100.0000,d)rotateFromBiaxial(d,40.4539,0.0000,d)rotate(179.9103)rotateIntoBiaxial(d,139.6639,0.0000,d)nonlinear(d,139.6639,0.0000,250.0000,d)rotateFromBiaxial(d,139.6639,0.0000,d)nonlinear(6,0.0000,0.0000,3.4826,d)rotate(-53.5322)rotateIntoBiaxial(d,4.5058,0.0000,d)nonlinear(d,4.5058,0.0000,50.0000,d)rotateFromBiaxial(d,4.5058,0.0000,d)nonlinear(6,0.0000,0.0000,13.9709,d)linear(0,0,0,414.3900,d)rotate(12.5494)linear(0,0,0,113.5156,d)rotate(-4.8648)rotateIntoBiaxial(d,4.7978,0.0000,d)nonlinear(d,4.7978,0.0000,44.7768,d)rotateFromBiaxial(d,4.7978,0.0000,d)nonlinear(6,0.0000,0.0000,4.6950,d)linear(0,0,0,233.5468,d)
19320,0,40,27.2095,27.0632,init()rotateIntoBiaxial(d,0.6006,0.0000,d)nonlinear(d,0.6006,0.0000,300.0000,d)rotateFromBiaxial(d,0.6006,0.0000,d)nonlinear(6,0.0000,0.0000,6.3543,d)rotateIntoBiaxial(d,40.6846,0.0000,d)nonlinear(d,40.6846,0.0000,100.0000,d)rotateFromBiaxial(d,40.6846,0.0000,d)rotate(179.9800)rotateIntoBiaxial(d,139.7649,0.0000,d)nonlinear(d,139.7649,0.0000,250.0000,d)rotateFromBiaxial(d,139.7649,0.0000,d)nonlinear(6,0.0000,0.0000,17.4564,d)rotate(-55.0499)rotateIntoBiaxial(d,2.6954,0.0000,d)nonlinear(d,2.6954,0.0000,50.0000,d)rotateFromBiaxial(d,2.6954,0.0000,d)nonlinear(6,0.0000,0.0000,14.1293,d)linear(0,0,0,329.7184,d)rotate(8.0879)rotate(-13.3660)rotateIntoBiaxial(d,1.0897,0.0000,d)nonlinear(d,1.0897,0.0000,44.6529,d)rotateFromBiaxial(d,1.0897,0.0000,d)nonlinear(6,0.0000,0.0000,0.2882,d)linear(0,0,0,318.0342,d)
19366,0,40,25.7858,27.0632,init()rotateIntoBiaxial(d,0.3630,0.0000,d)nonlinear(d,0.3630,0.0000,300.0000,d)rotateFromBiaxial(d,0.3630,0.0000,d)nonlinear(6,0.0000,0.0000,12.4426,d)rotateIntoBiaxial(d,40.4626,0.0000,d)nonlinear(d,40.4626,0.0000,100.0000,d)rotateFromBiaxial(d,40.4626,0.0000,d)rotate(179.6657)rotateIntoBiaxial(d,139.8894,0.0000,d)nonlinear(d,139.8894,0.0000,250.0000,d)rotateFromBiaxial(d,139.8894,0.0000,d)nonlinear(6,0.0000,0.0000,3.5193,d)rotate(-56.2258)rotateIntoBiaxial(d,1.8350,0.0000,d)nonlinear(d,1.8350,0.0000,50.0000,d)rotateFromBiaxial(d,1.8350,0.0000,d)nonlinear(6,0.0000,0.0000,5.1526,d)linear(0,0,0,332.2759,d)rotate(16.7164)nonlinear(6,0.0000,0.0000,4.9103,d)rotate(-34.4497)rotateIntoBiaxial(d,0.5461,0.0000,d)nonlinear(d,0.5461,0.0000,33.8645,d)rotateFromBiaxial(d,0.5461,0.0000,d)nonlinear(6,0.0000,0.0000,3.5524,d)linear(0,0,0,239.2221,d)
19412,0,40,25.4367,27.0632,init()rotateIntoBiaxial(d,0.2522,0.0000,d)nonlinear(d,0.2522,0.0000,300.0000,d)rotateFromBiaxial(d,0.2522,0.0000,d)nonlinear(6,0.0000,0.0000,15.6763,d)rotateIntoBiaxial(d,39.9135,0.0000,d)nonlinear(d,39.9135,0.0000,100.0000,d)rotateFromBiaxial(d,39.9135,0.0000,d)rotate(179.9729)rotateIntoBiaxial(d,139.6807,0.0000,d)nonlinear(d,139.6807,0.0000,250.0000,d)rotateFromBiaxial(d,139.6807,0.0000,d)nonlinear(6,0.0000,0.0000,4.4263,d)rotate(-56.3721)rotateIntoBiaxial(d,6.7253,0.0000,d)nonlinear(d,6.7253,0.0000,50.0000,d)rotateFromBiaxial(d,6.7253,0.0000,d)nonlinear(6,0.0000,0.0000,18.1081,d)linear(0,0,0,256.1779,d)rotate(5.5617)rotateIntoBiaxial(d,0.6464,0.0000,d)nonlinear(d,0.6464,0.0000,40.2742,d)rotateFromBiaxial(d,0.6464,0.0000,d)nonlinear(6,0.0000,0.0000,2.7008,d)linear(0,0,0,256.7779,d)
19458,0,40,25.6477,27.0632,init()rotateIntoBiaxial(d,2.3838,0.0000,d)nonlinear(d,2.3838,0.0000,300.0000,d)rotateFromBiaxial(d,2.3838,0.0000,d)nonlinear(6,0.0000,0.0000,5.2384,d)linear(0,0,0,7.6673,d)rotateIntoBiaxial(d,40.6930,0.0000,d)nonlinear(d,40.6930,0.0000,100.0000,d)rotateFromBiaxial(d,40.6930,0.0000,d)rotate(178.7499)rotateIntoBiaxial(d,139.7957,0.0000,d)nonlinear(d,139.7957,0.0000,250.0000,d)rotateFromBiaxial(d,139.7957,0.0000,d)nonlinear(6,0.0000,0.0000,2.1502,d)rotate(-52.9882)rotateIntoBiaxial(d,5.2442,0.0000,d)nonlinear(d,5.2442,0.0000,50.0000,d)rotateFromBiaxial(d,5.2442,0.0000,d)nonlinear(6,0.0000,0.0000,3.2220,d)linear(0,0,0,497.9921,d)rotate(11.4248)linear(0,0,0,34.1461,d)rotateIntoBiaxial(d,1.1189,0.0000,d)nonlinear(d,1.1189,0.0000,45.4676,d)rotateFromBiaxial(d,1.1189,0.0000,d)nonlinear(6,0.0000,0.0000,4.8870,d)linear(0,0,0,355.0885,d)
19504,0,40,26.1361,27.0632,init()rotateIntoBiaxial(d,0.0388,0.0000,d)nonlinear(d,0.0388,0.0000,300.0000,d)rotateFromBiaxial(d,0.0388,0.0000,d)nonlinear(6,0.0000,0.0000,2.1771,d)rotateIntoBiaxial(d,40.2619,0.0000,d)nonlinear(d,40.2619,0.0000,100.0000,d)rotateFromBiaxial(d,40.2619,0.0000,d)rotate(179.9702)rotateIntoBiaxial(d,139.8434,0.0000,d)nonlinear(d,139.8434,0.0000,250.0000,d)rotateFromBiaxial(d,139.8434,0.0000,d)nonlinear(6,0.0000,0.0000,7.6986,d)rotate(-58.9210)rotateIntoBiaxial(d,3.1577,0.0000,d)nonlinear(d,3.1577,0.0000,50.0000,d)rotateFromBiaxial(d,3.1577,0.0000,d)nonlinear(6,0.0000,0.0000,20.6445,d)linear(0,0,0,344.1704,d)rotate(17.1150)linear(0,0,0,0.9659,d)rotate(-32.4567)rotateIntoBiaxial(d,0.5892,0.0000,d)nonlinear(d,0.5892,0.0000,45.5092,d)rotateFromBiaxial(d,0.5892,0.0000,d)nonlinear(6,0.0000,0.0000,0.1643,d)linear(0,0,0,255.7273,d)
19550,0,40,25.5358,27.0632,init()rotateIntoBiaxial(d,0.5428,0.0000,d)nonlinear(d,0.5428,0.0000,300.0000,d)rotateFromBiaxial(d,0.5428,0.0000,d)nonlinear(6,0.0000,0.0000,0.7450,d)rotateIntoBiaxial(d,40.5468,0.0000,d)nonlinear(d,40.5468,0.0000,100.0000,d)rotateFromBiaxial(d,40.5468,0.0000,d)rotate(179.9816)rotateIntoBiaxial(d,139.8977,0.0000,d)nonlinear(d,139.8977,0.0000,250.0000,d)rotateFromBiaxial(d,139.8977,0.0000,d)nonlinear(6,0.0000,0.0000,22.4896,d)rotate(-66.0996)rotateIntoBiaxial(d,6.3431,0.0000,d)nonlinear(d,6.3431,0.0000,50.0000,d)rotateFromBiaxial(d,6.3431,0.0000,d)nonlinear(6,0.0000,0.0000,7.4134,d)linear(0,0,0,272.8445,d)rotate(12.5392)rotate(-31.8922)rotateIntoBiaxial(d,5.2622,0.0000,d)nonlinear(d,5.2622,0.0000,37.7576,d)rotateFromBiaxial(d,5.2622,0.0000,d)nonlinear(6,0.0000,0.0000,2.9667,d)linear(0,0,0,161.3218,d)
19596,0,40,26.6488,27.0632,init()rotateIntoBiaxial(d,1.2852,0.0000,d)nonlinear(d,1.2852,0.0000,300.0000,d)rotateFromBiaxial(d,1.2852,0.0000,d)nonlinear(6,0.0000,0.0000,6.2845,d)rotateIntoBiaxial(d,40.5200,0.0000,d)nonlinear(d,40.5200,0.0000,100.0000,d)rotateFromBiaxial(d,40.5200,0.0000,d)rotate(179.5279)rotateIntoBiaxial(d,139.7404,0.0000,d)nonlinear(d,139.7404,0.0000,250.0000,d)rotateFromBiaxial(d,139.7404,0.0000,d)nonlinear(6,0.0000,0.0000,4.4097,d)rotate(-57.4274)rotateIntoBiaxial(d,3.0350,0.0000,d)nonlinear(d,3.0350,0.0000,50.0000,d)rotateFromBiaxial(d,3.0350,0.0000,d)nonlinear(6,0.0000,0.0000,11.4811,d)linear(0,0,0,321.5010,d)rotate(16.6032)rotate(-4.5269)rotateIntoBiaxial(d,3.9379,0.0000,d)nonlinear(d,3.9379,0.0000,25.0622,d)rotateFromBiaxial(d,3.9379,0.0000,d)nonlinear(6,0.0000,0.0000,8.1012,d)linear(0,0,0,242.3908,d)
19642,0,40,26.7451,27.0632,init()rotateIntoBiaxial(d,0.0913,0.0000,d)nonlinear(d,0.0913,0.0000,300.0000,d)rotateFromBiaxial(d,0.0913,0.0000,d)nonlinear(6,0.0000,0.0000,5.0058,d)rotateIntoBiaxial(d,40.7608,0.0000,d)nonlinear(d,40.7608,0.0000,100.0000,d)rotateFromBiaxial(d,40.7608,0.0000,d)rotate(175.6359)rotateIntoBiaxial(d,139.8086,0.0000,d)nonlinear(d,139.8086,0.0000,250.0000,d)rotateFromBiaxial(d,139.8086,0.0000,d)nonlinear(6,0.0000,0.0000,2.8149,d)rotate(-58.6336)rotateIntoBiaxial(d,3.9897,0.0000,d)nonlinear(d,3.9897,0.0000,50.0000,d)rotateFromBiaxial(d,3.9897,0.0000,d)nonlinear(6,0.0000,0.0000,0.0132,d)linear(0,0,0,398.8809,d)rotate(9.1407)rotate(-16.7841)rotateIntoBiaxial(d,1.7704,0.0000,d)nonlinear(d,1.7704,0.0000,38.8594,d)rotateFromBiaxial(d,1.7704,0.0000,d)nonlinear(6,0.0000,0.0000,0.5052,d)linear(0,0,0,309.4794,d)
19688,0,40,25.7314,27.0632,init()rotateIntoBiaxial(d,1.2094,0.0000,d)nonlinear(d,1.2094,0.0000,300.0000,d)rotateFromBiaxial(d,1.2094,0.0000,d)nonlinear(6,0.0000,0.0000,4.8474,d)rotateIntoBiaxial(d,40.1262,0.0000,d)nonlinear(d,40.1262,0.0000,100.0000,d)rotateFromBiaxial(d,40.1262,0.0000,d)rotate(179.9517)rotateIntoBiaxial(d,139.7772,0.0000,d)nonlinear(d,139.7772,0.0000,250.0000,d)rotateFromBiaxial(d,139.7772,0.0000,d)nonlinear(6,0.0000,0.0000,12.3805,d)rotate(-53.4452)rotateIntoBiaxial(d,6.0087,0.0000,d)nonlinear(d,6.0087,0.0000,50.0000,d)rotateFromBiaxial(d,6.0087,0.0000,d)nonlinear(6,0.0000,0.0000,0.6207,d)linear(0,0,0,352.5771,d)rotate(14.8263)rotateIntoBiaxial(d,6.1323,0.0000,d)nonlinear(d,6.1323,0.0000,37.8160,d)rotateFromBiaxial(d,6.1323,0.0000,d)nonlinear(6,0.0000,0.0000,5.4540,d)linear(0,0,0,382.2329,d)
19734,0,40,25.2794,27.0632,init()rotateIntoBiaxial(d,1.6332,0.0000,d)nonlinear(d,1.6332,0.0000,300.0000,d)rotateFromBiaxial(d,1.6332,0.0000,d)nonlinear(6,0.0000,0.0000,0.3311,d)rotateIntoBiaxial(d,40.7951,0.0000,d)nonlinear(d,40.7951,0.0000,100.0000,d)rotateFromBiaxial(d,40.7951,0.0000,d)rotate(179.1728)rotateIntoBiaxial(d,139.5711,0.0000,d)nonlinear(d,139.5711,0.0000,250.0000,d)rotateFromBiaxial(d,139.5711,0.0000,d)nonlinear(6,0.0000,0.0000,10.7819,d)rotate(-52.6151)rotateIntoBiaxial(d,4.8193,0.0000,d)nonlinear(d,4.8193,0.0000,50.0000,d)rotateFromBiaxial(d,4.8193,0.0000,d)nonlinear(6,0.0000,0.0000,1.3270,d)linear(0,0,0,396.6574,d)rotate(11.1053)rotate(-25.8572)rotateIntoBiaxial(d,3.1657,0.0000,d)nonlinear(d,3.1657,0.0000,33.7735,d)rotateFromBiaxial(d,3.1657,0.0000,d)nonlinear(6,0.0000,0.0000,1.3229,d)linear(0,0,0,269.5772,d)
19780,0,40,26.0814,27.0632,init()rotateIntoBiaxial(d,1.9153,0.0000,d)nonlinear(d,1.9153,0.0000,300.0000,d)rotateFromBiaxial(d,1.9153,0.0000,d)nonlinear(6,0.0000,0.0000,0.7633,d)rotateIntoBiaxial(d,40.1743,0.0000,d)nonlinear(d,40.1743,0.0000,100.0000,d)rotateFromBiaxial(d,40.1743,0.0000,d)rotate(179.8371)rotateIntoBiaxial(d,139.7565,0.0000,d)nonlinear(d,139.7565,0.0000,250.0000,d)rotateFromBiaxial(d,139.7565,0.0000,d)nonlinear(6,0.0000,0.0000,4.0842,d)rotate(-54.1362)rotateIntoBiaxial(d,6.0990,0.0000,d)nonlinear(d,6.0990,0.0000,50.0000,d)rotateFromBiaxial(d,6.0990,0.0000,d)nonlinear(6,0.0000,0.0000,0.8752,d)linear(0,0,0,410.9803,d)rotate(14.6532)rotateIntoBiaxial(d,12.0701,0.0000,d)nonlinear(d,12.0701,0.0000,0.8277,d)rotateFromBiaxial(d,12.0701,0.0000,d)linear(0,0,0,10.2005,d)rotate(-7.9706)rotateIntoBiaxial(d,4.3021,0.0000,d)nonlinear(d,4.3021,0.0000,42.7135,d)rotateFromBiaxial(d,4.3021,0.0000,d)nonlinear(6,0.0000,0.0000,11.1188,d)linear(0,0,0,269.8773,d)
19826,0,40,26.2665,27.0632,init()rotateIntoBiaxial(d,0.2471,0.0000,d)nonlinear(d,0.2471,0.0000,300.0000,d)rotateFromBiaxial(d,0.2471,0.0000,d)nonlinear(6,0.0000,0.0000,17.7684,d)rotateIntoBiaxial(d,40.8230,0.0000,d)nonlinear(d,40.8230,0.0000,100.0000,d)rotateFromBiaxial(d,40.8230,0.0000,d)rotate(177.3066)rotateIntoBiaxial(d,139.7852,0.0000,d)nonlinear(d,139.7852,0.0000,250.0000,d)rotateFromBiaxial(d,139.7852,0.0000,d)nonlinear(6,0.0000,0.0000,12.6692,d)rotate(-50.2732)rotateIntoBiaxial(d,6.6260,0.0000,d)nonlinear(d,6.6260,0.0000,50.0000,d)rotateFromBiaxial(d,6.6260,0.0000,d)nonlinear(6,0.0000,0.0000,7.2317,d)linear(0,0,0,357.5933,d)rotate(17.5136)nonlinear(6,0.0000,0.0000,0.7468,d)linear(0,0,0,76.1639,d)rotate(-23.8459)rotateIntoBiaxial(d,6.4548,0.0000,d)nonlinear(d,6.4548,0.0000,39.7688,d)rotateFromBiaxial(d,6.4548,0.0000,d)nonlinear(6,0.0000,0.0000,3.0448,d)linear(0,0,0,231.8770,d)
19872,0,40,25.4152,27.0632,init()rotateIntoBiaxial(d,0.0703,0.0000,d)nonlinear(d,0.0703,0.0000,300.0000,d)rotateFromBiaxial(d,0.0703,0.0000,d)nonlinear(6,0.0000,0.0000,10.8105,d)linear(0,0,0,18.7412,d)rotateIntoBiaxial(d,40.6586,0.0000,d)nonlinear(d,40.6586,0.0000,100.0000,d)rotateFromBiaxial(d,40.6586,0.0000,d)rotate(178.4040)rotateIntoBiaxial(d,139.7256,0.0000,d)nonlinear(d,139.7256,0.0000,250.0000,d)rotateFromBiaxial(d,139.7256,0.0000,d)nonlinear(6,0.0000,0.0000,11.1409,d)rotate(-35.4579)rotateIntoBiaxial(d,6.5912,0.0000,d)nonlinear(d,6.5912,0.0000,50.0000,d)rotateFromBiaxial(d,6.5912,0.0000,d)nonlinear(6,0.0000,0.0000,0.4565,d)linear(0,0,0,372.8876,d)rotate(19.8727)nonlinear(6,0.0000,0.0000,0.6144,d)rotate(-17.7475)rotateIntoBiaxial(d,7.7229,0.0000,d)nonlinear(d,7.7229,0.0000,43.9516,d)rotateFromBiaxial(d,7.7229,0.0000,d)nonlinear(6,0.0000,0.0000,12.7544,d)linear(0,0,0,417.9585,d)
19918,0,40,27.0093,27.0632,init()rotateIntoBiaxial(d,0.8552,0.0000,d)nonlinear(d,0.8552,0.0000,300.0000,d)rotateFromBiaxial(d,0.8552,0.0000,d)nonlinear(6,0.0000,0.0000,5.5355,d)rotateIntoBiaxial(d,40.6675,0.0000,d)nonlinear(d,40.6675,0.0000,100.0000,d)rotateFromBiaxial(d,40.6675,0.0000,d)rotate(179.6849)rotateIntoBiaxial(d,139.7738,0.0000,d)nonlinear(d,139.7738,0.0000,250.0000,d)rotateFromBiaxial(d,139.7738,0.0000,d)nonlinear(6,0.0000,0.0000,7.9077,d)rotate(-51.8336)rotateIntoBiaxial(d,5.0936,0.0000,d)nonlinear(d,5.0936,0.0000,50.0000,d)rotateFromBiaxial(d,5.0936,0.0000,d)nonlinear(6,0.0000,0.0000,10.9531,d)linear(0,0,0,364.1266,d)rotate(20.6768)nonlinear(6,0.0000,0.0000,1.6668,d)linear(0,0,0,25.1435,d)rotateIntoBiaxial(d,8.0429,0.0000,d)nonlinear(d,8.0429,0.0000,40.8821,d)rotateFromBiaxial(d,8.0429,0.0000,d)nonlinear(6,0.0000,0.0000,3.6534,d)linear(0,0,0,340.0009,d)
19964,0,40,26.1934,27.0632,init()rotateIntoBiaxial(d,0.3095,0.0000,d)nonlinear(d,0.3095,0.0000,300.0000,d)rotateFromBiaxial(d,0.3095,0.0000,d)nonlinear(6,0.0000,0.0000,14.0408,d)linear(0,0,0,0.5379,d)rotateIntoBiaxial(d,40.4778,0.0000,d)nonlinear(d,40.4778,0.0000,100.0000,d)rotateFromBiaxial(d,40.4778,0.0000,d)rotate(177.7036)rotateIntoBiaxial(d,139.7323,0.0000,d)nonlinear(d,139.7323,0.0000,250.0000,d)rotateFromBiaxial(d,139.7323,0.0000,d)nonlinear(6,0.0000,0.0000,5.9010,d)rotate(-46.3737)rotateIntoBiaxial(d,4.5943,0.0000,d)nonlinear(d,4.5943,0.0000,50.0000,d)rotateFromBiaxial(d,4.5943,0.0000,d)nonlinear(6,0.0000,0.0000,3.1035,d)linear(0,0,0,316.5781,d)rotate(28.8623)nonlinear(6,0.0000,0.0000,2.6628,d)rotate(-13.3632)rotateIntoBiaxial(d,1.8689,0.0000,d)nonlinear(d,1.8689,0.0000,42.6780,d)rotateFromBiaxial(d,1.8689,0.0000,d)nonlinear(6,0.0000,0.0000,3.1798,d)linear(0,0,0,341.6563,d)
20010,0,40,26.1780,27.0632,init()rotateIntoBiaxial(d,0.2775,0.0000,d)nonlinear(d,0.2775,0.0000,300.0000,d)rotateFromBiaxial(d,0.2775,0.0000,d)nonlinear(6,0.0000,0.0000,2.0819,d)linear(0,0,0,16.6890,d)rotateIntoBiaxial(d,40.6844,0.0000,d)nonlinear(d,40.6844,0.0000,100.0000,d)rotateFromBiaxial(d,40.6844,0.0000,d)linear(0,0,0,0.7896,d)rotate(179.4656)rotateIntoBiaxial(d,139.7704,0.0000,d)nonlinear(d,139.7704,0.0000,250.0000,d)rotateFromBiaxial(d,139.7704,0.0000,d)nonlinear(6,0.0000,0.0000,4.1034,d)rotate(-43.8918)rotateIntoBiaxial(d,4.3959,0.0000,d)nonlinear(d,4.3959,0.0000,50.0000,d)rotateFromBiaxial(d,4.3959,0.0000,d)nonlinear(6,0.0000,0.0000,2.2338,d)linear(0,0,0,307.5334,d)rotate(23.6483)linear(0,0,0,8.6599,d)rotate(-8.4703)rotateIntoBiaxial(d,9.9460,0.0000,d)nonlinear(d,9.9460,0.0000,42.1996,d)rotateFromBiaxial(d,9.9460,0.0000,d)nonlinear(6,0.0000,0.0000,4.6472,d)linear(0,0,0,235.6788,d)
20056,0,40,25.8140,27.0632,init()rotateIntoBiaxial(d,1.2458,0.0000,d)nonlinear(d,1.2458,0.0000,300.0000,d)rotateFromBiaxial(d,1.2458,0.0000,d)nonlinear(6,0.0000,0.0000,26.0250,d)rotateIntoBiaxial(d,40.4474,0.0000,d)nonlinear(d,40.4474,0.0000,100.0000,d)rotateFromBiaxial(d,40.4474,0.0000,d)linear(0,0,0,0.3938,d)rotate(179.9975)rotateIntoBiaxial(d,139.8001,0.0000,d)nonlinear(d,139.8001,0.0000,250.0000,d)rotateFromBiaxial(d,139.8001,0.0000,d)nonlinear(6,0.0000,0.0000,5.5234,d)rotate(-49.2555)rotateIntoBiaxial(d,6.4836,0.0000,d)nonlinear(d,6.4836,0.0000,50.0000,d)rotateFromBiaxial(d,6.4836,0.0000,d)nonlinear(6,0.0000,0.0000,9.5410,d)linear(0,0,0,238.9645,d)rotate(21.9908)nonlinear(6,0.0000,0.0000,3.6504,d)linear(0,0,0,0.3915,d)rotate(-3.6472)rotateIntoBiaxial(d,4.9383,0.0000,d)nonlinear(d,4.9383,0.0000,47.3664,d)rotateFromBiaxial(d,4.9383,0.0000,d)nonlinear(6,0.0000,0.0000,7.7113,d)linear(0,0,0,192.0650,d)
20102,0,40,26.3887,27.0632,init()rotateIntoBiaxial(d,0.4247,0.0000,d)nonlinear(d,0.4247,0.0000,300.0000,d)rotateFromBiaxial(d,0.4247,0.0000,d)nonlinear(6,0.0000,0.0000,4.2199,d)rotateIntoBiaxial(d,40.8607,0.0000,d)nonlinear(d,40.8607,0.0000,100.0000,d)rotateFromBiaxial(d,40.8607,0.0000,d)linear(0,0,0,3.1195,d)rotate(179.9908)rotateIntoBiaxial(d,139.8971,0.0000,d)nonlinear(d,139.8971,0.0000,250.0000,d)rotateFromBiaxial(d,139.8971,0.0000,d)nonlinear(6,0.0000,0.0000,6.5356,d)rotate(-41.2046)rotateIntoBiaxial(d,4.7874,0.0000,d)nonlinear(d,4.7874,0.0000,50.0000,d)rotateFromBiaxial(d,4.7874,0.0000,d)nonlinear(6,0.0000,0.0000,0.0168,d)linear(0,0,0,412.5299,d)rotate(24.2211)nonlinear(6,0.0000,0.0000,13.1239,d)rotateIntoBiaxial(d,6.0987,0.0000,d)nonlinear(d,6.0987,0.0000,28.9175,d)rotateFromBiaxial(d,6.0987,0.0000,d)nonlinear(6,0.0000,0.0000,4.1705,d)linear(0,0,0,231.4208,d)
20148,0,40,25.9199,27.0632,init()rotateIntoBiaxial(d,1.2074,0.0000,d)nonlinear(d,1.2074,0.0000,300.0000,d)rotateFromBiaxial(d,1.2074,0.0000,d)nonlinear(6,0.0000,0.0000,10.5594,d)linear(0,0,0,9.4263,d)rotateIntoBiaxial(d,40.4837,0.0000,d)nonlinear(d,40.4837,0.0000,100.0000,d)rotateFromBiaxial(d,40.4837,0.0000,d)rotate(179.7894)rotateIntoBiaxial(d,139.7795,0.0000,d)nonlinear(d,139.7795,0.0000,250.0000,d)rotateFromBiaxial(d,139.7795,0.0000,d)nonlinear(6,0.0000,0.0000,7.4028,d)rotate(-44.9314)rotateIntoBiaxial(d,5.3323,0.0000,d)nonlinear(d,5.3323,0.0000,50.0000,d)rotateFromBiaxial(d,5.3323,0.0000,d)nonlinear(6,0.0000,0.0000,13.5574,d)linear(0,0,0,302.1296,d)rotate(21.5734)linear(0,0,0,47.5032,d)rotate(-10.7791)rotateIntoBiaxial(d,3.9036,0.0000,d)nonlinear(d,3.9036,0.0000,50.0000,d)rotateFromBiaxial(d,3.9036,0.0000,d)nonlinear(6,0.0000,0.0000,3.2588,d)linear(0,0,0,277.2772,d)
20194,0,40,25.7682,27.0632,init()rotateIntoBiaxial(d,0.6493,0.0000,d)nonlinear(d,0.6493,0.0000,300.0000,d)rotateFromBiaxial(d,0.6493,0.0000,d)nonlinear(6,0.0000,0.0000,16.2895,d)rotateIntoBiaxial(d,40.4603,0.0000,d)nonlinear(d,40.4603,0.0000,100.0000,d)rotateFromBiaxial(d,40.4603,0.0000,d)rotate(179.7925)rotateIntoBiaxial(d,139.7949,0.0000,d)nonlinear(d,139.7949,0.0000,250.0000,d)rotateFromBiaxial(d,139.7949,0.0000,d)nonlinear(6,0.0000,0.0000,14.0861,d)rotate(-39.6767)rotateIntoBiaxial(d,6.4912,0.0000,d)nonlinear(d,6.4912,0.0000,50.0000,d)rotateFromBiaxial(d,6.4912,0.0000,d)nonlinear(6,0.0000,0.0000,4.7791,d)linear(0,0,0,224.0520,d)rotate(23.5626)rotateIntoBiaxial(d,1.8130,0.0000,d)nonlinear(d,1.8130,0.0000,38.8067,d)rotateFromBiaxial(d,1.8130,0.0000,d)nonlinear(6,0.0000,0.0000,2.1367,d)linear(0,0,0,306.3687,d)
20240,0,40,25.5872,27.0632,init()rotateIntoBiaxial(d,1.5935,0.0000,d)nonlinear(d,1.5935,0.0000,300.0000,d)rotateFromBiaxial(d,1.5935,0.0000,d)nonlinear(6,0.0000,0.0000,10.5528,d)rotateIntoBiaxial(d,40.4682,0.0000,d)nonlinear(d,40.4682,0.0000,100.0000,d)rotateFromBiaxial(d,40.4682,0.0000,d)rotate(176.1979)rotateIntoBiaxial(d,139.7885,0.0000,d)nonlinear(d,139.7885,0.0000,250.0000,d)rotateFromBiaxial(d,139.7885,0.0000,d)rotate(-55.5689)rotateIntoBiaxial(d,3.5786,0.0000,d)nonlinear(d,3.5786,0.0000,50.0000,d)rotateFromBiaxial(d,3.5786,0.0000,d)linear(0,0,0,298.9954,d)rotate(21.9021)rotate(-38.8522)rotateIntoBiaxial(d,3.5740,0.0000,d)nonlinear(d,3.5740,0.0000,41.3388,d)rotateFromBiaxial(d,3.5740,0.0000,d)nonlinear(6,0.0000,0.0000,0.6194,d)linear(0,0,0,247.0924,d)
20286,0,40,25.6424,27.0632,init()rotateIntoBiaxial(d,0.1557,0.0000,d)nonlinear(d,0.1557,0.0000,300.0000,d)rotateFromBiaxial(d,0.1557,0.0000,d)nonlinear(6,0.0000,0.0000,27.3287,d)linear(0,0,0,7.6858,d)rotateIntoBiaxial(d,40.4946,0.0000,d)nonlinear(d,40.4946,0.0000,100.0000,d)rotateFromBiaxial(d,40.4946,0.0000,d)rotate(178.2460)rotateIntoBiaxial(d,139.7299,0.0000,d)nonlinear(d,139.7299,0.0000,250.0000,d)rotateFromBiaxial(d,139.7299,0.0000,d)nonlinear(6,0.0000,0.0000,1.4253,d)rotate(-60.1247)rotateIntoBiaxial(d,5.9918,0.0000,d)nonlinear(d,5.9918,0.0000,50.0000,d)rotateFromBiaxial(d,5.9918,0.0000,d)nonlinear(6,0.0000,0.0000,5.8053,d)linear(0,0,0,220.5856,d)rotate(17.1042)nonlinear(6,0.0000,0.0000,0.9649,d)rotate(-28.5626)rotateIntoBiaxial(d,6.3303,0.0000,d)nonlinear(d,6.3303,0.0000,44.1303,d)rotateFromBiaxial(d,6.3303,0.0000,d)nonlinear(6,0.0000,0.0000,2.2513,d)linear(0,0,0,427.3085,d)
20332,0,40,27.1569,27.0632,init()rotateIntoBiaxial(d,0.1145,0.0000,d)nonlinear(d,0.1145,0.0000,300.0000,d)rotateFromBiaxial(d,0.1145,0.0000,d)nonlinear(6,0.0000,0.0000,4.3750,d)rotateIntoBiaxial(d,40.7520,0.0000,d)nonlinear(d,40.7520,0.0000,100.0000,d)rotateFromBiaxial(d,40.7520,0.0000,d)rotate(179.9420)rotateIntoBiaxial(d,139.7320,0.0000,d)nonlinear(d,139.7320,0.0000,250.0000,d)rotateFromBiaxial(d,139.7320,0.0000,d)nonlinear(6,0.0000,0.0000,2.9021,d)rotate(-56.6297)rotateIntoBiaxial(d,9.5706,0.0000,d)nonlinear(d,9.5706,0.0000,50.0000,d)rotateFromBiaxial(d,9.5706,0.0000,d)linear(0,0,0,365.4260,d)rotate(15.3880)nonlinear(6,0.0000,0.0000,6.3962,d)rotate(-13.0373)rotateIntoBiaxial(d,4.3142,0.0000,d)nonlinear(d,4.3142,0.0000,38.9852,d)rotateFromBiaxial(d,4.3142,0.0000,d)nonlinear(6,0.0000,0.0000,6.7256,d)linear(0,0,0,203.2916,d)
20378,0,40,25.7850,27.0632,init()rotateIntoBiaxial(d,0.9739,0.0000,d)nonlinear(d,0.9739,0.0000,300.0000,d)rotateFromBiaxial(d,0.9739,0.0000,d)nonlinear(6,0.0000,0.0000,8.9017,d)rotateIntoBiaxial(d,40.6948,0.0000,d)nonlinear(d,40.6948,0.0000,100.0000,d)rotateFromBiaxial(d,40.6948,0.0000,d)linear(0,0,0,1.5616,d)rotate(179.4329)rotateIntoBiaxial(d,139.8844,0.0000,d)nonlinear(d,139.8844,0.0000,250.0000,d)rotateFromBiaxial(d,139.8844,0.0000,d)rotate(-39.0977)rotateIntoBiaxial(d,4.4730,0.0000,d)nonlinear(d,4.4730,0.0000,50.0000,d)rotateFromBiaxial(d,4.4730,0.0000,d)nonlinear(6,0.0000,0.0000,2.9680,d)linear(0,0,0,502.8206,d)rotate(15.0009)nonlinear(6,0.0000,0.0000,1.3365,d)linear(0,0,0,2.6253,d)rotate(-28.3009)rotateIntoBiaxial(d,1.7064,0.0000,d)nonlinear(d,1.7064,0.0000,43.5687,d)rotateFromBiaxial(d,1.7064,0.0000,d)nonlinear(6,0.0000,0.0000,1.6109,d)linear(0,0,0,180.0602,d)
20424,0,40,26.5039,27.0632,init()rotateIntoBiaxial(d,0.2107,0.0000,d)nonlinear(d,0.2107,0.0000,300.0000,d)rotateFromBiaxial(d,0.2107,0.0000,d)nonlinear(6,0.0000,0.0000,8.1593,d)rotateIntoBiaxial(d,40.7019,0.0000,d)nonlinear(d,40.7019,0.0000,100.0000,d)rotateFromBiaxial(d,40.7019,0.0000,d)rotate(178.1355)rotateIntoBiaxial(d,139.6854,0.0000,d)nonlinear(d,139.6854,0.0000,250.0000,d)rotateFromBiaxial(d,139.6854,0.0000,d)nonlinear(6,0.0000,0.0000,1.0152,d)rotate(-54.8538)rotateIntoBiaxial(d,7.4133,0.0000,d)nonlinear(d,7.4133,0.0000,50.0000,d)rotateFromBiaxial(d,7.4133,0.0000,d)nonlinear(6,0.0000,0.0000,5.4006,d)linear(0,0,0,333.9515,d)rotate(14.0547)nonlinear(6,0.0000,0.0000,3.4449,d)rotate(-5.4704)rotateIntoBiaxial(d,4.3191,0.0000,d)nonlinear(d,4.3191,0.0000,48.6177,d)rotateFromBiaxial(d,4.3191,0.0000,d)nonlinear(6,0.0000,0.0000,8.7888,d)linear(0,0,0,211.4041,d)
20470,0,40,25.9480,27.0632,init()rotateIntoBiaxial(d,0.2235,0.0000,d)nonlinear(d,0.2235,0.0000,300.0000,d)rotateFromBiaxial(d,0.2235,0.0000,d)nonlinear(6,0.0000,0.0000,0.4647,d)linear(0,0,0,1.8246,d)rotateIntoBiaxial(d,40.0922,0.0000,d)nonlinear(d,40.0922,0.0000,100.0000,d)rotateFromBiaxial(d,40.0922,0.0000,d)rotate(175.2809)rotateIntoBiaxial(d,139.7093,0.0000,d)nonlinear(d,139.7093,0.0000,250.0000,d)rotateFromBiaxial(d,139.7093,0.0000,d)rotate(-58.2005)rotateIntoBiaxial(d,4.0177,0.0000,d)nonlinear(d,4.0177,0.0000,50.0000,d)rotateFromBiaxial(d,4.0177,0.0000,d)nonlinear(6,0.0000,0.0000,1.5563,d)linear(0,0,0,350.9473,d)rotate(15.2149)rotate(-14.8908)rotateIntoBiaxial(d,6.4622,0.0000,d)nonlinear(d,6.4622,0.0000,50.0000,d)rotateFromBiaxial(d,6.4622,0.0000,d)nonlinear(6,0.0000,0.0000,1.1096,d)linear(0,0,0,73.5384,d)
20516,0,40,26.1176,27.0632,init()rotateIntoBiaxial(d,0.8961,0.0000,d)nonlinear(d,0.8961,0.0000,300.0000,d)rotateFromBiaxial(d,0.8961,0.0000,d)nonlinear(6,0.0000,0.0000,0.9672,d)linear(0,0,0,12.6257,d)rotateIntoBiaxial(d,40.3765,0.0000,d)nonlinear(d,40.3765,0.0000,100.0000,d)rotateFromBiaxial(d,40.3765,0.0000,d)rotate(179.4656)rotateIntoBiaxial(d,139.7392,0.0000,d)nonlinear(d,139.7392,0.0000,250.0000,d)rotateFromBiaxial(d,139.7392,0.0000,d)nonlinear(6,0.0000,0.0000,3.2147,d)rotate(-51.9758)rotateIntoBiaxial(d,0.7769,0.0000,d)nonlinear(d,0.7769,0.0000,50.0000,d)rotateFromBiaxial(d,0.7769,0.0000,d)nonlinear(6,0.0000,0.0000,6.6324,d)linear(0,0,0,490.3473,d)rotate(8.1846)rotate(-15.4545)rotateIntoBiaxial(d,4.1650,0.0000,d)nonlinear(d,4.1650,0.0000,43.1816,d)rotateFromBiaxial(d,4.1650,0.0000,d)nonlinear(6,0.0000,0.0000,5.2367,d)linear(0,0,0,178.5983,d)
20562,0,40,25.6913,27.0632,init()rotateIntoBiaxial(d,1.5419,0.0000,d)nonlinear(d,1.5419,0.0000,300.0000,d)rotateFromBiaxial(d,1.5419,0.0000,d)nonlinear(6,0.0000,0.0000,1.1458,d)rotateIntoBiaxial(d,39.8184,0.0000,d)nonlinear(d,39.8184,0.0000,100.0000,d)rotateFromBiaxial(d,39.8184,0.0000,d)rotate(174.5559)rotateIntoBiaxial(d,139.6047,0.0000,d)nonlinear(d,139.6047,0.0000,250.0000,d)rotateFromBiaxial(d,139.6047,0.0000,d)nonlinear(6,0.0000,0.0000,13.1933,d)rotate(-55.8827)rotateIntoBiaxial(d,6.2768,0.0000,d)nonlinear(d,6.2768,0.0000,50.0000,d)rotateFromBiaxial(d,6.2768,0.0000,d)linear(0,0,0,360.9728,d)rotate(6.2763)rotate(-1.0030)rotateIntoBiaxial(d,5.9578,0.0000,d)nonlinear(d,5.9578,0.0000,43.4780,d)rotateFromBiaxial(d,5.9578,0.0000,d)linear(0,0,0,285.9584,d)
20608,0,40,26.6626,26.6626,init()rotateIntoBiaxial(d,0.6764,0.0000,d)nonlinear(d,0.6764,0.0000,300.0000,d)rotateFromBiaxial(d,0.6764,0.0000,d)nonlinear(6,0.0000,0.0000,3.4613,d)rotateIntoBiaxial(d,40.2487,0.0000,d)nonlinear(d,40.2487,0.0000,100.0000,d)rotateFromBiaxial(d,40.2487,0.0000,d)rotate(175.6539)rotateIntoBiaxial(d,139.7132,0.0000,d)nonlinear(d,139.7132,0.0000,300.0000,d)rotateFromBiaxial(d,139.7132,0.0000,d)nonlinear(6,0.0000,0.0000,13.6311,d)rotate(-58.7071)rotateIntoBiaxial(d,4.1785,0.0000,d)nonlinear(d,4.1785,0.0000,50.0000,d)rotateFromBiaxial(d,4.1785,0.0000,d)nonlinear(6,0.0000,0.0000,0.5839,d)linear(0,0,0,291.5235,d)rotate(13.5934)rotate(-6.5695)rotateIntoBiaxial(d,6.0672,0.0000,d)nonlinear(d,6.0672,0.0000,39.2476,d)rotateFromBiaxial(d,6.0672,0.0000,d)nonlinear(6,0.0000,0.0000,9.2504,d)linear(0,0,0,314.1554,d)
20654,0,40,27.1035,27.1035,init()rotateIntoBiaxial(d,0.2226,0.0000,d)nonlinear(d,0.2226,0.0000,300.0000,d)rotateFromBiaxial(d,0.2226,0.0000,d)nonlinear(6,0.0000,0.0000,1.7085,d)linear(0,0,0,0.0074,d)rotateIntoBiaxial(d,40.4548,0.0000,d)nonlinear(d,40.4548,0.0000,100.0000,d)rotateFromBiaxial(d,40.4548,0.0000,d)rotate(179.4279)rotateIntoBiaxial(d,139.7476,0.0000,d)nonlinear(d,139.7476,0.0000,250.0000,d)rotateFromBiaxial(d,139.7476,0.0000,d)nonlinear(6,0.0000,0.0000,8.7232,d)rotate(-47.4535)rotateIntoBiaxial(d,6.2013,0.0000,d)nonlinear(d,6.2013,0.0000,50.0000,d)rotateFromBiaxial(d,6.2013,0.0000,d)nonlinear(6,0.0000,0.0000,0.4972,d)linear(0,0,0,406.6054,d)rotate(13.8000)rotate(-20.6741)rotateIntoBiaxial(d,6.7616,0.0000,d)nonlinear(d,6.7616,0.0000,34.3338,d)rotateFromBiaxial(d,6.7616,0.0000,d)nonlinear(6,0.0000,0.0000,3.4746,d)linear(0,0,0,337.1181,d)
20700,0,40,24.8721,27.1035,init()rotateIntoBiaxial(d,0.2357,0.0000,d)nonlinear(d,0.2357,0.0000,300.0000,d)rotateFromBiaxial(d,0.2357,0.0000,d)nonlinear(6,0.0000,0.0000,1.3091,d)linear(0,0,0,0.0961,d)rotateIntoBiaxial(d,39.7821,0.0000,d)nonlinear(d,39.7821,0.0000,100.0000,d)rotateFromBiaxial(d,39.7821,0.0000,d)linear(0,0,0,2.0902,d)rotate(177.6960)rotateIntoBiaxial(d,139.7366,0.0000,d)nonlinear(d,139.7366,0.0000,250.0000,d)rotateFromBiaxial(d,139.7366,0.0000,d)nonlinear(6,0.0000,0.0000,5.7346,d)rotate(-58.0311)rotateIntoBiaxial(d,3.8833,0.0000,d)nonlinear(d,3.8833,0.0000,50.0000,d)rotateFromBiaxial(d,3.8833,0.0000,d)nonlinear(6,0.0000,0.0000,4.5276,d)linear(0,0,0,427.3266,d)rotate(13.5831)rotateIntoBiaxial(d,8.7020,0.0000,d)nonlinear(d,8.7020,0.0000,50.0000,d)rotateFromBiaxial(d,8.7020,0.0000,d)nonlinear(6,0.0000,0.0000,5.9555,d)linear(0,0,0,297.8767,d)
20746,0,40,26.8834,27.1035,init()rotateIntoBiaxial(d,0.1805,0.0000,d)nonlinear(d,0.1805,0.0000,300.0000,d)rotateFromBiaxial(d,0.1805,0.0000,d)nonlinear(6,0.0000,0.0000,2.4748,d)rotate(0.0032)rotateIntoBiaxial(d,40.3458,0.0000,d)nonlinear(d,40.3458,0.0000,100.0000,d)rotateFromBiaxial(d,40.3458,0.0000,d)rotate(179.1762)rotateIntoBiaxial(d,139.7213,0.0000,d)nonlinear(d,139.7213,0.0000,250.0000,d)rotateFromBiaxial(d,139.7213,0.0000,d)nonlinear(6,0.0000,0.0000,8.6304,d)rotate(-51.9817)rotateIntoBiaxial(d,1.5975,0.0000,d)nonlinear(d,1.5975,0.0000,50.0000,d)rotateFromBiaxial(d,1.5975,0.0000,d)nonlinear(6,0.0000,0.0000,0.1820,d)linear(0,0,0,395.6997,d)rotate(9.3018)rotateIntoBiaxial(d,7.9236,0.0000,d)nonlinear(d,7.9236,0.0000,36.5776,d)rotateFromBiaxial(d,7.9236,0.0000,d)nonlinear(6,0.0000,0.0000,4.9983,d)linear(0,0,0,236.4373,d)
20792,0,40,25.6393,27.1035,init()rotateIntoBiaxial(d,0.5777,0.0000,d)nonlinear(d,0.5777,0.0000,300.0000,d)rotateFromBiaxial(d,0.5777,0.0000,d)nonlinear(6,0.0000,0.0000,6.1399,d)rotateIntoBiaxial(d,40.1824,0.0000,d)nonlinear(d,40.1824,0.0000,100.0000,d)rotateFromBiaxial(d,40.1824,0.0000,d)linear(0,0,0,11.2077,d)rotate(178.1752)rotateIntoBiaxial(d,139.7691,0.0000,d)nonlinear(d,139.7691,0.0000,250.0000,d)rotateFromBiaxial(d,139.7691,0.0000,d)nonlinear(6,0.0000,0.0000,9.3455,d)rotate(-59.7461)rotateIntoBiaxial(d,1.3701,0.0000,d)nonlinear(d,1.3701,0.0000,50.0000,d)rotateFromBiaxial(d,1.3701,0.0000,d)nonlinear(6,0.0000,0.0000,3.2473,d)linear(0,0,0,454.3028,d)rotate(12.1459)linear(0,0,0,12.8261,d)rotateIntoBiaxial(d,6.7485,0.0000,d)nonlinear(d,6.7485,0.0000,44.2175,d)rotateFromBiaxial(d,6.7485,0.0000,d)nonlinear(6,0.0000,0.0000,4.5886,d)linear(0,0,0,236.7062,d)
20838,0,40,25.9495,27.1035,init()rotateIntoBiaxial(d,0.8509,0.0000,d)nonlinear(d,0.8509,0.0000,300.0000,d)rotateFromBiaxial(d,0.8509,0.0000,d)nonlinear(6,0.0000,0.0000,7.8057,d)rotateIntoBiaxial(d,40.2749,0.0000,d)nonlinear(d,40.2749,0.0000,100.0000,d)rotateFromBiaxial(d,40.2749,0.0000,d)rotate(174.7098)rotateIntoBiaxial(d,139.7129,0.0000,d)nonlinear(d,139.7129,0.0000,250.0000,d)rotateFromBiaxial(d,139.7129,0.0000,d)nonlinear(6,0.0000,0.0000,4.0652,d)rotate(-59.5543)rotateIntoBiaxial(d,0.8935,0.0000,d)nonlinear(d,0.8935,0.0000,50.0000,d)rotateFromBiaxial(d,0.8935,0.0000,d)nonlinear(6,0.0000,0.0000,0.1120,d)linear(0,0,0,419.0323,d)rotate(9.4722)linear(0,0,0,11.5946,d)rotate(-7.2606)rotateIntoBiaxial(d,5.4217,0.0000,d)nonlinear(d,5.4217,0.0000,47.8685,d)rotateFromBiaxial(d,5.4217,0.0000,d)nonlinear(6,0.0000,0.0000,5.5087,d)linear(0,0,0,191.6614,d)
20884,0,40,26.8254,27.1035,init()rotateIntoBiaxial(d,1.3319,0.0000,d)nonlinear(d,1.3319,0.0000,300.0000,d)rotateFromBiaxial(d,1.3319,0.0000,d)nonlinear(6,0.0000,0.0000,2.0534,d)linear(0,0,0,3.9132,d)rotateIntoBiaxial(d,40.5158,0.0000,d)nonlinear(d,40.5158,0.0000,100.0000,d)rotateFromBiaxial(d,40.5158,0.0000,d)rotate(176.4834)rotateIntoBiaxial(d,139.7929,0.0000,d)nonlinear(d,139.7929,0.0000,300.0000,d)rotateFromBiaxial(d,139.7929,0.0000,d)nonlinear(6,0.0000,0.0000,2.1798,d)rotate(-58.2903)rotateIntoBiaxial(d,3.5772,0.0000,d)nonlinear(d,3.5772,0.0000,50.0000,d)rotateFromBiaxial(d,3.5772,0.0000,d)nonlinear(6,0.0000,0.0000,0.5376,d)linear(0,0,0,474.2176,d)rotate(18.4382)nonlinear(6,0.0000,0.0000,6.4390,d)rotate(-15.8119)rotateIntoBiaxial(d,5.5614,0.0000,d)nonlinear(d,5.5614,0.0000,38.1642,d)rotateFromBiaxial(d,5.5614,0.0000,d)nonlinear(6,0.0000,0.0000,1.1696,d)linear(0,0,0,130.5382,d)
20930,0,40,27.0554,27.1035,init()rotateIntoBiaxial(d,1.2545,0.0000,d)nonlinear(d,1.2545,0.0000,300.0000,d)rotateFromBiaxial(d,1.2545,0.0000,d)nonlinear(6,0.0000,0.0000,0.9560,d)rotateIntoBiaxial(d,40.6544,0.0000,d)nonlinear(d,40.6544,0.0000,100.0000,d)rotateFromBiaxial(d,40.6544,0.0000,d)linear(0,0,0,0.0958,d)rotate(177.3188)rotateIntoBiaxial(d,139.7519,0.0000,d)nonlinear(d,139.7519,0.0000,300.0000,d)rotateFromBiaxial(d,139.7519,0.0000,d)nonlinear(6,0.0000,0.0000,1.3105,d)rotate(-45.0094)rotateIntoBiaxial(d,5.0445,0.0000,d)nonlinear(d,5.0445,0.0000,50.0000,d)rotateFromBiaxial(d,5.0445,0.0000,d)nonlinear(6,0.0000,0.0000,0.1382,d)linear(0,0,0,427.0342,d)rotate(14.4871)nonlinear(6,0.0000,0.0000,0.6792,d)linear(0,0,0,54.2693,d)rotateIntoBiaxial(d,9.4807,0.0000,d)nonlinear(d,9.4807,0.0000,50.0000,d)rotateFromBiaxial(d,9.4807,0.0000,d)nonlinear(6,0.0000,0.0000,4.7741,d)linear(0,0,0,271.9437,d)
20976,0,40,26.8445,27.1035,init()rotateIntoBiaxial(d,0.0079,0.0000,d)nonlinear(d,0.0079,0.0000,300.0000,d)rotateFromBiaxial(d,0.0079,0.0000,d)nonlinear(6,0.0000,0.0000,4.9735,d)rotateIntoBiaxial(d,40.6693,0.0000,d)nonlinear(d,40.6693,0.0000,100.0000,d)rotateFromBiaxial(d,40.6693,0.0000,d)rotate(178.7676)rotateIntoBiaxial(d,139.6864,0.0000,d)nonlinear(d,139.6864,0.0000,250.0000,d)rotateFromBiaxial(d,139.6864,0.0000,d)rotate(-52.4871)rotateIntoBiaxial(d,10.2267,0.0000,d)nonlinear(d,10.2267,0.0000,50.0000,d)rotateFromBiaxial(d,10.2267,0.0000,d)nonlinear(6,0.0000,0.0000,0.9727,d)linear(0,0,0,481.6539,d)rotate(8.9777)linear(0,0,0,1.2430,d)rotateIntoBiaxial(d,2.5343,0.0000,d)nonlinear(d,2.5343,0.0000,50.0000,d)rotateFromBiaxial(d,2.5343,0.0000,d)nonlinear(6,0.0000,0.0000,4.0922,d)linear(0,0,0,191.0899,d)
21022,0,40,26.6818,27.1035,init()rotateIntoBiaxial(d,1.5900,0.0000,d)nonlinear(d,1.5900,0.0000,300.0000,d)rotateFromBiaxial(d,1.5900,0.0000,d)nonlinear(6,0.0000,0.0000,1.2948,d)rotateIntoBiaxial(d,40.4026,0.0000,d)nonlinear(d,40.4026,0.0000,100.0000,d)rotateFromBiaxial(d,40.4026,0.0000,d)rotate(179.8680)rotateIntoBiaxial(d,139.7731,0.0000,d)nonlinear(d,139.7731,0.0000,250.0000,d)rotateFromBiaxial(d,139.7731,0.0000,d)nonlinear(6,0.0000,0.0000,0.8053,d)rotate(-50.2529)rotateIntoBiaxial(d,9.3963,0.0000,d)nonlinear(d,9.3963,0.0000,50.0000,d)rotateFromBiaxial(d,9.3963,0.0000,d)nonlinear(6,0.0000,0.0000,0.5528,d)linear(0,0,0,303.7451,d)rotate(12.3444)nonlinear(6,0.0000,0.0000,1.5595,d)linear(0,0,0,19.5490,d)rotateIntoBiaxial(d,5.1824,0.0000,d)nonlinear(d,5.1824,0.0000,44.4134,d)rotateFromBiaxial(d,5.1824,0.0000,d)nonlinear(6,0.0000,0.0000,0.1061,d)linear(0,0,0,262.8026,d)
21068,0,40,26.9785,27.1035,init()rotateIntoBiaxial(d,0.8420,0.0000,d)nonlinear(d,0.8420,0.0000,300.0000,d)rotateFromBiaxial(d,0.8420,0.0000,d)nonlinear(6,0.0000,0.0000,5.5708,d)rotateIntoBiaxial(d,40.5760,0.0000,d)nonlinear(d,40.5760,0.0000,100.0000,d)rotateFromBiaxial(d,40.5760,0.0000,d)rotate(179.8999)rotateIntoBiaxial(d,139.7064,0.0000,d)nonlinear(d,139.7064,0.0000,250.0000,d)rotateFromBiaxial(d,139.7064,0.0000,d)nonlinear(6,0.0000,0.0000,19.0110,d)rotate(-52.1545)rotateIntoBiaxial(d,5.1556,0.0000,d)nonlinear(d,5.1556,0.0000,50.0000,d)rotateFromBiaxial(d,5.1556,0.0000,d)nonlinear(6,0.0000,0.0000,4.2895,d)linear(0,0,0,361.3700,d)rotate(10.1630)linear(0,0,0,97.3286,d)rotateIntoBiaxial(d,5.7419,0.0000,d)nonlinear(d,5.7419,0.0000,41.1209,d)rotateFromBiaxial(d,5.7419,0.0000,d)nonlinear(6,0.0000,0.0000,2.6761,d)linear(0,0,0,314.6153,d)
21114,0,40,26.3929,27.1035,init()rotateIntoBiaxial(d,0.1770,0.0000,d)nonlinear(d,0.1770,0.0000,300.0000,d)rotateFromBiaxial(d,0.1770,0.0000,d)nonlinear(6,0.0000,0.0000,5.5954,d)rotateIntoBiaxial(d,40.3838,0.0000,d)nonlinear(d,40.3838,0.0000,100.0000,d)rotateFromBiaxial(d,40.3838,0.0000,d)linear(0,0,0,0.5459,d)rotate(178.0659)rotateIntoBiaxial(d,139.7663,0.0000,d)nonlinear(d,139.7663,0.0000,250.0000,d)rotateFromBiaxial(d,139.7663,0.0000,d)nonlinear(6,0.0000,0.0000,6.8041,d)rotate(-41.4520)rotateIntoBiaxial(d,4.8000,0.0000,d)nonlinear(d,4.8000,0.0000,50.0000,d)rotateFromBiaxial(d,4.8000,0.0000,d)nonlinear(6,0.0000,0.0000,6.9297,d)linear(0,0,0,430.4474,d)rotate(12.4208)nonlinear(6,0.0000,0.0000,2.0187,d)linear(0,0,0,96.8103,d)rotateIntoBiaxial(d,4.2945,0.0000,d)nonlinear(d,4.2945,0.0000,50.0000,d)rotateFromBiaxial(d,4.2945,0.0000,d)nonlinear(6,0.0000,0.0000,2.8982,d)linear(0,0,0,284.5402,d)
21160,0,40,27.0375,27.1035,init()rotateIntoBiaxial(d,0.9785,0.0000,d)nonlinear(d,0.9785,0.0000,300.0000,d)rotateFromBiaxial(d,0.9785,0.0000,d)nonlinear(6,0.0000,0.0000,3.7879,d)rotateIntoBiaxial(d,40.5540,0.0000,d)nonlinear(d,40.5540,0.0000,100.0000,d)rotateFromBiaxial(d,40.5540,0.0000,d)rotate(179.9514)rotateIntoBiaxial(d,139.7267,0.0000,d)nonlinear(d,139.7267,0.0000,250.0000,d)rotateFromBiaxial(d,139.7267,0.0000,d)nonlinear(6,0.0000,0.0000,4.1932,d)rotate(-53.7774)rotateIntoBiaxial(d,6.5470,0.0000,d)nonlinear(d,6.5470,0.0000,50.0000,d)rotateFromBiaxial(d,6.5470,0.0000,d)nonlinear(6,0.0000,0.0000,3.2698,d)linear(0,0,0,348.4768,d)rotate(18.0832)linear(0,0,0,19.4737,d)rotate(-8.2471)rotateIntoBiaxial(d,3.8207,0.0000,d)nonlinear(d,3.8207,0.0000,50.0000,d)rotateFromBiaxial(d,3.8207,0.0000,d)nonlinear(6,0.0000,0.0000,3.3598,d)linear(0,0,0,295.4074,d)
21206,0,40,26.1272,27.1035,init()rotateIntoBiaxial(d,1.2350,0.0000,d)nonlinear(d,1.2350,0.0000,300.0000,d)rotateFromBiaxial(d,1.2350,0.0000,d)nonlinear(6,0.0000,0.0000,7.2005,d)linear(0,0,0,5.6289,d)rotateIntoBiaxial(d,40.3944,0.0000,d)nonlinear(d,40.3944,0.0000,100.0000,d)rotateFromBiaxial(d,40.3944,0.0000,d)rotate(174.4368)rotateIntoBiaxial(d,139.6651,0.0000,d)nonlinear(d,139.6651,0.0000,300.0000,d)rotateFromBiaxial(d,139.6651,0.0000,d)nonlinear(6,0.0000,0.0000,13.1432,d)rotate(-55.8844)rotateIntoBiaxial(d,4.4692,0.0000,d)nonlinear(d,4.4692,0.0000,50.0000,d)rotateFromBiaxial(d,4.4692,0.0000,d)nonlinear(6,0.0000,0.0000,0.6678,d)linear(0,0,0,321.0604,d)rotate(21.7398)nonlinear(6,0.0000,0.0000,1.9966,d)linear(0,0,0,51.8627,d)rotateIntoBiaxial(d,7.1543,0.0000,d)nonlinear(d,7.1543,0.0000,38.7989,d)rotateFromBiaxial(d,7.1543,0.0000,d)nonlinear(6,0.0000,0.0000,1.7036,d)linear(0,0,0,322.5353,d)
21252,0,40,26.4491,27.1035,init()rotateIntoBiaxial(d,0.2983,0.0000,d)nonlinear(d,0.2983,0.0000,300.0000,d)rotateFromBiaxial(d,0.2983,0.0000,d)nonlinear(6,0.0000,0.0000,6.8350,d)rotate(0.9708)rotateIntoBiaxial(d,40.4166,0.0000,d)nonlinear(d,40.4166,0.0000,100.0000,d)rotateFromBiaxial(d,40.4166,0.0000,d)rotate(178.1906)rotateIntoBiaxial(d,139.8249,0.0000,d)nonlinear(d,139.8249,0.0000,250.0000,d)rotateFromBiaxial(d,139.8249,0.0000,d)nonlinear(6,0.0000,0.0000,15.7806,d)rotate(-58.4664)rotateIntoBiaxial(d,2.7920,0.0000,d)nonlinear(d,2.7920,0.0000,50.0000,d)rotateFromBiaxial(d,2.7920,0.0000,d)nonlinear(6,0.0000,0.0000,4.2972,d)linear(0,0,0,290.2517,d)rotate(6.9259)linear(0,0,0,22.5861,d)rotate(-14.2075)rotateIntoBiaxial(d,3.7074,0.0000,d)nonlinear(d,3.7074,0.0000,41.6560,d)rotateFromBiaxial(d,3.7074,0.0000,d)nonlinear(6,0.0000,0.0000,0.3702,d)linear(0,0,0,116.8291,d)
21298,0,40,26.6255,27.1035,init()rotateIntoBiaxial(d,0.3996,0.0000,d)nonlinear(d,0.3996,0.0000,300.0000,d)rotateFromBiaxial(d,0.3996,0.0000,d)nonlinear(6,0.0000,0.0000,8.5653,d)rotateIntoBiaxial(d,40.4121,0.0000,d)nonlinear(d,40.4121,0.0000,100.0000,d)rotateFromBiaxial(d,40.4121,0.0000,d)rotate(179.9649)rotateIntoBiaxial(d,139.7714,0.0000,d)nonlinear(d,139.7714,0.0000,250.0000,d)rotateFromBiaxial(d,139.7714,0.0000,d)nonlinear(6,0.0000,0.0000,8.3783,d)rotate(-56.8189)rotateIntoBiaxial(d,3.4391,0.0000,d)nonlinear(d,3.4391,0.0000,50.0000,d)rotateFromBiaxial(d,3.4391,0.0000,d)nonlinear(6,0.0000,0.0000,1.2054,d)linear(0,0,0,454.2278,d)rotate(13.5151)linear(0,0,0,184.1174,d)rotate(-9.7323)rotateIntoBiaxial(d,3.6531,0.0000,d)nonlinear(d,3.6531,0.0000,50.0000,d)rotateFromBiaxial(d,3.6531,0.0000,d)nonlinear(6,0.0000,0.0000,0.2457,d)linear(0,0,0,216.1390,d)
21344,0,40,27.0415,27.1035,init()rotateIntoBiaxial(d,1.2194,0.0000,d)nonlinear(d,1.2194,0.0000,300.0000,d)rotateFromBiaxial(d,1.2194,0.0000,d)nonlinear(6,0.0000,0.0000,4.0251,d)rotateIntoBiaxial(d,40.5687,0.0000,d)nonlinear(d,40.5687,0.0000,100.0000,d)rotateFromBiaxial(d,40.5687,0.0000,d)rotate(177.9944)rotateIntoBiaxial(d,139.7762,0.0000,d)nonlinear(d,139.7762,0.0000,250.0000,d)rotateFromBiaxial(d,139.7762,0.0000,d)nonlinear(6,0.0000,0.0000,6.5252,d)rotate(-56.1598)rotateIntoBiaxial(d,6.1947,0.0000,d)nonlinear(d,6.1947,0.0000,50.0000,d)rotateFromBiaxial(d,6.1947,0.0000,d)nonlinear(6,0.0000,0.0000,1.8819,d)linear(0,0,0,427.0945,d)rotate(6.7380)nonlinear(6,0.0000,0.0000,2.3239,d)linear(0,0,0,96.2482,d)rotate(-4.0650)rotateIntoBiaxial(d,0.8626,0.0000,d)nonlinear(d,0.8626,0.0000,50.0000,d)rotateFromBiaxial(d,0.8626,0.0000,d)nonlinear(6,0.0000,0.0000,4.1049,d)linear(0,0,0,117.3384,d)
21390,0,40,27.0677,27.1035,init()rotateIntoBiaxial(d,1.6392,0.0000,d)nonlinear(d,1.6392,0.0000,300.0000,d)rotateFromBiaxial(d,1.6392,0.0000,d)nonlinear(6,0.0000,0.0000,4.0782,d)rotateIntoBiaxial(d,40.5369,0.0000,d)nonlinear(d,40.5369,0.0000,100.0000,d)rotateFromBiaxial(d,40.5369,0.0000,d)rotate(179.9320)rotateIntoBiaxial(d,139.7319,0.0000,d)nonlinear(d,139.7319,0.0000,300.0000,d)rotateFromBiaxial(d,139.7319,0.0000,d)nonlinear(6,0.0000,0.0000,25.4851,d)rotate(-48.0749)rotateIntoBiaxial(d,6.4393,0.0000,d)nonlinear(d,6.4393,0.0000,50.0000,d)rotateFromBiaxial(d,6.4393,0.0000,d)nonlinear(6,0.0000,0.0000,1.5144,d)linear(0,0,0,385.1773,d)rotate(7.6475)linear(0,0,0,46.5482,d)rotate(-20.3443)rotateIntoBiaxial(d,1.4068,0.0000,d)nonlinear(d,1.4068,0.0000,41.7282,d)rotateFromBiaxial(d,1.4068,0.0000,d)nonlinear(6,0.0000,0.0000,3.9733,d)linear(0,0,0,149.4588,d)
21436,0,40,27.1706,27.1035,init()rotateIntoBiaxial(d,0.4932,0.0000,d)nonlinear(d,0.4932,0.0000,300.0000,d)rotateFromBiaxial(d,0.4932,0.0000,d)nonlinear(6,0.0000,0.0000,2.0234,d)linear(0,0,0,3.2341,d)rotateIntoBiaxial(d,40.5848,0.0000,d)nonlinear(d,40.5848,0.0000,100.0000,d)rotateFromBiaxial(d,40.5848,0.0000,d)rotate(179.9717)rotateIntoBiaxial(d,139.7270,0.0000,d)nonlinear(d,139.7270,0.0000,250.0000,d)rotateFromBiaxial(d,139.7270,0.0000,d)nonlinear(6,0.0000,0.0000,15.9270,d)rotate(-45.0806)rotateIntoBiaxial(d,2.6845,0.0000,d)nonlinear(d,2.6845,0.0000,50.0000,d)rotateFromBiaxial(d,2.6845,0.0000,d)nonlinear(6,0.0000,0.0000,2.9121,d)linear(0,0,0,387.8596,d)rotate(8.0799)linear(0,0,0,7.0502,d)rotate(-27.0766)rotateIntoBiaxial(d,1.3326,0.0000,d)nonlinear(d,1.3326,0.0000,50.0000,d)rotateFromBiaxial(d,1.3326,0.0000,d)nonlinear(6,0.0000,0.0000,2.8676,d)linear(0,0,0,261.8002,d)
21482,0,40,27.4319,27.1035,init()rotateIntoBiaxial(d,0.3471,0.0000,d)nonlinear(d,0.3471,0.0000,300.0000,d)rotateFromBiaxial(d,0.3471,0.0000,d)nonlinear(6,0.0000,0.0000,0.2406,d)rotateIntoBiaxial(d,40.7504,0.0000,d)nonlinear(d,40.7504,0.0000,100.0000,d)rotateFromBiaxial(d,40.7504,0.0000,d)rotate(179.7452)rotateIntoBiaxial(d,139.7798,0.0000,d)nonlinear(d,139.7798,0.0000,250.0000,d)rotateFromBiaxial(d,139.7798,0.0000,d)nonlinear(6,0.0000,0.0000,5.6157,d)rotate(-57.4892)rotateIntoBiaxial(d,5.2617,0.0000,d)nonlinear(d,5.2617,0.0000,50.0000,d)rotateFromBiaxial(d,5.2617,0.0000,d)nonlinear(6,0.0000,0.0000,2.1527,d)linear(0,0,0,434.8693,d)rotate(12.4211)linear(0,0,0,0.5435,d)rotate(-19.7962)rotateIntoBiaxial(d,2.8872,0.0000,d)nonlinear(d,2.8872,0.0000,49.7736,d)rotateFromBiaxial(d,2.8872,0.0000,d)nonlinear(6,0.0000,0.0000,5.6416,d)linear(0,0,0,219.9881,d)
21528,0,40,26.7504,27.1035,init()rotateIntoBiaxial(d,0.8318,0.0000,d)nonlinear(d,0.8318,0.0000,300.0000,d)rotateFromBiaxial(d,0.8318,0.0000,d)nonlinear(6,0.0000,0.0000,4.6411,d)rotateIntoBiaxial(d,40.5066,0.0000,d)nonlinear(d,40.5066,0.0000,100.0000,d)rotateFromBiaxial(d,40.5066,0.0000,d)rotate(179.0692)rotateIntoBiaxial(d,139.6318,0.0000,d)nonlinear(d,139.6318,0.0000,250.0000,d)rotateFromBiaxial(d,139.6318,0.0000,d)nonlinear(6,0.0000,0.0000,13.2818,d)rotate(-49.6127)rotateIntoBiaxial(d,4.1418,0.0000,d)nonlinear(d,4.1418,0.0000,50.0000,d)rotateFromBiaxial(d,4.1418,0.0000,d)nonlinear(6,0.0000,0.0000,0.7221,d)linear(0,0,0,355.5178,d)rotate(10.1389)linear(0,0,0,76.0916,d)rotateIntoBiaxial(d,4.3902,0.0000,d)nonlinear(d,4.3902,0.0000,50.0000,d)rotateFromBiaxial(d,4.3902,0.0000,d)nonlinear(6,0.0000,0.0000,0.3625,d)linear(0,0,0,316.7128,d)
21574,0,40,26.4577,27.1035,init()rotateIntoBiaxial(d,0.6560,0.0000,d)nonlinear(d,0.6560,0.0000,300.0000,d)rotateFromBiaxial(d,0.6560,0.0000,d)nonlinear(6,0.0000,0.0000,3.3337,d)linear(0,0,0,5.5968,d)rotateIntoBiaxial(d,40.2689,0.0000,d)nonlinear(d,40.2689,0.0000,100.0000,d)rotateFromBiaxial(d,40.2689,0.0000,d)rotate(179.9205)rotateIntoBiaxial(d,139.7493,0.0000,d)nonlinear(d,139.7493,0.0000,250.0000,d)rotateFromBiaxial(d,139.7493,0.0000,d)nonlinear(6,0.0000,0.0000,8.2401,d)rotate(-50.4694)rotateIntoBiaxial(d,6.5505,0.0000,d)nonlinear(d,6.5505,0.0000,50.0000,d)rotateFromBiaxial(d,6.5505,0.0000,d)nonlinear(6,0.0000,0.0000,4.9039,d)linear(0,0,0,249.6721,d)rotate(6.5287)linear(0,0,0,0.4201,d)rotate(-8.1721)rotateIntoBiaxial(d,5.4639,0.0000,d)nonlinear(d,5.4639,0.0000,46.3428,d)rotateFromBiaxial(d,5.4639,0.0000,d)nonlinear(6,0.0000,0.0000,5.1700,d)linear(0,0,0,223.2387,d)
21620,0,40,27.1801,27.1035,init()rotateIntoBiaxial(d,0.8122,0.0000,d)nonlinear(d,0.8122,0.0000,300.0000,d)rotateFromBiaxial(d,0.8122,0.0000,d)nonlinear(6,0.0000,0.0000,1.8865,d)rotate(0.2686)rotateIntoBiaxial(d,40.4004,0.0000,d)nonlinear(d,40.4004,0.0000,100.0000,d)rotateFromBiaxial(d,40.4004,0.0000,d)rotate(178.2260)rotateIntoBiaxial(d,139.6834,0.0000,d)nonlinear(d,139.6834,0.0000,300.0000,d)rotateFromBiaxial(d,139.6834,0.0000,d)nonlinear(6,0.0000,0.0000,17.3852,d)rotate(-56.1302)rotateIntoBiaxial(d,7.5326,0.0000,d)nonlinear(d,7.5326,0.0000,50.0000,d)rotateFromBiaxial(d,7.5326,0.0000,d)nonlinear(6,0.0000,0.0000,6.3843,d)linear(0,0,0,388.4651,d)rotate(17.2314)linear(0,0,0,176.4320,d)rotateIntoBiaxial(d,3.5710,0.0000,d)nonlinear(d,3.5710,0.0000,50.0000,d)rotateFromBiaxial(d,3.5710,0.0000,d)nonlinear(6,0.0000,0.0000,0.4722,d)linear(0,0,0,278.6695,d)
21666,0,40,26.6906,27.1035,init()rotateIntoBiaxial(d,0.5123,0.0000,d)nonlinear(d,0.5123,0.0000,300.0000,d)rotateFromBiaxial(d,0.5123,0.0000,d)nonlinear(6,0.0000,0.0000,7.5555,d)rotateIntoBiaxial(d,40.6606,0.0000,d)nonlinear(d,40.6606,0.0000,100.0000,d)rotateFromBiaxial(d,40.6606,0.0000,d)rotate(179.4174)rotateIntoBiaxial(d,139.6942,0.0000,d)nonlinear(d,139.6942,0.0000,300.0000,d)rotateFromBiaxial(d,139.6942,0.0000,d)nonlinear(6,0.0000,0.0000,15.4878,d)rotate(-46.1921)rotateIntoBiaxial(d,6.6392,0.0000,d)nonlinear(d,6.6392,0.0000,50.0000,d)rotateFromBiaxial(d,6.6392,0.0000,d)nonlinear(6,0.0000,0.0000,2.4918,d)linear(0,0,0,418.7496,d)rotate(17.7631)nonlinear(6,0.0000,0.0000,1.2894,d)rotateIntoBiaxial(d,3.0328,0.0000,d)nonlinear(d,3.0328,0.0000,50.0000,d)rotateFromBiaxial(d,3.0328,0.0000,d)nonlinear(6,0.0000,0.0000,2.7353,d)linear(0,0,0,316.2464,d)
21712,0,40,26.9674,27.1035,init()rotateIntoBiaxial(d,1.6390,0.0000,d)nonlinear(d,1.6390,0.0000,300.0000,d)rotateFromBiaxial(d,1.6390,0.0000,d)nonlinear(6,0.0000,0.0000,2.2701,d)rotate(0.0362)rotateIntoBiaxial(d,40.5708,0.0000,d)nonlinear(d,40.5708,0.0000,100.0000,d)rotateFromBiaxial(d,40.5708,0.0000,d)rotate(179.9328)rotateIntoBiaxial(d,139.8000,0.0000,d)nonlinear(d,139.8000,0.0000,300.0000,d)rotateFromBiaxial(d,139.8000,0.0000,d)nonlinear(6,0.0000,0.0000,25.1502,d)linear(0,0,0,20.2855,d)rotate(-47.6714)rotateIntoBiaxial(d,7.1194,0.0000,d)nonlinear(d,7.1194,0.0000,50.0000,d)rotateFromBiaxial(d,7.1194,0.0000,d)nonlinear(6,0.0000,0.0000,2.2017,d)linear(0,0,0,345.4621,d)rotate(8.0728)linear(0,0,0,81.0152,d)rotateIntoBiaxial(d,3.9048,0.0000,d)nonlinear(d,3.9048,0.0000,50.0000,d)rotateFromBiaxial(d,3.9048,0.0000,d)nonlinear(6,0.0000,0.0000,1.0822,d)linear(0,0,0,371.1750,d)
21758,0,40,27.2811,27.2811,init()rotateIntoBiaxial(d,1.1246,0.0000,d)nonlinear(d,1.1246,0.0000,300.0000,d)rotateFromBiaxial(d,1.1246,0.0000,d)nonlinear(6,0.0000,0.0000,0.4182,d)rotateIntoBiaxial(d,40.3171,0.0000,d)nonlinear(d,40.3171,0.0000,100.0000,d)rotateFromBiaxial(d,40.3171,0.0000,d)rotate(179.9675)rotateIntoBiaxial(d,139.6781,0.0000,d)nonlinear(d,139.6781,0.0000,300.0000,d)rotateFromBiaxial(d,139.6781,0.0000,d)nonlinear(6,0.0000,0.0000,29.5712,d)rotate(-50.4267)rotateIntoBiaxial(d,4.9827,0.0000,d)nonlinear(d,4.9827,0.0000,50.0000,d)rotateFromBiaxial(d,4.9827,0.0000,d)nonlinear(6,0.0000,0.0000,5.4035,d)linear(0,0,0,332.0913,d)rotate(14.3384)linear(0,0,0,54.1323,d)rotateIntoBiaxial(d,2.6875,0.0000,d)nonlinear(d,2.6875,0.0000,50.0000,d)rotateFromBiaxial(d,2.6875,0.0000,d)nonlinear(6,0.0000,0.0000,2.6063,d)linear(0,0,0,386.7709,d)
21804,0,40,26.7047,27.2811,init()rotateIntoBiaxial(d,0.3612,0.0000,d)nonlinear(d,0.3612,0.0000,300.0000,d)rotateFromBiaxial(d,0.3612,0.0000,d)nonlinear(6,0.0000,0.0000,4.4529,d)rotateIntoBiaxial(d,40.4115,0.0000,d)nonlinear(d,40.4115,0.0000,100.0000,d)rotateFromBiaxial(d,40.4115,0.0000,d)rotate(179.6001)rotateIntoBiaxial(d,139.6546,0.0000,d)nonlinear(d,139.6546,0.0000,300.0000,d)rotateFromBiaxial(d,139.6546,0.0000,d)nonlinear(6,0.0000,0.0000,22.1267,d)rotate(-35.8674)rotateIntoBiaxial(d,4.8009,0.0000,d)nonlinear(d,4.8009,0.0000,50.0000,d)rotateFromBiaxial(d,4.8009,0.0000,d)nonlinear(6,0.0000,0.0000,0.7780,d)linear(0,0,0,414.3233,d)rotate(10.6010)linear(0,0,0,29.9966,d)rotate(-12.1567)rotateIntoBiaxial(d,1.9841,0.0000,d)nonlinear(d,1.9841,0.0000,50.0000,d)rotateFromBiaxial(d,1.9841,0.0000,d)nonlinear(6,0.0000,0.0000,2.9036,d)linear(0,0,0,221.6164,d)
21850,0,40,27.2911,27.2811,init()rotateIntoBiaxial(d,0.6404,0.0000,d)nonlinear(d,0.6404,0.0000,300.0000,d)rotateFromBiaxial(d,0.6404,0.0000,d)nonlinear(6,0.0000,0.0000,3.1684,d)rotateIntoBiaxial(d,40.6038,0.0000,d)nonlinear(d,40.6038,0.0000,100.0000,d)rotateFromBiaxial(d,40.6038,0.0000,d)rotate(178.6013)rotateIntoBiaxial(d,139.7265,0.0000,d)nonlinear(d,139.7265,0.0000,300.0000,d)rotateFromBiaxial(d,139.7265,0.0000,d)nonlinear(6,0.0000,0.0000,21.8895,d)linear(0,0,0,19.7416,d)rotate(-46.6347)rotateIntoBiaxial(d,4.7393,0.0000,d)nonlinear(d,4.7393,0.0000,50.0000,d)rotateFromBiaxial(d,4.7393,0.0000,d)nonlinear(6,0.0000,0.0000,0.0251,d)linear(0,0,0,416.4864,d)rotate(8.6949)linear(0,0,0,41.1153,d)rotate(-13.3982)rotateIntoBiaxial(d,3.7676,0.0000,d)nonlinear(d,3.7676,0.0000,50.0000,d)rotateFromBiaxial(d,3.7676,0.0000,d)nonlinear(6,0.0000,0.0000,1.1039,d)linear(0,0,0,260.7557,d)
21896,0,40,26.7724,27.2811,init()rotateIntoBiaxial(d,1.8750,0.0000,d)nonlinear(d,1.8750,0.0000,300.0000,d)rotateFromBiaxial(d,1.8750,0.0000,d)nonlinear(6,0.0000,0.0000,7.1730,d)rotate(0.6023)rotateIntoBiaxial(d,40.6570,0.0000,d)nonlinear(d,40.6570,0.0000,100.0000,d)rotateFromBiaxial(d,40.6570,0.0000,d)rotate(180.0000)rotateIntoBiaxial(d,139.7145,0.0000,d)nonlinear(d,139.7145,0.0000,300.0000,d)rotateFromBiaxial(d,139.7145,0.0000,d)nonlinear(6,0.0000,0.0000,26.2912,d)rotate(-49.7904)rotateIntoBiaxial(d,3.5766,0.0000,d)nonlinear(d,3.5766,0.0000,50.0000,d)rotateFromBiaxial(d,3.5766,0.0000,d)nonlinear(6,0.0000,0.0000,1.8846,d)linear(0,0,0,390.1947,d)rotate(6.8646)linear(0,0,0,90.5907,d)rotate(-2.7883)rotateIntoBiaxial(d,1.0119,0.0000,d)nonlinear(d,1.0119,0.0000,50.0000,d)rotateFromBiaxial(d,1.0119,0.0000,d)nonlinear(6,0.0000,0.0000,7.1577,d)linear(0,0,0,186.0616,d)
21942,0,40,26.3995,27.2811,init()rotateIntoBiaxial(d,0.1758,0.0000,d)nonlinear(d,0.1758,0.0000,300.0000,d)rotateFromBiaxial(d,0.1758,0.0000,d)nonlinear(6,0.0000,0.0000,10.1143,d)rotateIntoBiaxial(d,40.4092,0.0000,d)nonlinear(d,40.4092,0.0000,100.0000,d)rotateFromBiaxial(d,40.4092,0.0000,d)linear(0,0,0,0.3030,d)rotate(174.5282)rotateIntoBiaxial(d,139.7354,0.0000,d)nonlinear(d,139.7354,0.0000,300.0000,d)rotateFromBiaxial(d,139.7354,0.0000,d)nonlinear(6,0.0000,0.0000,19.8385,d)rotate(-53.0300)rotateIntoBiaxial(d,2.9580,0.0000,d)nonlinear(d,2.9580,0.0000,50.0000,d)rotateFromBiaxial(d,2.9580,0.0000,d)nonlinear(6,0.0000,0.0000,3.5137,d)linear(0,0,0,422.4697,d)rotate(3.2429)nonlinear(6,0.0000,0.0000,1.8333,d)rotate(-6.5119)rotateIntoBiaxial(d,3.2191,0.0000,d)nonlinear(d,3.2191,0.0000,50.0000,d)rotateFromBiaxial(d,3.2191,0.0000,d)nonlinear(6,0.0000,0.0000,6.0215,d)linear(0,0,0,109.5766,d)
21988,0,40,26.9923,27.2811,init()rotateIntoBiaxial(d,0.5174,0.0000,d)nonlinear(d,0.5174,0.0000,300.0000,d)rotateFromBiaxial(d,0.5174,0.0000,d)nonlinear(6,0.0000,0.0000,7.5763,d)rotateIntoBiaxial(d,40.5599,0.0000,d)nonlinear(d,40.5599,0.0000,100.0000,d)rotateFromBiaxial(d,40.5599,0.0000,d)rotate(179.7009)rotateIntoBiaxial(d,139.6930,0.0000,d)nonlinear(d,139.6930,0.0000,300.0000,d)rotateFromBiaxial(d,139.6930,0.0000,d)nonlinear(6,0.0000,0.0000,25.7677,d)linear(0,0,0,35.5477,d)rotate(-45.9875)rotateIntoBiaxial(d,4.3616,0.0000,d)nonlinear(d,4.3616,0.0000,50.0000,d)rotateFromBiaxial(d,4.3616,0.0000,d)nonlinear(6,0.0000,0.0000,6.0411,d)linear(0,0,0,428.1219,d)rotate(2.4576)linear(0,0,0,93.5270,d)rotate(-0.7665)rotateIntoBiaxial(d,4.0432,0.0000,d)nonlinear(d,4.0432,0.0000,50.0000,d)rotateFromBiaxial(d,4.0432,0.0000,d)nonlinear(6,0.0000,0.0000,0.5768,d)linear(0,0,0,278.5578,d)
22034,0,40,26.0334,27.2811,init()rotateIntoBiaxial(d,0.7645,0.0000,d)nonlinear(d,0.7645,0.0000,300.0000,d)rotateFromBiaxial(d,0.7645,0.0000,d)nonlinear(6,0.0000,0.0000,21.5626,d)rotateIntoBiaxial(d,40.2316,0.0000,d)nonlinear(d,40.2316,0.0000,100.0000,d)rotateFromBiaxial(d,40.2316,0.0000,d)rotate(177.6195)rotateIntoBiaxial(d,139.7417,0.0000,d)nonlinear(d,139.7417,0.0000,300.0000,d)rotateFromBiaxial(d,139.7417,0.0000,d)nonlinear(6,0.0000,0.0000,15.0764,d)rotate(-56.8797)rotateIntoBiaxial(d,4.1050,0.0000,d)nonlinear(d,4.1050,0.0000,50.0000,d)rotateFromBiaxial(d,4.1050,0.0000,d)nonlinear(6,0.0000,0.0000,1.5945,d)linear(0,0,0,378.0165,d)rotate(3.5766)linear(0,0,0,24.5989,d)rotateIntoBiaxial(d,4.8687,0.0000,d)nonlinear(d,4.8687,0.0000,50.0000,d)rotateFromBiaxial(d,4.8687,0.0000,d)nonlinear(6,0.0000,0.0000,2.3328,d)linear(0,0,0,202.2510,d)
22080,0,40,27.2948,27.2811,init()rotateIntoBiaxial(d,1.0800,0.0000,d)nonlinear(d,1.0800,0.0000,300.0000,d)rotateFromBiaxial(d,1.0800,0.0000,d)nonlinear(6,0.0000,0.0000,0.9505,d)rotateIntoBiaxial(d,40.5450,0.0000,d)nonlinear(d,40.5450,0.0000,100.0000,d)rotateFromBiaxial(d,40.5450,0.0000,d)rotate(179.2149)rotateIntoBiaxial(d,139.6764,0.0000,d)nonlinear(d,139.6764,0.0000,300.0000,d)rotateFromBiaxial(d,139.6764,0.0000,d)nonlinear(6,0.0000,0.0000,24.8404,d)rotate(-50.9723)rotateIntoBiaxial(d,3.6960,0.0000,d)nonlinear(d,3.6960,0.0000,50.0000,d)rotateFromBiaxial(d,3.6960,0.0000,d)nonlinear(6,0.0000,0.0000,6.5156,d)linear(0,0,0,548.4432,d)rotate(8.2194)linear(0,0,0,57.9025,d)rotate(-1.9486)rotateIntoBiaxial(d,2.8318,0.0000,d)nonlinear(d,2.8318,0.0000,50.0000,d)rotateFromBiaxial(d,2.8318,0.0000,d)nonlinear(6,0.0000,0.0000,1.2424,d)linear(0,0,0,204.6638,d)
22126,0,40,26.9941,26.9941,init()rotateIntoBiaxial(d,0.6625,0.0000,d)nonlinear(d,0.6625,0.0000,300.0000,d)rotateFromBiaxial(d,0.6625,0.0000,d)nonlinear(6,0.0000,0.0000,3.6787,d)linear(0,0,0,4.2636,d)rotateIntoBiaxial(d,40.4688,0.0000,d)nonlinear(d,40.4688,0.0000,100.0000,d)rotateFromBiaxial(d,40.4688,0.0000,d)rotate(179.9913)rotateIntoBiaxial(d,139.7581,0.0000,d)nonlinear(d,139.7581,0.0000,300.0000,d)rotateFromBiaxial(d,139.7581,0.0000,d)nonlinear(6,0.0000,0.0000,31.7257,d)rotate(-40.6457)rotateIntoBiaxial(d,3.5801,0.0000,d)nonlinear(d,3.5801,0.0000,50.0000,d)rotateFromBiaxial(d,3.5801,0.0000,d)nonlinear(6,0.0000,0.0000,2.1567,d)linear(0,0,0,405.9102,d)rotate(10.9122)linear(0,0,0,18.6228,d)rotate(-17.3926)rotateIntoBiaxial(d,1.4827,0.0000,d)nonlinear(d,1.4827,0.0000,50.0000,d)rotateFromBiaxial(d,1.4827,0.0000,d)nonlinear(6,0.0000,0.0000,0.4461,d)linear(0,0,0,298.4129,d)
22172,0,40,26.5617,26.9941,init()rotateIntoBiaxial(d,1.1243,0.0000,d)nonlinear(d,1.1243,0.0000,300.0000,d)rotateFromBiaxial(d,1.1243,0.0000,d)nonlinear(6,0.0000,0.0000,11.2109,d)rotateIntoBiaxial(d,40.3290,0.0000,d)nonlinear(d,40.3290,0.0000,100.0000,d)rotateFromBiaxial(d,40.3290,0.0000,d)rotate(179.4567)rotateIntoBiaxial(d,139.7581,0.0000,d)nonlinear(d,139.7581,0.0000,300.0000,d)rotateFromBiaxial(d,139.7581,0.0000,d)nonlinear(6,0.0000,0.0000,21.9902,d)rotate(-60.6524)rotateIntoBiaxial(d,4.5246,0.0000,d)nonlinear(d,4.5246,0.0000,50.0000,d)rotateFromBiaxial(d,4.5246,0.0000,d)nonlinear(6,0.0000,0.0000,1.1805,d)linear(0,0,0,410.2086,d)rotate(11.9483)linear(0,0,0,27.6653,d)rotateIntoBiaxial(d,3.3024,0.0000,d)nonlinear(d,3.3024,0.0000,50.0000,d)rotateFromBiaxial(d,3.3024,0.0000,d)nonlinear(6,0.0000,0.0000,7.6335,d)linear(0,0,0,334.4334,d)
22218,0,40,26.9963,26.9941,init()rotateIntoBiaxial(d,0.9642,0.0000,d)nonlinear(d,0.9642,0.0000,300.0000,d)rotateFromBiaxial(d,0.9642,0.0000,d)nonlinear(6,0.0000,0.0000,1.9845,d)linear(0,0,0,8.5911,d)rotateIntoBiaxial(d,40.4841,0.0000,d)nonlinear(d,40.4841,0.0000,100.0000,d)rotateFromBiaxial(d,40.4841,0.0000,d)linear(0,0,0,0.0734,d)rotate(177.3784)rotateIntoBiaxial(d,139.7491,0.0000,d)nonlinear(d,139.7491,0.0000,300.0000,d)rotateFromBiaxial(d,139.7491,0.0000,d)nonlinear(6,0.0000,0.0000,27.7598,d)rotate(-56.7553)rotateIntoBiaxial(d,2.5504,0.0000,d)nonlinear(d,2.5504,0.0000,50.0000,d)rotateFromBiaxial(d,2.5504,0.0000,d)nonlinear(6,0.0000,0.0000,2.1409,d)linear(0,0,0,551.8745,d)rotate(9.1523)linear(0,0,0,125.8650,d)rotate(-7.3486)rotateIntoBiaxial(d,0.9241,0.0000,d)nonlinear(d,0.9241,0.0000,50.0000,d)rotateFromBiaxial(d,0.9241,0.0000,d)nonlinear(6,0.0000,0.0000,3.6878,d)linear(0,0,0,258.3183,d)
22264,0,40,27.3082,26.9941,init()rotateIntoBiaxial(d,0.2220,0.0000,d)nonlinear(d,0.2220,0.0000,300.0000,d)rotateFromBiaxial(d,0.2220,0.0000,d)nonlinear(6,0.0000,0.0000,1.1739,d)linear(0,0,0,1.5413,d)rotateIntoBiaxial(d,40.6140,0.0000,d)nonlinear(d,40.6140,0.0000,100.0000,d)rotateFromBiaxial(d,40.6140,0.0000,d)rotate(176.0676)rotateIntoBiaxial(d,139.7845,0.0000,d)nonlinear(d,139.7845,0.0000,300.0000,d)rotateFromBiaxial(d,139.7845,0.0000,d)nonlinear(6,0.0000,0.0000,28.3700,d)rotate(-58.4325)rotateIntoBiaxial(d,2.3794,0.0000,d)nonlinear(d,2.3794,0.0000,50.0000,d)rotateFromBiaxial(d,2.3794,0.0000,d)nonlinear(6,0.0000,0.0000,0.6050,d)linear(0,0,0,455.8618,d)rotate(12.7668)linear(0,0,0,87.9001,d)rotate(-10.2547)rotateIntoBiaxial(d,2.7314,0.0000,d)nonlinear(d,2.7314,0.0000,50.0000,d)rotateFromBiaxial(d,2.7314,0.0000,d)nonlinear(6,0.0000,0.0000,0.1559,d)linear(0,0,0,278.8109,d)
22310,0,40,26.5589,26.9941,init()rotateIntoBiaxial(d,0.1942,0.0000,d)nonlinear(d,0.1942,0.0000,300.0000,d)rotateFromBiaxial(d,0.1942,0.0000,d)nonlinear(6,0.0000,0.0000,7.5712,d)linear(0,0,0,11.3306,d)rotate(0.7535)rotateIntoBiaxial(d,40.5582,0.0000,d)nonlinear(d,40.5582,0.0000,100.0000,d)rotateFromBiaxial(d,40.5582,0.0000,d)rotate(177.7745)rotateIntoBiaxial(d,139.7572,0.0000,d)nonlinear(d,139.7572,0.0000,300.0000,d)rotateFromBiaxial(d,139.7572,0.0000,d)nonlinear(6,0.0000,0.0000,25.0624,d)rotate(-57.1332)rotateIntoBiaxial(d,4.0050,0.0000,d)nonlinear(d,4.0050,0.0000,50.0000,d)rotateFromBiaxial(d,4.0050,0.0000,d)nonlinear(6,0.0000,0.0000,4.9025,d)linear(0,0,0,511.0638,d)rotate(6.8595)nonlinear(6,0.0000,0.0000,1.0840,d)linear(0,0,0,45.0389,d)rotateIntoBiaxial(d,3.2098,0.0000,d)nonlinear(d,3.2098,0.0000,50.0000,d)rotateFromBiaxial(d,3.2098,0.0000,d)nonlinear(6,0.0000,0.0000,0.0884,d)linear(0,0,0,263.0857,d)
22356,0,40,27.0597,27.0597,init()rotateIntoBiaxial(d,0.5640,0.0000,d)nonlinear(d,0.5640,0.0000,300.0000,d)rotateFromBiaxial(d,0.5640,0.0000,d)nonlinear(6,0.0000,0.0000,3.8348,d)rotate(0.4705)rotateIntoBiaxial(d,40.3887,0.0000,d)nonlinear(d,40.3887,0.0000,100.0000,d)rotateFromBiaxial(d,40.3887,0.0000,d)rotate(177.7401)rotateIntoBiaxial(d,139.7417,0.0000,d)nonlinear(d,139.7417,0.0000,300.0000,d)rotateFromBiaxial(d,139.7417,0.0000,d)nonlinear(6,0.0000,0.0000,22.6004,d)rotate(-54.1395)rotateIntoBiaxial(d,4.4474,0.0000,d)nonlinear(d,4.4474,0.0000,50.0000,d)rotateFromBiaxial(d,4.4474,0.0000,d)nonlinear(6,0.0000,0.0000,3.0207,d)linear(0,0,0,498.7519,d)rotate(11.2154)nonlinear(6,0.0000,0.0000,2.0112,d)linear(0,0,0,68.9716,d)rotate(-10.7760)rotateIntoBiaxial(d,2.9647,0.0000,d)nonlinear(d,2.9647,0.0000,50.0000,d)rotateFromBiaxial(d,2.9647,0.0000,d)nonlinear(6,0.0000,0.0000,0.4695,d)linear(0,0,0,230.8162,d)
22402,0,40,27.4595,27.4595,init()rotateIntoBiaxial(d,0.8602,0.0000,d)nonlinear(d,0.8602,0.0000,300.0000,d)rotateFromBiaxial(d,0.8602,0.0000,d)nonlinear(6,0.0000,0.0000,1.4551,d)rotate(1.6209)rotateIntoBiaxial(d,40.5621,0.0000,d)nonlinear(d,40.5621,0.0000,100.0000,d)rotateFromBiaxial(d,40.5621,0.0000,d)rotate(179.0275)rotateIntoBiaxial(d,139.7379,0.0000,d)nonlinear(d,139.7379,0.0000,300.0000,d)rotateFromBiaxial(d,139.7379,0.0000,d)nonlinear(6,0.0000,0.0000,38.9206,d)rotate(-55.3226)rotateIntoBiaxial(d,5.0943,0.0000,d)nonlinear(d,5.0943,0.0000,50.0000,d)rotateFromBiaxial(d,5.0943,0.0000,d)nonlinear(6,0.0000,0.0000,1.0140,d)linear(0,0,0,398.9886,d)rotate(10.4537)linear(0,0,0,82.5935,d)rotateIntoBiaxial(d,1.0097,0.0000,d)nonlinear(d,1.0097,0.0000,50.0000,d)rotateFromBiaxial(d,1.0097,0.0000,d)linear(0,0,0,321.7169,d)
22448,0,40,27.4857,27.4595,init()rotateIntoBiaxial(d,0.3539,0.0000,d)nonlinear(d,0.3539,0.0000,300.0000,d)rotateFromBiaxial(d,0.3539,0.0000,d)nonlinear(6,0.0000,0.0000,2.1973,d)rotate(1.2123)rotateIntoBiaxial(d,40.5252,0.0000,d)nonlinear(d,40.5252,0.0000,100.0000,d)rotateFromBiaxial(d,40.5252,0.0000,d)rotate(179.7286)rotateIntoBiaxial(d,139.7184,0.0000,d)nonlinear(d,139.7184,0.0000,300.0000,d)rotateFromBiaxial(d,139.7184,0.0000,d)nonlinear(6,0.0000,0.0000,29.7561,d)rotate(-62.1785)rotateIntoBiaxial(d,4.0659,0.0000,d)nonlinear(d,4.0659,0.0000,50.0000,d)rotateFromBiaxial(d,4.0659,0.0000,d)nonlinear(6,0.0000,0.0000,1.5931,d)linear(0,0,0,468.3414,d)rotate(8.6293)linear(0,0,0,73.4098,d)rotate(-0.3189)rotateIntoBiaxial(d,3.1437,0.0000,d)nonlinear(d,3.1437,0.0000,45.3868,d)rotateFromBiaxial(d,3.1437,0.0000,d)nonlinear(6,0.0000,0.0000,0.5458,d)linear(0,0,0,285.2542,d)
22494,0,40,27.1955,27.4595,init()rotateIntoBiaxial(d,0.6008,0.0000,d)nonlinear(d,0.6008,0.0000,300.0000,d)rotateFromBiaxial(d,0.6008,0.0000,d)nonlinear(6,0.0000,0.0000,0.3217,d)rotateIntoBiaxial(d,40.3131,0.0000,d)nonlinear(d,40.3131,0.0000,100.0000,d)rotateFromBiaxial(d,40.3131,0.0000,d)rotate(177.9195)rotateIntoBiaxial(d,139.6932,0.0000,d)nonlinear(d,139.6932,0.0000,300.0000,d)rotateFromBiaxial(d,139.6932,0.0000,d)nonlinear(6,0.0000,0.0000,18.5968,d)rotate(-58.9674)rotateIntoBiaxial(d,2.4830,0.0000,d)nonlinear(d,2.4830,0.0000,50.0000,d)rotateFromBiaxial(d,2.4830,0.0000,d)nonlinear(6,0.0000,0.0000,5.7070,d)linear(0,0,0,442.7799,d)rotate(2.9183)nonlinear(6,0.0000,0.0000,2.2858,d)linear(0,0,0,97.8781,d)rotate(-10.7597)rotateIntoBiaxial(d,4.8351,0.0000,d)nonlinear(d,4.8351,0.0000,50.0000,d)rotateFromBiaxial(d,4.8351,0.0000,d)nonlinear(6,0.0000,0.0000,0.9987,d)linear(0,0,0,293.6979,d)
22540,0,40,26.6777,27.4595,init()rotateIntoBiaxial(d,0.2757,0.0000,d)nonlinear(d,0.2757,0.0000,300.0000,d)rotateFromBiaxial(d,0.2757,0.0000,d)nonlinear(6,0.0000,0.0000,0.1809,d)rotateIntoBiaxial(d,40.3060,0.0000,d)nonlinear(d,40.3060,0.0000,100.0000,d)rotateFromBiaxial(d,40.3060,0.0000,d)linear(0,0,0,2.8008,d)rotate(179.6628)rotateIntoBiaxial(d,139.7949,0.0000,d)nonlinear(d,139.7949,0.0000,300.0000,d)rotateFromBiaxial(d,139.7949,0.0000,d)nonlinear(6,0.0000,0.0000,8.8435,d)rotate(-62.4798)rotateIntoBiaxial(d,4.4676,0.0000,d)nonlinear(d,4.4676,0.0000,50.0000,d)rotateFromBiaxial(d,4.4676,0.0000,d)nonlinear(6,0.0000,0.0000,0.8649,d)linear(0,0,0,409.7910,d)rotate(8.5700)nonlinear(6,0.0000,0.0000,0.3269,d)linear(0,0,0,85.4089,d)rotate(-11.5800)rotateIntoBiaxial(d,4.2328,0.0000,d)nonlinear(d,4.2328,0.0000,50.0000,d)rotateFromBiaxial(d,4.2328,0.0000,d)nonlinear(6,0.0000,0.0000,2.8201,d)linear(0,0,0,150.1991,d)
22586,0,40,27.2768,27.4595,init()rotateIntoBiaxial(d,0.5601,0.0000,d)nonlinear(d,0.5601,0.0000,300.0000,d)rotateFromBiaxial(d,0.5601,0.0000,d)nonlinear(6,0.0000,0.0000,3.5796,d)rotate(0.5247)rotateIntoBiaxial(d,40.5291,0.0000,d)nonlinear(d,40.5291,0.0000,100.0000,d)rotateFromBiaxial(d,40.5291,0.0000,d)rotate(178.2435)rotateIntoBiaxial(d,139.6915,0.0000,d)nonlinear(d,139.6915,0.0000,300.0000,d)rotateFromBiaxial(d,139.6915,0.0000,d)nonlinear(6,0.0000,0.0000,23.9513,d)rotate(-64.4612)rotateIntoBiaxial(d,2.7209,0.0000,d)nonlinear(d,2.7209,0.0000,50.0000,d)rotateFromBiaxial(d,2.7209,0.0000,d)nonlinear(6,0.0000,0.0000,2.2499,d)linear(0,0,0,504.5799,d)rotate(9.0952)nonlinear(6,0.0000,0.0000,2.4436,d)linear(0,0,0,142.6555,d)rotate(-14.5059)rotateIntoBiaxial(d,5.0318,0.0000,d)nonlinear(d,5.0318,0.0000,50.0000,d)rotateFromBiaxial(d,5.0318,0.0000,d)nonlinear(6,0.0000,0.0000,3.7535,d)linear(0,0,0,119.5017,d)
22632,0,40,26.6142,27.4595,init()rotateIntoBiaxial(d,0.5354,0.0000,d)nonlinear(d,0.5354,0.0000,300.0000,d)rotateFromBiaxial(d,0.5354,0.0000,d)nonlinear(6,0.0000,0.0000,4.6382,d)linear(0,0,0,0.6183,d)rotateIntoBiaxial(d,40.3442,0.0000,d)nonlinear(d,40.3442,0.0000,100.0000,d)rotateFromBiaxial(d,40.3442,0.0000,d)rotate(174.9035)rotateIntoBiaxial(d,139.7688,0.0000,d)nonlinear(d,139.7688,0.0000,300.0000,d)rotateFromBiaxial(d,139.7688,0.0000,d)nonlinear(6,0.0000,0.0000,16.6580,d)rotate(-66.4494)rotateIntoBiaxial(d,1.0875,0.0000,d)nonlinear(d,1.0875,0.0000,50.0000,d)rotateFromBiaxial(d,1.0875,0.0000,d)nonlinear(6,0.0000,0.0000,0.3401,d)linear(0,0,0,503.0320,d)rotate(7.8355)nonlinear(6,0.0000,0.0000,1.2417,d)linear(0,0,0,123.8531,d)rotate(-3.1556)rotateIntoBiaxial(d,4.0768,0.0000,d)nonlinear(d,4.0768,0.0000,50.0000,d)rotateFromBiaxial(d,4.0768,0.0000,d)nonlinear(6,0.0000,0.0000,1.9614,d)linear(0,0,0,300.7741,d)
22678,0,40,27.0947,27.4595,init()rotateIntoBiaxial(d,0.9490,0.0000,d)nonlinear(d,0.9490,0.0000,300.0000,d)rotateFromBiaxial(d,0.9490,0.0000,d)nonlinear(6,0.0000,0.0000,3.0986,d)rotate(2.3144)rotateIntoBiaxial(d,40.3938,0.0000,d)nonlinear(d,40.3938,0.0000,100.0000,d)rotateFromBiaxial(d,40.3938,0.0000,d)rotate(176.4113)rotateIntoBiaxial(d,139.7153,0.0000,d)nonlinear(d,139.7153,0.0000,300.0000,d)rotateFromBiaxial(d,139.7153,0.0000,d)nonlinear(6,0.0000,0.0000,18.7577,d)rotate(-62.9046)rotateIntoBiaxial(d,4.2937,0.0000,d)nonlinear(d,4.2937,0.0000,50.0000,d)rotateFromBiaxial(d,4.2937,0.0000,d)nonlinear(6,0.0000,0.0000,0.2028,d)linear(0,0,0,441.4399,d)rotate(4.2582)nonlinear(6,0.0000,0.0000,0.1823,d)linear(0,0,0,39.7858,d)rotate(-4.4868)rotateIntoBiaxial(d,1.0998,0.0000,d)nonlinear(d,1.0998,0.0000,50.0000,d)rotateFromBiaxial(d,1.0998,0.0000,d)nonlinear(6,0.0000,0.0000,0.0853,d)linear(0,0,0,182.3308,d)
22724,0,40,26.9800,27.4595,init()rotateIntoBiaxial(d,0.4981,0.0000,d)nonlinear(d,0.4981,0.0000,300.0000,d)rotateFromBiaxial(d,0.4981,0.0000,d)nonlinear(6,0.0000,0.0000,0.6720,d)rotateIntoBiaxial(d,40.2064,0.0000,d)nonlinear(d,40.2064,0.0000,100.0000,d)rotateFromBiaxial(d,40.2064,0.0000,d)rotate(177.0347)rotateIntoBiaxial(d,139.7193,0.0000,d)nonlinear(d,139.7193,0.0000,300.0000,d)rotateFromBiaxial(d,139.7193,0.0000,d)nonlinear(6,0.0000,0.0000,32.1233,d)linear(0,0,0,64.5619,d)rotate(-69.5278)rotateIntoBiaxial(d,3.2895,0.0000,d)nonlinear(d,3.2895,0.0000,50.0000,d)rotateFromBiaxial(d,3.2895,0.0000,d)nonlinear(6,0.0000,0.0000,4.9701,d)linear(0,0,0,485.4624,d)rotate(7.0558)linear(0,0,0,186.8170,d)rotate(-11.1520)rotateIntoBiaxial(d,1.2406,0.0000,d)nonlinear(d,1.2406,0.0000,50.0000,d)rotateFromBiaxial(d,1.2406,0.0000,d)linear(0,0,0,233.2797,d)
22770,0,40,26.9218,27.4595,init()rotateIntoBiaxial(d,0.5208,0.0000,d)nonlinear(d,0.5208,0.0000,300.0000,d)rotateFromBiaxial(d,0.5208,0.0000,d)nonlinear(6,0.0000,0.0000,2.7370,d)rotate(1.8215)rotateIntoBiaxial(d,40.5025,0.0000,d)nonlinear(d,40.5025,0.0000,100.0000,d)rotateFromBiaxial(d,40.5025,0.0000,d)rotate(174.6492)rotateIntoBiaxial(d,139.7995,0.0000,d)nonlinear(d,139.7995,0.0000,300.0000,d)rotateFromBiaxial(d,139.7995,0.0000,d)nonlinear(6,0.0000,0.0000,26.4176,d)rotate(-73.9679)rotateIntoBiaxial(d,3.3366,0.0000,d)nonlinear(d,3.3366,0.0000,50.0000,d)rotateFromBiaxial(d,3.3366,0.0000,d)nonlinear(6,0.0000,0.0000,2.7756,d)linear(0,0,0,461.7365,d)rotate(9.6651)linear(0,0,0,58.6446,d)rotateIntoBiaxial(d,3.5077,0.0000,d)nonlinear(d,3.5077,0.0000,50.0000,d)rotateFromBiaxial(d,3.5077,0.0000,d)linear(0,0,0,237.7028,d)
22816,0,40,27.0773,27.4595,init()rotateIntoBiaxial(d,1.5356,0.0000,d)nonlinear(d,1.5356,0.0000,300.0000,d)rotateFromBiaxial(d,1.5356,0.0000,d)nonlinear(6,0.0000,0.0000,1.7422,d)rotate(1.3591)rotateIntoBiaxial(d,40.3938,0.0000,d)nonlinear(d,40.3938,0.0000,100.0000,d)rotateFromBiaxial(d,40.3938,0.0000,d)rotate(177.0227)rotateIntoBiaxial(d,139.7066,0.0000,d)nonlinear(d,139.7066,0.0000,300.0000,d)rotateFromBiaxial(d,139.7066,0.0000,d)nonlinear(6,0.0000,0.0000,15.9301,d)rotate(-66.0259)rotateIntoBiaxial(d,4.7235,0.0000,d)nonlinear(d,4.7235,0.0000,50.0000,d)rotateFromBiaxial(d,4.7235,0.0000,d)nonlinear(6,0.0000,0.0000,0.0903,d)linear(0,0,0,486.6809,d)rotate(5.7922)linear(0,0,0,12.4601,d)rotateIntoBiaxial(d,3.8336,0.0000,d)nonlinear(d,3.8336,0.0000,50.0000,d)rotateFromBiaxial(d,3.8336,0.0000,d)linear(0,0,0,215.7195,d)
22862,0,40,26.8729,27.4595,init()rotateIntoBiaxial(d,0.3059,0.0000,d)nonlinear(d,0.3059,0.0000,300.0000,d)rotateFromBiaxial(d,0.3059,0.0000,d)nonlinear(6,0.0000,0.0000,0.5255,d)rotateIntoBiaxial(d,40.2715,0.0000,d)nonlinear(d,40.2715,0.0000,100.0000,d)rotateFromBiaxial(d,40.2715,0.0000,d)rotate(176.7800)rotateIntoBiaxial(d,139.7652,0.0000,d)nonlinear(d,139.7652,0.0000,300.0000,d)rotateFromBiaxial(d,139.7652,0.0000,d)nonlinear(6,0.0000,0.0000,26.1316,d)rotate(-65.6344)rotateIntoBiaxial(d,3.0822,0.0000,d)nonlinear(d,3.0822,0.0000,50.0000,d)rotateFromBiaxial(d,3.0822,0.0000,d)nonlinear(6,0.0000,0.0000,2.4480,d)linear(0,0,0,506.6482,d)rotate(9.2883)nonlinear(6,0.0000,0.0000,0.8179,d)linear(0,0,0,81.5062,d)rotateIntoBiaxial(d,4.1838,0.0000,d)nonlinear(d,4.1838,0.0000,50.0000,d)rotateFromBiaxial(d,4.1838,0.0000,d)linear(0,0,0,229.9915,d)
22908,0,40,27.2123,27.4595,init()rotateIntoBiaxial(d,0.7543,0.0000,d)nonlinear(d,0.7543,0.0000,300.0000,d)rotateFromBiaxial(d,0.7543,0.0000,d)nonlinear(6,0.0000,0.0000,1.5740,d)rotateIntoBiaxial(d,40.4223,0.0000,d)nonlinear(d,40.4223,0.0000,100.0000,d)rotateFromBiaxial(d,40.4223,0.0000,d)rotate(176.8155)rotateIntoBiaxial(d,139.6793,0.0000,d)nonlinear(d,139.6793,0.0000,300.0000,d)rotateFromBiaxial(d,139.6793,0.0000,d)nonlinear(6,0.0000,0.0000,18.5544,d)rotate(-63.3143)rotateIntoBiaxial(d,5.6151,0.0000,d)nonlinear(d,5.6151,0.0000,50.0000,d)rotateFromBiaxial(d,5.6151,0.0000,d)nonlinear(6,0.0000,0.0000,1.2884,d)linear(0,0,0,538.4659,d)rotate(6.1397)nonlinear(6,0.0000,0.0000,1.6146,d)linear(0,0,0,98.4996,d)rotateIntoBiaxial(d,3.3162,0.0000,d)nonlinear(d,3.3162,0.0000,47.1846,d)rotateFromBiaxial(d,3.3162,0.0000,d)linear(0,0,0,217.8185,d)
22954,0,40,27.0726,27.4595,init()rotateIntoBiaxial(d,0.8176,0.0000,d)nonlinear(d,0.8176,0.0000,300.0000,d)rotateFromBiaxial(d,0.8176,0.0000,d)nonlinear(6,0.0000,0.0000,4.2626,d)rotateIntoBiaxial(d,40.5959,0.0000,d)nonlinear(d,40.5959,0.0000,100.0000,d)rotateFromBiaxial(d,40.5959,0.0000,d)rotate(178.4231)rotateIntoBiaxial(d,139.7110,0.0000,d)nonlinear(d,139.7110,0.0000,300.0000,d)rotateFromBiaxial(d,139.7110,0.0000,d)nonlinear(6,0.0000,0.0000,11.3826,d)rotate(-63.6064)rotateIntoBiaxial(d,2.7506,0.0000,d)nonlinear(d,2.7506,0.0000,50.0000,d)rotateFromBiaxial(d,2.7506,0.0000,d)linear(0,0,0,480.8165,d)rotate(10.8929)nonlinear(6,0.0000,0.0000,6.9447,d)rotateIntoBiaxial(d,5.6820,0.0000,d)nonlinear(d,5.6820,0.0000,50.0000,d)rotateFromBiaxial(d,5.6820,0.0000,d)nonlinear(6,0.0000,0.0000,2.1458,d)linear(0,0,0,141.4272,d)
23000,0,40,27.2564,27.4595,init()rotateIntoBiaxial(d,0.0894,0.0000,d)nonlinear(d,0.0894,0.0000,300.0000,d)rotateFromBiaxial(d,0.0894,0.0000,d)nonlinear(6,0.0000,0.0000,1.8427,d)rotateIntoBiaxial(d,40.6113,0.0000,d)nonlinear(d,40.6113,0.0000,100.0000,d)rotateFromBiaxial(d,40.6113,0.0000,d)rotate(177.4381)rotateIntoBiaxial(d,139.7959,0.0000,d)nonlinear(d,139.7959,0.0000,300.0000,d)rotateFromBiaxial(d,139.7959,0.0000,d)nonlinear(6,0.0000,0.0000,14.0078,d)rotate(-66.3521)rotateIntoBiaxial(d,3.9169,0.0000,d)nonlinear(d,3.9169,0.0000,50.0000,d)rotateFromBiaxial(d,3.9169,0.0000,d)nonlinear(6,0.0000,0.0000,0.1602,d)linear(0,0,0,408.1853,d)rotate(6.8779)linear(0,0,0,68.0004,d)rotateIntoBiaxial(d,2.5566,0.0000,d)nonlinear(d,2.5566,0.0000,50.0000,d)rotateFromBiaxial(d,2.5566,0.0000,d)nonlinear(6,0.0000,0.0000,1.5701,d)linear(0,0,0,178.6809,d)
23046,0,40,27.2295,27.4595,init()rotateIntoBiaxial(d,0.5776,0.0000,d)nonlinear(d,0.5776,0.0000,300.0000,d)rotateFromBiaxial(d,0.5776,0.0000,d)nonlinear(6,0.0000,0.0000,3.8492,d)rotateIntoBiaxial(d,40.5376,0.0000,d)nonlinear(d,40.5376,0.0000,100.0000,d)rotateFromBiaxial(d,40.5376,0.0000,d)rotate(178.9945)rotateIntoBiaxial(d,139.7442,0.0000,d)nonlinear(d,139.7442,0.0000,300.0000,d)rotateFromBiaxial(d,139.7442,0.0000,d)nonlinear(6,0.0000,0.0000,11.6043,d)rotate(-69.0734)rotateIntoBiaxial(d,3.8639,0.0000,d)nonlinear(d,3.8639,0.0000,50.0000,d)rotateFromBiaxial(d,3.8639,0.0000,d)nonlinear(6,0.0000,0.0000,0.4100,d)linear(0,0,0,493.2238,d)rotate(6.5885)nonlinear(6,0.0000,0.0000,2.8091,d)linear(0,0,0,208.5626,d)rotateIntoBiaxial(d,2.4465,0.0000,d)nonlinear(d,2.4465,0.0000,50.0000,d)rotateFromBiaxial(d,2.4465,0.0000,d)nonlinear(6,0.0000,0.0000,0.2017,d)linear(0,0,0,109.1431,d)
23092,0,40,27.3103,27.3103,init()rotateIntoBiaxial(d,0.3424,0.0000,d)nonlinear(d,0.3424,0.0000,300.0000,d)rotateFromBiaxial(d,0.3424,0.0000,d)nonlinear(6,0.0000,0.0000,0.0554,d)rotateIntoBiaxial(d,40.5088,0.0000,d)nonlinear(d,40.5088,0.0000,100.0000,d)rotateFromBiaxial(d,40.5088,0.0000,d)linear(0,0,0,0.1612,d)rotate(176.9823)rotateIntoBiaxial(d,139.7299,0.0000,d)nonlinear(d,139.7299,0.0000,300.0000,d)rotateFromBiaxial(d,139.7299,0.0000,d)nonlinear(6,0.0000,0.0000,12.4732,d)rotate(-61.1325)rotateIntoBiaxial(d,2.3720,0.0000,d)nonlinear(d,2.3720,0.0000,50.0000,d)rotateFromBiaxial(d,2.3720,0.0000,d)nonlinear(6,0.0000,0.0000,0.4993,d)linear(0,0,0,488.6382,d)rotate(7.6151)nonlinear(6,0.0000,0.0000,7.3409,d)linear(0,0,0,58.4026,d)rotate(-12.3630)rotateIntoBiaxial(d,3.5652,0.0000,d)nonlinear(d,3.5652,0.0000,50.0000,d)rotateFromBiaxial(d,3.5652,0.0000,d)nonlinear(6,0.0000,0.0000,1.5132,d)linear(0,0,0,176.1111,d)
23138,0,40,27.0198,27.3103,init()rotateIntoBiaxial(d,0.8519,0.0000,d)nonlinear(d,0.8519,0.0000,300.0000,d)rotateFromBiaxial(d,0.8519,0.0000,d)nonlinear(6,0.0000,0.0000,0.6522,d)rotateIntoBiaxial(d,40.4836,0.0000,d)nonlinear(d,40.4836,0.0000,100.0000,d)rotateFromBiaxial(d,40.4836,0.0000,d)rotate(173.4514)rotateIntoBiaxial(d,139.7782,0.0000,d)nonlinear(d,139.7782,0.0000,300.0000,d)rotateFromBiaxial(d,139.7782,0.0000,d)nonlinear(6,0.0000,0.0000,20.8044,d)rotate(-73.8042)rotateIntoBiaxial(d,1.0174,0.0000,d)nonlinear(d,1.0174,0.0000,50.0000,d)rotateFromBiaxial(d,1.0174,0.0000,d)nonlinear(6,0.0000,0.0000,1.2108,d)linear(0,0,0,516.7102,d)rotate(6.3381)nonlinear(6,0.0000,0.0000,1.0143,d)linear(0,0,0,9.1556,d)rotateIntoBiaxial(d,3.9568,0.0000,d)nonlinear(d,3.9568,0.0000,48.4394,d)rotateFromBiaxial(d,3.9568,0.0000,d)linear(0,0,0,193.7527,d)
23184,0,40,27.2642,27.3103,init()rotateIntoBiaxial(d,0.2194,0.0000,d)nonlinear(d,0.2194,0.0000,300.0000,d)rotateFromBiaxial(d,0.2194,0.0000,d)nonlinear(6,0.0000,0.0000,1.6520,d)rotateIntoBiaxial(d,40.5326,0.0000,d)nonlinear(d,40.5326,0.0000,100.0000,d)rotateFromBiaxial(d,40.5326,0.0000,d)linear(0,0,0,0.3953,d)rotate(176.3216)rotateIntoBiaxial(d,139.7247,0.0000,d)nonlinear(d,139.7247,0.0000,300.0000,d)rotateFromBiaxial(d,139.7247,0.0000,d)nonlinear(6,0.0000,0.0000,18.8322,d)rotate(-67.5828)rotateIntoBiaxial(d,1.0060,0.0000,d)nonlinear(d,1.0060,0.0000,50.0000,d)rotateFromBiaxial(d,1.0060,0.0000,d)linear(0,0,0,532.0465,d)rotate(7.4970)nonlinear(6,0.0000,0.0000,1.7182,d)linear(0,0,0,96.1622,d)rotateIntoBiaxial(d,1.8329,0.0000,d)nonlinear(d,1.8329,0.0000,50.0000,d)rotateFromBiaxial(d,1.8329,0.0000,d)nonlinear(6,0.0000,0.0000,2.3515,d)linear(0,0,0,112.1711,d)
23230,0,40,27.0853,27.3103,init()rotateIntoBiaxial(d,0.1384,0.0000,d)nonlinear(d,0.1384,0.0000,300.0000,d)rotateFromBiaxial(d,0.1384,0.0000,d)nonlinear(6,0.0000,0.0000,2.6547,d)rotateIntoBiaxial(d,40.3948,0.0000,d)nonlinear(d,40.3948,0.0000,100.0000,d)rotateFromBiaxial(d,40.3948,0.0000,d)rotate(177.7444)rotateIntoBiaxial(d,139.7326,0.0000,d)nonlinear(d,139.7326,0.0000,300.0000,d)rotateFromBiaxial(d,139.7326,0.0000,d)nonlinear(6,0.0000,0.0000,15.2168,d)rotate(-70.9717)rotateIntoBiaxial(d,1.9066,0.0000,d)nonlinear(d,1.9066,0.0000,50.0000,d)rotateFromBiaxial(d,1.9066,0.0000,d)nonlinear(6,0.0000,0.0000,0.3914,d)linear(0,0,0,484.9806,d)rotate(8.0345)nonlinear(6,0.0000,0.0000,2.2426,d)linear(0,0,0,112.0288,d)rotate(-5.1759)rotateIntoBiaxial(d,3.8148,0.0000,d)nonlinear(d,3.8148,0.0000,48.0598,d)rotateFromBiaxial(d,3.8148,0.0000,d)nonlinear(6,0.0000,0.0000,0.5667,d)linear(0,0,0,201.4430,d)
23276,0,40,27.3064,27.3064,init()rotateIntoBiaxial(d,0.7774,0.0000,d)nonlinear(d,0.7774,0.0000,300.0000,d)rotateFromBiaxial(d,0.7774,0.0000,d)nonlinear(6,0.0000,0.0000,0.8861,d)rotateIntoBiaxial(d,40.4254,0.0000,d)nonlinear(d,40.4254,0.0000,100.0000,d)rotateFromBiaxial(d,40.4254,0.0000,d)linear(0,0,0,1.7467,d)rotate(179.1628)rotateIntoBiaxial(d,139.7363,0.0000,d)nonlinear(d,139.7363,0.0000,300.0000,d)rotateFromBiaxial(d,139.7363,0.0000,d)nonlinear(6,0.0000,0.0000,16.5149,d)rotate(-72.0954)rotateIntoBiaxial(d,3.0673,0.0000,d)nonlinear(d,3.0673,0.0000,50.0000,d)rotateFromBiaxial(d,3.0673,0.0000,d)linear(0,0,0,514.0965,d)rotate(8.2209)nonlinear(6,0.0000,0.0000,0.7764,d)linear(0,0,0,42.9416,d)rotate(-0.2522)rotateIntoBiaxial(d,6.1022,0.0000,d)nonlinear(d,6.1022,0.0000,44.4050,d)rotateFromBiaxial(d,6.1022,0.0000,d)nonlinear(6,0.0000,0.0000,4.5520,d)linear(0,0,0,202.4267,d)
23322,0,40,27.1122,27.3064,init()rotateIntoBiaxial(d,1.1631,0.0000,d)nonlinear(d,1.1631,0.0000,300.0000,d)rotateFromBiaxial(d,1.1631,0.0000,d)nonlinear(6,0.0000,0.0000,1.8976,d)rotateIntoBiaxial(d,40.4287,0.0000,d)nonlinear(d,40.4287,0.0000,100.0000,d)rotateFromBiaxial(d,40.4287,0.0000,d)rotate(178.6864)rotateIntoBiaxial(d,139.7921,0.0000,d)nonlinear(d,139.7921,0.0000,300.0000,d)rotateFromBiaxial(d,139.7921,0.0000,d)nonlinear(6,0.0000,0.0000,24.5211,d)rotate(-69.8613)rotateIntoBiaxial(d,2.5596,0.0000,d)nonlinear(d,2.5596,0.0000,50.0000,d)rotateFromBiaxial(d,2.5596,0.0000,d)nonlinear(6,0.0000,0.0000,0.3438,d)linear(0,0,0,508.4824,d)rotate(11.6549)nonlinear(6,0.0000,0.0000,0.3341,d)linear(0,0,0,126.3156,d)rotate(-17.4517)rotateIntoBiaxial(d,3.3316,0.0000,d)nonlinear(d,3.3316,0.0000,43.1374,d)rotateFromBiaxial(d,3.3316,0.0000,d)nonlinear(6,0.0000,0.0000,3.1759,d)linear(0,0,0,212.4522,d)
23368,0,40,27.5081,27.5081,init()rotateIntoBiaxial(d,0.5761,0.0000,d)nonlinear(d,0.5761,0.0000,300.0000,d)rotateFromBiaxial(d,0.5761,0.0000,d)nonlinear(6,0.0000,0.0000,0.0645,d)linear(0,0,0,0.1737,d)rotateIntoBiaxial(d,40.5133,0.0000,d)nonlinear(d,40.5133,0.0000,100.0000,d)rotateFromBiaxial(d,40.5133,0.0000,d)rotate(176.2129)rotateIntoBiaxial(d,139.7378,0.0000,d)nonlinear(d,139.7378,0.0000,300.0000,d)rotateFromBiaxial(d,139.7378,0.0000,d)nonlinear(6,0.0000,0.0000,30.9385,d)rotate(-64.8345)rotateIntoBiaxial(d,3.4817,0.0000,d)nonlinear(d,3.4817,0.0000,50.0000,d)rotateFromBiaxial(d,3.4817,0.0000,d)nonlinear(6,0.0000,0.0000,0.3473,d)linear(0,0,0,496.0637,d)rotate(11.6370)nonlinear(6,0.0000,0.0000,1.9641,d)linear(0,0,0,102.4362,d)rotateIntoBiaxial(d,4.8122,0.0000,d)nonlinear(d,4.8122,0.0000,49.4578,d)rotateFromBiaxial(d,4.8122,0.0000,d)nonlinear(6,0.0000,0.0000,3.4637,d)linear(0,0,0,186.8618,d)
23414,0,40,26.6145,27.5081,init()rotateIntoBiaxial(d,1.0187,0.0000,d)nonlinear(d,1.0187,0.0000,300.0000,d)rotateFromBiaxial(d,1.0187,0.0000,d)nonlinear(6,0.0000,0.0000,14.4619,d)rotateIntoBiaxial(d,40.5140,0.0000,d)nonlinear(d,40.5140,0.0000,100.0000,d)rotateFromBiaxial(d,40.5140,0.0000,d)rotate(176.2875)rotateIntoBiaxial(d,139.7392,0.0000,d)nonlinear(d,139.7392,0.0000,300.0000,d)rotateFromBiaxial(d,139.7392,0.0000,d)nonlinear(6,0.0000,0.0000,21.5070,d)rotate(-71.9890)rotateIntoBiaxial(d,1.1131,0.0000,d)nonlinear(d,1.1131,0.0000,50.0000,d)rotateFromBiaxial(d,1.1131,0.0000,d)linear(0,0,0,460.7896,d)rotate(11.8867)nonlinear(6,0.0000,0.0000,1.7983,d)rotate(-17.8469)rotateIntoBiaxial(d,4.6691,0.0000,d)nonlinear(d,4.6691,0.0000,43.8776,d)rotateFromBiaxial(d,4.6691,0.0000,d)nonlinear(6,0.0000,0.0000,1.3007,d)linear(0,0,0,151.7817,d)
23460,0,40,26.9494,27.5081,init()rotateIntoBiaxial(d,0.4809,0.0000,d)nonlinear(d,0.4809,0.0000,300.0000,d)rotateFromBiaxial(d,0.4809,0.0000,d)nonlinear(6,0.0000,0.0000,8.1229,d)rotateIntoBiaxial(d,40.5335,0.0000,d)nonlinear(d,40.5335,0.0000,100.0000,d)rotateFromBiaxial(d,40.5335,0.0000,d)rotate(176.5123)rotateIntoBiaxial(d,139.7050,0.0000,d)nonlinear(d,139.7050,0.0000,300.0000,d)rotateFromBiaxial(d,139.7050,0.0000,d)nonlinear(6,0.0000,0.0000,25.2353,d)rotate(-71.7729)rotateIntoBiaxial(d,1.7883,0.0000,d)nonlinear(d,1.7883,0.0000,50.0000,d)rotateFromBiaxial(d,1.7883,0.0000,d)nonlinear(6,0.0000,0.0000,0.3968,d)linear(0,0,0,431.1801,d)rotate(11.1093)nonlinear(6,0.0000,0.0000,3.5107,d)linear(0,0,0,16.6660,d)rotate(-3.4478)rotateIntoBiaxial(d,5.9403,0.0000,d)nonlinear(d,5.9403,0.0000,39.5137,d)rotateFromBiaxial(d,5.9403,0.0000,d)nonlinear(6,0.0000,0.0000,1.1886,d)linear(0,0,0,190.1954,d)
23506,0,40,27.2962,27.5081,init()rotateIntoBiaxial(d,0.9825,0.0000,d)nonlinear(d,0.9825,0.0000,300.0000,d)rotateFromBiaxial(d,0.9825,0.0000,d)nonlinear(6,0.0000,0.0000,0.6913,d)rotateIntoBiaxial(d,40.6296,0.0000,d)nonlinear(d,40.6296,0.0000,100.0000,d)rotateFromBiaxial(d,40.6296,0.0000,d)rotate(176.0776)rotateIntoBiaxial(d,139.8088,0.0000,d)nonlinear(d,139.8088,0.0000,300.0000,d)rotateFromBiaxial(d,139.8088,0.0000,d)nonlinear(6,0.0000,0.0000,36.2854,d)rotate(-72.7207)rotateIntoBiaxial(d,0.9666,0.0000,d)nonlinear(d,0.9666,0.0000,50.0000,d)rotateFromBiaxial(d,0.9666,0.0000,d)nonlinear(6,0.0000,0.0000,1.8896,d)linear(0,0,0,464.2861,d)rotate(13.1836)nonlinear(6,0.0000,0.0000,1.4288,d)linear(0,0,0,119.6274,d)rotate(-4.7923)rotateIntoBiaxial(d,6.7676,0.0000,d)nonlinear(d,6.7676,0.0000,39.5971,d)rotateFromBiaxial(d,6.7676,0.0000,d)nonlinear(6,0.0000,0.0000,0.1136,d)linear(0,0,0,78.1374,d)
23552,0,40,27.5279,27.5081,init()rotateIntoBiaxial(d,0.4112,0.0000,d)nonlinear(d,0.4112,0.0000,300.0000,d)rotateFromBiaxial(d,0.4112,0.0000,d)nonlinear(6,0.0000,0.0000,2.5890,d)rotateIntoBiaxial(d,40.6060,0.0000,d)nonlinear(d,40.6060,0.0000,100.0000,d)rotateFromBiaxial(d,40.6060,0.0000,d)rotate(178.9998)rotateIntoBiaxial(d,139.7365,0.0000,d)nonlinear(d,139.7365,0.0000,300.0000,d)rotateFromBiaxial(d,139.7365,0.0000,d)nonlinear(6,0.0000,0.0000,33.6510,d)rotate(-68.2852)rotateIntoBiaxial(d,0.6000,0.0000,d)nonlinear(d,0.6000,0.0000,50.0000,d)rotateFromBiaxial(d,0.6000,0.0000,d)nonlinear(6,0.0000,0.0000,0.0427,d)linear(0,0,0,356.0319,d)rotate(10.2700)nonlinear(6,0.0000,0.0000,3.6927,d)linear(0,0,0,195.8944,d)rotate(-12.5142)rotateIntoBiaxial(d,7.8334,0.0000,d)nonlinear(d,7.8334,0.0000,39.3822,d)rotateFromBiaxial(d,7.8334,0.0000,d)nonlinear(6,0.0000,0.0000,1.3724,d)linear(0,0,0,68.1608,d)
23598,0,40,27.3246,27.5081,init()rotateIntoBiaxial(d,1.5030,0.0000,d)nonlinear(d,1.5030,0.0000,300.0000,d)rotateFromBiaxial(d,1.5030,0.0000,d)nonlinear(6,0.0000,0.0000,0.5131,d)rotateIntoBiaxial(d,40.4244,0.0000,d)nonlinear(d,40.4244,0.0000,100.0000,d)rotateFromBiaxial(d,40.4244,0.0000,d)linear(0,0,0,0.1735,d)rotate(179.9193)rotateIntoBiaxial(d,139.7255,0.0000,d)nonlinear(d,139.7255,0.0000,300.0000,d)rotateFromBiaxial(d,139.7255,0.0000,d)nonlinear(6,0.0000,0.0000,23.1946,d)linear(0,0,0,79.5493,d)rotate(-72.3604)rotateIntoBiaxial(d,2.3844,0.0000,d)nonlinear(d,2.3844,0.0000,50.0000,d)rotateFromBiaxial(d,2.3844,0.0000,d)nonlinear(6,0.0000,0.0000,3.0366,d)linear(0,0,0,436.4561,d)rotate(20.1993)nonlinear(6,0.0000,0.0000,1.2189,d)linear(0,0,0,225.2045,d)rotateIntoBiaxial(d,5.2201,0.0000,d)nonlinear(d,5.2201,0.0000,46.0798,d)rotateFromBiaxial(d,5.2201,0.0000,d)nonlinear(6,0.0000,0.0000,0.7454,d)linear(0,0,0,134.3456,d)
23644,0,40,27.1268,27.5081,init()rotateIntoBiaxial(d,1.0144,0.0000,d)nonlinear(d,1.0144,0.0000,300.0000,d)rotateFromBiaxial(d,1.0144,0.0000,d)nonlinear(6,0.0000,0.0000,5.1810,d)rotateIntoBiaxial(d,40.4074,0.0000,d)nonlinear(d,40.4074,0.0000,100.0000,d)rotateFromBiaxial(d,40.4074,0.0000,d)rotate(178.0100)rotateIntoBiaxial(d,139.7334,0.0000,d)nonlinear(d,139.7334,0.0000,300.0000,d)rotateFromBiaxial(d,139.7334,0.0000,d)nonlinear(6,0.0000,0.0000,34.0628,d)rotate(-72.2840)rotateIntoBiaxial(d,3.2631,0.0000,d)nonlinear(d,3.2631,0.0000,50.0000,d)rotateFromBiaxial(d,3.2631,0.0000,d)nonlinear(6,0.0000,0.0000,1.0601,d)linear(0,0,0,224.7778,d)rotate(11.9491)nonlinear(6,0.0000,0.0000,0.6568,d)rotate(-14.8888)rotateIntoBiaxial(d,4.8707,0.0000,d)nonlinear(d,4.8707,0.0000,43.9018,d)rotateFromBiaxial(d,4.8707,0.0000,d)nonlinear(6,0.0000,0.0000,2.1137,d)linear(0,0,0,60.1054,d)
23690,0,40,26.9831,27.5081,init()rotateIntoBiaxial(d,0.6616,0.0000,d)nonlinear(d,0.6616,0.0000,300.0000,d)rotateFromBiaxial(d,0.6616,0.0000,d)nonlinear(6,0.0000,0.0000,2.4000,d)rotateIntoBiaxial(d,40.4135,0.0000,d)nonlinear(d,40.4135,0.0000,100.0000,d)rotateFromBiaxial(d,40.4135,0.0000,d)linear(0,0,0,3.1701,d)rotate(179.0619)rotateIntoBiaxial(d,139.7810,0.0000,d)nonlinear(d,139.7810,0.0000,300.0000,d)rotateFromBiaxial(d,139.7810,0.0000,d)nonlinear(6,0.0000,0.0000,43.4698,d)rotate(-68.3288)rotateIntoBiaxial(d,0.3118,0.0000,d)nonlinear(d,0.3118,0.0000,50.0000,d)rotateFromBiaxial(d,0.3118,0.0000,d)nonlinear(6,0.0000,0.0000,1.0259,d)linear(0,0,0,382.9509,d)rotate(12.9801)nonlinear(6,0.0000,0.0000,6.8532,d)linear(0,0,0,151.6777,d)rotate(-1.6481)rotateIntoBiaxial(d,5.6629,0.0000,d)nonlinear(d,5.6629,0.0000,43.3186,d)rotateFromBiaxial(d,5.6629,0.0000,d)nonlinear(6,0.0000,0.0000,2.2115,d)linear(0,0,0,213.2959,d)
23736,0,40,27.2199,27.5081,init()rotateIntoBiaxial(d,0.2355,0.0000,d)nonlinear(d,0.2355,0.0000,300.0000,d)rotateFromBiaxial(d,0.2355,0.0000,d)nonlinear(6,0.0000,0.0000,1.0219,d)linear(0,0,0,0.0643,d)rotateIntoBiaxial(d,40.5016,0.0000,d)nonlinear(d,40.5016,0.0000,100.0000,d)rotateFromBiaxial(d,40.5016,0.0000,d)rotate(179.0385)rotateIntoBiaxial(d,139.8063,0.0000,d)nonlinear(d,139.8063,0.0000,300.0000,d)rotateFromBiaxial(d,139.8063,0.0000,d)nonlinear(6,0.0000,0.0000,45.1194,d)rotate(-75.6212)rotateIntoBiaxial(d,0.3372,0.0000,d)nonlinear(d,0.3372,0.0000,50.0000,d)rotateFromBiaxial(d,0.3372,0.0000,d)linear(0,0,0,333.4309,d)rotate(17.2395)nonlinear(6,0.0000,0.0000,2.0765,d)linear(0,0,0,208.3033,d)rotate(-5.5338)rotateIntoBiaxial(d,4.2448,0.0000,d)nonlinear(d,4.2448,0.0000,38.5718,d)rotateFromBiaxial(d,4.2448,0.0000,d)linear(0,0,0,83.2424,d)
23782,0,40,27.1952,27.5081,init()rotateIntoBiaxial(d,0.0017,0.0000,d)nonlinear(d,0.0017,0.0000,300.0000,d)rotateFromBiaxial(d,0.0017,0.0000,d)nonlinear(6,0.0000,0.0000,4.7287,d)rotateIntoBiaxial(d,40.4858,0.0000,d)nonlinear(d,40.4858,0.0000,100.0000,d)rotateFromBiaxial(d,40.4858,0.0000,d)rotate(178.0451)rotateIntoBiaxial(d,139.7283,0.0000,d)nonlinear(d,139.7283,0.0000,300.0000,d)rotateFromBiaxial(d,139.7283,0.0000,d)nonlinear(6,0.0000,0.0000,38.2140,d)rotate(-69.5621)rotateIntoBiaxial(d,2.1474,0.0000,d)nonlinear(d,2.1474,0.0000,50.0000,d)rotateFromBiaxial(d,2.1474,0.0000,d)nonlinear(6,0.0000,0.0000,2.5042,d)linear(0,0,0,443.7594,d)rotate(16.6794)nonlinear(6,0.0000,0.0000,2.1398,d)linear(0,0,0,232.6011,d)rotate(-14.2743)rotateIntoBiaxial(d,3.5231,0.0000,d)nonlinear(d,3.5231,0.0000,45.1302,d)rotateFromBiaxial(d,3.5231,0.0000,d)nonlinear(6,0.0000,0.0000,0.4606,d)linear(0,0,0,115.6760,d)
23828,0,40,26.8602,27.5081,init()rotateIntoBiaxial(d,0.0001,0.0000,d)nonlinear(d,0.0001,0.0000,300.0000,d)rotateFromBiaxial(d,0.0001,0.0000,d)nonlinear(6,0.0000,0.0000,4.5371,d)rotateIntoBiaxial(d,40.3923,0.0000,d)nonlinear(d,40.3923,0.0000,100.0000,d)rotateFromBiaxial(d,40.3923,0.0000,d)rotate(178.1778)rotateIntoBiaxial(d,139.7837,0.0000,d)nonlinear(d,139.7837,0.0000,300.0000,d)rotateFromBiaxial(d,139.7837,0.0000,d)nonlinear(6,0.0000,0.0000,29.1843,d)rotate(-65.9913)rotateIntoBiaxial(d,0.2821,0.0000,d)nonlinear(d,0.2821,0.0000,50.0000,d)rotateFromBiaxial(d,0.2821,0.0000,d)nonlinear(6,0.0000,0.0000,0.5182,d)linear(0,0,0,288.0807,d)rotate(17.8900)nonlinear(6,0.0000,0.0000,0.5660,d)linear(0,0,0,140.9352,d)rotate(-18.6014)rotateIntoBiaxial(d,5.9220,0.0000,d)nonlinear(d,5.9220,0.0000,38.8714,d)rotateFromBiaxial(d,5.9220,0.0000,d)nonlinear(6,0.0000,0.0000,2.7792,d)linear(0,0,0,140.6691,d)
23874,0,40,26.6933,27.5081,init()rotateIntoBiaxial(d,0.7856,0.0000,d)nonlinear(d,0.7856,0.0000,300.0000,d)rotateFromBiaxial(d,0.7856,0.0000,d)nonlinear(6,0.0000,0.0000,13.0103,d)rotateIntoBiaxial(d,40.4523,0.0000,d)nonlinear(d,40.4523,0.0000,100.0000,d)rotateFromBiaxial(d,40.4523,0.0000,d)rotate(178.3201)rotateIntoBiaxial(d,139.7507,0.0000,d)nonlinear(d,139.7507,0.0000,300.0000,d)rotateFromBiaxial(d,139.7507,0.0000,d)nonlinear(6,0.0000,0.0000,38.2246,d)rotate(-72.2406)rotateIntoBiaxial(d,2.2286,0.0000,d)nonlinear(d,2.2286,0.0000,50.0000,d)rotateFromBiaxial(d,2.2286,0.0000,d)nonlinear(6,0.0000,0.0000,2.4206,d)linear(0,0,0,323.5044,d)rotate(18.7161)nonlinear(6,0.0000,0.0000,2.0656,d)linear(0,0,0,116.0542,d)rotate(-12.0533)rotateIntoBiaxial(d,5.2842,0.0000,d)nonlinear(d,5.2842,0.0000,50.0000,d)rotateFromBiaxial(d,5.2842,0.0000,d)nonlinear(6,0.0000,0.0000,3.0656,d)linear(0,0,0,47.3555,d)
23920,0,40,27.3241,27.5081,init()rotateIntoBiaxial(d,0.2798,0.0000,d)nonlinear(d,0.2798,0.0000,300.0000,d)rotateFromBiaxial(d,0.2798,0.0000,d)nonlinear(6,0.0000,0.0000,0.4197,d)linear(0,0,0,1.8845,d)rotateIntoBiaxial(d,40.3411,0.0000,d)nonlinear(d,40.3411,0.0000,100.0000,d)rotateFromBiaxial(d,40.3411,0.0000,d)rotate(178.3562)rotateIntoBiaxial(d,139.6951,0.0000,d)nonlinear(d,139.6951,0.0000,300.0000,d)rotateFromBiaxial(d,139.6951,0.0000,d)nonlinear(6,0.0000,0.0000,37.6881,d)rotate(-67.7520)rotateIntoBiaxial(d,0.0556,0.0000,d)nonlinear(d,0.0556,0.0000,50.0000,d)rotateFromBiaxial(d,0.0556,0.0000,d)nonlinear(6,0.0000,0.0000,7.8608,d)linear(0,0,0,352.4806,d)rotate(6.8666)nonlinear(6,0.0000,0.0000,2.3677,d)linear(0,0,0,200.1391,d)rotate(-9.0314)rotateIntoBiaxial(d,9.2826,0.0000,d)nonlinear(d,9.2826,0.0000,50.0000,d)rotateFromBiaxial(d,9.2826,0.0000,d)nonlinear(6,0.0000,0.0000,5.0178,d)linear(0,0,0,192.5412,d)
23966,0,40,26.7418,27.5081,init()rotateIntoBiaxial(d,0.4779,0.0000,d)nonlinear(d,0.4779,0.0000,300.0000,d)rotateFromBiaxial(d,0.4779,0.0000,d)nonlinear(6,0.0000,0.0000,8.0098,d)rotateIntoBiaxial(d,40.4654,0.0000,d)nonlinear(d,40.4654,0.0000,100.0000,d)rotateFromBiaxial(d,40.4654,0.0000,d)rotate(179.6471)rotateIntoBiaxial(d,139.7824,0.0000,d)nonlinear(d,139.7824,0.0000,300.0000,d)rotateFromBiaxial(d,139.7824,0.0000,d)nonlinear(6,0.0000,0.0000,52.9323,d)rotate(-66.3441)rotateIntoBiaxial(d,2.6718,0.0000,d)nonlinear(d,2.6718,0.0000,50.0000,d)rotateFromBiaxial(d,2.6718,0.0000,d)nonlinear(6,0.0000,0.0000,3.5729,d)linear(0,0,0,261.1036,d)rotate(14.8174)nonlinear(6,0.0000,0.0000,0.6385,d)linear(0,0,0,62.6611,d)rotate(-9.3618)rotateIntoBiaxial(d,5.4208,0.0000,d)nonlinear(d,5.4208,0.0000,44.8568,d)rotateFromBiaxial(d,5.4208,0.0000,d)nonlinear(6,0.0000,0.0000,1.3807,d)linear(0,0,0,140.4546,d)
24012,0,40,26.8449,27.5081,init()rotateIntoBiaxial(d,0.1137,0.0000,d)nonlinear(d,0.1137,0.0000,300.0000,d)rotateFromBiaxial(d,0.1137,0.0000,d)nonlinear(6,0.0000,0.0000,6.0639,d)rotateIntoBiaxial(d,40.2671,0.0000,d)nonlinear(d,40.2671,0.0000,100.0000,d)rotateFromBiaxial(d,40.2671,0.0000,d)rotate(179.1686)rotateIntoBiaxial(d,139.7155,0.0000,d)nonlinear(d,139.7155,0.0000,300.0000,d)rotateFromBiaxial(d,139.7155,0.0000,d)nonlinear(6,0.0000,0.0000,31.1370,d)rotate(-71.4851)rotateIntoBiaxial(d,0.4759,0.0000,d)nonlinear(d,0.4759,0.0000,50.0000,d)rotateFromBiaxial(d,0.4759,0.0000,d)nonlinear(6,0.0000,0.0000,8.0520,d)linear(0,0,0,212.3060,d)rotate(14.4415)linear(0,0,0,170.5906,d)rotate(-18.3065)rotateIntoBiaxial(d,6.2085,0.0000,d)nonlinear(d,6.2085,0.0000,37.5370,d)rotateFromBiaxial(d,6.2085,0.0000,d)linear(0,0,0,229.3468,d)
24058,0,40,26.6180,27.5081,init()rotateIntoBiaxial(d,0.1567,0.0000,d)nonlinear(d,0.1567,0.0000,300.0000,d)rotateFromBiaxial(d,0.1567,0.0000,d)nonlinear(6,0.0000,0.0000,4.1517,d)linear(0,0,0,6.3752,d)rotateIntoBiaxial(d,40.3774,0.0000,d)nonlinear(d,40.3774,0.0000,100.0000,d)rotateFromBiaxial(d,40.3774,0.0000,d)rotate(179.9530)rotateIntoBiaxial(d,139.7881,0.0000,d)nonlinear(d,139.7881,0.0000,300.0000,d)rotateFromBiaxial(d,139.7881,0.0000,d)nonlinear(6,0.0000,0.0000,35.5831,d)rotate(-69.3363)rotateIntoBiaxial(d,0.7992,0.0000,d)nonlinear(d,0.7992,0.0000,50.0000,d)rotateFromBiaxial(d,0.7992,0.0000,d)linear(0,0,0,408.2347,d)rotate(14.1367)nonlinear(6,0.0000,0.0000,0.8015,d)linear(0,0,0,110.5113,d)rotate(-9.3080)rotateIntoBiaxial(d,5.0317,0.0000,d)nonlinear(d,5.0317,0.0000,26.6392,d)rotateFromBiaxial(d,5.0317,0.0000,d)nonlinear(6,0.0000,0.0000,12.4529,d)linear(0,0,0,220.7519,d)
24104,0,40,27.0536,27.5081,init()rotateIntoBiaxial(d,0.5840,0.0000,d)nonlinear(d,0.5840,0.0000,300.0000,d)rotateFromBiaxial(d,0.5840,0.0000,d)nonlinear(6,0.0000,0.0000,0.4213,d)rotate(2.5070)rotateIntoBiaxial(d,40.3348,0.0000,d)nonlinear(d,40.3348,0.0000,100.0000,d)rotateFromBiaxial(d,40.3348,0.0000,d)rotate(176.9146)rotateIntoBiaxial(d,139.6774,0.0000,d)nonlinear(d,139.6774,0.0000,300.0000,d)rotateFromBiaxial(d,139.6774,0.0000,d)nonlinear(6,0.0000,0.0000,48.6727,d)linear(0,0,0,176.6541,d)rotate(-69.7453)rotateIntoBiaxial(d,0.5843,0.0000,d)nonlinear(d,0.5843,0.0000,50.0000,d)rotateFromBiaxial(d,0.5843,0.0000,d)nonlinear(6,0.0000,0.0000,5.6476,d)linear(0,0,0,325.7292,d)rotate(8.7473)rotateIntoBiaxial(d,6.6708,0.0000,d)nonlinear(d,6.6708,0.0000,1.4244,d)rotateFromBiaxial(d,6.6708,0.0000,d)nonlinear(6,0.0000,0.0000,5.9534,d)rotate(-23.6642)rotateIntoBiaxial(d,4.3912,0.0000,d)nonlinear(d,4.3912,0.0000,50.0000,d)rotateFromBiaxial(d,4.3912,0.0000,d)nonlinear(6,0.0000,0.0000,11.1694,d)linear(0,0,0,176.7191,d)
24150,0,40,27.3160,27.3160,init()rotateIntoBiaxial(d,0.8846,0.0000,d)nonlinear(d,0.8846,0.0000,300.0000,d)rotateFromBiaxial(d,0.8846,0.0000,d)nonlinear(6,0.0000,0.0000,0.9719,d)rotateIntoBiaxial(d,40.4355,0.0000,d)nonlinear(d,40.4355,0.0000,100.0000,d)rotateFromBiaxial(d,40.4355,0.0000,d)rotate(178.2957)rotateIntoBiaxial(d,139.7666,0.0000,d)nonlinear(d,139.7666,0.0000,300.0000,d)rotateFromBiaxial(d,139.7666,0.0000,d)nonlinear(6,0.0000,0.0000,32.4896,d)linear(0,0,0,88.4394,d)rotate(-65.2703)rotateIntoBiaxial(d,1.9933,0.0000,d)nonlinear(d,1.9933,0.0000,50.0000,d)rotateFromBiaxial(d,1.9933,0.0000,d)nonlinear(6,0.0000,0.0000,9.8761,d)linear(0,0,0,319.4708,d)rotate(6.3599)nonlinear(6,0.0000,0.0000,1.6639,d)linear(0,0,0,93.9897,d)rotate(-3.9417)rotateIntoBiaxial(d,2.4463,0.0000,d)nonlinear(d,2.4463,0.0000,39.4278,d)rotateFromBiaxial(d,2.4463,0.0000,d)nonlinear(6,0.0000,0.0000,12.3575,d)linear(0,0,0,182.5961,d)
24196,0,40,27.1616,27.3160,init()rotateIntoBiaxial(d,0.6252,0.0000,d)nonlinear(d,0.6252,0.0000,300.0000,d)rotateFromBiaxial(d,0.6252,0.0000,d)nonlinear(6,0.0000,0.0000,1.2531,d)linear(0,0,0,4.2348,d)rotateIntoBiaxial(d,40.3258,0.0000,d)nonlinear(d,40.3258,0.0000,100.0000,d)rotateFromBiaxial(d,40.3258,0.0000,d)rotate(179.0111)rotateIntoBiaxial(d,139.7099,0.0000,d)nonlinear(d,139.7099,0.0000,300.0000,d)rotateFromBiaxial(d,139.7099,0.0000,d)nonlinear(6,0.0000,0.0000,27.7613,d)linear(0,0,0,13.8902,d)rotate(-65.4069)rotateIntoBiaxial(d,2.1158,0.0000,d)nonlinear(d,2.1158,0.0000,50.0000,d)rotateFromBiaxial(d,2.1158,0.0000,d)nonlinear(6,0.0000,0.0000,5.0348,d)linear(0,0,0,227.6966,d)rotate(7.1476)nonlinear(6,0.0000,0.0000,3.1466,d)linear(0,0,0,90.0371,d)rotate(-22.2173)rotateIntoBiaxial(d,1.2643,0.0000,d)nonlinear(d,1.2643,0.0000,31.2250,d)rotateFromBiaxial(d,1.2643,0.0000,d)nonlinear(6,0.0000,0.0000,10.0638,d)linear(0,0,0,164.9768,d)
24242,0,40,27.4136,27.3160,init()rotateIntoBiaxial(d,0.4172,0.0000,d)nonlinear(d,0.4172,0.0000,300.0000,d)rotateFromBiaxial(d,0.4172,0.0000,d)nonlinear(6,0.0000,0.0000,1.0203,d)rotateIntoBiaxial(d,40.5744,0.0000,d)nonlinear(d,40.5744,0.0000,100.0000,d)rotateFromBiaxial(d,40.5744,0.0000,d)rotate(179.8188)rotateIntoBiaxial(d,139.8029,0.0000,d)nonlinear(d,139.8029,0.0000,300.0000,d)rotateFromBiaxial(d,139.8029,0.0000,d)nonlinear(6,0.0000,0.0000,31.3776,d)linear(0,0,0,133.3713,d)rotate(-73.9921)rotateIntoBiaxial(d,1.8070,0.0000,d)nonlinear(d,1.8070,0.0000,50.0000,d)rotateFromBiaxial(d,1.8070,0.0000,d)nonlinear(6,0.0000,0.0000,4.8468,d)linear(0,0,0,300.7423,d)rotate(6.3581)nonlinear(6,0.0000,0.0000,1.5978,d)linear(0,0,0,107.2585,d)rotate(-6.9956)rotateIntoBiaxial(d,1.0458,0.0000,d)nonlinear(d,1.0458,0.0000,45.3513,d)rotateFromBiaxial(d,1.0458,0.0000,d)linear(0,0,0,279.3223,d)
24288,0,40,27.2152,27.3160,init()rotateIntoBiaxial(d,0.2328,0.0000,d)nonlinear(d,0.2328,0.0000,300.0000,d)rotateFromBiaxial(d,0.2328,0.0000,d)nonlinear(6,0.0000,0.0000,2.5143,d)rotateIntoBiaxial(d,40.3580,0.0000,d)nonlinear(d,40.3580,0.0000,100.0000,d)rotateFromBiaxial(d,40.3580,0.0000,d)rotate(179.8268)rotateIntoBiaxial(d,139.7243,0.0000,d)nonlinear(d,139.7243,0.0000,300.0000,d)rotateFromBiaxial(d,139.7243,0.0000,d)nonlinear(6,0.0000,0.0000,39.0806,d)linear(0,0,0,5.1816,d)rotate(-62.6415)rotateIntoBiaxial(d,5.4283,0.0000,d)nonlinear(d,5.4283,0.0000,50.0000,d)rotateFromBiaxial(d,5.4283,0.0000,d)nonlinear(6,0.0000,0.0000,7.3728,d)linear(0,0,0,265.7699,d)rotate(10.6737)nonlinear(6,0.0000,0.0000,0.7129,d)linear(0,0,0,85.6699,d)rotate(-33.3045)rotateIntoBiaxial(d,4.1138,0.0000,d)nonlinear(d,4.1138,0.0000,40.6627,d)rotateFromBiaxial(d,4.1138,0.0000,d)nonlinear(6,0.0000,0.0000,11.5299,d)linear(0,0,0,175.8805,d)
24334,0,40,26.9461,27.3160,init()rotateIntoBiaxial(d,0.7222,0.0000,d)nonlinear(d,0.7222,0.0000,300.0000,d)rotateFromBiaxial(d,0.7222,0.0000,d)nonlinear(6,0.0000,0.0000,2.2195,d)linear(0,0,0,8.0384,d)rotateIntoBiaxial(d,40.4622,0.0000,d)nonlinear(d,40.4622,0.0000,100.0000,d)rotateFromBiaxial(d,40.4622,0.0000,d)rotate(179.9914)rotateIntoBiaxial(d,139.7783,0.0000,d)nonlinear(d,139.7783,0.0000,300.0000,d)rotateFromBiaxial(d,139.7783,0.0000,d)nonlinear(6,0.0000,0.0000,26.3575,d)linear(0,0,0,15.9621,d)rotate(-65.2077)rotateIntoBiaxial(d,2.7669,0.0000,d)nonlinear(d,2.7669,0.0000,50.0000,d)rotateFromBiaxial(d,2.7669,0.0000,d)nonlinear(6,0.0000,0.0000,11.4448,d)linear(0,0,0,229.4796,d)rotate(18.7575)nonlinear(6,0.0000,0.0000,1.6101,d)linear(0,0,0,135.2834,d)rotate(-13.1398)rotateIntoBiaxial(d,2.2839,0.0000,d)nonlinear(d,2.2839,0.0000,41.7928,d)rotateFromBiaxial(d,2.2839,0.0000,d)nonlinear(6,0.0000,0.0000,5.1467,d)linear(0,0,0,197.4408,d)
24380,0,40,27.4199,27.3160,init()rotateIntoBiaxial(d,0.1663,0.0000,d)nonlinear(d,0.1663,0.0000,300.0000,d)rotateFromBiaxial(d,0.1663,0.0000,d)nonlinear(6,0.0000,0.0000,0.6071,d)rotateIntoBiaxial(d,40.6225,0.0000,d)nonlinear(d,40.6225,0.0000,100.0000,d)rotateFromBiaxial(d,40.6225,0.0000,d)rotate(179.8777)rotateIntoBiaxial(d,139.7761,0.0000,d)nonlinear(d,139.7761,0.0000,300.0000,d)rotateFromBiaxial(d,139.7761,0.0000,d)nonlinear(6,0.0000,0.0000,52.5850,d)rotate(-70.0931)rotateIntoBiaxial(d,4.1000,0.0000,d)nonlinear(d,4.1000,0.0000,50.0000,d)rotateFromBiaxial(d,4.1000,0.0000,d)nonlinear(6,0.0000,0.0000,3.7026,d)linear(0,0,0,244.7522,d)rotate(12.4763)nonlinear(6,0.0000,0.0000,1.3968,d)rotate(-11.6451)rotateIntoBiaxial(d,4.8086,0.0000,d)nonlinear(d,4.8086,0.0000,30.6373,d)rotateFromBiaxial(d,4.8086,0.0000,d)nonlinear(6,0.0000,0.0000,2.6383,d)linear(0,0,0,174.9388,d)
24426,0,40,26.9044,27.3160,init()rotateIntoBiaxial(d,0.6782,0.0000,d)nonlinear(d,0.6782,0.0000,300.0000,d)rotateFromBiaxial(d,0.6782,0.0000,d)nonlinear(6,0.0000,0.0000,4.3694,d)rotateIntoBiaxial(d,40.3870,0.0000,d)nonlinear(d,40.3870,0.0000,100.0000,d)rotateFromBiaxial(d,40.3870,0.0000,d)rotate(179.3414)rotateIntoBiaxial(d,139.7530,0.0000,d)nonlinear(d,139.7530,0.0000,300.0000,d)rotateFromBiaxial(d,139.7530,0.0000,d)nonlinear(6,0.0000,0.0000,48.6907,d)linear(0,0,0,182.1159,d)rotate(-64.7391)rotateIntoBiaxial(d,0.3348,0.0000,d)nonlinear(d,0.3348,0.0000,50.0000,d)rotateFromBiaxial(d,0.3348,0.0000,d)nonlinear(6,0.0000,0.0000,3.6562,d)linear(0,0,0,246.0570,d)rotate(5.6744)nonlinear(6,0.0000,0.0000,9.1825,d)rotate(-27.1740)rotateIntoBiaxial(d,0.0025,0.0000,d)nonlinear(d,0.0025,0.0000,36.0111,d)rotateFromBiaxial(d,0.0025,0.0000,d)linear(0,0,0,176.6861,d)
24472,0,40,26.9901,27.3160,init()rotateIntoBiaxial(d,0.7901,0.0000,d)nonlinear(d,0.7901,0.0000,300.0000,d)rotateFromBiaxial(d,0.7901,0.0000,d)nonlinear(6,0.0000,0.0000,0.2166,d)linear(0,0,0,8.6760,d)rotateIntoBiaxial(d,40.5542,0.0000,d)nonlinear(d,40.5542,0.0000,100.0000,d)rotateFromBiaxial(d,40.5542,0.0000,d)linear(0,0,0,4.0743,d)rotate(178.8717)rotateIntoBiaxial(d,139.7684,0.0000,d)nonlinear(d,139.7684,0.0000,300.0000,d)rotateFromBiaxial(d,139.7684,0.0000,d)nonlinear(6,0.0000,0.0000,42.5167,d)linear(0,0,0,49.3158,d)rotate(-67.2849)rotateIntoBiaxial(d,1.7920,0.0000,d)nonlinear(d,1.7920,0.0000,50.0000,d)rotateFromBiaxial(d,1.7920,0.0000,d)nonlinear(6,0.0000,0.0000,6.2202,d)linear(0,0,0,250.3557,d)rotate(17.8330)nonlinear(6,0.0000,0.0000,5.1993,d)linear(0,0,0,42.9218,d)rotate(-10.8311)rotateIntoBiaxial(d,6.3578,0.0000,d)nonlinear(d,6.3578,0.0000,37.2409,d)rotateFromBiaxial(d,6.3578,0.0000,d)nonlinear(6,0.0000,0.0000,3.1567,d)linear(0,0,0,125.7515,d)rotate(-0.2437)
24518,0,40,27.1450,27.3160,init()rotateIntoBiaxial(d,1.1084,0.0000,d)nonlinear(d,1.1084,0.0000,300.0000,d)rotateFromBiaxial(d,1.1084,0.0000,d)nonlinear(6,0.0000,0.0000,2.4248,d)rotateIntoBiaxial(d,40.4439,0.0000,d)nonlinear(d,40.4439,0.0000,100.0000,d)rotateFromBiaxial(d,40.4439,0.0000,d)rotate(179.9954)rotateIntoBiaxial(d,139.7391,0.0000,d)nonlinear(d,139.7391,0.0000,300.0000,d)rotateFromBiaxial(d,139.7391,0.0000,d)nonlinear(6,0.0000,0.0000,46.7197,d)linear(0,0,0,240.0709,d)rotate(-67.0245)rotateIntoBiaxial(d,3.0016,0.0000,d)nonlinear(d,3.0016,0.0000,50.0000,d)rotateFromBiaxial(d,3.0016,0.0000,d)nonlinear(6,0.0000,0.0000,2.5942,d)linear(0,0,0,282.1020,d)rotate(21.9990)nonlinear(6,0.0000,0.0000,16.7438,d)rotate(-8.7477)rotateIntoBiaxial(d,4.4439,0.0000,d)nonlinear(d,4.4439,0.0000,40.8471,d)rotateFromBiaxial(d,4.4439,0.0000,d)nonlinear(6,0.0000,0.0000,2.0815,d)linear(0,0,0,145.8586,d)
24564,0,40,26.9610,27.3160,init()rotateIntoBiaxial(d,0.1998,0.0000,d)nonlinear(d,0.1998,0.0000,300.0000,d)rotateFromBiaxial(d,0.1998,0.0000,d)nonlinear(6,0.0000,0.0000,7.2625,d)rotateIntoBiaxial(d,40.4022,0.0000,d)nonlinear(d,40.4022,0.0000,100.0000,d)rotateFromBiaxial(d,40.4022,0.0000,d)rotate(179.0256)rotateIntoBiaxial(d,139.6983,0.0000,d)nonlinear(d,139.6983,0.0000,300.0000,d)rotateFromBiaxial(d,139.6983,0.0000,d)nonlinear(6,0.0000,0.0000,40.5575,d)linear(0,0,0,54.2916,d)rotate(-64.3396)rotateIntoBiaxial(d,2.1083,0.0000,d)nonlinear(d,2.1083,0.0000,50.0000,d)rotateFromBiaxial(d,2.1083,0.0000,d)nonlinear(6,0.0000,0.0000,4.7524,d)linear(0,0,0,160.7053,d)rotate(17.2650)nonlinear(6,0.0000,0.0000,4.2983,d)rotate(-3.5795)rotateIntoBiaxial(d,3.6759,0.0000,d)nonlinear(d,3.6759,0.0000,34.5091,d)rotateFromBiaxial(d,3.6759,0.0000,d)linear(0,0,0,168.2953,d)
24610,0,40,26.8710,27.3160,init()rotateIntoBiaxial(d,1.0061,0.0000,d)nonlinear(d,1.0061,0.0000,300.0000,d)rotateFromBiaxial(d,1.0061,0.0000,d)nonlinear(6,0.0000,0.0000,0.9806,d)rotateIntoBiaxial(d,40.1749,0.0000,d)nonlinear(d,40.1749,0.0000,100.0000,d)rotateFromBiaxial(d,40.1749,0.0000,d)rotate(179.8395)rotateIntoBiaxial(d,139.7288,0.0000,d)nonlinear(d,139.7288,0.0000,300.0000,d)rotateFromBiaxial(d,139.7288,0.0000,d)nonlinear(6,0.0000,0.0000,34.8325,d)linear(0,0,0,115.0003,d)rotate(-67.2404)rotateIntoBiaxial(d,0.5093,0.0000,d)nonlinear(d,0.5093,0.0000,50.0000,d)rotateFromBiaxial(d,0.5093,0.0000,d)nonlinear(6,0.0000,0.0000,1.7320,d)linear(0,0,0,302.9796,d)rotate(12.5232)nonlinear(6,0.0000,0.0000,5.4142,d)rotate(-14.4735)rotateIntoBiaxial(d,5.5183,0.0000,d)nonlinear(d,5.5183,0.0000,43.5521,d)rotateFromBiaxial(d,5.5183,0.0000,d)linear(0,0,0,121.3881,d)rotate(-0.0050)
24656,0,40,27.1535,27.3160,init()rotateIntoBiaxial(d,0.1418,0.0000,d)nonlinear(d,0.1418,0.0000,300.0000,d)rotateFromBiaxial(d,0.1418,0.0000,d)nonlinear(6,0.0000,0.0000,1.9666,d)rotateIntoBiaxial(d,40.2842,0.0000,d)nonlinear(d,40.2842,0.0000,100.0000,d)rotateFromBiaxial(d,40.2842,0.0000,d)rotate(179.9508)rotateIntoBiaxial(d,139.6963,0.0000,d)nonlinear(d,139.6963,0.0000,300.0000,d)rotateFromBiaxial(d,139.6963,0.0000,d)nonlinear(6,0.0000,0.0000,28.8033,d)linear(0,0,0,114.1174,d)rotate(-62.4377)rotateIntoBiaxial(d,1.8558,0.0000,d)nonlinear(d,1.8558,0.0000,50.0000,d)rotateFromBiaxial(d,1.8558,0.0000,d)nonlinear(6,0.0000,0.0000,9.3493,d)linear(0,0,0,358.7023,d)rotate(10.3710)nonlinear(6,0.0000,0.0000,4.5469,d)linear(0,0,0,10.4590,d)rotate(-8.3103)rotateIntoBiaxial(d,3.9313,0.0000,d)nonlinear(d,3.9313,0.0000,35.8257,d)rotateFromBiaxial(d,3.9313,0.0000,d)nonlinear(6,0.0000,0.0000,13.8213,d)linear(0,0,0,174.9974,d)rotate(0.0001)
24702,0,40,27.3735,27.3160,init()rotateIntoBiaxial(d,0.0894,0.0000,d)nonlinear(d,0.0894,0.0000,300.0000,d)rotateFromBiaxial(d,0.0894,0.0000,d)nonlinear(6,0.0000,0.0000,2.8403,d)rotateIntoBiaxial(d,40.5243,0.0000,d)nonlinear(d,40.5243,0.0000,100.0000,d)rotateFromBiaxial(d,40.5243,0.0000,d)rotate(179.9456)rotateIntoBiaxial(d,139.7514,0.0000,d)nonlinear(d,139.7514,0.0000,300.0000,d)rotateFromBiaxial(d,139.7514,0.0000,d)nonlinear(6,0.0000,0.0000,27.0069,d)linear(0,0,0,116.9032,d)rotate(-63.5357)rotateIntoBiaxial(d,0.0264,0.0000,d)nonlinear(d,0.0264,0.0000,50.0000,d)rotateFromBiaxial(d,0.0264,0.0000,d)nonlinear(6,0.0000,0.0000,1.5884,d)linear(0,0,0,245.8867,d)rotate(17.7596)nonlinear(6,0.0000,0.0000,18.1195,d)rotate(-18.2708)rotateIntoBiaxial(d,6.3271,0.0000,d)nonlinear(d,6.3271,0.0000,31.3913,d)rotateFromBiaxial(d,6.3271,0.0000,d)nonlinear(6,0.0000,0.0000,7.4910,d)linear(0,0,0,103.4722,d)
24748,0,40,27.2966,27.3160,init()rotateIntoBiaxial(d,0.9190,0.0000,d)nonlinear(d,0.9190,0.0000,300.0000,d)rotateFromBiaxial(d,0.9190,0.0000,d)nonlinear(6,0.0000,0.0000,1.4778,d)rotateIntoBiaxial(d,40.5551,0.0000,d)nonlinear(d,40.5551,0.0000,100.0000,d)rotateFromBiaxial(d,40.5551,0.0000,d)rotate(178.9911)rotateIntoBiaxial(d,139.7473,0.0000,d)nonlinear(d,139.7473,0.0000,300.0000,d)rotateFromBiaxial(d,139.7473,0.0000,d)nonlinear(6,0.0000,0.0000,50.0653,d)rotate(-67.8413)rotateIntoBiaxial(d,0.8858,0.0000,d)nonlinear(d,0.8858,0.0000,50.0000,d)rotateFromBiaxial(d,0.8858,0.0000,d)nonlinear(6,0.0000,0.0000,8.6431,d)linear(0,0,0,242.4640,d)rotate(15.6348)nonlinear(6,0.0000,0.0000,13.1003,d)rotate(-25.5014)rotateIntoBiaxial(d,2.1162,0.0000,d)nonlinear(d,2.1162,0.0000,41.3699,d)rotateFromBiaxial(d,2.1162,0.0000,d)nonlinear(6,0.0000,0.0000,1.2427,d)linear(0,0,0,157.5229,d)
24794,0,40,27.0840,27.3160,init()rotateIntoBiaxial(d,0.2085,0.0000,d)nonlinear(d,0.2085,0.0000,300.0000,d)rotateFromBiaxial(d,0.2085,0.0000,d)nonlinear(6,0.0000,0.0000,5.1196,d)rotateIntoBiaxial(d,40.4436,0.0000,d)nonlinear(d,40.4436,0.0000,100.0000,d)rotateFromBiaxial(d,40.4436,0.0000,d)rotate(179.9390)rotateIntoBiaxial(d,139.7700,0.0000,d)nonlinear(d,139.7700,0.0000,300.0000,d)rotateFromBiaxial(d,139.7700,0.0000,d)nonlinear(6,0.0000,0.0000,35.2401,d)linear(0,0,0,7.4347,d)rotate(-67.5228)rotateIntoBiaxial(d,3.9510,0.0000,d)nonlinear(d,3.9510,0.0000,50.0000,d)rotateFromBiaxial(d,3.9510,0.0000,d)nonlinear(6,0.0000,0.0000,0.7504,d)linear(0,0,0,229.6211,d)rotate(8.1893)nonlinear(6,0.0000,0.0000,13.5088,d)rotate(-21.8167)rotateIntoBiaxial(d,3.1643,0.0000,d)nonlinear(d,3.1643,0.0000,44.2503,d)rotateFromBiaxial(d,3.1643,0.0000,d)linear(0,0,0,157.1032,d)
24840,0,40,27.3786,27.3786,init()rotateIntoBiaxial(d,0.2931,0.0000,d)nonlinear(d,0.2931,0.0000,300.0000,d)rotateFromBiaxial(d,0.2931,0.0000,d)nonlinear(6,0.0000,0.0000,0.7944,d)rotateIntoBiaxial(d,40.4371,0.0000,d)nonlinear(d,40.4371,0.0000,100.0000,d)rotateFromBiaxial(d,40.4371,0.0000,d)rotate(179.3648)rotateIntoBiaxial(d,139.7597,0.0000,d)nonlinear(d,139.7597,0.0000,300.0000,d)rotateFromBiaxial(d,139.7597,0.0000,d)nonlinear(6,0.0000,0.0000,27.4338,d)linear(0,0,0,57.6098,d)rotate(-67.8192)rotateIntoBiaxial(d,3.0404,0.0000,d)nonlinear(d,3.0404,0.0000,50.0000,d)rotateFromBiaxial(d,3.0404,0.0000,d)nonlinear(6,0.0000,0.0000,11.1216,d)linear(0,0,0,276.3328,d)rotate(10.1361)nonlinear(6,0.0000,0.0000,13.1550,d)rotate(-6.7450)rotateIntoBiaxial(d,2.9521,0.0000,d)nonlinear(d,2.9521,0.0000,22.8106,d)rotateFromBiaxial(d,2.9521,0.0000,d)nonlinear(6,0.0000,0.0000,14.0693,d)linear(0,0,0,45.2148,d)rotate(-0.1012)
24886,0,40,26.9441,27.3786,init()rotateIntoBiaxial(d,0.0047,0.0000,d)nonlinear(d,0.0047,0.0000,300.0000,d)rotateFromBiaxial(d,0.0047,0.0000,d)nonlinear(6,0.0000,0.0000,4.8742,d)linear(0,0,0,0.6950,d)rotateIntoBiaxial(d,40.4641,0.0000,d)nonlinear(d,40.4641,0.0000,100.0000,d)rotateFromBiaxial(d,40.4641,0.0000,d)rotate(179.9874)rotateIntoBiaxial(d,139.7816,0.0000,d)nonlinear(d,139.7816,0.0000,300.0000,d)rotateFromBiaxial(d,139.7816,0.0000,d)nonlinear(6,0.0000,0.0000,37.6200,d)linear(0,0,0,92.8457,d)rotate(-70.8460)rotateIntoBiaxial(d,1.2719,0.0000,d)nonlinear(d,1.2719,0.0000,50.0000,d)rotateFromBiaxial(d,1.2719,0.0000,d)nonlinear(6,0.0000,0.0000,7.0174,d)linear(0,0,0,340.2065,d)rotate(11.6671)nonlinear(6,0.0000,0.0000,12.7374,d)rotate(-31.9097)rotateIntoBiaxial(d,2.8638,0.0000,d)nonlinear(d,2.8638,0.0000,37.3205,d)rotateFromBiaxial(d,2.8638,0.0000,d)nonlinear(6,0.0000,0.0000,3.7096,d)linear(0,0,0,81.8416,d)
24932,0,40,27.1935,27.3786,init()rotateIntoBiaxial(d,1.1366,0.0000,d)nonlinear(d,1.1366,0.0000,300.0000,d)rotateFromBiaxial(d,1.1366,0.0000,d)nonlinear(6,0.0000,0.0000,0.4815,d)linear(0,0,0,0.9226,d)rotateIntoBiaxial(d,40.3709,0.0000,d)nonlinear(d,40.3709,0.0000,100.0000,d)rotateFromBiaxial(d,40.3709,0.0000,d)rotate(178.5282)rotateIntoBiaxial(d,139.7415,0.0000,d)nonlinear(d,139.7415,0.0000,300.0000,d)rotateFromBiaxial(d,139.7415,0.0000,d)nonlinear(6,0.0000,0.0000,42.1612,d)linear(0,0,0,88.8972,d)rotate(-67.5402)rotateIntoBiaxial(d,2.8905,0.0000,d)nonlinear(d,2.8905,0.0000,50.0000,d)rotateFromBiaxial(d,2.8905,0.0000,d)nonlinear(6,0.0000,0.0000,6.9518,d)linear(0,0,0,385.8350,d)rotate(7.2992)nonlinear(6,0.0000,0.0000,3.7413,d)rotate(-2.0692)rotateIntoBiaxial(d,1.5551,0.0000,d)nonlinear(d,1.5551,0.0000,33.3174,d)rotateFromBiaxial(d,1.5551,0.0000,d)nonlinear(6,0.0000,0.0000,5.4438,d)linear(0,0,0,48.2983,d)
24978,0,40,27.1164,27.3786,init()rotateIntoBiaxial(d,1.0247,0.0000,d)nonlinear(d,1.0247,0.0000,300.0000,d)rotateFromBiaxial(d,1.0247,0.0000,d)nonlinear(6,0.0000,0.0000,6.5933,d)linear(0,0,0,0.6296,d)rotateIntoBiaxial(d,40.5719,0.0000,d)nonlinear(d,40.5719,0.0000,100.0000,d)rotateFromBiaxial(d,40.5719,0.0000,d)rotate(179.3927)rotateIntoBiaxial(d,139.7758,0.0000,d)nonlinear(d,139.7758,0.0000,300.0000,d)rotateFromBiaxial(d,139.7758,0.0000,d)nonlinear(6,0.0000,0.0000,36.6339,d)rotate(-69.2670)rotateIntoBiaxial(d,3.3535,0.0000,d)nonlinear(d,3.3535,0.0000,50.0000,d)rotateFromBiaxial(d,3.3535,0.0000,d)nonlinear(6,0.0000,0.0000,1.9883,d)linear(0,0,0,275.9473,d)rotate(11.1601)nonlinear(6,0.0000,0.0000,3.9011,d)rotate(-15.7706)rotateIntoBiaxial(d,4.5502,0.0000,d)nonlinear(d,4.5502,0.0000,39.0013,d)rotateFromBiaxial(d,4.5502,0.0000,d)nonlinear(6,0.0000,0.0000,4.8753,d)linear(0,0,0,146.1503,d)
25024,0,40,27.2138,27.3786,init()rotateIntoBiaxial(d,1.4089,0.0000,d)nonlinear(d,1.4089,0.0000,300.0000,d)rotateFromBiaxial(d,1.4089,0.0000,d)nonlinear(6,0.0000,0.0000,3.7847,d)rotateIntoBiaxial(d,40.5181,0.0000,d)nonlinear(d,40.5181,0.0000,100.0000,d)rotateFromBiaxial(d,40.5181,0.0000,d)rotate(179.7909)rotateIntoBiaxial(d,139.7484,0.0000,d)nonlinear(d,139.7484,0.0000,300.0000,d)rotateFromBiaxial(d,139.7484,0.0000,d)nonlinear(6,0.0000,0.0000,30.5088,d)linear(0,0,0,44.9419,d)rotate(-66.7180)rotateIntoBiaxial(d,5.5626,0.0000,d)nonlinear(d,5.5626,0.0000,50.0000,d)rotateFromBiaxial(d,5.5626,0.0000,d)nonlinear(6,0.0000,0.0000,0.1139,d)linear(0,0,0,311.0262,d)rotate(11.9017)nonlinear(6,0.0000,0.0000,9.0076,d)linear(0,0,0,60.2638,d)rotate(-12.3202)rotateIntoBiaxial(d,2.4287,0.0000,d)nonlinear(d,2.4287,0.0000,29.6294,d)rotateFromBiaxial(d,2.4287,0.0000,d)nonlinear(6,0.0000,0.0000,13.3134,d)linear(0,0,0,97.0910,d)
25070,0,40,27.3351,27.3786,init()rotateIntoBiaxial(d,0.7235,0.0000,d)nonlinear(d,0.7235,0.0000,300.0000,d)rotateFromBiaxial(d,0.7235,0.0000,d)nonlinear(6,0.0000,0.0000,1.8584,d)rotateIntoBiaxial(d,40.4435,0.0000,d)nonlinear(d,40.4435,0.0000,100.0000,d)rotateFromBiaxial(d,40.4435,0.0000,d)rotate(179.9625)rotateIntoBiaxial(d,139.7673,0.0000,d)nonlinear(d,139.7673,0.0000,300.0000,d)rotateFromBiaxial(d,139.7673,0.0000,d)nonlinear(6,0.0000,0.0000,28.3606,d)rotate(-74.7709)rotateIntoBiaxial(d,4.1097,0.0000,d)nonlinear(d,4.1097,0.0000,50.0000,d)rotateFromBiaxial(d,4.1097,0.0000,d)nonlinear(6,0.0000,0.0000,4.0179,d)linear(0,0,0,277.6363,d)rotate(13.1654)nonlinear(6,0.0000,0.0000,6.2994,d)rotate(-18.1225)rotateIntoBiaxial(d,6.1184,0.0000,d)nonlinear(d,6.1184,0.0000,37.7937,d)rotateFromBiaxial(d,6.1184,0.0000,d)nonlinear(6,0.0000,0.0000,2.8628,d)linear(0,0,0,99.8170,d)
25116,0,40,27.2260,27.3786,init()rotateIntoBiaxial(d,0.0599,0.0000,d)nonlinear(d,0.0599,0.0000,300.0000,d)rotateFromBiaxial(d,0.0599,0.0000,d)nonlinear(6,0.0000,0.0000,0.2462,d)linear(0,0,0,2.2870,d)rotateIntoBiaxial(d,40.4705,0.0000,d)nonlinear(d,40.4705,0.0000,100.0000,d)rotateFromBiaxial(d,40.4705,0.0000,d)rotate(179.7134)rotateIntoBiaxial(d,139.7827,0.0000,d)nonlinear(d,139.7827,0.0000,300.0000,d)rotateFromBiaxial(d,139.7827,0.0000,d)nonlinear(6,0.0000,0.0000,37.8346,d)linear(0,0,0,129.6607,d)rotate(-77.8949)rotateIntoBiaxial(d,2.4305,0.0000,d)nonlinear(d,2.4305,0.0000,50.0000,d)rotateFromBiaxial(d,2.4305,0.0000,d)nonlinear(6,0.0000,0.0000,5.6924,d)linear(0,0,0,330.0886,d)rotate(13.6202)nonlinear(6,0.0000,0.0000,1.8372,d)linear(0,0,0,97.4276,d)rotate(-15.3411)rotateIntoBiaxial(d,4.8480,0.0000,d)nonlinear(d,4.8480,0.0000,36.0939,d)rotateFromBiaxial(d,4.8480,0.0000,d)nonlinear(6,0.0000,0.0000,8.0767,d)linear(0,0,0,126.9499,d)
25162,0,40,27.5088,27.3786,init()rotateIntoBiaxial(d,0.0012,0.0000,d)nonlinear(d,0.0012,0.0000,300.0000,d)rotateFromBiaxial(d,0.0012,0.0000,d)nonlinear(6,0.0000,0.0000,0.5890,d)rotateIntoBiaxial(d,40.4991,0.0000,d)nonlinear(d,40.4991,0.0000,100.0000,d)rotateFromBiaxial(d,40.4991,0.0000,d)rotate(179.2183)rotateIntoBiaxial(d,139.7259,0.0000,d)nonlinear(d,139.7259,0.0000,300.0000,d)rotateFromBiaxial(d,139.7259,0.0000,d)nonlinear(6,0.0000,0.0000,28.3988,d)linear(0,0,0,49.5310,d)rotate(-69.8273)rotateIntoBiaxial(d,2.0966,0.0000,d)nonlinear(d,2.0966,0.0000,50.0000,d)rotateFromBiaxial(d,2.0966,0.0000,d)nonlinear(6,0.0000,0.0000,13.2027,d)linear(0,0,0,327.8689,d)rotate(12.6444)nonlinear(6,0.0000,0.0000,1.3945,d)linear(0,0,0,160.9295,d)rotate(-24.0243)rotateIntoBiaxial(d,4.2587,0.0000,d)nonlinear(d,4.2587,0.0000,35.1626,d)rotateFromBiaxial(d,4.2587,0.0000,d)nonlinear(6,0.0000,0.0000,4.3612,d)linear(0,0,0,18.2997,d)
25208,0,40,27.4986,27.3786,init()rotateIntoBiaxial(d,0.3926,0.0000,d)nonlinear(d,0.3926,0.0000,300.0000,d)rotateFromBiaxial(d,0.3926,0.0000,d)nonlinear(6,0.0000,0.0000,1.0274,d)rotateIntoBiaxial(d,40.5635,0.0000,d)nonlinear(d,40.5635,0.0000,100.0000,d)rotateFromBiaxial(d,40.5635,0.0000,d)rotate(179.7426)rotateIntoBiaxial(d,139.6852,0.0000,d)nonlinear(d,139.6852,0.0000,300.0000,d)rotateFromBiaxial(d,139.6852,0.0000,d)nonlinear(6,0.0000,0.0000,28.0203,d)linear(0,0,0,72.3859,d)rotate(-66.2581)rotateIntoBiaxial(d,2.7385,0.0000,d)nonlinear(d,2.7385,0.0000,50.0000,d)rotateFromBiaxial(d,2.7385,0.0000,d)nonlinear(6,0.0000,0.0000,0.0015,d)linear(0,0,0,255.5553,d)rotate(16.8278)nonlinear(6,0.0000,0.0000,7.5747,d)rotate(-22.2183)rotateIntoBiaxial(d,4.2983,0.0000,d)nonlinear(d,4.2983,0.0000,41.2273,d)rotateFromBiaxial(d,4.2983,0.0000,d)nonlinear(6,0.0000,0.0000,8.8051,d)linear(0,0,0,9.4198,d)
25254,0,40,27.4451,27.3786,init()rotateIntoBiaxial(d,0.2198,0.0000,d)nonlinear(d,0.2198,0.0000,300.0000,d)rotateFromBiaxial(d,0.2198,0.0000,d)nonlinear(6,0.0000,0.0000,0.5616,d)rotateIntoBiaxial(d,40.3847,0.0000,d)nonlinear(d,40.3847,0.0000,100.0000,d)rotateFromBiaxial(d,40.3847,0.0000,d)rotate(179.9728)rotateIntoBiaxial(d,139.6995,0.0000,d)nonlinear(d,139.6995,0.0000,300.0000,d)rotateFromBiaxial(d,139.6995,0.0000,d)nonlinear(6,0.0000,0.0000,32.0758,d)rotate(-70.9482)rotateIntoBiaxial(d,3.2390,0.0000,d)nonlinear(d,3.2390,0.0000,50.0000,d)rotateFromBiaxial(d,3.2390,0.0000,d)nonlinear(6,0.0000,0.0000,4.5109,d)linear(0,0,0,350.9392,d)rotate(13.9474)nonlinear(6,0.0000,0.0000,5.3657,d)linear(0,0,0,26.4637,d)rotate(-11.7647)rotateIntoBiaxial(d,1.7310,0.0000,d)nonlinear(d,1.7310,0.0000,31.7283,d)rotateFromBiaxial(d,1.7310,0.0000,d)nonlinear(6,0.0000,0.0000,11.8063,d)linear(0,0,0,103.6352,d)
25300,0,40,26.8250,27.3786,init()rotateIntoBiaxial(d,0.4596,0.0000,d)nonlinear(d,0.4596,0.0000,300.0000,d)rotateFromBiaxial(d,0.4596,0.0000,d)nonlinear(6,0.0000,0.0000,2.8522,d)rotateIntoBiaxial(d,40.3987,0.0000,d)nonlinear(d,40.3987,0.0000,100.0000,d)rotateFromBiaxial(d,40.3987,0.0000,d)rotate(179.9095)rotateIntoBiaxial(d,139.8142,0.0000,d)nonlinear(d,139.8142,0.0000,300.0000,d)rotateFromBiaxial(d,139.8142,0.0000,d)nonlinear(6,0.0000,0.0000,20.1121,d)linear(0,0,0,40.9756,d)rotate(-68.2219)rotateIntoBiaxial(d,4.1862,0.0000,d)nonlinear(d,4.1862,0.0000,50.0000,d)rotateFromBiaxial(d,4.1862,0.0000,d)nonlinear(6,0.0000,0.0000,4.6636,d)linear(0,0,0,274.2074,d)rotate(6.8269)nonlinear(6,0.0000,0.0000,0.3206,d)rotate(-17.6120)rotateIntoBiaxial(d,2.7182,0.0000,d)nonlinear(d,2.7182,0.0000,32.1745,d)rotateFromBiaxial(d,2.7182,0.0000,d)nonlinear(6,0.0000,0.0000,1.0465,d)linear(0,0,0,2.6359,d)
25346,0,40,27.4403,27.3786,init()rotateIntoBiaxial(d,0.4744,0.0000,d)nonlinear(d,0.4744,0.0000,300.0000,d)rotateFromBiaxial(d,0.4744,0.0000,d)nonlinear(6,0.0000,0.0000,0.4715,d)rotateIntoBiaxial(d,40.5087,0.0000,d)nonlinear(d,40.5087,0.0000,100.0000,d)rotateFromBiaxial(d,40.5087,0.0000,d)rotate(179.4946)rotateIntoBiaxial(d,139.7842,0.0000,d)nonlinear(d,139.7842,0.0000,300.0000,d)rotateFromBiaxial(d,139.7842,0.0000,d)nonlinear(6,0.0000,0.0000,37.3216,d)linear(0,0,0,90.3439,d)rotate(-68.4872)rotateIntoBiaxial(d,2.6314,0.0000,d)nonlinear(d,2.6314,0.0000,50.0000,d)rotateFromBiaxial(d,2.6314,0.0000,d)nonlinear(6,0.0000,0.0000,9.0268,d)linear(0,0,0,331.5065,d)rotate(15.0065)nonlinear(6,0.0000,0.0000,2.0420,d)linear(0,0,0,138.9753,d)rotate(-14.0215)rotateIntoBiaxial(d,0.8337,0.0000,d)nonlinear(d,0.8337,0.0000,25.3804,d)rotateFromBiaxial(d,0.8337,0.0000,d)nonlinear(6,0.0000,0.0000,6.4936,d)linear(0,0,0,210.1843,d)
25392,0,40,27.3681,27.3786,init()rotateIntoBiaxial(d,0.9893,0.0000,d)nonlinear(d,0.9893,0.0000,300.0000,d)rotateFromBiaxial(d,0.9893,0.0000,d)nonlinear(6,0.0000,0.0000,2.4212,d)rotateIntoBiaxial(d,40.4989,0.0000,d)nonlinear(d,40.4989,0.0000,100.0000,d)rotateFromBiaxial(d,40.4989,0.0000,d)rotate(179.4957)rotateIntoBiaxial(d,139.7547,0.0000,d)nonlinear(d,139.7547,0.0000,300.0000,d)rotateFromBiaxial(d,139.7547,0.0000,d)nonlinear(6,0.0000,0.0000,34.5348,d)linear(0,0,0,73.5964,d)rotate(-71.1266)rotateIntoBiaxial(d,2.7425,0.0000,d)nonlinear(d,2.7425,0.0000,50.0000,d)rotateFromBiaxial(d,2.7425,0.0000,d)nonlinear(6,0.0000,0.0000,10.3574,d)linear(0,0,0,380.9672,d)rotate(10.9134)nonlinear(6,0.0000,0.0000,0.8666,d)linear(0,0,0,164.6860,d)rotate(-13.9916)rotateIntoBiaxial(d,0.0000,0.0000,d)nonlinear(d,0.0000,0.0000,35.6192,d)rotateFromBiaxial(d,0.0000,0.0000,d)nonlinear(6,0.0000,0.0000,4.8822,d)linear(0,0,0,136.9460,d)
25438,0,40,27.2541,27.3786,init()rotateIntoBiaxial(d,0.7233,0.0000,d)nonlinear(d,0.7233,0.0000,300.0000,d)rotateFromBiaxial(d,0.7233,0.0000,d)nonlinear(6,0.0000,0.0000,3.9912,d)rotateIntoBiaxial(d,40.4640,0.0000,d)nonlinear(d,40.4640,0.0000,100.0000,d)rotateFromBiaxial(d,40.4640,0.0000,d)rotate(179.4900)rotateIntoBiaxial(d,139.7396,0.0000,d)nonlinear(d,139.7396,0.0000,300.0000,d)rotateFromBiaxial(d,139.7396,0.0000,d)nonlinear(6,0.0000,0.0000,31.2733,d)linear(0,0,0,141.3887,d)rotate(-71.2650)rotateIntoBiaxial(d,4.2537,0.0000,d)nonlinear(d,4.2537,0.0000,50.0000,d)rotateFromBiaxial(d,4.2537,0.0000,d)nonlinear(6,0.0000,0.0000,12.0506,d)linear(0,0,0,417.5967,d)rotate(14.6597)linear(0,0,0,45.9086,d)rotate(-15.1931)rotateIntoBiaxial(d,0.0016,0.0000,d)nonlinear(d,0.0016,0.0000,29.5053,d)rotateFromBiaxial(d,0.0016,0.0000,d)nonlinear(6,0.0000,0.0000,8.6488,d)linear(0,0,0,223.9425,d)
25484,0,40,27.3512,27.3786,init()rotateIntoBiaxial(d,0.4603,0.0000,d)nonlinear(d,0.4603,0.0000,300.0000,d)rotateFromBiaxial(d,0.4603,0.0000,d)nonlinear(6,0.0000,0.0000,0.0606,d)rotateIntoBiaxial(d,40.3537,0.0000,d)nonlinear(d,40.3537,0.0000,100.0000,d)rotateFromBiaxial(d,40.3537,0.0000,d)rotate(178.8840)rotateIntoBiaxial(d,139.7013,0.0000,d)nonlinear(d,139.7013,0.0000,300.0000,d)rotateFromBiaxial(d,139.7013,0.0000,d)nonlinear(6,0.0000,0.0000,17.1531,d)linear(0,0,0,35.9477,d)rotate(-75.5184)rotateIntoBiaxial(d,3.1846,0.0000,d)nonlinear(d,3.1846,0.0000,50.0000,d)rotateFromBiaxial(d,3.1846,0.0000,d)nonlinear(6,0.0000,0.0000,4.6616,d)linear(0,0,0,364.9613,d)rotate(12.5168)nonlinear(6,0.0000,0.0000,2.4827,d)linear(0,0,0,50.6164,d)rotate(-17.2642)rotateIntoBiaxial(d,1.9995,0.0000,d)nonlinear(d,1.9995,0.0000,36.1691,d)rotateFromBiaxial(d,1.9995,0.0000,d)nonlinear(6,0.0000,0.0000,8.8157,d)linear(0,0,0,164.6334,d)
25530,0,40,27.4356,27.3786,init()rotateIntoBiaxial(d,0.5198,0.0000,d)nonlinear(d,0.5198,0.0000,300.0000,d)rotateFromBiaxial(d,0.5198,0.0000,d)nonlinear(6,0.0000,0.0000,2.5206,d)rotateIntoBiaxial(d,40.5268,0.0000,d)nonlinear(d,40.5268,0.0000,100.0000,d)rotateFromBiaxial(d,40.5268,0.0000,d)rotate(179.8195)rotateIntoBiaxial(d,139.7410,0.0000,d)nonlinear(d,139.7410,0.0000,300.0000,d)rotateFromBiaxial(d,139.7410,0.0000,d)nonlinear(6,0.0000,0.0000,19.4566,d)linear(0,0,0,102.8920,d)rotate(-72.9334)rotateIntoBiaxial(d,4.9028,0.0000,d)nonlinear(d,4.9028,0.0000,50.0000,d)rotateFromBiaxial(d,4.9028,0.0000,d)nonlinear(6,0.0000,0.0000,1.0233,d)linear(0,0,0,307.2748,d)rotate(11.0052)rotate(-3.7480)rotateIntoBiaxial(d,0.4399,0.0000,d)nonlinear(d,0.4399,0.0000,29.0599,d)rotateFromBiaxial(d,0.4399,0.0000,d)nonlinear(6,0.0000,0.0000,5.8762,d)linear(0,0,0,163.6540,d)
25576,0,40,27.1498,27.3786,init()rotateIntoBiaxial(d,0.3847,0.0000,d)nonlinear(d,0.3847,0.0000,300.0000,d)rotateFromBiaxial(d,0.3847,0.0000,d)nonlinear(6,0.0000,0.0000,1.2637,d)rotateIntoBiaxial(d,40.3792,0.0000,d)nonlinear(d,40.3792,0.0000,100.0000,d)rotateFromBiaxial(d,40.3792,0.0000,d)rotate(179.4399)rotateIntoBiaxial(d,139.7631,0.0000,d)nonlinear(d,139.7631,0.0000,300.0000,d)rotateFromBiaxial(d,139.7631,0.0000,d)nonlinear(6,0.0000,0.0000,19.8577,d)rotate(-65.5097)rotateIntoBiaxial(d,0.9698,0.0000,d)nonlinear(d,0.9698,0.0000,50.0000,d)rotateFromBiaxial(d,0.9698,0.0000,d)nonlinear(6,0.0000,0.0000,2.6128,d)linear(0,0,0,354.4217,d)rotate(14.7296)nonlinear(6,0.0000,0.0000,4.7614,d)linear(0,0,0,72.4391,d)rotate(-10.2187)rotateIntoBiaxial(d,4.8260,0.0000,d)nonlinear(d,4.8260,0.0000,23.4245,d)rotateFromBiaxial(d,4.8260,0.0000,d)nonlinear(6,0.0000,0.0000,2.9380,d)linear(0,0,0,73.1433,d)
25622,0,40,27.4450,27.3786,init()rotateIntoBiaxial(d,0.5660,0.0000,d)nonlinear(d,0.5660,0.0000,300.0000,d)rotateFromBiaxial(d,0.5660,0.0000,d)nonlinear(6,0.0000,0.0000,0.9467,d)rotateIntoBiaxial(d,40.5325,0.0000,d)nonlinear(d,40.5325,0.0000,100.0000,d)rotateFromBiaxial(d,40.5325,0.0000,d)rotate(178.4618)rotateIntoBiaxial(d,139.7003,0.0000,d)nonlinear(d,139.7003,0.0000,300.0000,d)rotateFromBiaxial(d,139.7003,0.0000,d)nonlinear(6,0.0000,0.0000,19.7451,d)rotate(-75.8864)rotateIntoBiaxial(d,2.9650,0.0000,d)nonlinear(d,2.9650,0.0000,50.0000,d)rotateFromBiaxial(d,2.9650,0.0000,d)nonlinear(6,0.0000,0.0000,11.7841,d)linear(0,0,0,275.8778,d)rotate(8.9158)nonlinear(6,0.0000,0.0000,0.1399,d)linear(0,0,0,32.5528,d)rotate(-15.5682)rotateIntoBiaxial(d,8.2789,0.0000,d)nonlinear(d,8.2789,0.0000,19.2907,d)rotateFromBiaxial(d,8.2789,0.0000,d)nonlinear(6,0.0000,0.0000,5.0333,d)linear(0,0,0,98.5870,d)
25668,0,40,27.3517,27.3786,init()rotateIntoBiaxial(d,0.2391,0.0000,d)nonlinear(d,0.2391,0.0000,300.0000,d)rotateFromBiaxial(d,0.2391,0.0000,d)nonlinear(6,0.0000,0.0000,1.9172,d)rotateIntoBiaxial(d,40.5213,0.0000,d)nonlinear(d,40.5213,0.0000,100.0000,d)rotateFromBiaxial(d,40.5213,0.0000,d)rotate(179.8907)rotateIntoBiaxial(d,139.7263,0.0000,d)nonlinear(d,139.7263,0.0000,300.0000,d)rotateFromBiaxial(d,139.7263,0.0000,d)nonlinear(6,0.0000,0.0000,18.2245,d)rotate(-67.2545)rotateIntoBiaxial(d,3.6688,0.0000,d)nonlinear(d,3.6688,0.0000,50.0000,d)rotateFromBiaxial(d,3.6688,0.0000,d)nonlinear(6,0.0000,0.0000,3.9277,d)linear(0,0,0,321.3064,d)rotate(12.6108)nonlinear(6,0.0000,0.0000,3.3998,d)linear(0,0,0,62.9960,d)rotate(-14.2600)rotateIntoBiaxial(d,3.7281,0.0000,d)nonlinear(d,3.7281,0.0000,25.3442,d)rotateFromBiaxial(d,3.7281,0.0000,d)nonlinear(6,0.0000,0.0000,5.6802,d)linear(0,0,0,161.0168,d)
25714,0,40,27.3553,27.3786,init()rotateIntoBiaxial(d,0.9619,0.0000,d)nonlinear(d,0.9619,0.0000,300.0000,d)rotateFromBiaxial(d,0.9619,0.0000,d)nonlinear(6,0.0000,0.0000,1.1486,d)rotateIntoBiaxial(d,40.4914,0.0000,d)nonlinear(d,40.4914,0.0000,100.0000,d)rotateFromBiaxial(d,40.4914,0.0000,d)rotate(179.4289)rotateIntoBiaxial(d,139.7766,0.0000,d)nonlinear(d,139.7766,0.0000,300.0000,d)rotateFromBiaxial(d,139.7766,0.0000,d)nonlinear(6,0.0000,0.0000,11.4737,d)linear(0,0,0,62.1685,d)rotate(-79.0470)rotateIntoBiaxial(d,4.0308,0.0000,d)nonlinear(d,4.0308,0.0000,50.0000,d)rotateFromBiaxial(d,4.0308,0.0000,d)nonlinear(6,0.0000,0.0000,7.2020,d)linear(0,0,0,441.9630,d)rotate(8.7224)nonlinear(6,0.0000,0.0000,2.4685,d)rotate(-8.8890)rotateIntoBiaxial(d,3.7487,0.0000,d)nonlinear(d,3.7487,0.0000,28.8584,d)rotateFromBiaxial(d,3.7487,0.0000,d)linear(0,0,0,192.4547,d)
25760,0,40,27.4097,27.3786,init()rotateIntoBiaxial(d,0.8852,0.0000,d)nonlinear(d,0.8852,0.0000,300.0000,d)rotateFromBiaxial(d,0.8852,0.0000,d)nonlinear(6,0.0000,0.0000,2.2552,d)rotateIntoBiaxial(d,40.5299,0.0000,d)nonlinear(d,40.5299,0.0000,100.0000,d)rotateFromBiaxial(d,40.5299,0.0000,d)rotate(178.5289)rotateIntoBiaxial(d,139.7470,0.0000,d)nonlinear(d,139.7470,0.0000,300.0000,d)rotateFromBiaxial(d,139.7470,0.0000,d)nonlinear(6,0.0000,0.0000,21.3187,d)rotate(-68.0740)rotateIntoBiaxial(d,4.0145,0.0000,d)nonlinear(d,4.0145,0.0000,50.0000,d)rotateFromBiaxial(d,4.0145,0.0000,d)nonlinear(6,0.0000,0.0000,14.7622,d)linear(0,0,0,394.8092,d)rotate(8.8229)nonlinear(6,0.0000,0.0000,3.4567,d)linear(0,0,0,22.2529,d)rotate(-14.4235)rotateIntoBiaxial(d,7.0748,0.0000,d)nonlinear(d,7.0748,0.0000,25.0597,d)rotateFromBiaxial(d,7.0748,0.0000,d)nonlinear(6,0.0000,0.0000,2.0622,d)linear(0,0,0,121.8698,d)
25806,0,40,27.3574,27.3786,init()rotateIntoBiaxial(d,0.9505,0.0000,d)nonlinear(d,0.9505,0.0000,300.0000,d)rotateFromBiaxial(d,0.9505,0.0000,d)nonlinear(6,0.0000,0.0000,1.9774,d)rotateIntoBiaxial(d,40.5036,0.0000,d)nonlinear(d,40.5036,0.0000,100.0000,d)rotateFromBiaxial(d,40.5036,0.0000,d)rotate(179.4099)rotateIntoBiaxial(d,139.7733,0.0000,d)nonlinear(d,139.7733,0.0000,300.0000,d)rotateFromBiaxial(d,139.7733,0.0000,d)nonlinear(6,0.0000,0.0000,26.2328,d)linear(0,0,0,96.1885,d)rotate(-70.2002)rotateIntoBiaxial(d,4.1646,0.0000,d)nonlinear(d,4.1646,0.0000,50.0000,d)rotateFromBiaxial(d,4.1646,0.0000,d)nonlinear(6,0.0000,0.0000,5.1172,d)linear(0,0,0,287.1555,d)rotate(7.3378)nonlinear(6,0.0000,0.0000,10.4979,d)linear(0,0,0,41.5078,d)rotate(-18.5367)rotateIntoBiaxial(d,4.8642,0.0000,d)nonlinear(d,4.8642,0.0000,21.3893,d)rotateFromBiaxial(d,4.8642,0.0000,d)linear(0,0,0,60.9106,d)
25852,0,40,26.8298,27.3786,init()rotateIntoBiaxial(d,0.1157,0.0000,d)nonlinear(d,0.1157,0.0000,300.0000,d)rotateFromBiaxial(d,0.1157,0.0000,d)nonlinear(6,0.0000,0.0000,10.9867,d)rotateIntoBiaxial(d,40.5201,0.0000,d)nonlinear(d,40.5201,0.0000,100.0000,d)rotateFromBiaxial(d,40.5201,0.0000,d)rotate(179.4864)rotateIntoBiaxial(d,139.7710,0.0000,d)nonlinear(d,139.7710,0.0000,300.0000,d)rotateFromBiaxial(d,139.7710,0.0000,d)nonlinear(6,0.0000,0.0000,35.8699,d)rotate(-73.6944)rotateIntoBiaxial(d,3.3021,0.0000,d)nonlinear(d,3.3021,0.0000,50.0000,d)rotateFromBiaxial(d,3.3021,0.0000,d)nonlinear(6,0.0000,0.0000,21.7244,d)linear(0,0,0,374.4208,d)rotate(9.4820)nonlinear(6,0.0000,0.0000,3.8644,d)linear(0,0,0,39.4659,d)rotate(-11.9872)rotateIntoBiaxial(d,6.6193,0.0000,d)nonlinear(d,6.6193,0.0000,14.7626,d)rotateFromBiaxial(d,6.6193,0.0000,d)linear(0,0,0,121.8636,d)
25898,0,40,27.3304,27.3786,init()rotateIntoBiaxial(d,0.5036,0.0000,d)nonlinear(d,0.5036,0.0000,300.0000,d)rotateFromBiaxial(d,0.5036,0.0000,d)nonlinear(6,0.0000,0.0000,2.0558,d)rotateIntoBiaxial(d,40.5190,0.0000,d)nonlinear(d,40.5190,0.0000,100.0000,d)rotateFromBiaxial(d,40.5190,0.0000,d)rotate(179.9996)rotateIntoBiaxial(d,139.7801,0.0000,d)nonlinear(d,139.7801,0.0000,300.0000,d)rotateFromBiaxial(d,139.7801,0.0000,d)nonlinear(6,0.0000,0.0000,42.6201,d)linear(0,0,0,6.9513,d)rotate(-77.0126)rotateIntoBiaxial(d,4.9967,0.0000,d)nonlinear(d,4.9967,0.0000,50.0000,d)rotateFromBiaxial(d,4.9967,0.0000,d)nonlinear(6,0.0000,0.0000,13.6239,d)linear(0,0,0,398.5571,d)rotate(9.1184)nonlinear(6,0.0000,0.0000,9.4505,d)rotateIntoBiaxial(d,7.1347,0.0000,d)nonlinear(d,7.1347,0.0000,19.1622,d)rotateFromBiaxial(d,7.1347,0.0000,d)linear(0,0,0,215.8280,d)
25944,0,40,27.3731,27.3786,init()rotateIntoBiaxial(d,0.8008,0.0000,d)nonlinear(d,0.8008,0.0000,300.0000,d)rotateFromBiaxial(d,0.8008,0.0000,d)nonlinear(6,0.0000,0.0000,1.9479,d)rotateIntoBiaxial(d,40.5175,0.0000,d)nonlinear(d,40.5175,0.0000,100.0000,d)rotateFromBiaxial(d,40.5175,0.0000,d)rotate(179.9919)rotateIntoBiaxial(d,139.6844,0.0000,d)nonlinear(d,139.6844,0.0000,300.0000,d)rotateFromBiaxial(d,139.6844,0.0000,d)nonlinear(6,0.0000,0.0000,33.7282,d)rotate(-76.8777)rotateIntoBiaxial(d,4.8657,0.0000,d)nonlinear(d,4.8657,0.0000,50.0000,d)rotateFromBiaxial(d,4.8657,0.0000,d)nonlinear(6,0.0000,0.0000,15.2887,d)linear(0,0,0,359.3063,d)rotate(7.9174)nonlinear(6,0.0000,0.0000,6.5487,d)rotate(-1.8640)rotateIntoBiaxial(d,5.0061,0.0000,d)nonlinear(d,5.0061,0.0000,19.0334,d)rotateFromBiaxial(d,5.0061,0.0000,d)linear(0,0,0,108.7080,d)
25990,0,40,27.3675,27.3786,init()rotateIntoBiaxial(d,0.2380,0.0000,d)nonlinear(d,0.2380,0.0000,300.0000,d)rotateFromBiaxial(d,0.2380,0.0000,d)nonlinear(6,0.0000,0.0000,1.1510,d)rotateIntoBiaxial(d,40.4741,0.0000,d)nonlinear(d,40.4741,0.0000,100.0000,d)rotateFromBiaxial(d,40.4741,0.0000,d)rotate(177.3893)rotateIntoBiaxial(d,139.7299,0.0000,d)nonlinear(d,139.7299,0.0000,300.0000,d)rotateFromBiaxial(d,139.7299,0.0000,d)nonlinear(6,0.0000,0.0000,39.4120,d)rotate(-77.0978)rotateIntoBiaxial(d,3.3438,0.0000,d)nonlinear(d,3.3438,0.0000,50.0000,d)rotateFromBiaxial(d,3.3438,0.0000,d)nonlinear(6,0.0000,0.0000,14.0940,d)linear(0,0,0,285.6785,d)rotate(10.0468)nonlinear(6,0.0000,0.0000,12.2230,d)rotate(-28.2226)rotateIntoBiaxial(d,9.2367,0.0000,d)nonlinear(d,9.2367,0.0000,18.0725,d)rotateFromBiaxial(d,9.2367,0.0000,d)linear(0,0,0,232.8140,d)
26036,0,40,27.4612,27.3786,init()rotateIntoBiaxial(d,0.5879,0.0000,d)nonlinear(d,0.5879,0.0000,300.0000,d)rotateFromBiaxial(d,0.5879,0.0000,d)nonlinear(6,0.0000,0.0000,0.8046,d)rotateIntoBiaxial(d,40.6191,0.0000,d)nonlinear(d,40.6191,0.0000,100.0000,d)rotateFromBiaxial(d,40.6191,0.0000,d)rotate(179.9899)rotateIntoBiaxial(d,139.8053,0.0000,d)nonlinear(d,139.8053,0.0000,300.0000,d)rotateFromBiaxial(d,139.8053,0.0000,d)nonlinear(6,0.0000,0.0000,18.7243,d)rotate(-77.7913)rotateIntoBiaxial(d,2.7131,0.0000,d)nonlinear(d,2.7131,0.0000,50.0000,d)rotateFromBiaxial(d,2.7131,0.0000,d)nonlinear(6,0.0000,0.0000,6.6380,d)linear(0,0,0,295.4698,d)rotate(6.7194)nonlinear(6,0.0000,0.0000,4.1805,d)rotate(-12.4508)rotateIntoBiaxial(d,8.4369,0.0000,d)nonlinear(d,8.4369,0.0000,17.0089,d)rotateFromBiaxial(d,8.4369,0.0000,d)linear(0,0,0,61.9634,d)
26082,0,40,27.1428,27.3786,init()rotateIntoBiaxial(d,0.9927,0.0000,d)nonlinear(d,0.9927,0.0000,300.0000,d)rotateFromBiaxial(d,0.9927,0.0000,d)nonlinear(6,0.0000,0.0000,3.1904,d)rotateIntoBiaxial(d,40.3293,0.0000,d)nonlinear(d,40.3293,0.0000,100.0000,d)rotateFromBiaxial(d,40.3293,0.0000,d)rotate(179.9568)rotateIntoBiaxial(d,139.6869,0.0000,d)nonlinear(d,139.6869,0.0000,300.0000,d)rotateFromBiaxial(d,139.6869,0.0000,d)nonlinear(6,0.0000,0.0000,22.8992,d)linear(0,0,0,2.7419,d)rotate(-75.0964)rotateIntoBiaxial(d,4.3849,0.0000,d)nonlinear(d,4.3849,0.0000,50.0000,d)rotateFromBiaxial(d,4.3849,0.0000,d)nonlinear(6,0.0000,0.0000,8.7448,d)linear(0,0,0,404.4662,d)rotate(4.4725)nonlinear(6,0.0000,0.0000,2.5855,d)rotateIntoBiaxial(d,4.8554,0.0000,d)nonlinear(d,4.8554,0.0000,22.1815,d)rotateFromBiaxial(d,4.8554,0.0000,d)linear(0,0,0,164.1363,d)
26128,0,40,27.0102,27.3786,init()rotateIntoBiaxial(d,0.2882,0.0000,d)nonlinear(d,0.2882,0.0000,300.0000,d)rotateFromBiaxial(d,0.2882,0.0000,d)nonlinear(6,0.0000,0.0000,3.4766,d)rotateIntoBiaxial(d,40.3811,0.0000,d)nonlinear(d,40.3811,0.0000,100.0000,d)rotateFromBiaxial(d,40.3811,0.0000,d)rotate(179.6689)rotateIntoBiaxial(d,139.7246,0.0000,d)nonlinear(d,139.7246,0.0000,300.0000,d)rotateFromBiaxial(d,139.7246,0.0000,d)nonlinear(6,0.0000,0.0000,8.3669,d)rotate(-69.8262)rotateIntoBiaxial(d,4.1103,0.0000,d)nonlinear(d,4.1103,0.0000,50.0000,d)rotateFromBiaxial(d,4.1103,0.0000,d)nonlinear(6,0.0000,0.0000,12.3204,d)linear(0,0,0,245.8139,d)rotate(14.2514)nonlinear(6,0.0000,0.0000,12.0307,d)rotate(-11.1379)rotateIntoBiaxial(d,7.9931,0.0000,d)nonlinear(d,7.9931,0.0000,20.4827,d)rotateFromBiaxial(d,7.9931,0.0000,d)linear(0,0,0,202.9883,d)
26174,0,40,27.4039,27.3786,init()rotateIntoBiaxial(d,0.6212,0.0000,d)nonlinear(d,0.6212,0.0000,300.0000,d)rotateFromBiaxial(d,0.6212,0.0000,d)nonlinear(6,0.0000,0.0000,2.4187,d)rotateIntoBiaxial(d,40.4865,0.0000,d)nonlinear(d,40.4865,0.0000,100.0000,d)rotateFromBiaxial(d,40.4865,0.0000,d)rotate(179.8789)rotateIntoBiaxial(d,139.7310,0.0000,d)nonlinear(d,139.7310,0.0000,300.0000,d)rotateFromBiaxial(d,139.7310,0.0000,d)nonlinear(6,0.0000,0.0000,29.7950,d)rotate(-82.2187)rotateIntoBiaxial(d,3.4186,0.0000,d)nonlinear(d,3.4186,0.0000,50.0000,d)rotateFromBiaxial(d,3.4186,0.0000,d)nonlinear(6,0.0000,0.0000,2.6525,d)linear(0,0,0,296.2640,d)rotate(7.4542)nonlinear(6,0.0000,0.0000,2.4598,d)rotate(-3.8734)rotateIntoBiaxial(d,5.4753,0.0000,d)nonlinear(d,5.4753,0.0000,20.6558,d)rotateFromBiaxial(d,5.4753,0.0000,d)linear(0,0,0,217.2061,d)
26220,0,40,27.2006,27.3786,init()rotateIntoBiaxial(d,0.0701,0.0000,d)nonlinear(d,0.0701,0.0000,300.0000,d)rotateFromBiaxial(d,0.0701,0.0000,d)nonlinear(6,0.0000,0.0000,3.4932,d)rotateIntoBiaxial(d,40.4381,0.0000,d)nonlinear(d,40.4381,0.0000,100.0000,d)rotateFromBiaxial(d,40.4381,0.0000,d)rotate(179.4584)rotateIntoBiaxial(d,139.7159,0.0000,d)nonlinear(d,139.7159,0.0000,300.0000,d)rotateFromBiaxial(d,139.7159,0.0000,d)nonlinear(6,0.0000,0.0000,20.4181,d)rotate(-82.0719)rotateIntoBiaxial(d,3.6823,0.0000,d)nonlinear(d,3.6823,0.0000,50.0000,d)rotateFromBiaxial(d,3.6823,0.0000,d)nonlinear(6,0.0000,0.0000,14.4358,d)linear(0,0,0,234.4636,d)rotate(0.2764)nonlinear(6,0.0000,0.0000,7.5450,d)rotate(-5.5696)rotateIntoBiaxial(d,5.4216,0.0000,d)nonlinear(d,5.4216,0.0000,28.5474,d)rotateFromBiaxial(d,5.4216,0.0000,d)linear(0,0,0,105.1644,d)
26266,0,40,27.3953,27.3786,init()rotateIntoBiaxial(d,0.0012,0.0000,d)nonlinear(d,0.0012,0.0000,300.0000,d)rotateFromBiaxial(d,0.0012,0.0000,d)nonlinear(6,0.0000,0.0000,1.1658,d)rotateIntoBiaxial(d,40.5484,0.0000,d)nonlinear(d,40.5484,0.0000,100.0000,d)rotateFromBiaxial(d,40.5484,0.0000,d)rotate(179.6310)rotateIntoBiaxial(d,139.7519,0.0000,d)nonlinear(d,139.7519,0.0000,300.0000,d)rotateFromBiaxial(d,139.7519,0.0000,d)nonlinear(6,0.0000,0.0000,16.3110,d)rotate(-76.3202)rotateIntoBiaxial(d,4.3056,0.0000,d)nonlinear(d,4.3056,0.0000,50.0000,d)rotateFromBiaxial(d,4.3056,0.0000,d)nonlinear(6,0.0000,0.0000,10.1174,d)linear(0,0,0,303.9660,d)rotate(8.1027)nonlinear(6,0.0000,0.0000,3.9092,d)rotate(-7.1859)rotateIntoBiaxial(d,8.3236,0.0000,d)nonlinear(d,8.3236,0.0000,21.9732,d)rotateFromBiaxial(d,8.3236,0.0000,d)linear(0,0,0,191.8601,d)rotate(0.0155)
26312,0,40,27.1663,27.3786,init()rotateIntoBiaxial(d,0.2992,0.0000,d)nonlinear(d,0.2992,0.0000,300.0000,d)rotateFromBiaxial(d,0.2992,0.0000,d)nonlinear(6,0.0000,0.0000,1.8836,d)rotateIntoBiaxial(d,40.3808,0.0000,d)nonlinear(d,40.3808,0.0000,100.0000,d)rotateFromBiaxial(d,40.3808,0.0000,d)rotate(178.5963)rotateIntoBiaxial(d,139.7498,0.0000,d)nonlinear(d,139.7498,0.0000,300.0000,d)rotateFromBiaxial(d,139.7498,0.0000,d)nonlinear(6,0.0000,0.0000,15.9451,d)rotate(-77.9414)rotateIntoBiaxial(d,3.5263,0.0000,d)nonlinear(d,3.5263,0.0000,50.0000,d)rotateFromBiaxial(d,3.5263,0.0000,d)nonlinear(6,0.0000,0.0000,8.0270,d)linear(0,0,0,285.0787,d)rotate(7.7144)nonlinear(6,0.0000,0.0000,3.0159,d)rotate(-11.6519)rotateIntoBiaxial(d,5.9477,0.0000,d)nonlinear(d,5.9477,0.0000,19.3522,d)rotateFromBiaxial(d,5.9477,0.0000,d)nonlinear(6,0.0000,0.0000,0.3460,d)linear(0,0,0,193.2214,d)rotate(0.0789)
26358,0,40,27.4192,27.3786,init()rotateIntoBiaxial(d,0.3088,0.0000,d)nonlinear(d,0.3088,0.0000,300.0000,d)rotateFromBiaxial(d,0.3088,0.0000,d)nonlinear(6,0.0000,0.0000,1.4881,d)rotateIntoBiaxial(d,40.4873,0.0000,d)nonlinear(d,40.4873,0.0000,100.0000,d)rotateFromBiaxial(d,40.4873,0.0000,d)rotate(178.9649)rotateIntoBiaxial(d,139.7529,0.0000,d)nonlinear(d,139.7529,0.0000,300.0000,d)rotateFromBiaxial(d,139.7529,0.0000,d)nonlinear(6,0.0000,0.0000,34.2270,d)rotate(-76.8368)rotateIntoBiaxial(d,4.6207,0.0000,d)nonlinear(d,4.6207,0.0000,50.0000,d)rotateFromBiaxial(d,4.6207,0.0000,d)nonlinear(6,0.0000,0.0000,11.5296,d)linear(0,0,0,303.5513,d)rotate(7.3275)nonlinear(6,0.0000,0.0000,7.2731,d)rotate(-22.2648)rotateIntoBiaxial(d,9.3982,0.0000,d)nonlinear(d,9.3982,0.0000,31.1809,d)rotateFromBiaxial(d,9.3982,0.0000,d)linear(0,0,0,328.4009,d)rotate(0.0024)
26404,0,40,26.9429,27.3786,init()rotateIntoBiaxial(d,0.2775,0.0000,d)nonlinear(d,0.2775,0.0000,300.0000,d)rotateFromBiaxial(d,0.2775,0.0000,d)nonlinear(6,0.0000,0.0000,2.3636,d)rotateIntoBiaxial(d,40.3107,0.0000,d)nonlinear(d,40.3107,0.0000,100.0000,d)rotateFromBiaxial(d,40.3107,0.0000,d)rotate(179.4917)rotateIntoBiaxial(d,139.7681,0.0000,d)nonlinear(d,139.7681,0.0000,300.0000,d)rotateFromBiaxial(d,139.7681,0.0000,d)nonlinear(6,0.0000,0.0000,34.7992,d)rotate(-79.9981)rotateIntoBiaxial(d,2.0443,0.0000,d)nonlinear(d,2.0443,0.0000,50.0000,d)rotateFromBiaxial(d,2.0443,0.0000,d)nonlinear(6,0.0000,0.0000,6.4629,d)linear(0,0,0,401.4721,d)rotate(7.4805)nonlinear(6,0.0000,0.0000,2.2287,d)rotate(-33.8611)rotateIntoBiaxial(d,7.8226,0.0000,d)nonlinear(d,7.8226,0.0000,25.5905,d)rotateFromBiaxial(d,7.8226,0.0000,d)nonlinear(6,0.0000,0.0000,4.4028,d)linear(0,0,0,261.7008,d)
26450,0,40,27.2858,27.3786,init()rotateIntoBiaxial(d,0.6296,0.0000,d)nonlinear(d,0.6296,0.0000,300.0000,d)rotateFromBiaxial(d,0.6296,0.0000,d)nonlinear(6,0.0000,0.0000,0.5325,d)rotateIntoBiaxial(d,40.3105,0.0000,d)nonlinear(d,40.3105,0.0000,100.0000,d)rotateFromBiaxial(d,40.3105,0.0000,d)rotate(179.2488)rotateIntoBiaxial(d,139.6917,0.0000,d)nonlinear(d,139.6917,0.0000,300.0000,d)rotateFromBiaxial(d,139.6917,0.0000,d)nonlinear(6,0.0000,0.0000,18.1759,d)linear(0,0,0,72.4197,d)rotate(-74.9271)rotateIntoBiaxial(d,3.9227,0.0000,d)nonlinear(d,3.9227,0.0000,50.0000,d)rotateFromBiaxial(d,3.9227,0.0000,d)nonlinear(6,0.0000,0.0000,8.1786,d)linear(0,0,0,437.6425,d)rotate(7.2493)nonlinear(6,0.0000,0.0000,3.0025,d)rotate(-6.4372)rotateIntoBiaxial(d,5.0829,0.0000,d)nonlinear(d,5.0829,0.0000,20.0798,d)rotateFromBiaxial(d,5.0829,0.0000,d)nonlinear(6,0.0000,0.0000,6.6819,d)linear(0,0,0,203.9406,d)
26496,0,40,27.4253,27.3786,init()rotateIntoBiaxial(d,0.4868,0.0000,d)nonlinear(d,0.4868,0.0000,300.0000,d)rotateFromBiaxial(d,0.4868,0.0000,d)nonlinear(6,0.0000,0.0000,0.2691,d)rotateIntoBiaxial(d,40.4070,0.0000,d)nonlinear(d,40.4070,0.0000,100.0000,d)rotateFromBiaxial(d,40.4070,0.0000,d)rotate(178.9484)rotateIntoBiaxial(d,139.7456,0.0000,d)nonlinear(d,139.7456,0.0000,300.0000,d)rotateFromBiaxial(d,139.7456,0.0000,d)nonlinear(6,0.0000,0.0000,33.3729,d)rotate(-81.4160)rotateIntoBiaxial(d,3.8263,0.0000,d)nonlinear(d,3.8263,0.0000,50.0000,d)rotateFromBiaxial(d,3.8263,0.0000,d)nonlinear(6,0.0000,0.0000,13.1157,d)linear(0,0,0,436.9211,d)rotate(6.4513)nonlinear(6,0.0000,0.0000,5.3538,d)rotate(-21.5458)rotateIntoBiaxial(d,6.7651,0.0000,d)nonlinear(d,6.7651,0.0000,21.2337,d)rotateFromBiaxial(d,6.7651,0.0000,d)linear(0,0,0,271.1831,d)
26542,0,40,27.5539,27.3786,init()rotateIntoBiaxial(d,0.4290,0.0000,d)nonlinear(d,0.4290,0.0000,300.0000,d)rotateFromBiaxial(d,0.4290,0.0000,d)nonlinear(6,0.0000,0.0000,0.1013,d)rotateIntoBiaxial(d,40.5362,0.0000,d)nonlinear(d,40.5362,0.0000,100.0000,d)rotateFromBiaxial(d,40.5362,0.0000,d)rotate(179.3946)rotateIntoBiaxial(d,139.7743,0.0000,d)nonlinear(d,139.7743,0.0000,300.0000,d)rotateFromBiaxial(d,139.7743,0.0000,d)nonlinear(6,0.0000,0.0000,22.7634,d)rotate(-77.3842)rotateIntoBiaxial(d,4.0341,0.0000,d)nonlinear(d,4.0341,0.0000,50.0000,d)rotateFromBiaxial(d,4.0341,0.0000,d)nonlinear(6,0.0000,0.0000,9.3668,d)linear(0,0,0,362.5924,d)rotate(10.0283)nonlinear(6,0.0000,0.0000,1.7372,d)rotate(-28.8493)rotateIntoBiaxial(d,6.5679,0.0000,d)nonlinear(d,6.5679,0.0000,20.7812,d)rotateFromBiaxial(d,6.5679,0.0000,d)nonlinear(6,0.0000,0.0000,3.9721,d)linear(0,0,0,258.7355,d)rotate(-0.0647)
26588,0,40,27.3772,27.3786,init()rotateIntoBiaxial(d,0.6788,0.0000,d)nonlinear(d,0.6788,0.0000,300.0000,d)rotateFromBiaxial(d,0.6788,0.0000,d)nonlinear(6,0.0000,0.0000,0.2941,d)rotateIntoBiaxial(d,40.4401,0.0000,d)nonlinear(d,40.4401,0.0000,100.0000,d)rotateFromBiaxial(d,40.4401,0.0000,d)rotate(177.9724)rotateIntoBiaxial(d,139.7715,0.0000,d)nonlinear(d,139.7715,0.0000,300.0000,d)rotateFromBiaxial(d,139.7715,0.0000,d)nonlinear(6,0.0000,0.0000,33.9150,d)rotate(-80.1663)rotateIntoBiaxial(d,1.0847,0.0000,d)nonlinear(d,1.0847,0.0000,50.0000,d)rotateFromBiaxial(d,1.0847,0.0000,d)nonlinear(6,0.0000,0.0000,8.9454,d)linear(0,0,0,383.6863,d)rotate(6.8719)nonlinear(6,0.0000,0.0000,1.2861,d)linear(0,0,0,41.7576,d)rotate(-19.6145)rotateIntoBiaxial(d,3.2509,0.0000,d)nonlinear(d,3.2509,0.0000,30.0268,d)rotateFromBiaxial(d,3.2509,0.0000,d)linear(0,0,0,232.7391,d)
26634,0,40,27.2933,27.3786,init()rotateIntoBiaxial(d,0.5589,0.0000,d)nonlinear(d,0.5589,0.0000,300.0000,d)rotateFromBiaxial(d,0.5589,0.0000,d)nonlinear(6,0.0000,0.0000,1.2401,d)rotateIntoBiaxial(d,40.3744,0.0000,d)nonlinear(d,40.3744,0.0000,100.0000,d)rotateFromBiaxial(d,40.3744,0.0000,d)rotate(177.3926)rotateIntoBiaxial(d,139.7223,0.0000,d)nonlinear(d,139.7223,0.0000,300.0000,d)rotateFromBiaxial(d,139.7223,0.0000,d)nonlinear(6,0.0000,0.0000,23.2768,d)rotate(-75.6265)rotateIntoBiaxial(d,5.6053,0.0000,d)nonlinear(d,5.6053,0.0000,50.0000,d)rotateFromBiaxial(d,5.6053,0.0000,d)nonlinear(6,0.0000,0.0000,11.6730,d)linear(0,0,0,331.4957,d)rotate(6.6692)nonlinear(6,0.0000,0.0000,1.5522,d)rotate(-5.9203)rotateIntoBiaxial(d,7.0392,0.0000,d)nonlinear(d,7.0392,0.0000,27.6530,d)rotateFromBiaxial(d,7.0392,0.0000,d)nonlinear(6,0.0000,0.0000,2.1967,d)linear(0,0,0,219.1695,d)
26680,0,40,27.2281,27.3786,init()rotateIntoBiaxial(d,0.4361,0.0000,d)nonlinear(d,0.4361,0.0000,300.0000,d)rotateFromBiaxial(d,0.4361,0.0000,d)nonlinear(6,0.0000,0.0000,1.4809,d)rotateIntoBiaxial(d,40.3225,0.0000,d)nonlinear(d,40.3225,0.0000,100.0000,d)rotateFromBiaxial(d,40.3225,0.0000,d)rotate(179.8531)rotateIntoBiaxial(d,139.7266,0.0000,d)nonlinear(d,139.7266,0.0000,300.0000,d)rotateFromBiaxial(d,139.7266,0.0000,d)nonlinear(6,0.0000,0.0000,30.6717,d)rotate(-80.3875)rotateIntoBiaxial(d,3.4588,0.0000,d)nonlinear(d,3.4588,0.0000,50.0000,d)rotateFromBiaxial(d,3.4588,0.0000,d)nonlinear(6,0.0000,0.0000,6.9946,d)linear(0,0,0,325.8480,d)rotate(9.4950)nonlinear(6,0.0000,0.0000,8.8501,d)linear(0,0,0,31.1812,d)rotate(-20.1119)rotateIntoBiaxial(d,7.5553,0.0000,d)nonlinear(d,7.5553,0.0000,16.8804,d)rotateFromBiaxial(d,7.5553,0.0000,d)linear(0,0,0,263.7223,d)
26726,0,40,27.4893,27.3786,init()rotateIntoBiaxial(d,0.5001,0.0000,d)nonlinear(d,0.5001,0.0000,300.0000,d)rotateFromBiaxial(d,0.5001,0.0000,d)nonlinear(6,0.0000,0.0000,0.6853,d)rotateIntoBiaxial(d,40.4739,0.0000,d)nonlinear(d,40.4739,0.0000,100.0000,d)rotateFromBiaxial(d,40.4739,0.0000,d)rotate(179.5139)rotateIntoBiaxial(d,139.7551,0.0000,d)nonlinear(d,139.7551,0.0000,300.0000,d)rotateFromBiaxial(d,139.7551,0.0000,d)nonlinear(6,0.0000,0.0000,26.5321,d)rotate(-74.6715)rotateIntoBiaxial(d,1.8377,0.0000,d)nonlinear(d,1.8377,0.0000,50.0000,d)rotateFromBiaxial(d,1.8377,0.0000,d)nonlinear(6,0.0000,0.0000,9.8773,d)linear(0,0,0,413.7393,d)rotate(5.2582)nonlinear(6,0.0000,0.0000,1.8889,d)rotate(-22.2873)rotateIntoBiaxial(d,7.2328,0.0000,d)nonlinear(d,7.2328,0.0000,15.2446,d)rotateFromBiaxial(d,7.2328,0.0000,d)nonlinear(6,0.0000,0.0000,6.7237,d)linear(0,0,0,241.8796,d)rotate(0.0141)
26772,0,40,27.3872,27.3786,init()rotateIntoBiaxial(d,1.0071,0.0000,d)nonlinear(d,1.0071,0.0000,300.0000,d)rotateFromBiaxial(d,1.0071,0.0000,d)nonlinear(6,0.0000,0.0000,3.0083,d)rotateIntoBiaxial(d,40.5180,0.0000,d)nonlinear(d,40.5180,0.0000,100.0000,d)rotateFromBiaxial(d,40.5180,0.0000,d)rotate(179.7366)rotateIntoBiaxial(d,139.7522,0.0000,d)nonlinear(d,139.7522,0.0000,300.0000,d)rotateFromBiaxial(d,139.7522,0.0000,d)nonlinear(6,0.0000,0.0000,28.8960,d)rotate(-73.4415)rotateIntoBiaxial(d,2.5857,0.0000,d)nonlinear(d,2.5857,0.0000,50.0000,d)rotateFromBiaxial(d,2.5857,0.0000,d)nonlinear(6,0.0000,0.0000,9.3664,d)linear(0,0,0,378.6453,d)rotate(6.1753)nonlinear(6,0.0000,0.0000,2.9662,d)rotate(-18.5144)rotateIntoBiaxial(d,7.8606,0.0000,d)nonlinear(d,7.8606,0.0000,15.6646,d)rotateFromBiaxial(d,7.8606,0.0000,d)nonlinear(6,0.0000,0.0000,4.0869,d)linear(0,0,0,148.2099,d)rotate(-0.0150)
26818,0,40,27.1989,27.3786,init()rotateIntoBiaxial(d,0.4728,0.0000,d)nonlinear(d,0.4728,0.0000,300.0000,d)rotateFromBiaxial(d,0.4728,0.0000,d)nonlinear(6,0.0000,0.0000,0.7559,d)rotateIntoBiaxial(d,40.3007,0.0000,d)nonlinear(d,40.3007,0.0000,100.0000,d)rotateFromBiaxial(d,40.3007,0.0000,d)rotate(179.4325)rotateIntoBiaxial(d,139.7297,0.0000,d)nonlinear(d,139.7297,0.0000,300.0000,d)rotateFromBiaxial(d,139.7297,0.0000,d)nonlinear(6,0.0000,0.0000,22.3524,d)rotate(-78.7005)rotateIntoBiaxial(d,2.6220,0.0000,d)nonlinear(d,2.6220,0.0000,50.0000,d)rotateFromBiaxial(d,2.6220,0.0000,d)nonlinear(6,0.0000,0.0000,9.8425,d)linear(0,0,0,377.3948,d)rotate(9.4999)nonlinear(6,0.0000,0.0000,2.5395,d)rotate(-13.9423)rotateIntoBiaxial(d,8.8619,0.0000,d)nonlinear(d,8.8619,0.0000,28.1009,d)rotateFromBiaxial(d,8.8619,0.0000,d)linear(0,0,0,186.4703,d)
26864,0,40,27.2443,27.3786,init()rotateIntoBiaxial(d,0.4518,0.0000,d)nonlinear(d,0.4518,0.0000,300.0000,d)rotateFromBiaxial(d,0.4518,0.0000,d)nonlinear(6,0.0000,0.0000,1.4888,d)rotateIntoBiaxial(d,40.3615,0.0000,d)nonlinear(d,40.3615,0.0000,100.0000,d)rotateFromBiaxial(d,40.3615,0.0000,d)rotate(179.9224)rotateIntoBiaxial(d,139.7157,0.0000,d)nonlinear(d,139.7157,0.0000,300.0000,d)rotateFromBiaxial(d,139.7157,0.0000,d)nonlinear(6,0.0000,0.0000,17.5844,d)rotate(-84.5301)rotateIntoBiaxial(d,1.1567,0.0000,d)nonlinear(d,1.1567,0.0000,50.0000,d)rotateFromBiaxial(d,1.1567,0.0000,d)nonlinear(6,0.0000,0.0000,12.4837,d)linear(0,0,0,308.6983,d)rotate(10.0114)nonlinear(6,0.0000,0.0000,3.2129,d)linear(0,0,0,79.1995,d)rotate(-15.3632)rotateIntoBiaxial(d,7.7641,0.0000,d)nonlinear(d,7.7641,0.0000,24.7208,d)rotateFromBiaxial(d,7.7641,0.0000,d)nonlinear(6,0.0000,0.0000,4.9744,d)linear(0,0,0,211.7178,d)
26910,0,40,27.3758,27.3786,init()rotateIntoBiaxial(d,0.2494,0.0000,d)nonlinear(d,0.2494,0.0000,300.0000,d)rotateFromBiaxial(d,0.2494,0.0000,d)nonlinear(6,0.0000,0.0000,1.1025,d)rotateIntoBiaxial(d,40.4513,0.0000,d)nonlinear(d,40.4513,0.0000,100.0000,d)rotateFromBiaxial(d,40.4513,0.0000,d)rotate(179.4353)rotateIntoBiaxial(d,139.7475,0.0000,d)nonlinear(d,139.7475,0.0000,300.0000,d)rotateFromBiaxial(d,139.7475,0.0000,d)nonlinear(6,0.0000,0.0000,21.4257,d)rotate(-82.6421)rotateIntoBiaxial(d,2.9923,0.0000,d)nonlinear(d,2.9923,0.0000,50.0000,d)rotateFromBiaxial(d,2.9923,0.0000,d)nonlinear(6,0.0000,0.0000,12.8385,d)linear(0,0,0,278.0875,d)rotate(5.5774)nonlinear(6,0.0000,0.0000,12.5627,d)rotate(-2.9970)rotateIntoBiaxial(d,10.2426,0.0000,d)nonlinear(d,10.2426,0.0000,20.2584,d)rotateFromBiaxial(d,10.2426,0.0000,d)nonlinear(6,0.0000,0.0000,2.9424,d)linear(0,0,0,286.7528,d)rotate(-0.0192)
26956,0,40,27.4269,27.3786,init()rotateIntoBiaxial(d,0.7734,0.0000,d)nonlinear(d,0.7734,0.0000,300.0000,d)rotateFromBiaxial(d,0.7734,0.0000,d)nonlinear(6,0.0000,0.0000,0.5872,d)rotateIntoBiaxial(d,40.4549,0.0000,d)nonlinear(d,40.4549,0.0000,100.0000,d)rotateFromBiaxial(d,40.4549,0.0000,d)rotate(179.2535)rotateIntoBiaxial(d,139.7164,0.0000,d)nonlinear(d,139.7164,0.0000,300.0000,d)rotateFromBiaxial(d,139.7164,0.0000,d)nonlinear(6,0.0000,0.0000,19.8986,d)rotate(-86.9742)rotateIntoBiaxial(d,0.8007,0.0000,d)nonlinear(d,0.8007,0.0000,50.0000,d)rotateFromBiaxial(d,0.8007,0.0000,d)nonlinear(6,0.0000,0.0000,3.0356,d)linear(0,0,0,301.9047,d)rotate(4.6503)nonlinear(6,0.0000,0.0000,0.9773,d)linear(0,0,0,10.3198,d)rotate(-14.3764)rotateIntoBiaxial(d,8.1250,0.0000,d)nonlinear(d,8.1250,0.0000,26.9682,d)rotateFromBiaxial(d,8.1250,0.0000,d)linear(0,0,0,298.3536,d)
27002,0,40,27.1614,27.3786,init()rotateIntoBiaxial(d,0.0051,0.0000,d)nonlinear(d,0.0051,0.0000,300.0000,d)rotateFromBiaxial(d,0.0051,0.0000,d)nonlinear(6,0.0000,0.0000,1.4580,d)rotateIntoBiaxial(d,40.4286,0.0000,d)nonlinear(d,40.4286,0.0000,100.0000,d)rotateFromBiaxial(d,40.4286,0.0000,d)rotate(178.6172)rotateIntoBiaxial(d,139.7684,0.0000,d)nonlinear(d,139.7684,0.0000,300.0000,d)rotateFromBiaxial(d,139.7684,0.0000,d)nonlinear(6,0.0000,0.0000,17.1521,d)rotate(-77.2769)rotateIntoBiaxial(d,2.0034,0.0000,d)nonlinear(d,2.0034,0.0000,50.0000,d)rotateFromBiaxial(d,2.0034,0.0000,d)nonlinear(6,0.0000,0.0000,6.2371,d)linear(0,0,0,338.4218,d)rotate(4.9303)nonlinear(6,0.0000,0.0000,8.9340,d)linear(0,0,0,4.5316,d)rotate(-16.6063)rotateIntoBiaxial(d,7.6224,0.0000,d)nonlinear(d,7.6224,0.0000,24.7382,d)rotateFromBiaxial(d,7.6224,0.0000,d)linear(0,0,0,421.3708,d)
27048,0,40,27.5024,27.3786,init()rotateIntoBiaxial(d,0.4525,0.0000,d)nonlinear(d,0.4525,0.0000,300.0000,d)rotateFromBiaxial(d,0.4525,0.0000,d)nonlinear(6,0.0000,0.0000,0.2264,d)rotateIntoBiaxial(d,40.5571,0.0000,d)nonlinear(d,40.5571,0.0000,100.0000,d)rotateFromBiaxial(d,40.5571,0.0000,d)rotate(179.9968)rotateIntoBiaxial(d,139.7915,0.0000,d)nonlinear(d,139.7915,0.0000,300.0000,d)rotateFromBiaxial(d,139.7915,0.0000,d)nonlinear(6,0.0000,0.0000,27.2841,d)rotate(-86.4042)rotateIntoBiaxial(d,1.2984,0.0000,d)nonlinear(d,1.2984,0.0000,50.0000,d)rotateFromBiaxial(d,1.2984,0.0000,d)nonlinear(6,0.0000,0.0000,5.1742,d)linear(0,0,0,362.4166,d)rotate(10.4795)nonlinear(6,0.0000,0.0000,9.7866,d)linear(0,0,0,29.6598,d)rotate(-17.0948)rotateIntoBiaxial(d,9.5558,0.0000,d)nonlinear(d,9.5558,0.0000,15.1802,d)rotateFromBiaxial(d,9.5558,0.0000,d)linear(0,0,0,171.0686,d)
27094,0,40,27.1760,27.3786,init()rotateIntoBiaxial(d,0.9463,0.0000,d)nonlinear(d,0.9463,0.0000,300.0000,d)rotateFromBiaxial(d,0.9463,0.0000,d)nonlinear(6,0.0000,0.0000,2.5151,d)rotateIntoBiaxial(d,40.3497,0.0000,d)nonlinear(d,40.3497,0.0000,100.0000,d)rotateFromBiaxial(d,40.3497,0.0000,d)rotate(179.9902)rotateIntoBiaxial(d,139.7333,0.0000,d)nonlinear(d,139.7333,0.0000,300.0000,d)rotateFromBiaxial(d,139.7333,0.0000,d)nonlinear(6,0.0000,0.0000,28.7909,d)rotate(-81.6958)rotateIntoBiaxial(d,0.6511,0.0000,d)nonlinear(d,0.6511,0.0000,50.0000,d)rotateFromBiaxial(d,0.6511,0.0000,d)nonlinear(6,0.0000,0.0000,4.0742,d)linear(0,0,0,427.9950,d)rotate(8.5837)nonlinear(6,0.0000,0.0000,19.7426,d)linear(0,0,0,76.3077,d)rotate(-9.9045)rotateIntoBiaxial(d,9.2675,0.0000,d)nonlinear(d,9.2675,0.0000,26.0855,d)rotateFromBiaxial(d,9.2675,0.0000,d)nonlinear(6,0.0000,0.0000,4.8176,d)linear(0,0,0,270.5897,d)rotate(-0.0165)
27140,0,40,27.3553,27.3786,init()rotateIntoBiaxial(d,0.0587,0.0000,d)nonlinear(d,0.0587,0.0000,300.0000,d)rotateFromBiaxial(d,0.0587,0.0000,d)nonlinear(6,0.0000,0.0000,0.2405,d)rotateIntoBiaxial(d,40.4255,0.0000,d)nonlinear(d,40.4255,0.0000,100.0000,d)rotateFromBiaxial(d,40.4255,0.0000,d)rotate(179.4426)rotateIntoBiaxial(d,139.7332,0.0000,d)nonlinear(d,139.7332,0.0000,300.0000,d)rotateFromBiaxial(d,139.7332,0.0000,d)nonlinear(6,0.0000,0.0000,17.1808,d)rotate(-83.7718)rotateIntoBiaxial(d,0.2527,0.0000,d)nonlinear(d,0.2527,0.0000,50.0000,d)rotateFromBiaxial(d,0.2527,0.0000,d)nonlinear(6,0.0000,0.0000,5.9828,d)linear(0,0,0,346.8806,d)rotate(6.0849)nonlinear(6,0.0000,0.0000,6.6080,d)rotate(-10.8154)rotateIntoBiaxial(d,6.9940,0.0000,d)nonlinear(d,6.9940,0.0000,26.9025,d)rotateFromBiaxial(d,6.9940,0.0000,d)nonlinear(6,0.0000,0.0000,3.7723,d)linear(0,0,0,307.7041,d)rotate(-0.4351)
27186,0,40,27.3470,27.3786,init()rotateIntoBiaxial(d,0.8225,0.0000,d)nonlinear(d,0.8225,0.0000,300.0000,d)rotateFromBiaxial(d,0.8225,0.0000,d)nonlinear(6,0.0000,0.0000,2.0470,d)rotateIntoBiaxial(d,40.4485,0.0000,d)nonlinear(d,40.4485,0.0000,100.0000,d)rotateFromBiaxial(d,40.4485,0.0000,d)rotate(179.0700)rotateIntoBiaxial(d,139.7244,0.0000,d)nonlinear(d,139.7244,0.0000,300.0000,d)rotateFromBiaxial(d,139.7244,0.0000,d)nonlinear(6,0.0000,0.0000,17.4683,d)rotate(-83.9254)rotateIntoBiaxial(d,2.9121,0.0000,d)nonlinear(d,2.9121,0.0000,50.0000,d)rotateFromBiaxial(d,2.9121,0.0000,d)nonlinear(6,0.0000,0.0000,3.0462,d)linear(0,0,0,349.3702,d)rotate(8.4664)nonlinear(6,0.0000,0.0000,2.0799,d)linear(0,0,0,87.5628,d)rotate(-21.1309)rotateIntoBiaxial(d,7.5655,0.0000,d)nonlinear(d,7.5655,0.0000,24.3948,d)rotateFromBiaxial(d,7.5655,0.0000,d)nonlinear(6,0.0000,0.0000,5.7541,d)linear(0,0,0,243.2046,d)rotate(0.1810)
27232,0,40,27.0483,27.3786,init()rotateIntoBiaxial(d,1.1740,0.0000,d)nonlinear(d,1.1740,0.0000,300.0000,d)rotateFromBiaxial(d,1.1740,0.0000,d)nonlinear(6,0.0000,0.0000,1.5151,d)rotateIntoBiaxial(d,40.4729,0.0000,d)nonlinear(d,40.4729,0.0000,100.0000,d)rotateFromBiaxial(d,40.4729,0.0000,d)rotate(179.8004)rotateIntoBiaxial(d,139.8157,0.0000,d)nonlinear(d,139.8157,0.0000,300.0000,d)rotateFromBiaxial(d,139.8157,0.0000,d)nonlinear(6,0.0000,0.0000,32.2147,d)rotate(-87.5271)rotateIntoBiaxial(d,0.5195,0.0000,d)nonlinear(d,0.5195,0.0000,50.0000,d)rotateFromBiaxial(d,0.5195,0.0000,d)nonlinear(6,0.0000,0.0000,6.0100,d)linear(0,0,0,338.5461,d)rotate(7.9735)nonlinear(6,0.0000,0.0000,10.0956,d)linear(0,0,0,60.8169,d)rotate(-20.1889)rotateIntoBiaxial(d,5.2274,0.0000,d)nonlinear(d,5.2274,0.0000,21.5787,d)rotateFromBiaxial(d,5.2274,0.0000,d)nonlinear(6,0.0000,0.0000,18.2809,d)linear(0,0,0,218.0605,d)rotate(-0.0229)
27278,0,40,27.3594,27.3786,init()rotateIntoBiaxial(d,0.1289,0.0000,d)nonlinear(d,0.1289,0.0000,300.0000,d)rotateFromBiaxial(d,0.1289,0.0000,d)nonlinear(6,0.0000,0.0000,1.4937,d)rotateIntoBiaxial(d,40.4961,0.0000,d)nonlinear(d,40.4961,0.0000,100.0000,d)rotateFromBiaxial(d,40.4961,0.0000,d)rotate(179.8276)rotateIntoBiaxial(d,139.7262,0.0000,d)nonlinear(d,139.7262,0.0000,300.0000,d)rotateFromBiaxial(d,139.7262,0.0000,d)nonlinear(6,0.0000,0.0000,3.9732,d)rotate(-89.9843)rotateIntoBiaxial(d,1.5580,0.0000,d)nonlinear(d,1.5580,0.0000,50.0000,d)rotateFromBiaxial(d,1.5580,0.0000,d)nonlinear(6,0.0000,0.0000,3.6074,d)linear(0,0,0,377.9759,d)rotate(8.8849)nonlinear(6,0.0000,0.0000,6.4954,d)linear(0,0,0,103.2722,d)rotate(-0.3881)rotateIntoBiaxial(d,8.7992,0.0000,d)nonlinear(d,8.7992,0.0000,23.9941,d)rotateFromBiaxial(d,8.7992,0.0000,d)nonlinear(6,0.0000,0.0000,9.0628,d)linear(0,0,0,142.0959,d)
27324,0,40,27.5957,27.3786,init()rotateIntoBiaxial(d,0.4150,0.0000,d)nonlinear(d,0.4150,0.0000,300.0000,d)rotateFromBiaxial(d,0.4150,0.0000,d)nonlinear(6,0.0000,0.0000,0.1003,d)rotateIntoBiaxial(d,40.5782,0.0000,d)nonlinear(d,40.5782,0.0000,100.0000,d)rotateFromBiaxial(d,40.5782,0.0000,d)rotate(179.8402)rotateIntoBiaxial(d,139.7638,0.0000,d)nonlinear(d,139.7638,0.0000,300.0000,d)rotateFromBiaxial(d,139.7638,0.0000,d)nonlinear(6,0.0000,0.0000,23.0606,d)rotate(-82.5814)rotateIntoBiaxial(d,2.0893,0.0000,d)nonlinear(d,2.0893,0.0000,50.0000,d)rotateFromBiaxial(d,2.0893,0.0000,d)nonlinear(6,0.0000,0.0000,5.4232,d)linear(0,0,0,396.7991,d)rotate(8.0175)nonlinear(6,0.0000,0.0000,2.5222,d)rotate(-3.3901)rotateIntoBiaxial(d,6.7251,0.0000,d)nonlinear(d,6.7251,0.0000,20.1484,d)rotateFromBiaxial(d,6.7251,0.0000,d)nonlinear(6,0.0000,0.0000,5.2833,d)linear(0,0,0,213.2927,d)
27370,0,40,27.3495,27.3786,init()rotateIntoBiaxial(d,0.9695,0.0000,d)nonlinear(d,0.9695,0.0000,300.0000,d)rotateFromBiaxial(d,0.9695,0.0000,d)nonlinear(6,0.0000,0.0000,1.1146,d)rotateIntoBiaxial(d,40.4864,0.0000,d)nonlinear(d,40.4864,0.0000,100.0000,d)rotateFromBiaxial(d,40.4864,0.0000,d)rotate(179.5988)rotateIntoBiaxial(d,139.7818,0.0000,d)nonlinear(d,139.7818,0.0000,300.0000,d)rotateFromBiaxial(d,139.7818,0.0000,d)nonlinear(6,0.0000,0.0000,30.6870,d)rotate(-81.9313)rotateIntoBiaxial(d,2.7924,0.0000,d)nonlinear(d,2.7924,0.0000,50.0000,d)rotateFromBiaxial(d,2.7924,0.0000,d)nonlinear(6,0.0000,0.0000,8.1402,d)linear(0,0,0,412.9007,d)rotate(10.4451)nonlinear(6,0.0000,0.0000,7.4658,d)rotate(-20.0099)rotateIntoBiaxial(d,9.1283,0.0000,d)nonlinear(d,9.1283,0.0000,23.8883,d)rotateFromBiaxial(d,9.1283,0.0000,d)nonlinear(6,0.0000,0.0000,9.2658,d)linear(0,0,0,278.3597,d)rotate(-2.1251)
27416,0,40,27.2889,27.3786,init()rotateIntoBiaxial(d,0.5252,0.0000,d)nonlinear(d,0.5252,0.0000,300.0000,d)rotateFromBiaxial(d,0.5252,0.0000,d)nonlinear(6,0.0000,0.0000,1.8488,d)rotateIntoBiaxial(d,40.4037,0.0000,d)nonlinear(d,40.4037,0.0000,100.0000,d)rotateFromBiaxial(d,40.4037,0.0000,d)rotate(179.9996)rotateIntoBiaxial(d,139.7429,0.0000,d)nonlinear(d,139.7429,0.0000,300.0000,d)rotateFromBiaxial(d,139.7429,0.0000,d)nonlinear(6,0.0000,0.0000,23.1860,d)rotate(-87.8038)rotateIntoBiaxial(d,0.1086,0.0000,d)nonlinear(d,0.1086,0.0000,50.0000,d)rotateFromBiaxial(d,0.1086,0.0000,d)nonlinear(6,0.0000,0.0000,20.0916,d)linear(0,0,0,298.3270,d)rotate(7.7770)nonlinear(6,0.0000,0.0000,4.2893,d)rotate(-32.3263)rotateIntoBiaxial(d,4.9554,0.0000,d)nonlinear(d,4.9554,0.0000,22.8466,d)rotateFromBiaxial(d,4.9554,0.0000,d)nonlinear(6,0.0000,0.0000,6.9361,d)linear(0,0,0,274.0339,d)rotate(0.0165)
27462,0,40,27.4736,27.3786,init()rotateIntoBiaxial(d,0.8058,0.0000,d)nonlinear(d,0.8058,0.0000,300.0000,d)rotateFromBiaxial(d,0.8058,0.0000,d)nonlinear(6,0.0000,0.0000,0.9950,d)rotateIntoBiaxial(d,40.5264,0.0000,d)nonlinear(d,40.5264,0.0000,100.0000,d)rotateFromBiaxial(d,40.5264,0.0000,d)rotate(179.5718)rotateIntoBiaxial(d,139.7568,0.0000,d)nonlinear(d,139.7568,0.0000,300.0000,d)rotateFromBiaxial(d,139.7568,0.0000,d)nonlinear(6,0.0000,0.0000,22.3619,d)rotate(-89.5333)rotateIntoBiaxial(d,2.1036,0.0000,d)nonlinear(d,2.1036,0.0000,50.0000,d)rotateFromBiaxial(d,2.1036,0.0000,d)nonlinear(6,0.0000,0.0000,14.3128,d)linear(0,0,0,356.6300,d)rotate(10.5963)nonlinear(6,0.0000,0.0000,8.2632,d)rotate(-12.1869)rotateIntoBiaxial(d,7.7956,0.0000,d)nonlinear(d,7.7956,0.0000,15.6157,d)rotateFromBiaxial(d,7.7956,0.0000,d)nonlinear(6,0.0000,0.0000,7.0874,d)linear(0,0,0,166.0933,d)rotate(-0.3362)
27508,0,40,27.3490,27.3786,init()rotateIntoBiaxial(d,0.4161,0.0000,d)nonlinear(d,0.4161,0.0000,300.0000,d)rotateFromBiaxial(d,0.4161,0.0000,d)nonlinear(6,0.0000,0.0000,1.4885,d)rotateIntoBiaxial(d,40.4428,0.0000,d)nonlinear(d,40.4428,0.0000,100.0000,d)rotateFromBiaxial(d,40.4428,0.0000,d)rotate(179.9971)rotateIntoBiaxial(d,139.7598,0.0000,d)nonlinear(d,139.7598,0.0000,300.0000,d)rotateFromBiaxial(d,139.7598,0.0000,d)nonlinear(6,0.0000,0.0000,29.0490,d)rotate(-82.5146)rotateIntoBiaxial(d,1.6842,0.0000,d)nonlinear(d,1.6842,0.0000,50.0000,d)rotateFromBiaxial(d,1.6842,0.0000,d)nonlinear(6,0.0000,0.0000,10.7170,d)linear(0,0,0,184.7877,d)rotate(8.8404)nonlinear(6,0.0000,0.0000,9.4820,d)linear(0,0,0,60.8748,d)rotate(-31.0010)rotateIntoBiaxial(d,10.3403,0.0000,d)nonlinear(d,10.3403,0.0000,16.8871,d)rotateFromBiaxial(d,10.3403,0.0000,d)linear(0,0,0,250.7091,d)rotate(-0.1950)
27554,0,40,27.5769,27.3786,init()rotateIntoBiaxial(d,0.2285,0.0000,d)nonlinear(d,0.2285,0.0000,300.0000,d)rotateFromBiaxial(d,0.2285,0.0000,d)nonlinear(6,0.0000,0.0000,0.1548,d)rotateIntoBiaxial(d,40.5598,0.0000,d)nonlinear(d,40.5598,0.0000,100.0000,d)rotateFromBiaxial(d,40.5598,0.0000,d)rotate(179.9016)rotateIntoBiaxial(d,139.7223,0.0000,d)nonlinear(d,139.7223,0.0000,300.0000,d)rotateFromBiaxial(d,139.7223,0.0000,d)nonlinear(6,0.0000,0.0000,25.7586,d)rotate(-85.7719)rotateIntoBiaxial(d,2.6588,0.0000,d)nonlinear(d,2.6588,0.0000,50.0000,d)rotateFromBiaxial(d,2.6588,0.0000,d)nonlinear(6,0.0000,0.0000,12.4824,d)linear(0,0,0,205.2634,d)rotate(12.2083)nonlinear(6,0.0000,0.0000,9.0139,d)linear(0,0,0,36.2658,d)rotate(-29.8679)rotateIntoBiaxial(d,8.4652,0.0000,d)nonlinear(d,8.4652,0.0000,22.9030,d)rotateFromBiaxial(d,8.4652,0.0000,d)nonlinear(6,0.0000,0.0000,3.8495,d)linear(0,0,0,224.8752,d)rotate(0.3024)
27600,0,40,27.1367,27.3786,init()rotateIntoBiaxial(d,0.4827,0.0000,d)nonlinear(d,0.4827,0.0000,300.0000,d)rotateFromBiaxial(d,0.4827,0.0000,d)nonlinear(6,0.0000,0.0000,3.8971,d)rotateIntoBiaxial(d,40.4704,0.0000,d)nonlinear(d,40.4704,0.0000,100.0000,d)rotateFromBiaxial(d,40.4704,0.0000,d)rotate(179.1845)rotateIntoBiaxial(d,139.7787,0.0000,d)nonlinear(d,139.7787,0.0000,300.0000,d)rotateFromBiaxial(d,139.7787,0.0000,d)nonlinear(6,0.0000,0.0000,21.5492,d)rotate(-87.9768)rotateIntoBiaxial(d,1.2065,0.0000,d)nonlinear(d,1.2065,0.0000,50.0000,d)rotateFromBiaxial(d,1.2065,0.0000,d)nonlinear(6,0.0000,0.0000,16.2085,d)linear(0,0,0,232.7783,d)rotate(10.2697)nonlinear(6,0.0000,0.0000,16.6335,d)rotate(-26.3375)rotateIntoBiaxial(d,9.7391,0.0000,d)nonlinear(d,9.7391,0.0000,15.5011,d)rotateFromBiaxial(d,9.7391,0.0000,d)nonlinear(6,0.0000,0.0000,4.9786,d)linear(0,0,0,161.2007,d)rotate(0.2975)
27646,0,40,27.1892,27.3786,init()rotateIntoBiaxial(d,0.0105,0.0000,d)nonlinear(d,0.0105,0.0000,300.0000,d)rotateFromBiaxial(d,0.0105,0.0000,d)nonlinear(6,0.0000,0.0000,3.4254,d)rotateIntoBiaxial(d,40.4518,0.0000,d)nonlinear(d,40.4518,0.0000,100.0000,d)rotateFromBiaxial(d,40.4518,0.0000,d)rotate(179.4684)rotateIntoBiaxial(d,139.7134,0.0000,d)nonlinear(d,139.7134,0.0000,300.0000,d)rotateFromBiaxial(d,139.7134,0.0000,d)nonlinear(6,0.0000,0.0000,26.1377,d)rotate(-86.1959)rotateIntoBiaxial(d,0.8117,0.0000,d)nonlinear(d,0.8117,0.0000,50.0000,d)rotateFromBiaxial(d,0.8117,0.0000,d)nonlinear(6,0.0000,0.0000,7.8270,d)linear(0,0,0,305.8548,d)rotate(10.0082)nonlinear(6,0.0000,0.0000,13.4613,d)rotate(-17.0423)rotateIntoBiaxial(d,7.3462,0.0000,d)nonlinear(d,7.3462,0.0000,30.3154,d)rotateFromBiaxial(d,7.3462,0.0000,d)nonlinear(6,0.0000,0.0000,1.3574,d)linear(0,0,0,118.6060,d)rotate(0.1050)
27692,0,40,27.1557,27.3786,init()rotateIntoBiaxial(d,0.7082,0.0000,d)nonlinear(d,0.7082,0.0000,300.0000,d)rotateFromBiaxial(d,0.7082,0.0000,d)nonlinear(6,0.0000,0.0000,1.7727,d)rotateIntoBiaxial(d,40.4416,0.0000,d)nonlinear(d,40.4416,0.0000,100.0000,d)rotateFromBiaxial(d,40.4416,0.0000,d)rotate(178.7817)rotateIntoBiaxial(d,139.7937,0.0000,d)nonlinear(d,139.7937,0.0000,300.0000,d)rotateFromBiaxial(d,139.7937,0.0000,d)nonlinear(6,0.0000,0.0000,23.3610,d)rotate(-87.5272)rotateIntoBiaxial(d,1.5158,0.0000,d)nonlinear(d,1.5158,0.0000,50.0000,d)rotateFromBiaxial(d,1.5158,0.0000,d)nonlinear(6,0.0000,0.0000,3.8461,d)linear(0,0,0,245.6597,d)rotate(9.3769)nonlinear(6,0.0000,0.0000,13.4564,d)rotate(-28.8598)rotateIntoBiaxial(d,6.6286,0.0000,d)nonlinear(d,6.6286,0.0000,23.5995,d)rotateFromBiaxial(d,6.6286,0.0000,d)nonlinear(6,0.0000,0.0000,14.7984,d)linear(0,0,0,99.9286,d)rotate(-0.1855)
27738,0,40,27.1471,27.3786,init()rotateIntoBiaxial(d,0.6077,0.0000,d)nonlinear(d,0.6077,0.0000,300.0000,d)rotateFromBiaxial(d,0.6077,0.0000,d)nonlinear(6,0.0000,0.0000,4.8784,d)rotateIntoBiaxial(d,40.4323,0.0000,d)nonlinear(d,40.4323,0.0000,100.0000,d)rotateFromBiaxial(d,40.4323,0.0000,d)rotate(179.5526)rotateIntoBiaxial(d,139.7364,0.0000,d)nonlinear(d,139.7364,0.0000,300.0000,d)rotateFromBiaxial(d,139.7364,0.0000,d)nonlinear(6,0.0000,0.0000,18.1392,d)rotate(-86.3792)rotateIntoBiaxial(d,1.7498,0.0000,d)nonlinear(d,1.7498,0.0000,50.0000,d)rotateFromBiaxial(d,1.7498,0.0000,d)nonlinear(6,0.0000,0.0000,9.7617,d)linear(0,0,0,314.8073,d)rotate(4.1572)nonlinear(6,0.0000,0.0000,8.4962,d)rotate(-20.6763)rotateIntoBiaxial(d,11.7323,0.0000,d)nonlinear(d,11.7323,0.0000,24.0461,d)rotateFromBiaxial(d,11.7323,0.0000,d)nonlinear(6,0.0000,0.0000,7.6811,d)linear(0,0,0,175.7154,d)rotate(0.0088)
27784,0,40,27.4331,27.3786,init()rotateIntoBiaxial(d,0.1667,0.0000,d)nonlinear(d,0.1667,0.0000,300.0000,d)rotateFromBiaxial(d,0.1667,0.0000,d)nonlinear(6,0.0000,0.0000,0.5005,d)rotateIntoBiaxial(d,40.4852,0.0000,d)nonlinear(d,40.4852,0.0000,100.0000,d)rotateFromBiaxial(d,40.4852,0.0000,d)rotate(179.4940)rotateIntoBiaxial(d,139.7420,0.0000,d)nonlinear(d,139.7420,0.0000,300.0000,d)rotateFromBiaxial(d,139.7420,0.0000,d)nonlinear(6,0.0000,0.0000,16.2847,d)rotate(-84.4113)rotateIntoBiaxial(d,2.1742,0.0000,d)nonlinear(d,2.1742,0.0000,50.0000,d)rotateFromBiaxial(d,2.1742,0.0000,d)nonlinear(6,0.0000,0.0000,7.0470,d)linear(0,0,0,281.3665,d)rotate(9.0062)nonlinear(6,0.0000,0.0000,5.0406,d)rotate(-32.0610)rotateIntoBiaxial(d,9.0770,0.0000,d)nonlinear(d,9.0770,0.0000,20.0179,d)rotateFromBiaxial(d,9.0770,0.0000,d)nonlinear(6,0.0000,0.0000,7.7637,d)linear(0,0,0,191.5264,d)rotate(0.4745)
27830,0,40,27.5299,27.3786,init()rotateIntoBiaxial(d,0.4798,0.0000,d)nonlinear(d,0.4798,0.0000,300.0000,d)rotateFromBiaxial(d,0.4798,0.0000,d)nonlinear(6,0.0000,0.0000,0.7484,d)rotateIntoBiaxial(d,40.5295,0.0000,d)nonlinear(d,40.5295,0.0000,100.0000,d)rotateFromBiaxial(d,40.5295,0.0000,d)rotate(179.7260)rotateIntoBiaxial(d,139.7330,0.0000,d)nonlinear(d,139.7330,0.0000,300.0000,d)rotateFromBiaxial(d,139.7330,0.0000,d)nonlinear(6,0.0000,0.0000,27.0493,d)rotate(-85.3036)rotateIntoBiaxial(d,0.8225,0.0000,d)nonlinear(d,0.8225,0.0000,50.0000,d)rotateFromBiaxial(d,0.8225,0.0000,d)nonlinear(6,0.0000,0.0000,6.7413,d)linear(0,0,0,319.3402,d)rotate(13.6312)nonlinear(6,0.0000,0.0000,11.9202,d)linear(0,0,0,1.4515,d)rotate(-20.9340)rotateIntoBiaxial(d,7.9393,0.0000,d)nonlinear(d,7.9393,0.0000,22.3638,d)rotateFromBiaxial(d,7.9393,0.0000,d)nonlinear(6,0.0000,0.0000,4.2489,d)linear(0,0,0,119.7160,d)rotate(-0.7487)
27876,0,40,27.4299,27.3786,init()rotateIntoBiaxial(d,1.0178,0.0000,d)nonlinear(d,1.0178,0.0000,300.0000,d)rotateFromBiaxial(d,1.0178,0.0000,d)nonlinear(6,0.0000,0.0000,0.6864,d)rotateIntoBiaxial(d,40.4734,0.0000,d)nonlinear(d,40.4734,0.0000,100.0000,d)rotateFromBiaxial(d,40.4734,0.0000,d)rotate(179.8214)rotateIntoBiaxial(d,139.7482,0.0000,d)nonlinear(d,139.7482,0.0000,300.0000,d)rotateFromBiaxial(d,139.7482,0.0000,d)nonlinear(6,0.0000,0.0000,34.0904,d)rotate(-83.6148)rotateIntoBiaxial(d,0.3673,0.0000,d)nonlinear(d,0.3673,0.0000,50.0000,d)rotateFromBiaxial(d,0.3673,0.0000,d)nonlinear(6,0.0000,0.0000,14.3700,d)linear(0,0,0,246.6765,d)rotate(8.0698)nonlinear(6,0.0000,0.0000,15.7216,d)rotate(-16.6197)rotateIntoBiaxial(d,6.6490,0.0000,d)nonlinear(d,6.6490,0.0000,29.9201,d)rotateFromBiaxial(d,6.6490,0.0000,d)nonlinear(6,0.0000,0.0000,2.2060,d)linear(0,0,0,234.2886,d)rotate(-0.5563)
27922,0,40,27.2779,27.3786,init()rotateIntoBiaxial(d,0.3668,0.0000,d)nonlinear(d,0.3668,0.0000,300.0000,d)rotateFromBiaxial(d,0.3668,0.0000,d)nonlinear(6,0.0000,0.0000,1.3489,d)rotateIntoBiaxial(d,40.3842,0.0000,d)nonlinear(d,40.3842,0.0000,100.0000,d)rotateFromBiaxial(d,40.3842,0.0000,d)rotate(179.9392)rotateIntoBiaxial(d,139.7452,0.0000,d)nonlinear(d,139.7452,0.0000,300.0000,d)rotateFromBiaxial(d,139.7452,0.0000,d)nonlinear(6,0.0000,0.0000,27.3039,d)rotate(-80.4703)rotateIntoBiaxial(d,0.1545,0.0000,d)nonlinear(d,0.1545,0.0000,50.0000,d)rotateFromBiaxial(d,0.1545,0.0000,d)nonlinear(6,0.0000,0.0000,11.2123,d)linear(0,0,0,289.4432,d)rotate(7.1208)nonlinear(6,0.0000,0.0000,25.4596,d)rotate(-9.5091)rotateIntoBiaxial(d,7.6886,0.0000,d)nonlinear(d,7.6886,0.0000,21.9852,d)rotateFromBiaxial(d,7.6886,0.0000,d)nonlinear(6,0.0000,0.0000,10.4617,d)linear(0,0,0,213.9343,d)rotate(0.0765)
27968,0,40,27.3471,27.3786,init()rotateIntoBiaxial(d,0.6726,0.0000,d)nonlinear(d,0.6726,0.0000,300.0000,d)rotateFromBiaxial(d,0.6726,0.0000,d)nonlinear(6,0.0000,0.0000,1.4521,d)rotateIntoBiaxial(d,40.4189,0.0000,d)nonlinear(d,40.4189,0.0000,100.0000,d)rotateFromBiaxial(d,40.4189,0.0000,d)rotate(179.7511)rotateIntoBiaxial(d,139.7482,0.0000,d)nonlinear(d,139.7482,0.0000,300.0000,d)rotateFromBiaxial(d,139.7482,0.0000,d)nonlinear(6,0.0000,0.0000,24.8099,d)rotate(-79.9457)rotateIntoBiaxial(d,0.0428,0.0000,d)nonlinear(d,0.0428,0.0000,50.0000,d)rotateFromBiaxial(d,0.0428,0.0000,d)nonlinear(6,0.0000,0.0000,17.4326,d)linear(0,0,0,240.1725,d)rotate(10.7752)nonlinear(6,0.0000,0.0000,10.2260,d)rotate(-26.8807)rotateIntoBiaxial(d,6.8930,0.0000,d)nonlinear(d,6.8930,0.0000,19.4231,d)rotateFromBiaxial(d,6.8930,0.0000,d)nonlinear(6,0.0000,0.0000,11.0203,d)linear(0,0,0,134.4905,d)rotate(0.1319)
28014,0,40,27.6267,27.3786,init()rotateIntoBiaxial(d,0.1905,0.0000,d)nonlinear(d,0.1905,0.0000,300.0000,d)rotateFromBiaxial(d,0.1905,0.0000,d)nonlinear(6,0.0000,0.0000,0.0409,d)rotateIntoBiaxial(d,40.6043,0.0000,d)nonlinear(d,40.6043,0.0000,100.0000,d)rotateFromBiaxial(d,40.6043,0.0000,d)rotate(179.8494)rotateIntoBiaxial(d,139.7355,0.0000,d)nonlinear(d,139.7355,0.0000,300.0000,d)rotateFromBiaxial(d,139.7355,0.0000,d)nonlinear(6,0.0000,0.0000,25.9617,d)rotate(-79.5244)rotateIntoBiaxial(d,2.4101,0.0000,d)nonlinear(d,2.4101,0.0000,50.0000,d)rotateFromBiaxial(d,2.4101,0.0000,d)nonlinear(6,0.0000,0.0000,9.5133,d)linear(0,0,0,331.3620,d)rotate(11.1803)nonlinear(6,0.0000,0.0000,8.8061,d)rotate(-30.7854)rotateIntoBiaxial(d,7.2826,0.0000,d)nonlinear(d,7.2826,0.0000,22.0610,d)rotateFromBiaxial(d,7.2826,0.0000,d)nonlinear(6,0.0000,0.0000,9.0552,d)linear(0,0,0,208.4752,d)rotate(-0.2445)
28060,0,40,27.3503,27.3786,init()rotateIntoBiaxial(d,0.7505,0.0000,d)nonlinear(d,0.7505,0.0000,300.0000,d)rotateFromBiaxial(d,0.7505,0.0000,d)nonlinear(6,0.0000,0.0000,2.7382,d)rotateIntoBiaxial(d,40.5168,0.0000,d)nonlinear(d,40.5168,0.0000,100.0000,d)rotateFromBiaxial(d,40.5168,0.0000,d)rotate(179.0272)rotateIntoBiaxial(d,139.7031,0.0000,d)nonlinear(d,139.7031,0.0000,300.0000,d)rotateFromBiaxial(d,139.7031,0.0000,d)nonlinear(6,0.0000,0.0000,22.4205,d)rotate(-78.2592)rotateIntoBiaxial(d,1.1799,0.0000,d)nonlinear(d,1.1799,0.0000,50.0000,d)rotateFromBiaxial(d,1.1799,0.0000,d)nonlinear(6,0.0000,0.0000,1.8001,d)linear(0,0,0,411.2005,d)rotate(7.6144)nonlinear(6,0.0000,0.0000,10.2667,d)rotate(-18.8383)rotateIntoBiaxial(d,9.3624,0.0000,d)nonlinear(d,9.3624,0.0000,22.4792,d)rotateFromBiaxial(d,9.3624,0.0000,d)nonlinear(6,0.0000,0.0000,10.0292,d)linear(0,0,0,187.6061,d)rotate(0.0328)
28106,0,40,27.4918,27.3786,init()rotateIntoBiaxial(d,0.7642,0.0000,d)nonlinear(d,0.7642,0.0000,300.0000,d)rotateFromBiaxial(d,0.7642,0.0000,d)nonlinear(6,0.0000,0.0000,0.4083,d)rotateIntoBiaxial(d,40.4377,0.0000,d)nonlinear(d,40.4377,0.0000,100.0000,d)rotateFromBiaxial(d,40.4377,0.0000,d)rotate(179.9999)rotateIntoBiaxial(d,139.7161,0.0000,d)nonlinear(d,139.7161,0.0000,300.0000,d)rotateFromBiaxial(d,139.7161,0.0000,d)nonlinear(6,0.0000,0.0000,33.9026,d)rotate(-83.2796)rotateIntoBiaxial(d,0.2956,0.0000,d)nonlinear(d,0.2956,0.0000,50.0000,d)rotateFromBiaxial(d,0.2956,0.0000,d)nonlinear(6,0.0000,0.0000,13.9053,d)linear(0,0,0,205.2815,d)rotate(9.9001)nonlinear(6,0.0000,0.0000,18.7599,d)rotate(-15.4756)rotateIntoBiaxial(d,7.0233,0.0000,d)nonlinear(d,7.0233,0.0000,28.6396,d)rotateFromBiaxial(d,7.0233,0.0000,d)nonlinear(6,0.0000,0.0000,13.3430,d)linear(0,0,0,218.8484,d)rotate(-1.0880)
28152,0,40,27.4677,27.3786,init()rotateIntoBiaxial(d,0.2612,0.0000,d)nonlinear(d,0.2612,0.0000,300.0000,d)rotateFromBiaxial(d,0.2612,0.0000,d)nonlinear(6,0.0000,0.0000,0.4234,d)rotateIntoBiaxial(d,40.4720,0.0000,d)nonlinear(d,40.4720,0.0000,100.0000,d)rotateFromBiaxial(d,40.4720,0.0000,d)rotate(179.9958)rotateIntoBiaxial(d,139.7405,0.0000,d)nonlinear(d,139.7405,0.0000,300.0000,d)rotateFromBiaxial(d,139.7405,0.0000,d)nonlinear(6,0.0000,0.0000,18.6321,d)rotate(-82.7880)rotateIntoBiaxial(d,0.5896,0.0000,d)nonlinear(d,0.5896,0.0000,50.0000,d)rotateFromBiaxial(d,0.5896,0.0000,d)nonlinear(6,0.0000,0.0000,8.9459,d)linear(0,0,0,245.6660,d)rotate(12.9659)nonlinear(6,0.0000,0.0000,13.2060,d)rotate(-17.4529)rotateIntoBiaxial(d,6.2429,0.0000,d)nonlinear(d,6.2429,0.0000,27.9106,d)rotateFromBiaxial(d,6.2429,0.0000,d)nonlinear(6,0.0000,0.0000,5.4507,d)linear(0,0,0,178.5359,d)rotate(-0.0367)
28198,0,40,27.5262,27.3786,init()rotateIntoBiaxial(d,0.2144,0.0000,d)nonlinear(d,0.2144,0.0000,300.0000,d)rotateFromBiaxial(d,0.2144,0.0000,d)nonlinear(6,0.0000,0.0000,0.5446,d)rotateIntoBiaxial(d,40.5577,0.0000,d)nonlinear(d,40.5577,0.0000,100.0000,d)rotateFromBiaxial(d,40.5577,0.0000,d)rotate(179.9806)rotateIntoBiaxial(d,139.7657,0.0000,d)nonlinear(d,139.7657,0.0000,300.0000,d)rotateFromBiaxial(d,139.7657,0.0000,d)nonlinear(6,0.0000,0.0000,29.2512,d)linear(0,0,0,26.9895,d)rotate(-79.1417)rotateIntoBiaxial(d,0.6468,0.0000,d)nonlinear(d,0.6468,0.0000,50.0000,d)rotateFromBiaxial(d,0.6468,0.0000,d)nonlinear(6,0.0000,0.0000,10.4362,d)linear(0,0,0,228.8578,d)rotate(11.0905)nonlinear(6,0.0000,0.0000,28.1856,d)rotate(-17.6003)rotateIntoBiaxial(d,7.8808,0.0000,d)nonlinear(d,7.8808,0.0000,21.6014,d)rotateFromBiaxial(d,7.8808,0.0000,d)nonlinear(6,0.0000,0.0000,12.0563,d)linear(0,0,0,138.3816,d)rotate(-0.3616)
28244,0,40,27.2762,27.3786,init()rotateIntoBiaxial(d,0.0798,0.0000,d)nonlinear(d,0.0798,0.0000,300.0000,d)rotateFromBiaxial(d,0.0798,0.0000,d)nonlinear(6,0.0000,0.0000,0.5152,d)rotateIntoBiaxial(d,40.4206,0.0000,d)nonlinear(d,40.4206,0.0000,100.0000,d)rotateFromBiaxial(d,40.4206,0.0000,d)rotate(178.8579)rotateIntoBiaxial(d,139.7649,0.0000,d)nonlinear(d,139.7649,0.0000,300.0000,d)rotateFromBiaxial(d,139.7649,0.0000,d)nonlinear(6,0.0000,0.0000,21.7086,d)rotate(-79.4511)rotateIntoBiaxial(d,1.6835,0.0000,d)nonlinear(d,1.6835,0.0000,50.0000,d)rotateFromBiaxial(d,1.6835,0.0000,d)nonlinear(6,0.0000,0.0000,14.5311,d)linear(0,0,0,298.1714,d)rotate(11.4606)nonlinear(6,0.0000,0.0000,7.3377,d)rotate(-32.1160)rotateIntoBiaxial(d,7.0708,0.0000,d)nonlinear(d,7.0708,0.0000,20.4106,d)rotateFromBiaxial(d,7.0708,0.0000,d)nonlinear(6,0.0000,0.0000,9.8415,d)linear(0,0,0,104.1810,d)rotate(0.7236)
28290,0,40,27.3621,27.3786,init()rotateIntoBiaxial(d,0.3850,0.0000,d)nonlinear(d,0.3850,0.0000,300.0000,d)rotateFromBiaxial(d,0.3850,0.0000,d)nonlinear(6,0.0000,0.0000,1.8443,d)rotateIntoBiaxial(d,40.4656,0.0000,d)nonlinear(d,40.4656,0.0000,100.0000,d)rotateFromBiaxial(d,40.4656,0.0000,d)rotate(179.7112)rotateIntoBiaxial(d,139.7440,0.0000,d)nonlinear(d,139.7440,0.0000,300.0000,d)rotateFromBiaxial(d,139.7440,0.0000,d)nonlinear(6,0.0000,0.0000,18.0077,d)rotate(-79.6178)rotateIntoBiaxial(d,2.1449,0.0000,d)nonlinear(d,2.1449,0.0000,50.0000,d)rotateFromBiaxial(d,2.1449,0.0000,d)nonlinear(6,0.0000,0.0000,6.5684,d)linear(0,0,0,214.5417,d)rotate(12.3428)nonlinear(6,0.0000,0.0000,10.3632,d)rotate(-27.8746)rotateIntoBiaxial(d,5.4920,0.0000,d)nonlinear(d,5.4920,0.0000,23.9007,d)rotateFromBiaxial(d,5.4920,0.0000,d)nonlinear(6,0.0000,0.0000,3.9947,d)linear(0,0,0,168.5762,d)rotate(-0.2454)
28336,0,40,27.5127,27.5127,init()rotateIntoBiaxial(d,0.5683,0.0000,d)nonlinear(d,0.5683,0.0000,300.0000,d)rotateFromBiaxial(d,0.5683,0.0000,d)nonlinear(6,0.0000,0.0000,0.4756,d)rotateIntoBiaxial(d,40.4662,0.0000,d)nonlinear(d,40.4662,0.0000,100.0000,d)rotateFromBiaxial(d,40.4662,0.0000,d)rotate(179.9323)rotateIntoBiaxial(d,139.7464,0.0000,d)nonlinear(d,139.7464,0.0000,300.0000,d)rotateFromBiaxial(d,139.7464,0.0000,d)nonlinear(6,0.0000,0.0000,36.6560,d)rotate(-81.5836)rotateIntoBiaxial(d,0.5116,0.0000,d)nonlinear(d,0.5116,0.0000,50.0000,d)rotateFromBiaxial(d,0.5116,0.0000,d)nonlinear(6,0.0000,0.0000,18.0118,d)linear(0,0,0,242.9741,d)rotate(8.5335)nonlinear(6,0.0000,0.0000,13.3872,d)linear(0,0,0,23.6306,d)rotate(-16.3122)rotateIntoBiaxial(d,6.2788,0.0000,d)nonlinear(d,6.2788,0.0000,20.3151,d)rotateFromBiaxial(d,6.2788,0.0000,d)nonlinear(6,0.0000,0.0000,11.4549,d)linear(0,0,0,210.1685,d)rotate(-0.1340)
28382,0,40,27.3002,27.5127,init()rotateIntoBiaxial(d,0.1753,0.0000,d)nonlinear(d,0.1753,0.0000,300.0000,d)rotateFromBiaxial(d,0.1753,0.0000,d)nonlinear(6,0.0000,0.0000,0.2799,d)rotateIntoBiaxial(d,40.4223,0.0000,d)nonlinear(d,40.4223,0.0000,100.0000,d)rotateFromBiaxial(d,40.4223,0.0000,d)rotate(179.5363)rotateIntoBiaxial(d,139.7730,0.0000,d)nonlinear(d,139.7730,0.0000,300.0000,d)rotateFromBiaxial(d,139.7730,0.0000,d)nonlinear(6,0.0000,0.0000,21.3725,d)rotate(-80.6274)rotateIntoBiaxial(d,2.0348,0.0000,d)nonlinear(d,2.0348,0.0000,50.0000,d)rotateFromBiaxial(d,2.0348,0.0000,d)nonlinear(6,0.0000,0.0000,16.5538,d)linear(0,0,0,217.9450,d)rotate(12.9097)nonlinear(6,0.0000,0.0000,14.3330,d)rotate(-34.7453)rotateIntoBiaxial(d,5.5912,0.0000,d)nonlinear(d,5.5912,0.0000,17.8023,d)rotateFromBiaxial(d,5.5912,0.0000,d)nonlinear(6,0.0000,0.0000,7.8447,d)linear(0,0,0,237.8469,d)rotate(-0.2076)
28428,0,40,27.3293,27.5127,init()rotateIntoBiaxial(d,0.1851,0.0000,d)nonlinear(d,0.1851,0.0000,300.0000,d)rotateFromBiaxial(d,0.1851,0.0000,d)nonlinear(6,0.0000,0.0000,1.7223,d)rotateIntoBiaxial(d,40.4568,0.0000,d)nonlinear(d,40.4568,0.0000,100.0000,d)rotateFromBiaxial(d,40.4568,0.0000,d)rotate(179.6974)rotateIntoBiaxial(d,139.7265,0.0000,d)nonlinear(d,139.7265,0.0000,300.0000,d)rotateFromBiaxial(d,139.7265,0.0000,d)nonlinear(6,0.0000,0.0000,18.2733,d)rotate(-84.0332)rotateIntoBiaxial(d,0.5998,0.0000,d)nonlinear(d,0.5998,0.0000,50.0000,d)rotateFromBiaxial(d,0.5998,0.0000,d)nonlinear(6,0.0000,0.0000,17.7302,d)linear(0,0,0,127.8969,d)rotate(14.3410)nonlinear(6,0.0000,0.0000,10.2532,d)rotate(-39.0202)rotateIntoBiaxial(d,5.7888,0.0000,d)nonlinear(d,5.7888,0.0000,12.1668,d)rotateFromBiaxial(d,5.7888,0.0000,d)nonlinear(6,0.0000,0.0000,7.8259,d)linear(0,0,0,175.1926,d)rotate(-1.9335)
28474,0,40,27.4366,27.5127,init()rotateIntoBiaxial(d,0.4753,0.0000,d)nonlinear(d,0.4753,0.0000,300.0000,d)rotateFromBiaxial(d,0.4753,0.0000,d)nonlinear(6,0.0000,0.0000,1.7144,d)rotateIntoBiaxial(d,40.4724,0.0000,d)nonlinear(d,40.4724,0.0000,100.0000,d)rotateFromBiaxial(d,40.4724,0.0000,d)rotate(179.9097)rotateIntoBiaxial(d,139.7155,0.0000,d)nonlinear(d,139.7155,0.0000,300.0000,d)rotateFromBiaxial(d,139.7155,0.0000,d)nonlinear(6,0.0000,0.0000,31.1631,d)rotate(-81.8254)rotateIntoBiaxial(d,0.9339,0.0000,d)nonlinear(d,0.9339,0.0000,50.0000,d)rotateFromBiaxial(d,0.9339,0.0000,d)nonlinear(6,0.0000,0.0000,11.3372,d)linear(0,0,0,234.5930,d)rotate(16.2149)nonlinear(6,0.0000,0.0000,10.4284,d)rotate(-27.7491)rotateIntoBiaxial(d,8.2112,0.0000,d)nonlinear(d,8.2112,0.0000,20.3451,d)rotateFromBiaxial(d,8.2112,0.0000,d)nonlinear(6,0.0000,0.0000,8.5736,d)linear(0,0,0,212.0069,d)rotate(-0.0932)
28520,0,40,27.2329,27.5127,init()rotateIntoBiaxial(d,0.0294,0.0000,d)nonlinear(d,0.0294,0.0000,300.0000,d)rotateFromBiaxial(d,0.0294,0.0000,d)nonlinear(6,0.0000,0.0000,0.0013,d)rotateIntoBiaxial(d,40.3353,0.0000,d)nonlinear(d,40.3353,0.0000,100.0000,d)rotateFromBiaxial(d,40.3353,0.0000,d)rotate(178.8471)rotateIntoBiaxial(d,139.7323,0.0000,d)nonlinear(d,139.7323,0.0000,300.0000,d)rotateFromBiaxial(d,139.7323,0.0000,d)nonlinear(6,0.0000,0.0000,23.8987,d)rotate(-83.6439)rotateIntoBiaxial(d,0.1197,0.0000,d)nonlinear(d,0.1197,0.0000,50.0000,d)rotateFromBiaxial(d,0.1197,0.0000,d)nonlinear(6,0.0000,0.0000,6.6915,d)linear(0,0,0,140.6348,d)rotate(15.5126)rotateIntoBiaxial(d,1.1340,0.0000,d)nonlinear(d,1.1340,0.0000,3.0398,d)rotateFromBiaxial(d,1.1340,0.0000,d)nonlinear(6,0.0000,0.0000,14.9562,d)rotate(-32.9505)rotateIntoBiaxial(d,6.4161,0.0000,d)nonlinear(d,6.4161,0.0000,23.3503,d)rotateFromBiaxial(d,6.4161,0.0000,d)nonlinear(6,0.0000,0.0000,13.9228,d)linear(0,0,0,125.1984,d)rotate(-0.3695)
28566,0,40,27.4337,27.5127,init()rotateIntoBiaxial(d,0.1231,0.0000,d)nonlinear(d,0.1231,0.0000,300.0000,d)rotateFromBiaxial(d,0.1231,0.0000,d)nonlinear(6,0.0000,0.0000,0.8065,d)rotateIntoBiaxial(d,40.4718,0.0000,d)nonlinear(d,40.4718,0.0000,100.0000,d)rotateFromBiaxial(d,40.4718,0.0000,d)rotate(179.2425)rotateIntoBiaxial(d,139.7404,0.0000,d)nonlinear(d,139.7404,0.0000,300.0000,d)rotateFromBiaxial(d,139.7404,0.0000,d)nonlinear(6,0.0000,0.0000,33.7711,d)rotate(-79.1191)rotateIntoBiaxial(d,0.9349,0.0000,d)nonlinear(d,0.9349,0.0000,50.0000,d)rotateFromBiaxial(d,0.9349,0.0000,d)nonlinear(6,0.0000,0.0000,9.1852,d)linear(0,0,0,180.1337,d)rotate(12.9106)nonlinear(6,0.0000,0.0000,25.8773,d)linear(0,0,0,35.3347,d)rotate(-31.5760)rotateIntoBiaxial(d,6.1347,0.0000,d)nonlinear(d,6.1347,0.0000,15.3700,d)rotateFromBiaxial(d,6.1347,0.0000,d)nonlinear(6,0.0000,0.0000,7.2832,d)linear(0,0,0,185.6215,d)rotate(-0.6192)
28612,0,40,27.5176,27.5127,init()rotateIntoBiaxial(d,0.5414,0.0000,d)nonlinear(d,0.5414,0.0000,300.0000,d)rotateFromBiaxial(d,0.5414,0.0000,d)nonlinear(6,0.0000,0.0000,0.3876,d)rotateIntoBiaxial(d,40.4925,0.0000,d)nonlinear(d,40.4925,0.0000,100.0000,d)rotateFromBiaxial(d,40.4925,0.0000,d)rotate(179.3669)rotateIntoBiaxial(d,139.7108,0.0000,d)nonlinear(d,139.7108,0.0000,300.0000,d)rotateFromBiaxial(d,139.7108,0.0000,d)nonlinear(6,0.0000,0.0000,16.8937,d)rotate(-82.3205)rotateIntoBiaxial(d,2.7695,0.0000,d)nonlinear(d,2.7695,0.0000,50.0000,d)rotateFromBiaxial(d,2.7695,0.0000,d)nonlinear(6,0.0000,0.0000,12.5164,d)linear(0,0,0,229.4637,d)rotate(17.7841)nonlinear(6,0.0000,0.0000,11.6310,d)linear(0,0,0,0.0380,d)rotate(-34.0595)rotateIntoBiaxial(d,6.6853,0.0000,d)nonlinear(d,6.6853,0.0000,19.7484,d)rotateFromBiaxial(d,6.6853,0.0000,d)nonlinear(6,0.0000,0.0000,12.4041,d)linear(0,0,0,155.4497,d)rotate(0.1545)
28658,0,40,27.5002,27.5127,init()rotateIntoBiaxial(d,0.7897,0.0000,d)nonlinear(d,0.7897,0.0000,300.0000,d)rotateFromBiaxial(d,0.7897,0.0000,d)nonlinear(6,0.0000,0.0000,0.1748,d)rotateIntoBiaxial(d,40.4684,0.0000,d)nonlinear(d,40.4684,0.0000,100.0000,d)rotateFromBiaxial(d,40.4684,0.0000,d)rotate(179.7602)rotateIntoBiaxial(d,139.7089,0.0000,d)nonlinear(d,139.7089,0.0000,300.0000,d)rotateFromBiaxial(d,139.7089,0.0000,d)nonlinear(6,0.0000,0.0000,20.6839,d)rotate(-82.0381)rotateIntoBiaxial(d,0.4552,0.0000,d)nonlinear(d,0.4552,0.0000,50.0000,d)rotateFromBiaxial(d,0.4552,0.0000,d)nonlinear(6,0.0000,0.0000,15.0912,d)linear(0,0,0,224.6483,d)rotate(17.2912)nonlinear(6,0.0000,0.0000,16.6486,d)linear(0,0,0,48.0052,d)rotate(-37.2943)rotateIntoBiaxial(d,7.7943,0.0000,d)nonlinear(d,7.7943,0.0000,20.5628,d)rotateFromBiaxial(d,7.7943,0.0000,d)nonlinear(6,0.0000,0.0000,5.5212,d)linear(0,0,0,148.0759,d)rotate(-0.7423)
28704,0,40,27.2035,27.5127,init()rotateIntoBiaxial(d,0.8200,0.0000,d)nonlinear(d,0.8200,0.0000,300.0000,d)rotateFromBiaxial(d,0.8200,0.0000,d)nonlinear(6,0.0000,0.0000,2.3013,d)rotateIntoBiaxial(d,40.3636,0.0000,d)nonlinear(d,40.3636,0.0000,100.0000,d)rotateFromBiaxial(d,40.3636,0.0000,d)rotate(179.9422)rotateIntoBiaxial(d,139.7434,0.0000,d)nonlinear(d,139.7434,0.0000,300.0000,d)rotateFromBiaxial(d,139.7434,0.0000,d)nonlinear(6,0.0000,0.0000,25.5887,d)rotate(-77.9193)rotateIntoBiaxial(d,0.0405,0.0000,d)nonlinear(d,0.0405,0.0000,50.0000,d)rotateFromBiaxial(d,0.0405,0.0000,d)nonlinear(6,0.0000,0.0000,14.7461,d)linear(0,0,0,173.5045,d)rotate(13.5214)nonlinear(6,0.0000,0.0000,15.1924,d)linear(0,0,0,3.4725,d)rotate(-42.6939)rotateIntoBiaxial(d,7.7625,0.0000,d)nonlinear(d,7.7625,0.0000,18.8497,d)rotateFromBiaxial(d,7.7625,0.0000,d)nonlinear(6,0.0000,0.0000,12.2181,d)linear(0,0,0,138.2958,d)rotate(-0.5748)
28750,0,40,27.4797,27.5127,init()rotateIntoBiaxial(d,0.5091,0.0000,d)nonlinear(d,0.5091,0.0000,300.0000,d)rotateFromBiaxial(d,0.5091,0.0000,d)nonlinear(6,0.0000,0.0000,0.0035,d)rotateIntoBiaxial(d,40.4082,0.0000,d)nonlinear(d,40.4082,0.0000,100.0000,d)rotateFromBiaxial(d,40.4082,0.0000,d)rotate(179.9712)rotateIntoBiaxial(d,139.7236,0.0000,d)nonlinear(d,139.7236,0.0000,300.0000,d)rotateFromBiaxial(d,139.7236,0.0000,d)nonlinear(6,0.0000,0.0000,30.8837,d)rotate(-80.3182)rotateIntoBiaxial(d,0.6838,0.0000,d)nonlinear(d,0.6838,0.0000,50.0000,d)rotateFromBiaxial(d,0.6838,0.0000,d)nonlinear(6,0.0000,0.0000,11.2006,d)linear(0,0,0,239.4657,d)rotate(15.2142)nonlinear(6,0.0000,0.0000,17.6138,d)linear(0,0,0,6.5530,d)rotate(-30.9521)rotateIntoBiaxial(d,6.3244,0.0000,d)nonlinear(d,6.3244,0.0000,19.2449,d)rotateFromBiaxial(d,6.3244,0.0000,d)nonlinear(6,0.0000,0.0000,22.3777,d)linear(0,0,0,238.9800,d)rotate(-0.7031)
28796,0,40,27.4452,27.5127,init()rotateIntoBiaxial(d,1.1755,0.0000,d)nonlinear(d,1.1755,0.0000,300.0000,d)rotateFromBiaxial(d,1.1755,0.0000,d)nonlinear(6,0.0000,0.0000,1.0658,d)rotateIntoBiaxial(d,40.4765,0.0000,d)nonlinear(d,40.4765,0.0000,100.0000,d)rotateFromBiaxial(d,40.4765,0.0000,d)rotate(179.9473)rotateIntoBiaxial(d,139.7283,0.0000,d)nonlinear(d,139.7283,0.0000,300.0000,d)rotateFromBiaxial(d,139.7283,0.0000,d)nonlinear(6,0.0000,0.0000,28.7294,d)rotate(-76.6333)rotateIntoBiaxial(d,0.0032,0.0000,d)nonlinear(d,0.0032,0.0000,50.0000,d)rotateFromBiaxial(d,0.0032,0.0000,d)nonlinear(6,0.0000,0.0000,7.8168,d)linear(0,0,0,216.6337,d)rotate(14.2969)nonlinear(6,0.0000,0.0000,16.5042,d)linear(0,0,0,154.9583,d)rotate(-24.2739)rotateIntoBiaxial(d,6.8316,0.0000,d)nonlinear(d,6.8316,0.0000,24.1317,d)rotateFromBiaxial(d,6.8316,0.0000,d)nonlinear(6,0.0000,0.0000,12.6818,d)linear(0,0,0,124.2009,d)rotate(-0.0169)
28842,0,40,27.5467,27.5467,init()rotateIntoBiaxial(d,0.6730,0.0000,d)nonlinear(d,0.6730,0.0000,300.0000,d)rotateFromBiaxial(d,0.6730,0.0000,d)nonlinear(6,0.0000,0.0000,0.0022,d)rotateIntoBiaxial(d,40.4838,0.0000,d)nonlinear(d,40.4838,0.0000,100.0000,d)rotateFromBiaxial(d,40.4838,0.0000,d)rotate(179.9999)rotateIntoBiaxial(d,139.7549,0.0000,d)nonlinear(d,139.7549,0.0000,300.0000,d)rotateFromBiaxial(d,139.7549,0.0000,d)nonlinear(6,0.0000,0.0000,34.6058,d)rotate(-82.3069)rotateIntoBiaxial(d,0.2650,0.0000,d)nonlinear(d,0.2650,0.0000,50.0000,d)rotateFromBiaxial(d,0.2650,0.0000,d)nonlinear(6,0.0000,0.0000,8.0364,d)linear(0,0,0,234.0494,d)rotate(14.9514)nonlinear(6,0.0000,0.0000,8.4503,d)linear(0,0,0,91.5371,d)rotate(-39.5687)rotateIntoBiaxial(d,5.4666,0.0000,d)nonlinear(d,5.4666,0.0000,25.8875,d)rotateFromBiaxial(d,5.4666,0.0000,d)nonlinear(6,0.0000,0.0000,18.6599,d)linear(0,0,0,134.2687,d)rotate(0.3951)
28888,0,40,27.3096,27.5467,init()rotateIntoBiaxial(d,0.4847,0.0000,d)nonlinear(d,0.4847,0.0000,300.0000,d)rotateFromBiaxial(d,0.4847,0.0000,d)nonlinear(6,0.0000,0.0000,3.0389,d)rotate(0.3585)rotateIntoBiaxial(d,40.4452,0.0000,d)nonlinear(d,40.4452,0.0000,100.0000,d)rotateFromBiaxial(d,40.4452,0.0000,d)rotate(179.8372)rotateIntoBiaxial(d,139.7339,0.0000,d)nonlinear(d,139.7339,0.0000,300.0000,d)rotateFromBiaxial(d,139.7339,0.0000,d)nonlinear(6,0.0000,0.0000,29.1892,d)rotate(-83.1454)rotateIntoBiaxial(d,0.1915,0.0000,d)nonlinear(d,0.1915,0.0000,50.0000,d)rotateFromBiaxial(d,0.1915,0.0000,d)nonlinear(6,0.0000,0.0000,10.6818,d)linear(0,0,0,206.4065,d)rotate(13.9437)nonlinear(6,0.0000,0.0000,13.4757,d)linear(0,0,0,5.8531,d)rotate(-24.1656)rotateIntoBiaxial(d,6.0794,0.0000,d)nonlinear(d,6.0794,0.0000,28.3414,d)rotateFromBiaxial(d,6.0794,0.0000,d)nonlinear(6,0.0000,0.0000,15.4751,d)linear(0,0,0,186.1530,d)rotate(0.4636)
28934,0,40,27.3938,27.5467,init()rotateIntoBiaxial(d,1.4170,0.0000,d)nonlinear(d,1.4170,0.0000,300.0000,d)rotateFromBiaxial(d,1.4170,0.0000,d)nonlinear(6,0.0000,0.0000,0.9224,d)rotateIntoBiaxial(d,40.4829,0.0000,d)nonlinear(d,40.4829,0.0000,100.0000,d)rotateFromBiaxial(d,40.4829,0.0000,d)rotate(179.9838)rotateIntoBiaxial(d,139.7471,0.0000,d)nonlinear(d,139.7471,0.0000,300.0000,d)rotateFromBiaxial(d,139.7471,0.0000,d)nonlinear(6,0.0000,0.0000,30.1699,d)rotate(-75.4077)rotateIntoBiaxial(d,0.2720,0.0000,d)nonlinear(d,0.2720,0.0000,50.0000,d)rotateFromBiaxial(d,0.2720,0.0000,d)nonlinear(6,0.0000,0.0000,8.2927,d)linear(0,0,0,231.1465,d)rotate(15.8068)nonlinear(6,0.0000,0.0000,12.5378,d)linear(0,0,0,5.9347,d)rotate(-33.2353)rotateIntoBiaxial(d,6.0391,0.0000,d)nonlinear(d,6.0391,0.0000,21.8835,d)rotateFromBiaxial(d,6.0391,0.0000,d)nonlinear(6,0.0000,0.0000,14.5045,d)linear(0,0,0,194.5185,d)rotate(0.0341)
28980,0,40,27.4928,27.5467,init()rotateIntoBiaxial(d,0.3953,0.0000,d)nonlinear(d,0.3953,0.0000,300.0000,d)rotateFromBiaxial(d,0.3953,0.0000,d)nonlinear(6,0.0000,0.0000,0.8258,d)rotateIntoBiaxial(d,40.5075,0.0000,d)nonlinear(d,40.5075,0.0000,100.0000,d)rotateFromBiaxial(d,40.5075,0.0000,d)rotate(179.9811)rotateIntoBiaxial(d,139.7261,0.0000,d)nonlinear(d,139.7261,0.0000,300.0000,d)rotateFromBiaxial(d,139.7261,0.0000,d)nonlinear(6,0.0000,0.0000,20.5157,d)rotate(-84.0783)rotateIntoBiaxial(d,0.1208,0.0000,d)nonlinear(d,0.1208,0.0000,50.0000,d)rotateFromBiaxial(d,0.1208,0.0000,d)nonlinear(6,0.0000,0.0000,9.2949,d)linear(0,0,0,236.3041,d)rotate(17.2703)nonlinear(6,0.0000,0.0000,14.4089,d)linear(0,0,0,40.9791,d)rotate(-45.6509)rotateIntoBiaxial(d,7.3895,0.0000,d)nonlinear(d,7.3895,0.0000,23.2546,d)rotateFromBiaxial(d,7.3895,0.0000,d)nonlinear(6,0.0000,0.0000,23.2846,d)linear(0,0,0,165.9298,d)rotate(1.0263)
29026,0,40,27.2667,27.5467,init()rotateIntoBiaxial(d,0.2858,0.0000,d)nonlinear(d,0.2858,0.0000,300.0000,d)rotateFromBiaxial(d,0.2858,0.0000,d)nonlinear(6,0.0000,0.0000,1.2161,d)rotateIntoBiaxial(d,40.4080,0.0000,d)nonlinear(d,40.4080,0.0000,100.0000,d)rotateFromBiaxial(d,40.4080,0.0000,d)rotate(179.9616)rotateIntoBiaxial(d,139.7592,0.0000,d)nonlinear(d,139.7592,0.0000,300.0000,d)rotateFromBiaxial(d,139.7592,0.0000,d)nonlinear(6,0.0000,0.0000,18.3932,d)rotate(-80.1654)rotateIntoBiaxial(d,0.7904,0.0000,d)nonlinear(d,0.7904,0.0000,50.0000,d)rotateFromBiaxial(d,0.7904,0.0000,d)nonlinear(6,0.0000,0.0000,8.9466,d)linear(0,0,0,137.7135,d)rotate(15.2179)nonlinear(6,0.0000,0.0000,15.1524,d)linear(0,0,0,64.6220,d)rotate(-40.4379)rotateIntoBiaxial(d,4.3622,0.0000,d)nonlinear(d,4.3622,0.0000,24.6411,d)rotateFromBiaxial(d,4.3622,0.0000,d)nonlinear(6,0.0000,0.0000,14.8341,d)linear(0,0,0,148.9119,d)rotate(0.3408)
29072,0,40,27.3865,27.5467,init()rotateIntoBiaxial(d,0.3208,0.0000,d)nonlinear(d,0.3208,0.0000,300.0000,d)rotateFromBiaxial(d,0.3208,0.0000,d)nonlinear(6,0.0000,0.0000,0.7289,d)rotateIntoBiaxial(d,40.3915,0.0000,d)nonlinear(d,40.3915,0.0000,100.0000,d)rotateFromBiaxial(d,40.3915,0.0000,d)rotate(179.9963)rotateIntoBiaxial(d,139.7316,0.0000,d)nonlinear(d,139.7316,0.0000,300.0000,d)rotateFromBiaxial(d,139.7316,0.0000,d)nonlinear(6,0.0000,0.0000,32.4491,d)rotate(-81.6452)rotateIntoBiaxial(d,1.3580,0.0000,d)nonlinear(d,1.3580,0.0000,50.0000,d)rotateFromBiaxial(d,1.3580,0.0000,d)nonlinear(6,0.0000,0.0000,11.1579,d)linear(0,0,0,137.5244,d)rotate(14.1399)nonlinear(6,0.0000,0.0000,11.4526,d)linear(0,0,0,42.3469,d)rotate(-30.3329)rotateIntoBiaxial(d,6.3633,0.0000,d)nonlinear(d,6.3633,0.0000,20.7190,d)rotateFromBiaxial(d,6.3633,0.0000,d)nonlinear(6,0.0000,0.0000,7.5159,d)linear(0,0,0,180.6024,d)rotate(0.1927)
29118,0,40,27.4499,27.5467,init()rotateIntoBiaxial(d,0.8554,0.0000,d)nonlinear(d,0.8554,0.0000,300.0000,d)rotateFromBiaxial(d,0.8554,0.0000,d)nonlinear(6,0.0000,0.0000,0.7250,d)rotateIntoBiaxial(d,40.4418,0.0000,d)nonlinear(d,40.4418,0.0000,100.0000,d)rotateFromBiaxial(d,40.4418,0.0000,d)rotate(179.9399)rotateIntoBiaxial(d,139.7400,0.0000,d)nonlinear(d,139.7400,0.0000,300.0000,d)rotateFromBiaxial(d,139.7400,0.0000,d)nonlinear(6,0.0000,0.0000,31.1406,d)rotate(-82.5773)rotateIntoBiaxial(d,0.6730,0.0000,d)nonlinear(d,0.6730,0.0000,50.0000,d)rotateFromBiaxial(d,0.6730,0.0000,d)nonlinear(6,0.0000,0.0000,6.9412,d)linear(0,0,0,183.4602,d)rotate(13.1213)rotateIntoBiaxial(d,1.0280,0.0000,d)nonlinear(d,1.0280,0.0000,1.9728,d)rotateFromBiaxial(d,1.0280,0.0000,d)nonlinear(6,0.0000,0.0000,13.3782,d)linear(0,0,0,61.5669,d)rotate(-43.2909)rotateIntoBiaxial(d,5.8249,0.0000,d)nonlinear(d,5.8249,0.0000,22.4577,d)rotateFromBiaxial(d,5.8249,0.0000,d)nonlinear(6,0.0000,0.0000,11.4285,d)linear(0,0,0,81.8601,d)rotate(1.5507)
29164,0,40,27.3692,27.5467,init()rotateIntoBiaxial(d,0.1042,0.0000,d)nonlinear(d,0.1042,0.0000,300.0000,d)rotateFromBiaxial(d,0.1042,0.0000,d)nonlinear(6,0.0000,0.0000,0.8831,d)rotateIntoBiaxial(d,40.4534,0.0000,d)nonlinear(d,40.4534,0.0000,100.0000,d)rotateFromBiaxial(d,40.4534,0.0000,d)rotate(179.9571)rotateIntoBiaxial(d,139.7517,0.0000,d)nonlinear(d,139.7517,0.0000,300.0000,d)rotateFromBiaxial(d,139.7517,0.0000,d)nonlinear(6,0.0000,0.0000,23.6290,d)rotate(-83.7324)rotateIntoBiaxial(d,0.1324,0.0000,d)nonlinear(d,0.1324,0.0000,50.0000,d)rotateFromBiaxial(d,0.1324,0.0000,d)nonlinear(6,0.0000,0.0000,5.7469,d)linear(0,0,0,113.3335,d)rotate(9.2300)nonlinear(6,0.0000,0.0000,12.8056,d)linear(0,0,0,110.1204,d)rotate(-33.0172)rotateIntoBiaxial(d,6.1981,0.0000,d)nonlinear(d,6.1981,0.0000,20.2311,d)rotateFromBiaxial(d,6.1981,0.0000,d)nonlinear(6,0.0000,0.0000,12.1920,d)linear(0,0,0,174.6368,d)rotate(0.4006)
29210,0,40,27.4729,27.4729,init()rotateIntoBiaxial(d,0.5815,0.0000,d)nonlinear(d,0.5815,0.0000,300.0000,d)rotateFromBiaxial(d,0.5815,0.0000,d)nonlinear(6,0.0000,0.0000,0.0093,d)rotateIntoBiaxial(d,40.4375,0.0000,d)nonlinear(d,40.4375,0.0000,100.0000,d)rotateFromBiaxial(d,40.4375,0.0000,d)rotate(179.9992)rotateIntoBiaxial(d,139.7369,0.0000,d)nonlinear(d,139.7369,0.0000,300.0000,d)rotateFromBiaxial(d,139.7369,0.0000,d)nonlinear(6,0.0000,0.0000,15.8783,d)rotate(-82.0333)rotateIntoBiaxial(d,2.6590,0.0000,d)nonlinear(d,2.6590,0.0000,50.0000,d)rotateFromBiaxial(d,2.6590,0.0000,d)nonlinear(6,0.0000,0.0000,4.7961,d)linear(0,0,0,185.5955,d)rotate(11.8237)nonlinear(6,0.0000,0.0000,13.7407,d)linear(0,0,0,148.5108,d)rotate(-30.0447)rotateIntoBiaxial(d,6.1147,0.0000,d)nonlinear(d,6.1147,0.0000,29.0547,d)rotateFromBiaxial(d,6.1147,0.0000,d)nonlinear(6,0.0000,0.0000,15.9570,d)linear(0,0,0,193.5235,d)rotate(0.5591)
29256,0,40,27.3082,27.4729,init()rotateIntoBiaxial(d,0.2082,0.0000,d)nonlinear(d,0.2082,0.0000,300.0000,d)rotateFromBiaxial(d,0.2082,0.0000,d)nonlinear(6,0.0000,0.0000,0.7853,d)rotateIntoBiaxial(d,40.3890,0.0000,d)nonlinear(d,40.3890,0.0000,100.0000,d)rotateFromBiaxial(d,40.3890,0.0000,d)rotate(179.9994)rotateIntoBiaxial(d,139.7390,0.0000,d)nonlinear(d,139.7390,0.0000,300.0000,d)rotateFromBiaxial(d,139.7390,0.0000,d)nonlinear(6,0.0000,0.0000,22.0435,d)rotate(-82.0474)rotateIntoBiaxial(d,0.4943,0.0000,d)nonlinear(d,0.4943,0.0000,50.0000,d)rotateFromBiaxial(d,0.4943,0.0000,d)nonlinear(6,0.0000,0.0000,5.7174,d)linear(0,0,0,151.0161,d)rotate(12.3676)nonlinear(6,0.0000,0.0000,12.0325,d)linear(0,0,0,126.7974,d)rotate(-27.0640)rotateIntoBiaxial(d,5.4831,0.0000,d)nonlinear(d,5.4831,0.0000,22.8687,d)rotateFromBiaxial(d,5.4831,0.0000,d)nonlinear(6,0.0000,0.0000,11.9281,d)linear(0,0,0,96.6973,d)rotate(0.4699)
29302,0,40,27.3034,27.4729,init()rotateIntoBiaxial(d,0.4892,0.0000,d)nonlinear(d,0.4892,0.0000,300.0000,d)rotateFromBiaxial(d,0.4892,0.0000,d)nonlinear(6,0.0000,0.0000,2.0255,d)rotateIntoBiaxial(d,40.4407,0.0000,d)nonlinear(d,40.4407,0.0000,100.0000,d)rotateFromBiaxial(d,40.4407,0.0000,d)rotate(179.6658)rotateIntoBiaxial(d,139.7575,0.0000,d)nonlinear(d,139.7575,0.0000,300.0000,d)rotateFromBiaxial(d,139.7575,0.0000,d)nonlinear(6,0.0000,0.0000,20.3614,d)rotate(-81.0419)rotateIntoBiaxial(d,2.3224,0.0000,d)nonlinear(d,2.3224,0.0000,50.0000,d)rotateFromBiaxial(d,2.3224,0.0000,d)nonlinear(6,0.0000,0.0000,0.9019,d)linear(0,0,0,220.8596,d)rotate(10.3188)nonlinear(6,0.0000,0.0000,11.1374,d)linear(0,0,0,116.4011,d)rotate(-19.8136)rotateIntoBiaxial(d,6.6397,0.0000,d)nonlinear(d,6.6397,0.0000,22.6210,d)rotateFromBiaxial(d,6.6397,0.0000,d)nonlinear(6,0.0000,0.0000,19.6241,d)linear(0,0,0,146.8914,d)
29348,0,40,27.5699,27.4729,init()rotateIntoBiaxial(d,0.8204,0.0000,d)nonlinear(d,0.8204,0.0000,300.0000,d)rotateFromBiaxial(d,0.8204,0.0000,d)nonlinear(6,0.0000,0.0000,0.2635,d)rotateIntoBiaxial(d,40.4956,0.0000,d)nonlinear(d,40.4956,0.0000,100.0000,d)rotateFromBiaxial(d,40.4956,0.0000,d)rotate(179.9999)rotateIntoBiaxial(d,139.7436,0.0000,d)nonlinear(d,139.7436,0.0000,300.0000,d)rotateFromBiaxial(d,139.7436,0.0000,d)nonlinear(6,0.0000,0.0000,24.0674,d)rotate(-84.0152)rotateIntoBiaxial(d,1.4331,0.0000,d)nonlinear(d,1.4331,0.0000,50.0000,d)rotateFromBiaxial(d,1.4331,0.0000,d)nonlinear(6,0.0000,0.0000,5.1651,d)linear(0,0,0,209.8269,d)rotate(9.6097)nonlinear(6,0.0000,0.0000,9.3224,d)linear(0,0,0,74.2112,d)rotate(-31.8731)rotateIntoBiaxial(d,5.9794,0.0000,d)nonlinear(d,5.9794,0.0000,24.4221,d)rotateFromBiaxial(d,5.9794,0.0000,d)nonlinear(6,0.0000,0.0000,10.8755,d)linear(0,0,0,136.5285,d)rotate(0.8370)
29394,0,40,27.4877,27.4877,init()rotateIntoBiaxial(d,0.3934,0.0000,d)nonlinear(d,0.3934,0.0000,300.0000,d)rotateFromBiaxial(d,0.3934,0.0000,d)nonlinear(6,0.0000,0.0000,0.4634,d)rotateIntoBiaxial(d,40.4301,0.0000,d)nonlinear(d,40.4301,0.0000,100.0000,d)rotateFromBiaxial(d,40.4301,0.0000,d)rotate(179.8263)rotateIntoBiaxial(d,139.7283,0.0000,d)nonlinear(d,139.7283,0.0000,300.0000,d)rotateFromBiaxial(d,139.7283,0.0000,d)nonlinear(6,0.0000,0.0000,26.2291,d)rotate(-84.0207)rotateIntoBiaxial(d,1.2658,0.0000,d)nonlinear(d,1.2658,0.0000,50.0000,d)rotateFromBiaxial(d,1.2658,0.0000,d)nonlinear(6,0.0000,0.0000,6.8822,d)linear(0,0,0,192.0888,d)rotate(17.1940)nonlinear(6,0.0000,0.0000,5.3788,d)linear(0,0,0,103.6574,d)rotate(-29.9414)rotateIntoBiaxial(d,4.3301,0.0000,d)nonlinear(d,4.3301,0.0000,23.5141,d)rotateFromBiaxial(d,4.3301,0.0000,d)nonlinear(6,0.0000,0.0000,11.7343,d)linear(0,0,0,128.3484,d)
29440,0,40,27.2420,27.4877,init()rotateIntoBiaxial(d,0.0721,0.0000,d)nonlinear(d,0.0721,0.0000,300.0000,d)rotateFromBiaxial(d,0.0721,0.0000,d)nonlinear(6,0.0000,0.0000,1.2230,d)rotateIntoBiaxial(d,40.3854,0.0000,d)nonlinear(d,40.3854,0.0000,100.0000,d)rotateFromBiaxial(d,40.3854,0.0000,d)rotate(179.3033)rotateIntoBiaxial(d,139.7520,0.0000,d)nonlinear(d,139.7520,0.0000,300.0000,d)rotateFromBiaxial(d,139.7520,0.0000,d)nonlinear(6,0.0000,0.0000,31.1930,d)rotate(-77.4265)rotateIntoBiaxial(d,2.3811,0.0000,d)nonlinear(d,2.3811,0.0000,50.0000,d)rotateFromBiaxial(d,2.3811,0.0000,d)nonlinear(6,0.0000,0.0000,11.3056,d)linear(0,0,0,118.1065,d)rotate(8.7513)rotateIntoBiaxial(d,0.8044,0.0000,d)nonlinear(d,0.8044,0.0000,11.4017,d)rotateFromBiaxial(d,0.8044,0.0000,d)nonlinear(6,0.0000,0.0000,8.5295,d)linear(0,0,0,56.1874,d)rotate(-31.2786)rotateIntoBiaxial(d,5.0395,0.0000,d)nonlinear(d,5.0395,0.0000,23.0413,d)rotateFromBiaxial(d,5.0395,0.0000,d)nonlinear(6,0.0000,0.0000,15.2135,d)linear(0,0,0,97.6018,d)rotate(0.7673)
29486,0,40,27.3449,27.4877,init()rotateIntoBiaxial(d,0.3797,0.0000,d)nonlinear(d,0.3797,0.0000,300.0000,d)rotateFromBiaxial(d,0.3797,0.0000,d)nonlinear(6,0.0000,0.0000,0.8405,d)rotateIntoBiaxial(d,40.4017,0.0000,d)nonlinear(d,40.4017,0.0000,100.0000,d)rotateFromBiaxial(d,40.4017,0.0000,d)rotate(179.2324)rotateIntoBiaxial(d,139.7544,0.0000,d)nonlinear(d,139.7544,0.0000,300.0000,d)rotateFromBiaxial(d,139.7544,0.0000,d)nonlinear(6,0.0000,0.0000,34.2948,d)rotate(-79.6659)rotateIntoBiaxial(d,0.9728,0.0000,d)nonlinear(d,0.9728,0.0000,50.0000,d)rotateFromBiaxial(d,0.9728,0.0000,d)nonlinear(6,0.0000,0.0000,8.7115,d)linear(0,0,0,144.8204,d)rotate(13.4496)nonlinear(6,0.0000,0.0000,8.0410,d)linear(0,0,0,69.7201,d)rotate(-31.8502)rotateIntoBiaxial(d,4.8267,0.0000,d)nonlinear(d,4.8267,0.0000,19.8688,d)rotateFromBiaxial(d,4.8267,0.0000,d)nonlinear(6,0.0000,0.0000,19.8336,d)linear(0,0,0,133.8910,d)rotate(-0.0088)
29532,0,40,27.3975,27.4877,init()rotateIntoBiaxial(d,0.7348,0.0000,d)nonlinear(d,0.7348,0.0000,300.0000,d)rotateFromBiaxial(d,0.7348,0.0000,d)nonlinear(6,0.0000,0.0000,0.4633,d)rotateIntoBiaxial(d,40.4249,0.0000,d)nonlinear(d,40.4249,0.0000,100.0000,d)rotateFromBiaxial(d,40.4249,0.0000,d)rotate(179.9998)rotateIntoBiaxial(d,139.7660,0.0000,d)nonlinear(d,139.7660,0.0000,300.0000,d)rotateFromBiaxial(d,139.7660,0.0000,d)nonlinear(6,0.0000,0.0000,30.4137,d)rotate(-83.8703)rotateIntoBiaxial(d,0.3900,0.0000,d)nonlinear(d,0.3900,0.0000,50.0000,d)rotateFromBiaxial(d,0.3900,0.0000,d)nonlinear(6,0.0000,0.0000,9.7797,d)linear(0,0,0,232.6617,d)rotate(14.6954)nonlinear(6,0.0000,0.0000,9.9423,d)linear(0,0,0,98.7296,d)rotate(-27.2123)rotateIntoBiaxial(d,5.1600,0.0000,d)nonlinear(d,5.1600,0.0000,31.6591,d)rotateFromBiaxial(d,5.1600,0.0000,d)nonlinear(6,0.0000,0.0000,14.9033,d)linear(0,0,0,167.3575,d)rotate(0.2277)
29578,0,40,27.5091,27.4877,init()rotateIntoBiaxial(d,0.8697,0.0000,d)nonlinear(d,0.8697,0.0000,300.0000,d)rotateFromBiaxial(d,0.8697,0.0000,d)nonlinear(6,0.0000,0.0000,0.0852,d)rotateIntoBiaxial(d,40.4635,0.0000,d)nonlinear(d,40.4635,0.0000,100.0000,d)rotateFromBiaxial(d,40.4635,0.0000,d)rotate(179.9978)rotateIntoBiaxial(d,139.7435,0.0000,d)nonlinear(d,139.7435,0.0000,300.0000,d)rotateFromBiaxial(d,139.7435,0.0000,d)nonlinear(6,0.0000,0.0000,20.6049,d)rotate(-84.7885)rotateIntoBiaxial(d,1.9490,0.0000,d)nonlinear(d,1.9490,0.0000,50.0000,d)rotateFromBiaxial(d,1.9490,0.0000,d)nonlinear(6,0.0000,0.0000,7.3132,d)linear(0,0,0,241.4975,d)rotate(11.6334)nonlinear(6,0.0000,0.0000,7.8772,d)linear(0,0,0,74.7568,d)rotate(-24.4505)rotateIntoBiaxial(d,3.0313,0.0000,d)nonlinear(d,3.0313,0.0000,32.6062,d)rotateFromBiaxial(d,3.0313,0.0000,d)nonlinear(6,0.0000,0.0000,17.1834,d)linear(0,0,0,97.7808,d)rotate(0.1249)
29624,0,40,27.2114,27.4877,init()rotateIntoBiaxial(d,0.2504,0.0000,d)nonlinear(d,0.2504,0.0000,300.0000,d)rotateFromBiaxial(d,0.2504,0.0000,d)nonlinear(6,0.0000,0.0000,1.2611,d)rotateIntoBiaxial(d,40.4426,0.0000,d)nonlinear(d,40.4426,0.0000,100.0000,d)rotateFromBiaxial(d,40.4426,0.0000,d)rotate(179.8278)rotateIntoBiaxial(d,139.7890,0.0000,d)nonlinear(d,139.7890,0.0000,300.0000,d)rotateFromBiaxial(d,139.7890,0.0000,d)nonlinear(6,0.0000,0.0000,25.2498,d)rotate(-82.2310)rotateIntoBiaxial(d,0.6281,0.0000,d)nonlinear(d,0.6281,0.0000,50.0000,d)rotateFromBiaxial(d,0.6281,0.0000,d)nonlinear(6,0.0000,0.0000,11.3862,d)linear(0,0,0,183.2651,d)rotate(12.5638)nonlinear(6,0.0000,0.0000,7.4627,d)linear(0,0,0,119.1390,d)rotate(-21.9196)rotateIntoBiaxial(d,1.2751,0.0000,d)nonlinear(d,1.2751,0.0000,39.8155,d)rotateFromBiaxial(d,1.2751,0.0000,d)nonlinear(6,0.0000,0.0000,11.8407,d)linear(0,0,0,6.1726,d)rotate(0.0008)
29670,0,40,27.5006,27.4877,init()rotateIntoBiaxial(d,0.2600,0.0000,d)nonlinear(d,0.2600,0.0000,300.0000,d)rotateFromBiaxial(d,0.2600,0.0000,d)nonlinear(6,0.0000,0.0000,1.4635,d)rotateIntoBiaxial(d,40.5340,0.0000,d)nonlinear(d,40.5340,0.0000,100.0000,d)rotateFromBiaxial(d,40.5340,0.0000,d)rotate(179.8277)rotateIntoBiaxial(d,139.7216,0.0000,d)nonlinear(d,139.7216,0.0000,300.0000,d)rotateFromBiaxial(d,139.7216,0.0000,d)nonlinear(6,0.0000,0.0000,30.1409,d)rotate(-82.8732)rotateIntoBiaxial(d,2.2341,0.0000,d)nonlinear(d,2.2341,0.0000,50.0000,d)rotateFromBiaxial(d,2.2341,0.0000,d)nonlinear(6,0.0000,0.0000,7.6134,d)linear(0,0,0,165.2321,d)rotate(7.5202)nonlinear(6,0.0000,0.0000,10.6151,d)linear(0,0,0,19.7224,d)rotate(-22.7152)rotateIntoBiaxial(d,4.9115,0.0000,d)nonlinear(d,4.9115,0.0000,26.0335,d)rotateFromBiaxial(d,4.9115,0.0000,d)nonlinear(6,0.0000,0.0000,18.8420,d)linear(0,0,0,119.8007,d)rotate(0.9161)
29716,0,40,27.3995,27.4877,init()rotateIntoBiaxial(d,0.0498,0.0000,d)nonlinear(d,0.0498,0.0000,300.0000,d)rotateFromBiaxial(d,0.0498,0.0000,d)nonlinear(6,0.0000,0.0000,0.1119,d)rotateIntoBiaxial(d,40.4041,0.0000,d)nonlinear(d,40.4041,0.0000,100.0000,d)rotateFromBiaxial(d,40.4041,0.0000,d)rotate(179.1713)rotateIntoBiaxial(d,139.7243,0.0000,d)nonlinear(d,139.7243,0.0000,300.0000,d)rotateFromBiaxial(d,139.7243,0.0000,d)nonlinear(6,0.0000,0.0000,25.3544,d)rotate(-82.4792)rotateIntoBiaxial(d,3.1050,0.0000,d)nonlinear(d,3.1050,0.0000,50.0000,d)rotateFromBiaxial(d,3.1050,0.0000,d)nonlinear(6,0.0000,0.0000,7.2807,d)linear(0,0,0,234.1597,d)rotate(14.9755)nonlinear(6,0.0000,0.0000,8.3368,d)linear(0,0,0,57.1024,d)rotate(-22.4789)rotateIntoBiaxial(d,5.5320,0.0000,d)nonlinear(d,5.5320,0.0000,28.9730,d)rotateFromBiaxial(d,5.5320,0.0000,d)nonlinear(6,0.0000,0.0000,10.3194,d)linear(0,0,0,128.9558,d)rotate(0.2018)
29762,0,40,27.4606,27.4877,init()rotateIntoBiaxial(d,0.6646,0.0000,d)nonlinear(d,0.6646,0.0000,300.0000,d)rotateFromBiaxial(d,0.6646,0.0000,d)nonlinear(6,0.0000,0.0000,0.5059,d)rotateIntoBiaxial(d,40.4276,0.0000,d)nonlinear(d,40.4276,0.0000,100.0000,d)rotateFromBiaxial(d,40.4276,0.0000,d)rotate(179.9241)rotateIntoBiaxial(d,139.7296,0.0000,d)nonlinear(d,139.7296,0.0000,300.0000,d)rotateFromBiaxial(d,139.7296,0.0000,d)nonlinear(6,0.0000,0.0000,26.0657,d)rotate(-82.0647)rotateIntoBiaxial(d,2.4840,0.0000,d)nonlinear(d,2.4840,0.0000,50.0000,d)rotateFromBiaxial(d,2.4840,0.0000,d)nonlinear(6,0.0000,0.0000,8.3646,d)linear(0,0,0,224.5358,d)rotate(11.2319)nonlinear(6,0.0000,0.0000,12.3061,d)linear(0,0,0,48.5667,d)rotate(-8.2745)rotateIntoBiaxial(d,3.5060,0.0000,d)nonlinear(d,3.5060,0.0000,31.4223,d)rotateFromBiaxial(d,3.5060,0.0000,d)nonlinear(6,0.0000,0.0000,12.8268,d)linear(0,0,0,72.2728,d)rotate(0.4037)
29808,0,40,27.4541,27.4877,init()rotateIntoBiaxial(d,0.4779,0.0000,d)nonlinear(d,0.4779,0.0000,300.0000,d)rotateFromBiaxial(d,0.4779,0.0000,d)nonlinear(6,0.0000,0.0000,1.3005,d)rotateIntoBiaxial(d,40.4660,0.0000,d)nonlinear(d,40.4660,0.0000,100.0000,d)rotateFromBiaxial(d,40.4660,0.0000,d)rotate(179.6573)rotateIntoBiaxial(d,139.7175,0.0000,d)nonlinear(d,139.7175,0.0000,300.0000,d)rotateFromBiaxial(d,139.7175,0.0000,d)nonlinear(6,0.0000,0.0000,21.7898,d)rotate(-81.9626)rotateIntoBiaxial(d,2.3394,0.0000,d)nonlinear(d,2.3394,0.0000,50.0000,d)rotateFromBiaxial(d,2.3394,0.0000,d)nonlinear(6,0.0000,0.0000,15.8146,d)linear(0,0,0,206.1926,d)rotate(10.2974)nonlinear(6,0.0000,0.0000,5.8249,d)linear(0,0,0,126.0033,d)rotate(-24.5126)rotateIntoBiaxial(d,1.6150,0.0000,d)nonlinear(d,1.6150,0.0000,31.4650,d)rotateFromBiaxial(d,1.6150,0.0000,d)nonlinear(6,0.0000,0.0000,14.8755,d)linear(0,0,0,19.8920,d)
29854,0,40,27.5203,27.4877,init()rotateIntoBiaxial(d,1.0096,0.0000,d)nonlinear(d,1.0096,0.0000,300.0000,d)rotateFromBiaxial(d,1.0096,0.0000,d)nonlinear(6,0.0000,0.0000,0.4909,d)rotateIntoBiaxial(d,40.4722,0.0000,d)nonlinear(d,40.4722,0.0000,100.0000,d)rotateFromBiaxial(d,40.4722,0.0000,d)rotate(179.2813)rotateIntoBiaxial(d,139.7512,0.0000,d)nonlinear(d,139.7512,0.0000,300.0000,d)rotateFromBiaxial(d,139.7512,0.0000,d)nonlinear(6,0.0000,0.0000,22.6776,d)rotate(-79.4826)rotateIntoBiaxial(d,2.2769,0.0000,d)nonlinear(d,2.2769,0.0000,50.0000,d)rotateFromBiaxial(d,2.2769,0.0000,d)nonlinear(6,0.0000,0.0000,5.4606,d)linear(0,0,0,183.1252,d)rotate(10.7276)nonlinear(6,0.0000,0.0000,6.8428,d)linear(0,0,0,126.3682,d)rotate(-28.8741)rotateIntoBiaxial(d,3.8189,0.0000,d)nonlinear(d,3.8189,0.0000,28.1769,d)rotateFromBiaxial(d,3.8189,0.0000,d)nonlinear(6,0.0000,0.0000,13.7700,d)linear(0,0,0,50.7913,d)
29900,0,40,27.3950,27.4877,init()rotateIntoBiaxial(d,0.0254,0.0000,d)nonlinear(d,0.0254,0.0000,300.0000,d)rotateFromBiaxial(d,0.0254,0.0000,d)nonlinear(6,0.0000,0.0000,0.4350,d)rotateIntoBiaxial(d,40.4514,0.0000,d)nonlinear(d,40.4514,0.0000,100.0000,d)rotateFromBiaxial(d,40.4514,0.0000,d)rotate(179.7255)rotateIntoBiaxial(d,139.7593,0.0000,d)nonlinear(d,139.7593,0.0000,300.0000,d)rotateFromBiaxial(d,139.7593,0.0000,d)nonlinear(6,0.0000,0.0000,23.5415,d)rotate(-82.9998)rotateIntoBiaxial(d,1.8881,0.0000,d)nonlinear(d,1.8881,0.0000,50.0000,d)rotateFromBiaxial(d,1.8881,0.0000,d)nonlinear(6,0.0000,0.0000,7.6671,d)linear(0,0,0,126.1300,d)rotate(9.7789)nonlinear(6,0.0000,0.0000,13.5576,d)linear(0,0,0,119.8146,d)rotate(-21.9322)rotateIntoBiaxial(d,4.2159,0.0000,d)nonlinear(d,4.2159,0.0000,27.2685,d)rotateFromBiaxial(d,4.2159,0.0000,d)nonlinear(6,0.0000,0.0000,16.1524,d)linear(0,0,0,54.6709,d)rotate(0.3052)
29946,0,40,27.4995,27.4995,init()rotateIntoBiaxial(d,0.6226,0.0000,d)nonlinear(d,0.6226,0.0000,300.0000,d)rotateFromBiaxial(d,0.6226,0.0000,d)nonlinear(6,0.0000,0.0000,0.1648,d)rotateIntoBiaxial(d,40.4350,0.0000,d)nonlinear(d,40.4350,0.0000,100.0000,d)rotateFromBiaxial(d,40.4350,0.0000,d)rotate(178.7846)rotateIntoBiaxial(d,139.7426,0.0000,d)nonlinear(d,139.7426,0.0000,300.0000,d)rotateFromBiaxial(d,139.7426,0.0000,d)nonlinear(6,0.0000,0.0000,27.8812,d)rotate(-79.2233)rotateIntoBiaxial(d,2.9021,0.0000,d)nonlinear(d,2.9021,0.0000,50.0000,d)rotateFromBiaxial(d,2.9021,0.0000,d)nonlinear(6,0.0000,0.0000,10.4371,d)linear(0,0,0,215.0988,d)rotate(9.7225)nonlinear(6,0.0000,0.0000,11.5176,d)linear(0,0,0,116.6805,d)rotate(-25.3808)rotateIntoBiaxial(d,0.8909,0.0000,d)nonlinear(d,0.8909,0.0000,24.8895,d)rotateFromBiaxial(d,0.8909,0.0000,d)nonlinear(6,0.0000,0.0000,10.5909,d)linear(0,0,0,141.5455,d)rotate(-0.0789)
29992,0,40,27.4231,27.4995,init()rotateIntoBiaxial(d,0.3695,0.0000,d)nonlinear(d,0.3695,0.0000,300.0000,d)rotateFromBiaxial(d,0.3695,0.0000,d)nonlinear(6,0.0000,0.0000,0.1460,d)rotateIntoBiaxial(d,40.3987,0.0000,d)nonlinear(d,40.3987,0.0000,100.0000,d)rotateFromBiaxial(d,40.3987,0.0000,d)rotate(179.6609)rotateIntoBiaxial(d,139.7377,0.0000,d)nonlinear(d,139.7377,0.0000,300.0000,d)rotateFromBiaxial(d,139.7377,0.0000,d)nonlinear(6,0.0000,0.0000,24.0189,d)rotate(-79.9049)rotateIntoBiaxial(d,1.9491,0.0000,d)nonlinear(d,1.9491,0.0000,50.0000,d)rotateFromBiaxial(d,1.9491,0.0000,d)nonlinear(6,0.0000,0.0000,4.8453,d)linear(0,0,0,267.3432,d)rotate(11.7135)nonlinear(6,0.0000,0.0000,11.0049,d)linear(0,0,0,105.5464,d)rotate(-17.2040)rotateIntoBiaxial(d,1.1402,0.0000,d)nonlinear(d,1.1402,0.0000,24.9031,d)rotateFromBiaxial(d,1.1402,0.0000,d)nonlinear(6,0.0000,0.0000,11.7089,d)linear(0,0,0,26.9544,d)rotate(0.3269)
30038,0,40,27.4682,27.4995,init()rotateIntoBiaxial(d,0.2026,0.0000,d)nonlinear(d,0.2026,0.0000,300.0000,d)rotateFromBiaxial(d,0.2026,0.0000,d)nonlinear(6,0.0000,0.0000,0.0477,d)rotateIntoBiaxial(d,40.4823,0.0000,d)nonlinear(d,40.4823,0.0000,100.0000,d)rotateFromBiaxial(d,40.4823,0.0000,d)rotate(179.5503)rotateIntoBiaxial(d,139.7495,0.0000,d)nonlinear(d,139.7495,0.0000,300.0000,d)rotateFromBiaxial(d,139.7495,0.0000,d)nonlinear(6,0.0000,0.0000,18.6303,d)rotate(-82.1083)rotateIntoBiaxial(d,0.0317,0.0000,d)nonlinear(d,0.0317,0.0000,50.0000,d)rotateFromBiaxial(d,0.0317,0.0000,d)nonlinear(6,0.0000,0.0000,10.7781,d)linear(0,0,0,228.8435,d)rotate(10.6896)nonlinear(6,0.0000,0.0000,10.4027,d)linear(0,0,0,78.7080,d)rotate(-25.1665)rotateIntoBiaxial(d,0.4999,0.0000,d)nonlinear(d,0.4999,0.0000,19.9092,d)rotateFromBiaxial(d,0.4999,0.0000,d)nonlinear(6,0.0000,0.0000,16.8405,d)linear(0,0,0,95.1539,d)rotate(0.1797)
30084,0,40,27.3895,27.4995,init()rotateIntoBiaxial(d,0.4129,0.0000,d)nonlinear(d,0.4129,0.0000,300.0000,d)rotateFromBiaxial(d,0.4129,0.0000,d)nonlinear(6,0.0000,0.0000,0.0867,d)rotateIntoBiaxial(d,40.3840,0.0000,d)nonlinear(d,40.3840,0.0000,100.0000,d)rotateFromBiaxial(d,40.3840,0.0000,d)rotate(179.2169)rotateIntoBiaxial(d,139.7453,0.0000,d)nonlinear(d,139.7453,0.0000,300.0000,d)rotateFromBiaxial(d,139.7453,0.0000,d)nonlinear(6,0.0000,0.0000,25.2799,d)rotate(-83.4711)rotateIntoBiaxial(d,1.3861,0.0000,d)nonlinear(d,1.3861,0.0000,50.0000,d)rotateFromBiaxial(d,1.3861,0.0000,d)nonlinear(6,0.0000,0.0000,10.7182,d)linear(0,0,0,148.3094,d)rotate(12.7621)nonlinear(6,0.0000,0.0000,10.6751,d)linear(0,0,0,97.4940,d)rotate(-31.4742)rotateIntoBiaxial(d,2.5368,0.0000,d)nonlinear(d,2.5368,0.0000,26.2291,d)rotateFromBiaxial(d,2.5368,0.0000,d)nonlinear(6,0.0000,0.0000,15.7008,d)linear(0,0,0,35.4866,d)rotate(1.1845)
30130,0,40,27.2176,27.4995,init()rotateIntoBiaxial(d,0.5764,0.0000,d)nonlinear(d,0.5764,0.0000,300.0000,d)rotateFromBiaxial(d,0.5764,0.0000,d)nonlinear(6,0.0000,0.0000,1.4179,d)rotateIntoBiaxial(d,40.3478,0.0000,d)nonlinear(d,40.3478,0.0000,100.0000,d)rotateFromBiaxial(d,40.3478,0.0000,d)rotate(179.3950)rotateIntoBiaxial(d,139.7506,0.0000,d)nonlinear(d,139.7506,0.0000,300.0000,d)rotateFromBiaxial(d,139.7506,0.0000,d)nonlinear(6,0.0000,0.0000,27.6766,d)rotate(-81.2898)rotateIntoBiaxial(d,1.2617,0.0000,d)nonlinear(d,1.2617,0.0000,50.0000,d)rotateFromBiaxial(d,1.2617,0.0000,d)nonlinear(6,0.0000,0.0000,7.6162,d)linear(0,0,0,154.6513,d)rotate(13.8601)nonlinear(6,0.0000,0.0000,13.9329,d)linear(0,0,0,90.4895,d)rotate(-30.1609)rotateIntoBiaxial(d,2.0395,0.0000,d)nonlinear(d,2.0395,0.0000,30.5892,d)rotateFromBiaxial(d,2.0395,0.0000,d)nonlinear(6,0.0000,0.0000,13.0825,d)linear(0,0,0,49.6384,d)rotate(1.1402)
30176,0,40,27.3231,27.4995,init()rotateIntoBiaxial(d,0.3405,0.0000,d)nonlinear(d,0.3405,0.0000,300.0000,d)rotateFromBiaxial(d,0.3405,0.0000,d)nonlinear(6,0.0000,0.0000,0.5635,d)rotateIntoBiaxial(d,40.3693,0.0000,d)nonlinear(d,40.3693,0.0000,100.0000,d)rotateFromBiaxial(d,40.3693,0.0000,d)rotate(179.8674)rotateIntoBiaxial(d,139.7405,0.0000,d)nonlinear(d,139.7405,0.0000,300.0000,d)rotateFromBiaxial(d,139.7405,0.0000,d)nonlinear(6,0.0000,0.0000,22.1793,d)rotate(-81.7260)rotateIntoBiaxial(d,2.5310,0.0000,d)nonlinear(d,2.5310,0.0000,50.0000,d)rotateFromBiaxial(d,2.5310,0.0000,d)nonlinear(6,0.0000,0.0000,9.2962,d)linear(0,0,0,240.0819,d)rotate(9.4174)nonlinear(6,0.0000,0.0000,12.1497,d)linear(0,0,0,100.0316,d)rotate(-29.6481)rotateIntoBiaxial(d,0.8687,0.0000,d)nonlinear(d,0.8687,0.0000,28.5656,d)rotateFromBiaxial(d,0.8687,0.0000,d)nonlinear(6,0.0000,0.0000,19.9077,d)linear(0,0,0,54.7372,d)rotate(1.2305)
30222,0,40,27.4892,27.4995,init()rotateIntoBiaxial(d,0.0253,0.0000,d)nonlinear(d,0.0253,0.0000,300.0000,d)rotateFromBiaxial(d,0.0253,0.0000,d)nonlinear(6,0.0000,0.0000,0.3657,d)rotateIntoBiaxial(d,40.4642,0.0000,d)nonlinear(d,40.4642,0.0000,100.0000,d)rotateFromBiaxial(d,40.4642,0.0000,d)rotate(179.6376)rotateIntoBiaxial(d,139.7390,0.0000,d)nonlinear(d,139.7390,0.0000,300.0000,d)rotateFromBiaxial(d,139.7390,0.0000,d)nonlinear(6,0.0000,0.0000,34.3611,d)rotate(-76.3927)rotateIntoBiaxial(d,2.5126,0.0000,d)nonlinear(d,2.5126,0.0000,50.0000,d)rotateFromBiaxial(d,2.5126,0.0000,d)nonlinear(6,0.0000,0.0000,11.3479,d)linear(0,0,0,300.7360,d)rotate(6.6642)nonlinear(6,0.0000,0.0000,13.1007,d)linear(0,0,0,109.2372,d)rotate(-21.7175)rotateIntoBiaxial(d,2.9551,0.0000,d)nonlinear(d,2.9551,0.0000,24.9830,d)rotateFromBiaxial(d,2.9551,0.0000,d)nonlinear(6,0.0000,0.0000,11.9237,d)linear(0,0,0,24.9856,d)rotate(0.2056)
30268,0,40,27.3592,27.4995,init()rotateIntoBiaxial(d,0.7174,0.0000,d)nonlinear(d,0.7174,0.0000,300.0000,d)rotateFromBiaxial(d,0.7174,0.0000,d)nonlinear(6,0.0000,0.0000,2.0596,d)rotateIntoBiaxial(d,40.4568,0.0000,d)nonlinear(d,40.4568,0.0000,100.0000,d)rotateFromBiaxial(d,40.4568,0.0000,d)rotate(179.9888)rotateIntoBiaxial(d,139.7492,0.0000,d)nonlinear(d,139.7492,0.0000,300.0000,d)rotateFromBiaxial(d,139.7492,0.0000,d)nonlinear(6,0.0000,0.0000,28.3384,d)rotate(-86.1234)rotateIntoBiaxial(d,2.1560,0.0000,d)nonlinear(d,2.1560,0.0000,50.0000,d)rotateFromBiaxial(d,2.1560,0.0000,d)nonlinear(6,0.0000,0.0000,8.9812,d)linear(0,0,0,261.1925,d)rotate(8.1399)nonlinear(6,0.0000,0.0000,12.3530,d)linear(0,0,0,160.8993,d)rotate(-32.6872)rotateIntoBiaxial(d,2.1970,0.0000,d)nonlinear(d,2.1970,0.0000,28.6360,d)rotateFromBiaxial(d,2.1970,0.0000,d)nonlinear(6,0.0000,0.0000,12.4692,d)linear(0,0,0,99.0255,d)rotate(0.0797)
30314,0,40,27.4205,27.4995,init()rotateIntoBiaxial(d,0.1973,0.0000,d)nonlinear(d,0.1973,0.0000,300.0000,d)rotateFromBiaxial(d,0.1973,0.0000,d)nonlinear(6,0.0000,0.0000,0.4852,d)rotateIntoBiaxial(d,40.4420,0.0000,d)nonlinear(d,40.4420,0.0000,100.0000,d)rotateFromBiaxial(d,40.4420,0.0000,d)rotate(179.9966)rotateIntoBiaxial(d,139.7499,0.0000,d)nonlinear(d,139.7499,0.0000,300.0000,d)rotateFromBiaxial(d,139.7499,0.0000,d)nonlinear(6,0.0000,0.0000,18.6095,d)rotate(-82.4608)rotateIntoBiaxial(d,3.2118,0.0000,d)nonlinear(d,3.2118,0.0000,50.0000,d)rotateFromBiaxial(d,3.2118,0.0000,d)nonlinear(6,0.0000,0.0000,10.2281,d)linear(0,0,0,213.2945,d)rotate(5.3309)nonlinear(6,0.0000,0.0000,18.8167,d)linear(0,0,0,99.9426,d)rotate(-24.8612)rotateIntoBiaxial(d,1.2837,0.0000,d)nonlinear(d,1.2837,0.0000,24.8630,d)rotateFromBiaxial(d,1.2837,0.0000,d)nonlinear(6,0.0000,0.0000,11.2816,d)linear(0,0,0,36.2801,d)rotate(0.0991)
30360,0,40,27.4868,27.4995,init()rotateIntoBiaxial(d,0.5819,0.0000,d)nonlinear(d,0.5819,0.0000,300.0000,d)rotateFromBiaxial(d,0.5819,0.0000,d)nonlinear(6,0.0000,0.0000,0.1231,d)rotateIntoBiaxial(d,40.4251,0.0000,d)nonlinear(d,40.4251,0.0000,100.0000,d)rotateFromBiaxial(d,40.4251,0.0000,d)rotate(179.8346)rotateIntoBiaxial(d,139.7402,0.0000,d)nonlinear(d,139.7402,0.0000,300.0000,d)rotateFromBiaxial(d,139.7402,0.0000,d)nonlinear(6,0.0000,0.0000,26.5152,d)rotate(-85.3964)rotateIntoBiaxial(d,3.0424,0.0000,d)nonlinear(d,3.0424,0.0000,50.0000,d)rotateFromBiaxial(d,3.0424,0.0000,d)nonlinear(6,0.0000,0.0000,1.6488,d)linear(0,0,0,294.1479,d)rotate(7.9878)nonlinear(6,0.0000,0.0000,8.0003,d)linear(0,0,0,138.5706,d)rotate(-31.0805)rotateIntoBiaxial(d,3.1310,0.0000,d)nonlinear(d,3.1310,0.0000,26.5755,d)rotateFromBiaxial(d,3.1310,0.0000,d)nonlinear(6,0.0000,0.0000,10.6547,d)linear(0,0,0,6.1494,d)
30406,0,40,27.4151,27.4995,init()rotateIntoBiaxial(d,0.3710,0.0000,d)nonlinear(d,0.3710,0.0000,300.0000,d)rotateFromBiaxial(d,0.3710,0.0000,d)nonlinear(6,0.0000,0.0000,0.1318,d)rotateIntoBiaxial(d,40.4048,0.0000,d)nonlinear(d,40.4048,0.0000,100.0000,d)rotateFromBiaxial(d,40.4048,0.0000,d)rotate(179.6410)rotateIntoBiaxial(d,139.7486,0.0000,d)nonlinear(d,139.7486,0.0000,300.0000,d)rotateFromBiaxial(d,139.7486,0.0000,d)nonlinear(6,0.0000,0.0000,24.1216,d)rotate(-83.8406)rotateIntoBiaxial(d,2.6913,0.0000,d)nonlinear(d,2.6913,0.0000,50.0000,d)rotateFromBiaxial(d,2.6913,0.0000,d)nonlinear(6,0.0000,0.0000,4.5585,d)linear(0,0,0,255.0582,d)rotate(10.7422)nonlinear(6,0.0000,0.0000,9.1962,d)linear(0,0,0,140.6733,d)rotate(-30.6452)rotateIntoBiaxial(d,0.9641,0.0000,d)nonlinear(d,0.9641,0.0000,25.7751,d)rotateFromBiaxial(d,0.9641,0.0000,d)nonlinear(6,0.0000,0.0000,10.0062,d)linear(0,0,0,35.1526,d)rotate(0.5308)
30452,0,40,27.3048,27.4995,init()rotateIntoBiaxial(d,0.1321,0.0000,d)nonlinear(d,0.1321,0.0000,300.0000,d)rotateFromBiaxial(d,0.1321,0.0000,d)nonlinear(6,0.0000,0.0000,0.0424,d)rotateIntoBiaxial(d,40.4064,0.0000,d)nonlinear(d,40.4064,0.0000,100.0000,d)rotateFromBiaxial(d,40.4064,0.0000,d)rotate(179.8501)rotateIntoBiaxial(d,139.7633,0.0000,d)nonlinear(d,139.7633,0.0000,300.0000,d)rotateFromBiaxial(d,139.7633,0.0000,d)nonlinear(6,0.0000,0.0000,19.7664,d)rotate(-82.8736)rotateIntoBiaxial(d,2.0107,0.0000,d)nonlinear(d,2.0107,0.0000,50.0000,d)rotateFromBiaxial(d,2.0107,0.0000,d)nonlinear(6,0.0000,0.0000,7.3670,d)linear(0,0,0,240.4612,d)rotate(9.1228)nonlinear(6,0.0000,0.0000,8.8459,d)linear(0,0,0,118.4474,d)rotate(-25.0967)rotateIntoBiaxial(d,1.4965,0.0000,d)nonlinear(d,1.4965,0.0000,25.2919,d)rotateFromBiaxial(d,1.4965,0.0000,d)nonlinear(6,0.0000,0.0000,16.8857,d)linear(0,0,0,73.9362,d)rotate(0.2635)
30498,0,40,27.5081,27.4995,init()rotateIntoBiaxial(d,0.3720,0.0000,d)nonlinear(d,0.3720,0.0000,300.0000,d)rotateFromBiaxial(d,0.3720,0.0000,d)nonlinear(6,0.0000,0.0000,0.3276,d)rotateIntoBiaxial(d,40.4706,0.0000,d)nonlinear(d,40.4706,0.0000,100.0000,d)rotateFromBiaxial(d,40.4706,0.0000,d)rotate(179.9353)rotateIntoBiaxial(d,139.7527,0.0000,d)nonlinear(d,139.7527,0.0000,300.0000,d)rotateFromBiaxial(d,139.7527,0.0000,d)nonlinear(6,0.0000,0.0000,23.6183,d)rotate(-86.1645)rotateIntoBiaxial(d,3.3518,0.0000,d)nonlinear(d,3.3518,0.0000,50.0000,d)rotateFromBiaxial(d,3.3518,0.0000,d)linear(0,0,0,238.7542,d)rotate(7.6744)nonlinear(6,0.0000,0.0000,12.7815,d)linear(0,0,0,75.6011,d)rotate(-25.1207)rotateIntoBiaxial(d,2.4097,0.0000,d)nonlinear(d,2.4097,0.0000,31.8732,d)rotateFromBiaxial(d,2.4097,0.0000,d)nonlinear(6,0.0000,0.0000,9.2716,d)linear(0,0,0,1.5433,d)rotate(0.2757)
30544,0,40,27.3332,27.4995,init()rotateIntoBiaxial(d,0.5233,0.0000,d)nonlinear(d,0.5233,0.0000,300.0000,d)rotateFromBiaxial(d,0.5233,0.0000,d)nonlinear(6,0.0000,0.0000,2.2166,d)rotateIntoBiaxial(d,40.4320,0.0000,d)nonlinear(d,40.4320,0.0000,100.0000,d)rotateFromBiaxial(d,40.4320,0.0000,d)rotate(179.9667)rotateIntoBiaxial(d,139.7443,0.0000,d)nonlinear(d,139.7443,0.0000,300.0000,d)rotateFromBiaxial(d,139.7443,0.0000,d)nonlinear(6,0.0000,0.0000,24.4754,d)rotate(-83.8755)rotateIntoBiaxial(d,3.1965,0.0000,d)nonlinear(d,3.1965,0.0000,50.0000,d)rotateFromBiaxial(d,3.1965,0.0000,d)nonlinear(6,0.0000,0.0000,2.6075,d)linear(0,0,0,305.2641,d)rotate(3.8940)nonlinear(6,0.0000,0.0000,7.6485,d)rotate(-14.5030)rotateIntoBiaxial(d,1.0469,0.0000,d)nonlinear(d,1.0469,0.0000,28.4440,d)rotateFromBiaxial(d,1.0469,0.0000,d)nonlinear(6,0.0000,0.0000,12.4822,d)linear(0,0,0,49.2202,d)rotate(0.1841)
30590,0,40,27.4643,27.4995,init()rotateIntoBiaxial(d,0.1894,0.0000,d)nonlinear(d,0.1894,0.0000,300.0000,d)rotateFromBiaxial(d,0.1894,0.0000,d)nonlinear(6,0.0000,0.0000,0.0994,d)rotateIntoBiaxial(d,40.4563,0.0000,d)nonlinear(d,40.4563,0.0000,100.0000,d)rotateFromBiaxial(d,40.4563,0.0000,d)rotate(179.9539)rotateIntoBiaxial(d,139.7263,0.0000,d)nonlinear(d,139.7263,0.0000,300.0000,d)rotateFromBiaxial(d,139.7263,0.0000,d)nonlinear(6,0.0000,0.0000,24.4542,d)rotate(-85.8463)rotateIntoBiaxial(d,2.6576,0.0000,d)nonlinear(d,2.6576,0.0000,50.0000,d)rotateFromBiaxial(d,2.6576,0.0000,d)nonlinear(6,0.0000,0.0000,1.8390,d)linear(0,0,0,254.1983,d)rotate(4.9305)nonlinear(6,0.0000,0.0000,7.9433,d)linear(0,0,0,21.1943,d)rotate(-7.2171)rotateIntoBiaxial(d,1.6811,0.0000,d)nonlinear(d,1.6811,0.0000,31.8919,d)rotateFromBiaxial(d,1.6811,0.0000,d)nonlinear(6,0.0000,0.0000,11.2401,d)linear(0,0,0,57.4375,d)rotate(1.0725)
30636,0,40,27.4319,27.4995,init()rotateIntoBiaxial(d,0.1746,0.0000,d)nonlinear(d,0.1746,0.0000,300.0000,d)rotateFromBiaxial(d,0.1746,0.0000,d)nonlinear(6,0.0000,0.0000,0.0489,d)rotateIntoBiaxial(d,40.4666,0.0000,d)nonlinear(d,40.4666,0.0000,100.0000,d)rotateFromBiaxial(d,40.4666,0.0000,d)rotate(179.0484)rotateIntoBiaxial(d,139.7335,0.0000,d)nonlinear(d,139.7335,0.0000,300.0000,d)rotateFromBiaxial(d,139.7335,0.0000,d)nonlinear(6,0.0000,0.0000,14.0225,d)rotate(-86.0143)rotateIntoBiaxial(d,0.9729,0.0000,d)nonlinear(d,0.9729,0.0000,50.0000,d)rotateFromBiaxial(d,0.9729,0.0000,d)nonlinear(6,0.0000,0.0000,2.0620,d)linear(0,0,0,267.3716,d)rotate(6.5285)nonlinear(6,0.0000,0.0000,7.7386,d)linear(0,0,0,50.6468,d)rotate(-12.8489)rotateIntoBiaxial(d,1.2078,0.0000,d)nonlinear(d,1.2078,0.0000,24.8993,d)rotateFromBiaxial(d,1.2078,0.0000,d)nonlinear(6,0.0000,0.0000,10.2695,d)linear(0,0,0,66.1139,d)rotate(1.0948)
30682,0,40,27.5233,27.4995,init()rotateIntoBiaxial(d,0.4316,0.0000,d)nonlinear(d,0.4316,0.0000,300.0000,d)rotateFromBiaxial(d,0.4316,0.0000,d)nonlinear(6,0.0000,0.0000,0.4202,d)rotateIntoBiaxial(d,40.4813,0.0000,d)nonlinear(d,40.4813,0.0000,100.0000,d)rotateFromBiaxial(d,40.4813,0.0000,d)rotate(179.9850)rotateIntoBiaxial(d,139.7117,0.0000,d)nonlinear(d,139.7117,0.0000,300.0000,d)rotateFromBiaxial(d,139.7117,0.0000,d)nonlinear(6,0.0000,0.0000,23.8681,d)rotate(-85.3983)rotateIntoBiaxial(d,2.0044,0.0000,d)nonlinear(d,2.0044,0.0000,50.0000,d)rotateFromBiaxial(d,2.0044,0.0000,d)nonlinear(6,0.0000,0.0000,2.1239,d)linear(0,0,0,207.5714,d)rotate(7.0645)nonlinear(6,0.0000,0.0000,13.6086,d)linear(0,0,0,81.7508,d)rotate(-15.6412)rotateIntoBiaxial(d,1.1074,0.0000,d)nonlinear(d,1.1074,0.0000,25.2643,d)rotateFromBiaxial(d,1.1074,0.0000,d)nonlinear(6,0.0000,0.0000,16.9285,d)linear(0,0,0,4.7055,d)rotate(-0.0235)
30728,0,40,27.5031,27.4995,init()rotateIntoBiaxial(d,0.8152,0.0000,d)nonlinear(d,0.8152,0.0000,300.0000,d)rotateFromBiaxial(d,0.8152,0.0000,d)nonlinear(6,0.0000,0.0000,0.0913,d)rotateIntoBiaxial(d,40.4811,0.0000,d)nonlinear(d,40.4811,0.0000,100.0000,d)rotateFromBiaxial(d,40.4811,0.0000,d)rotate(179.2151)rotateIntoBiaxial(d,139.7493,0.0000,d)nonlinear(d,139.7493,0.0000,300.0000,d)rotateFromBiaxial(d,139.7493,0.0000,d)nonlinear(6,0.0000,0.0000,17.0764,d)rotate(-85.8734)rotateIntoBiaxial(d,3.1406,0.0000,d)nonlinear(d,3.1406,0.0000,50.0000,d)rotateFromBiaxial(d,3.1406,0.0000,d)nonlinear(6,0.0000,0.0000,5.3370,d)linear(0,0,0,207.1137,d)rotate(5.4048)nonlinear(6,0.0000,0.0000,3.0450,d)linear(0,0,0,1.0565,d)rotate(-15.8541)rotateIntoBiaxial(d,1.7718,0.0000,d)nonlinear(d,1.7718,0.0000,23.6207,d)rotateFromBiaxial(d,1.7718,0.0000,d)nonlinear(6,0.0000,0.0000,13.9403,d)linear(0,0,0,118.0834,d)
30774,0,40,27.4546,27.4995,init()rotateIntoBiaxial(d,0.5931,0.0000,d)nonlinear(d,0.5931,0.0000,300.0000,d)rotateFromBiaxial(d,0.5931,0.0000,d)nonlinear(6,0.0000,0.0000,1.4475,d)rotateIntoBiaxial(d,40.4735,0.0000,d)nonlinear(d,40.4735,0.0000,100.0000,d)rotateFromBiaxial(d,40.4735,0.0000,d)rotate(179.7838)rotateIntoBiaxial(d,139.7410,0.0000,d)nonlinear(d,139.7410,0.0000,300.0000,d)rotateFromBiaxial(d,139.7410,0.0000,d)nonlinear(6,0.0000,0.0000,27.7094,d)rotate(-83.5884)rotateIntoBiaxial(d,3.1179,0.0000,d)nonlinear(d,3.1179,0.0000,50.0000,d)rotateFromBiaxial(d,3.1179,0.0000,d)nonlinear(6,0.0000,0.0000,2.9997,d)linear(0,0,0,266.6014,d)rotate(2.4011)nonlinear(6,0.0000,0.0000,14.4777,d)linear(0,0,0,50.8733,d)rotate(-11.9241)rotateIntoBiaxial(d,2.1309,0.0000,d)nonlinear(d,2.1309,0.0000,25.3496,d)rotateFromBiaxial(d,2.1309,0.0000,d)nonlinear(6,0.0000,0.0000,12.4892,d)linear(0,0,0,106.1862,d)rotate(0.1523)
30820,0,40,27.4408,27.4995,init()rotateIntoBiaxial(d,0.4841,0.0000,d)nonlinear(d,0.4841,0.0000,300.0000,d)rotateFromBiaxial(d,0.4841,0.0000,d)nonlinear(6,0.0000,0.0000,0.3123,d)rotateIntoBiaxial(d,40.4007,0.0000,d)nonlinear(d,40.4007,0.0000,100.0000,d)rotateFromBiaxial(d,40.4007,0.0000,d)rotate(179.9968)rotateIntoBiaxial(d,139.7370,0.0000,d)nonlinear(d,139.7370,0.0000,300.0000,d)rotateFromBiaxial(d,139.7370,0.0000,d)nonlinear(6,0.0000,0.0000,29.4529,d)rotate(-84.8683)rotateIntoBiaxial(d,2.5815,0.0000,d)nonlinear(d,2.5815,0.0000,50.0000,d)rotateFromBiaxial(d,2.5815,0.0000,d)nonlinear(6,0.0000,0.0000,4.3517,d)linear(0,0,0,250.0217,d)rotate(6.0292)nonlinear(6,0.0000,0.0000,5.7521,d)linear(0,0,0,103.2266,d)rotate(-13.4239)rotateIntoBiaxial(d,2.5347,0.0000,d)nonlinear(d,2.5347,0.0000,34.2575,d)rotateFromBiaxial(d,2.5347,0.0000,d)nonlinear(6,0.0000,0.0000,15.3732,d)linear(0,0,0,36.3707,d)rotate(0.4379)
30866,0,40,27.4894,27.4995,init()rotateIntoBiaxial(d,0.2828,0.0000,d)nonlinear(d,0.2828,0.0000,300.0000,d)rotateFromBiaxial(d,0.2828,0.0000,d)nonlinear(6,0.0000,0.0000,0.2389,d)rotateIntoBiaxial(d,40.4606,0.0000,d)nonlinear(d,40.4606,0.0000,100.0000,d)rotateFromBiaxial(d,40.4606,0.0000,d)rotate(179.4256)rotateIntoBiaxial(d,139.7499,0.0000,d)nonlinear(d,139.7499,0.0000,300.0000,d)rotateFromBiaxial(d,139.7499,0.0000,d)nonlinear(6,0.0000,0.0000,26.5311,d)rotate(-82.4487)rotateIntoBiaxial(d,3.4692,0.0000,d)nonlinear(d,3.4692,0.0000,50.0000,d)rotateFromBiaxial(d,3.4692,0.0000,d)nonlinear(6,0.0000,0.0000,2.6967,d)linear(0,0,0,293.1366,d)rotate(9.5550)nonlinear(6,0.0000,0.0000,17.1241,d)linear(0,0,0,69.6737,d)rotate(-12.0829)rotateIntoBiaxial(d,2.1587,0.0000,d)nonlinear(d,2.1587,0.0000,30.1687,d)rotateFromBiaxial(d,2.1587,0.0000,d)nonlinear(6,0.0000,0.0000,11.9256,d)linear(0,0,0,17.7514,d)rotate(0.3333)
30912,0,40,27.5992,27.4995,init()rotateIntoBiaxial(d,0.3341,0.0000,d)nonlinear(d,0.3341,0.0000,300.0000,d)rotateFromBiaxial(d,0.3341,0.0000,d)nonlinear(6,0.0000,0.0000,0.3962,d)rotateIntoBiaxial(d,40.4810,0.0000,d)nonlinear(d,40.4810,0.0000,100.0000,d)rotateFromBiaxial(d,40.4810,0.0000,d)rotate(179.6936)rotateIntoBiaxial(d,139.7159,0.0000,d)nonlinear(d,139.7159,0.0000,300.0000,d)rotateFromBiaxial(d,139.7159,0.0000,d)nonlinear(6,0.0000,0.0000,28.9799,d)rotate(-75.9917)rotateIntoBiaxial(d,3.4949,0.0000,d)nonlinear(d,3.4949,0.0000,50.0000,d)rotateFromBiaxial(d,3.4949,0.0000,d)nonlinear(6,0.0000,0.0000,7.2849,d)linear(0,0,0,332.4939,d)rotate(6.1071)nonlinear(6,0.0000,0.0000,8.7585,d)linear(0,0,0,79.4193,d)rotate(-18.9299)rotateIntoBiaxial(d,2.7563,0.0000,d)nonlinear(d,2.7563,0.0000,33.6522,d)rotateFromBiaxial(d,2.7563,0.0000,d)nonlinear(6,0.0000,0.0000,19.2425,d)linear(0,0,0,12.8893,d)
30958,0,40,27.5216,27.4995,init()rotateIntoBiaxial(d,0.3352,0.0000,d)nonlinear(d,0.3352,0.0000,300.0000,d)rotateFromBiaxial(d,0.3352,0.0000,d)nonlinear(6,0.0000,0.0000,0.1221,d)rotateIntoBiaxial(d,40.4688,0.0000,d)nonlinear(d,40.4688,0.0000,100.0000,d)rotateFromBiaxial(d,40.4688,0.0000,d)rotate(179.7357)rotateIntoBiaxial(d,139.7178,0.0000,d)nonlinear(d,139.7178,0.0000,300.0000,d)rotateFromBiaxial(d,139.7178,0.0000,d)nonlinear(6,0.0000,0.0000,20.8338,d)rotate(-79.0564)rotateIntoBiaxial(d,4.2155,0.0000,d)nonlinear(d,4.2155,0.0000,50.0000,d)rotateFromBiaxial(d,4.2155,0.0000,d)linear(0,0,0,267.1221,d)rotate(6.0007)nonlinear(6,0.0000,0.0000,5.9960,d)linear(0,0,0,62.3116,d)rotate(-19.4036)rotateIntoBiaxial(d,0.3774,0.0000,d)nonlinear(d,0.3774,0.0000,26.1914,d)rotateFromBiaxial(d,0.3774,0.0000,d)nonlinear(6,0.0000,0.0000,15.9061,d)linear(0,0,0,68.4429,d)rotate(0.9230)
31004,0,40,27.3973,27.4995,init()rotateIntoBiaxial(d,0.9399,0.0000,d)nonlinear(d,0.9399,0.0000,300.0000,d)rotateFromBiaxial(d,0.9399,0.0000,d)nonlinear(6,0.0000,0.0000,0.4199,d)rotateIntoBiaxial(d,40.3864,0.0000,d)nonlinear(d,40.3864,0.0000,100.0000,d)rotateFromBiaxial(d,40.3864,0.0000,d)rotate(179.5681)rotateIntoBiaxial(d,139.7429,0.0000,d)nonlinear(d,139.7429,0.0000,300.0000,d)rotateFromBiaxial(d,139.7429,0.0000,d)nonlinear(6,0.0000,0.0000,21.5062,d)rotate(-81.5649)rotateIntoBiaxial(d,2.3723,0.0000,d)nonlinear(d,2.3723,0.0000,50.0000,d)rotateFromBiaxial(d,2.3723,0.0000,d)nonlinear(6,0.0000,0.0000,3.9349,d)linear(0,0,0,263.0455,d)rotate(8.7697)nonlinear(6,0.0000,0.0000,7.9073,d)linear(0,0,0,106.0595,d)rotate(-21.6085)rotateIntoBiaxial(d,0.1773,0.0000,d)nonlinear(d,0.1773,0.0000,31.5148,d)rotateFromBiaxial(d,0.1773,0.0000,d)nonlinear(6,0.0000,0.0000,12.5751,d)linear(0,0,0,39.3632,d)rotate(0.0139)
31050,0,40,27.3607,27.4995,init()rotateIntoBiaxial(d,0.0990,0.0000,d)nonlinear(d,0.0990,0.0000,300.0000,d)rotateFromBiaxial(d,0.0990,0.0000,d)nonlinear(6,0.0000,0.0000,1.4950,d)rotateIntoBiaxial(d,40.4283,0.0000,d)nonlinear(d,40.4283,0.0000,100.0000,d)rotateFromBiaxial(d,40.4283,0.0000,d)rotate(179.7225)rotateIntoBiaxial(d,139.7409,0.0000,d)nonlinear(d,139.7409,0.0000,300.0000,d)rotateFromBiaxial(d,139.7409,0.0000,d)nonlinear(6,0.0000,0.0000,29.4640,d)rotate(-78.2256)rotateIntoBiaxial(d,3.6591,0.0000,d)nonlinear(d,3.6591,0.0000,50.0000,d)rotateFromBiaxial(d,3.6591,0.0000,d)nonlinear(6,0.0000,0.0000,5.7489,d)linear(0,0,0,240.4741,d)rotate(5.2734)nonlinear(6,0.0000,0.0000,11.6915,d)linear(0,0,0,86.6589,d)rotate(-26.1088)rotateIntoBiaxial(d,1.8868,0.0000,d)nonlinear(d,1.8868,0.0000,22.1015,d)rotateFromBiaxial(d,1.8868,0.0000,d)nonlinear(6,0.0000,0.0000,19.3159,d)linear(0,0,0,48.4643,d)
31096,0,40,27.3926,27.4995,init()rotateIntoBiaxial(d,0.2371,0.0000,d)nonlinear(d,0.2371,0.0000,300.0000,d)rotateFromBiaxial(d,0.2371,0.0000,d)nonlinear(6,0.0000,0.0000,1.0123,d)rotateIntoBiaxial(d,40.4193,0.0000,d)nonlinear(d,40.4193,0.0000,100.0000,d)rotateFromBiaxial(d,40.4193,0.0000,d)rotate(179.8630)rotateIntoBiaxial(d,139.7431,0.0000,d)nonlinear(d,139.7431,0.0000,300.0000,d)rotateFromBiaxial(d,139.7431,0.0000,d)nonlinear(6,0.0000,0.0000,24.6646,d)linear(0,0,0,36.9866,d)rotate(-75.0312)rotateIntoBiaxial(d,3.1841,0.0000,d)nonlinear(d,3.1841,0.0000,50.0000,d)rotateFromBiaxial(d,3.1841,0.0000,d)nonlinear(6,0.0000,0.0000,2.6826,d)linear(0,0,0,264.4302,d)rotate(8.3022)nonlinear(6,0.0000,0.0000,11.3311,d)linear(0,0,0,108.1430,d)rotate(-24.1678)rotateIntoBiaxial(d,0.0974,0.0000,d)nonlinear(d,0.0974,0.0000,32.5112,d)rotateFromBiaxial(d,0.0974,0.0000,d)nonlinear(6,0.0000,0.0000,11.7878,d)linear(0,0,0,2.8042,d)rotate(1.0282)
31142,0,40,27.5444,27.4995,init()rotateIntoBiaxial(d,0.9045,0.0000,d)nonlinear(d,0.9045,0.0000,300.0000,d)rotateFromBiaxial(d,0.9045,0.0000,d)nonlinear(6,0.0000,0.0000,0.5544,d)rotateIntoBiaxial(d,40.4961,0.0000,d)nonlinear(d,40.4961,0.0000,100.0000,d)rotateFromBiaxial(d,40.4961,0.0000,d)rotate(179.9702)rotateIntoBiaxial(d,139.7273,0.0000,d)nonlinear(d,139.7273,0.0000,300.0000,d)rotateFromBiaxial(d,139.7273,0.0000,d)nonlinear(6,0.0000,0.0000,24.7651,d)linear(0,0,0,160.0476,d)rotate(-75.6140)rotateIntoBiaxial(d,3.4301,0.0000,d)nonlinear(d,3.4301,0.0000,50.0000,d)rotateFromBiaxial(d,3.4301,0.0000,d)nonlinear(6,0.0000,0.0000,11.4612,d)linear(0,0,0,198.9249,d)rotate(10.9679)nonlinear(6,0.0000,0.0000,9.0034,d)linear(0,0,0,66.5212,d)rotate(-30.7476)rotateIntoBiaxial(d,0.1464,0.0000,d)nonlinear(d,0.1464,0.0000,25.6111,d)rotateFromBiaxial(d,0.1464,0.0000,d)nonlinear(6,0.0000,0.0000,13.3433,d)linear(0,0,0,17.5022,d)
31188,0,40,27.4068,27.4995,init()rotateIntoBiaxial(d,0.1567,0.0000,d)nonlinear(d,0.1567,0.0000,300.0000,d)rotateFromBiaxial(d,0.1567,0.0000,d)nonlinear(6,0.0000,0.0000,0.4712,d)rotateIntoBiaxial(d,40.4452,0.0000,d)nonlinear(d,40.4452,0.0000,100.0000,d)rotateFromBiaxial(d,40.4452,0.0000,d)rotate(179.8564)rotateIntoBiaxial(d,139.7650,0.0000,d)nonlinear(d,139.7650,0.0000,300.0000,d)rotateFromBiaxial(d,139.7650,0.0000,d)nonlinear(6,0.0000,0.0000,29.1255,d)linear(0,0,0,31.5013,d)rotate(-78.3044)rotateIntoBiaxial(d,4.3619,0.0000,d)nonlinear(d,4.3619,0.0000,50.0000,d)rotateFromBiaxial(d,4.3619,0.0000,d)nonlinear(6,0.0000,0.0000,6.4444,d)linear(0,0,0,288.7468,d)rotate(8.5425)nonlinear(6,0.0000,0.0000,13.2686,d)linear(0,0,0,122.1886,d)rotate(-21.0574)rotateIntoBiaxial(d,0.9307,0.0000,d)nonlinear(d,0.9307,0.0000,29.3648,d)rotateFromBiaxial(d,0.9307,0.0000,d)nonlinear(6,0.0000,0.0000,10.9920,d)linear(0,0,0,1.8477,d)rotate(0.0860)
31234,0,40,27.4644,27.4995,init()rotateIntoBiaxial(d,0.0105,0.0000,d)nonlinear(d,0.0105,0.0000,300.0000,d)rotateFromBiaxial(d,0.0105,0.0000,d)nonlinear(6,0.0000,0.0000,0.3427,d)rotateIntoBiaxial(d,40.4689,0.0000,d)nonlinear(d,40.4689,0.0000,100.0000,d)rotateFromBiaxial(d,40.4689,0.0000,d)rotate(179.6993)rotateIntoBiaxial(d,139.7276,0.0000,d)nonlinear(d,139.7276,0.0000,300.0000,d)rotateFromBiaxial(d,139.7276,0.0000,d)nonlinear(6,0.0000,0.0000,19.3126,d)linear(0,0,0,24.8368,d)rotate(-77.9117)rotateIntoBiaxial(d,3.9836,0.0000,d)nonlinear(d,3.9836,0.0000,50.0000,d)rotateFromBiaxial(d,3.9836,0.0000,d)nonlinear(6,0.0000,0.0000,4.4813,d)linear(0,0,0,285.8757,d)rotate(8.3722)nonlinear(6,0.0000,0.0000,13.4315,d)linear(0,0,0,67.0631,d)rotate(-25.1236)rotateIntoBiaxial(d,1.1659,0.0000,d)nonlinear(d,1.1659,0.0000,27.1594,d)rotateFromBiaxial(d,1.1659,0.0000,d)nonlinear(6,0.0000,0.0000,9.2553,d)linear(0,0,0,29.6950,d)
31280,0,40,27.4610,27.4610,init()rotateIntoBiaxial(d,0.0379,0.0000,d)nonlinear(d,0.0379,0.0000,300.0000,d)rotateFromBiaxial(d,0.0379,0.0000,d)nonlinear(6,0.0000,0.0000,0.2946,d)rotateIntoBiaxial(d,40.4153,0.0000,d)nonlinear(d,40.4153,0.0000,100.0000,d)rotateFromBiaxial(d,40.4153,0.0000,d)rotate(179.8480)rotateIntoBiaxial(d,139.7274,0.0000,d)nonlinear(d,139.7274,0.0000,300.0000,d)rotateFromBiaxial(d,139.7274,0.0000,d)nonlinear(6,0.0000,0.0000,33.8677,d)linear(0,0,0,4.0811,d)rotate(-80.2504)rotateIntoBiaxial(d,3.5239,0.0000,d)nonlinear(d,3.5239,0.0000,50.0000,d)rotateFromBiaxial(d,3.5239,0.0000,d)nonlinear(6,0.0000,0.0000,5.8330,d)linear(0,0,0,248.4330,d)rotate(3.7978)nonlinear(6,0.0000,0.0000,7.9587,d)linear(0,0,0,43.3277,d)rotate(-27.4010)rotateIntoBiaxial(d,0.6531,0.0000,d)nonlinear(d,0.6531,0.0000,35.1528,d)rotateFromBiaxial(d,0.6531,0.0000,d)nonlinear(6,0.0000,0.0000,13.5596,d)linear(0,0,0,22.5965,d)rotate(0.4200)
31326,0,40,27.4302,27.4302,init()rotateIntoBiaxial(d,0.2684,0.0000,d)nonlinear(d,0.2684,0.0000,300.0000,d)rotateFromBiaxial(d,0.2684,0.0000,d)nonlinear(6,0.0000,0.0000,0.3121,d)rotateIntoBiaxial(d,40.4175,0.0000,d)nonlinear(d,40.4175,0.0000,100.0000,d)rotateFromBiaxial(d,40.4175,0.0000,d)rotate(179.5164)rotateIntoBiaxial(d,139.7368,0.0000,d)nonlinear(d,139.7368,0.0000,300.0000,d)rotateFromBiaxial(d,139.7368,0.0000,d)nonlinear(6,0.0000,0.0000,17.3900,d)rotate(-79.8886)rotateIntoBiaxial(d,4.8085,0.0000,d)nonlinear(d,4.8085,0.0000,50.0000,d)rotateFromBiaxial(d,4.8085,0.0000,d)nonlinear(6,0.0000,0.0000,7.8853,d)linear(0,0,0,241.7244,d)rotate(8.6389)nonlinear(6,0.0000,0.0000,10.5398,d)linear(0,0,0,58.7726,d)rotate(-25.3249)rotateIntoBiaxial(d,1.7871,0.0000,d)nonlinear(d,1.7871,0.0000,28.3904,d)rotateFromBiaxial(d,1.7871,0.0000,d)nonlinear(6,0.0000,0.0000,6.9271,d)linear(0,0,0,10.8636,d)rotate(0.2292)
31372,0,40,27.5037,27.4302,init()rotateIntoBiaxial(d,0.1952,0.0000,d)nonlinear(d,0.1952,0.0000,300.0000,d)rotateFromBiaxial(d,0.1952,0.0000,d)nonlinear(6,0.0000,0.0000,0.7245,d)rotateIntoBiaxial(d,40.4731,0.0000,d)nonlinear(d,40.4731,0.0000,100.0000,d)rotateFromBiaxial(d,40.4731,0.0000,d)rotate(179.5349)rotateIntoBiaxial(d,139.7175,0.0000,d)nonlinear(d,139.7175,0.0000,300.0000,d)rotateFromBiaxial(d,139.7175,0.0000,d)nonlinear(6,0.0000,0.0000,24.8718,d)rotate(-76.6412)rotateIntoBiaxial(d,4.6660,0.0000,d)nonlinear(d,4.6660,0.0000,50.0000,d)rotateFromBiaxial(d,4.6660,0.0000,d)nonlinear(6,0.0000,0.0000,4.9042,d)linear(0,0,0,247.1697,d)rotate(10.3095)nonlinear(6,0.0000,0.0000,11.6036,d)linear(0,0,0,83.7102,d)rotate(-23.7597)rotateIntoBiaxial(d,3.8515,0.0000,d)nonlinear(d,3.8515,0.0000,30.1433,d)rotateFromBiaxial(d,3.8515,0.0000,d)nonlinear(6,0.0000,0.0000,11.1928,d)linear(0,0,0,106.2638,d)rotate(0.0248)
31418,0,40,27.6320,27.4302,init()rotateIntoBiaxial(d,0.5299,0.0000,d)nonlinear(d,0.5299,0.0000,300.0000,d)rotateFromBiaxial(d,0.5299,0.0000,d)nonlinear(6,0.0000,0.0000,0.0018,d)rotateIntoBiaxial(d,40.5252,0.0000,d)nonlinear(d,40.5252,0.0000,100.0000,d)rotateFromBiaxial(d,40.5252,0.0000,d)rotate(179.5500)rotateIntoBiaxial(d,139.7224,0.0000,d)nonlinear(d,139.7224,0.0000,300.0000,d)rotateFromBiaxial(d,139.7224,0.0000,d)nonlinear(6,0.0000,0.0000,24.6207,d)rotate(-75.3683)rotateIntoBiaxial(d,3.4132,0.0000,d)nonlinear(d,3.4132,0.0000,50.0000,d)rotateFromBiaxial(d,3.4132,0.0000,d)nonlinear(6,0.0000,0.0000,2.5320,d)linear(0,0,0,194.1256,d)rotate(5.9087)nonlinear(6,0.0000,0.0000,15.8587,d)linear(0,0,0,161.2810,d)rotate(-19.2315)rotateIntoBiaxial(d,0.4043,0.0000,d)nonlinear(d,0.4043,0.0000,30.0706,d)rotateFromBiaxial(d,0.4043,0.0000,d)nonlinear(6,0.0000,0.0000,10.2208,d)linear(0,0,0,96.9807,d)rotate(-0.0957)
31464,0,40,27.5925,27.4302,init()rotateIntoBiaxial(d,0.2146,0.0000,d)nonlinear(d,0.2146,0.0000,300.0000,d)rotateFromBiaxial(d,0.2146,0.0000,d)nonlinear(6,0.0000,0.0000,0.3205,d)rotateIntoBiaxial(d,40.4964,0.0000,d)nonlinear(d,40.4964,0.0000,100.0000,d)rotateFromBiaxial(d,40.4964,0.0000,d)rotate(179.2401)rotateIntoBiaxial(d,139.7280,0.0000,d)nonlinear(d,139.7280,0.0000,300.0000,d)rotateFromBiaxial(d,139.7280,0.0000,d)nonlinear(6,0.0000,0.0000,27.1086,d)rotate(-74.7250)rotateIntoBiaxial(d,4.1971,0.0000,d)nonlinear(d,4.1971,0.0000,50.0000,d)rotateFromBiaxial(d,4.1971,0.0000,d)nonlinear(6,0.0000,0.0000,3.4337,d)linear(0,0,0,240.4065,d)rotate(4.9132)nonlinear(6,0.0000,0.0000,16.3434,d)linear(0,0,0,56.8209,d)rotate(-21.1925)rotateIntoBiaxial(d,3.7382,0.0000,d)nonlinear(d,3.7382,0.0000,28.4706,d)rotateFromBiaxial(d,3.7382,0.0000,d)nonlinear(6,0.0000,0.0000,15.0121,d)linear(0,0,0,1.3657,d)rotate(0.1439)
31510,0,40,27.5732,27.4302,init()rotateIntoBiaxial(d,0.2879,0.0000,d)nonlinear(d,0.2879,0.0000,300.0000,d)rotateFromBiaxial(d,0.2879,0.0000,d)nonlinear(6,0.0000,0.0000,0.3967,d)rotateIntoBiaxial(d,40.4946,0.0000,d)nonlinear(d,40.4946,0.0000,100.0000,d)rotateFromBiaxial(d,40.4946,0.0000,d)rotate(178.3785)rotateIntoBiaxial(d,139.7331,0.0000,d)nonlinear(d,139.7331,0.0000,300.0000,d)rotateFromBiaxial(d,139.7331,0.0000,d)nonlinear(6,0.0000,0.0000,23.9765,d)rotate(-78.8031)rotateIntoBiaxial(d,3.7855,0.0000,d)nonlinear(d,3.7855,0.0000,50.0000,d)rotateFromBiaxial(d,3.7855,0.0000,d)nonlinear(6,0.0000,0.0000,5.7187,d)linear(0,0,0,249.2956,d)rotate(7.3562)nonlinear(6,0.0000,0.0000,9.5188,d)linear(0,0,0,74.9771,d)rotate(-36.0477)rotateIntoBiaxial(d,2.1568,0.0000,d)nonlinear(d,2.1568,0.0000,31.0475,d)rotateFromBiaxial(d,2.1568,0.0000,d)nonlinear(6,0.0000,0.0000,15.4089,d)linear(0,0,0,63.1291,d)rotate(0.2550)
31556,0,40,27.4729,27.4729,init()rotateIntoBiaxial(d,0.0360,0.0000,d)nonlinear(d,0.0360,0.0000,300.0000,d)rotateFromBiaxial(d,0.0360,0.0000,d)nonlinear(6,0.0000,0.0000,0.0841,d)rotateIntoBiaxial(d,40.4379,0.0000,d)nonlinear(d,40.4379,0.0000,100.0000,d)rotateFromBiaxial(d,40.4379,0.0000,d)rotate(179.7409)rotateIntoBiaxial(d,139.7306,0.0000,d)nonlinear(d,139.7306,0.0000,300.0000,d)rotateFromBiaxial(d,139.7306,0.0000,d)nonlinear(6,0.0000,0.0000,25.7552,d)rotate(-77.4039)rotateIntoBiaxial(d,3.9802,0.0000,d)nonlinear(d,3.9802,0.0000,50.0000,d)rotateFromBiaxial(d,3.9802,0.0000,d)nonlinear(6,0.0000,0.0000,7.5388,d)linear(0,0,0,220.5236,d)rotate(4.2727)nonlinear(6,0.0000,0.0000,13.6323,d)linear(0,0,0,74.1919,d)rotate(-21.3580)rotateIntoBiaxial(d,1.8254,0.0000,d)nonlinear(d,1.8254,0.0000,25.0071,d)rotateFromBiaxial(d,1.8254,0.0000,d)nonlinear(6,0.0000,0.0000,16.5811,d)linear(0,0,0,49.9752,d)rotate(0.2409)
31602,0,40,27.4910,27.4910,init()rotateIntoBiaxial(d,0.3105,0.0000,d)nonlinear(d,0.3105,0.0000,300.0000,d)rotateFromBiaxial(d,0.3105,0.0000,d)nonlinear(6,0.0000,0.0000,0.2508,d)rotateIntoBiaxial(d,40.4266,0.0000,d)nonlinear(d,40.4266,0.0000,100.0000,d)rotateFromBiaxial(d,40.4266,0.0000,d)rotate(179.1836)rotateIntoBiaxial(d,139.7418,0.0000,d)nonlinear(d,139.7418,0.0000,300.0000,d)rotateFromBiaxial(d,139.7418,0.0000,d)nonlinear(6,0.0000,0.0000,25.8813,d)rotate(-77.4116)rotateIntoBiaxial(d,3.4410,0.0000,d)nonlinear(d,3.4410,0.0000,50.0000,d)rotateFromBiaxial(d,3.4410,0.0000,d)nonlinear(6,0.0000,0.0000,5.7459,d)linear(0,0,0,188.8768,d)rotate(6.4325)nonlinear(6,0.0000,0.0000,11.3723,d)linear(0,0,0,101.9056,d)rotate(-29.6911)rotateIntoBiaxial(d,1.8096,0.0000,d)nonlinear(d,1.8096,0.0000,26.9601,d)rotateFromBiaxial(d,1.8096,0.0000,d)nonlinear(6,0.0000,0.0000,15.7048,d)linear(0,0,0,98.8976,d)rotate(0.1862)
31648,0,40,27.4776,27.4910,init()rotateIntoBiaxial(d,0.1794,0.0000,d)nonlinear(d,0.1794,0.0000,300.0000,d)rotateFromBiaxial(d,0.1794,0.0000,d)nonlinear(6,0.0000,0.0000,0.3491,d)rotateIntoBiaxial(d,40.4610,0.0000,d)nonlinear(d,40.4610,0.0000,100.0000,d)rotateFromBiaxial(d,40.4610,0.0000,d)rotate(179.8203)rotateIntoBiaxial(d,139.7609,0.0000,d)nonlinear(d,139.7609,0.0000,300.0000,d)rotateFromBiaxial(d,139.7609,0.0000,d)nonlinear(6,0.0000,0.0000,28.1253,d)rotate(-80.1776)rotateIntoBiaxial(d,3.9996,0.0000,d)nonlinear(d,3.9996,0.0000,50.0000,d)rotateFromBiaxial(d,3.9996,0.0000,d)nonlinear(6,0.0000,0.0000,3.7356,d)linear(0,0,0,257.1456,d)rotate(3.0178)nonlinear(6,0.0000,0.0000,7.7937,d)linear(0,0,0,46.2459,d)rotate(-22.5287)rotateIntoBiaxial(d,1.7601,0.0000,d)nonlinear(d,1.7601,0.0000,31.5671,d)rotateFromBiaxial(d,1.7601,0.0000,d)nonlinear(6,0.0000,0.0000,17.1667,d)linear(0,0,0,29.2698,d)rotate(0.1816)
31694,0,40,27.4505,27.4910,init()rotateIntoBiaxial(d,0.3296,0.0000,d)nonlinear(d,0.3296,0.0000,300.0000,d)rotateFromBiaxial(d,0.3296,0.0000,d)nonlinear(6,0.0000,0.0000,0.0464,d)rotateIntoBiaxial(d,40.4067,0.0000,d)nonlinear(d,40.4067,0.0000,100.0000,d)rotateFromBiaxial(d,40.4067,0.0000,d)rotate(178.9092)rotateIntoBiaxial(d,139.7422,0.0000,d)nonlinear(d,139.7422,0.0000,300.0000,d)rotateFromBiaxial(d,139.7422,0.0000,d)nonlinear(6,0.0000,0.0000,26.8391,d)rotate(-78.8357)rotateIntoBiaxial(d,4.5854,0.0000,d)nonlinear(d,4.5854,0.0000,50.0000,d)rotateFromBiaxial(d,4.5854,0.0000,d)nonlinear(6,0.0000,0.0000,8.6311,d)linear(0,0,0,222.7166,d)rotate(3.4860)nonlinear(6,0.0000,0.0000,8.5362,d)linear(0,0,0,49.4667,d)rotate(-21.6788)rotateIntoBiaxial(d,1.4064,0.0000,d)nonlinear(d,1.4064,0.0000,26.5111,d)rotateFromBiaxial(d,1.4064,0.0000,d)nonlinear(6,0.0000,0.0000,15.4667,d)linear(0,0,0,58.4197,d)rotate(0.1668)
31740,0,40,27.5320,27.4910,init()rotateIntoBiaxial(d,0.2190,0.0000,d)nonlinear(d,0.2190,0.0000,300.0000,d)rotateFromBiaxial(d,0.2190,0.0000,d)nonlinear(6,0.0000,0.0000,0.2088,d)rotateIntoBiaxial(d,40.4312,0.0000,d)nonlinear(d,40.4312,0.0000,100.0000,d)rotateFromBiaxial(d,40.4312,0.0000,d)rotate(179.7929)rotateIntoBiaxial(d,139.7261,0.0000,d)nonlinear(d,139.7261,0.0000,300.0000,d)rotateFromBiaxial(d,139.7261,0.0000,d)nonlinear(6,0.0000,0.0000,27.7220,d)rotate(-76.6348)rotateIntoBiaxial(d,4.5930,0.0000,d)nonlinear(d,4.5930,0.0000,50.0000,d)rotateFromBiaxial(d,4.5930,0.0000,d)nonlinear(6,0.0000,0.0000,2.5842,d)linear(0,0,0,181.9507,d)rotate(6.6923)nonlinear(6,0.0000,0.0000,10.1195,d)linear(0,0,0,91.1879,d)rotate(-21.6433)rotateIntoBiaxial(d,1.7101,0.0000,d)nonlinear(d,1.7101,0.0000,33.2275,d)rotateFromBiaxial(d,1.7101,0.0000,d)nonlinear(6,0.0000,0.0000,20.2983,d)linear(0,0,0,79.0918,d)rotate(1.0002)
31786,0,40,27.5296,27.5296,init()rotateIntoBiaxial(d,0.4444,0.0000,d)nonlinear(d,0.4444,0.0000,300.0000,d)rotateFromBiaxial(d,0.4444,0.0000,d)nonlinear(6,0.0000,0.0000,0.3905,d)rotateIntoBiaxial(d,40.4226,0.0000,d)nonlinear(d,40.4226,0.0000,100.0000,d)rotateFromBiaxial(d,40.4226,0.0000,d)rotate(179.6671)rotateIntoBiaxial(d,139.7286,0.0000,d)nonlinear(d,139.7286,0.0000,300.0000,d)rotateFromBiaxial(d,139.7286,0.0000,d)nonlinear(6,0.0000,0.0000,26.0937,d)rotate(-79.1916)rotateIntoBiaxial(d,4.6334,0.0000,d)nonlinear(d,4.6334,0.0000,50.0000,d)rotateFromBiaxial(d,4.6334,0.0000,d)nonlinear(6,0.0000,0.0000,5.6700,d)linear(0,0,0,202.3509,d)rotate(4.9253)nonlinear(6,0.0000,0.0000,11.0326,d)linear(0,0,0,123.4322,d)rotate(-26.3684)rotateIntoBiaxial(d,2.6293,0.0000,d)nonlinear(d,2.6293,0.0000,34.3580,d)rotateFromBiaxial(d,2.6293,0.0000,d)nonlinear(6,0.0000,0.0000,17.5503,d)linear(0,0,0,39.7387,d)rotate(0.6542)
31832,0,40,27.4988,27.5296,init()rotateIntoBiaxial(d,0.0600,0.0000,d)nonlinear(d,0.0600,0.0000,300.0000,d)rotateFromBiaxial(d,0.0600,0.0000,d)nonlinear(6,0.0000,0.0000,0.0079,d)rotateIntoBiaxial(d,40.4311,0.0000,d)nonlinear(d,40.4311,0.0000,100.0000,d)rotateFromBiaxial(d,40.4311,0.0000,d)rotate(179.9242)rotateIntoBiaxial(d,139.7266,0.0000,d)nonlinear(d,139.7266,0.0000,300.0000,d)rotateFromBiaxial(d,139.7266,0.0000,d)nonlinear(6,0.0000,0.0000,28.9587,d)rotate(-77.8877)rotateIntoBiaxial(d,3.0755,0.0000,d)nonlinear(d,3.0755,0.0000,50.0000,d)rotateFromBiaxial(d,3.0755,0.0000,d)nonlinear(6,0.0000,0.0000,1.0487,d)linear(0,0,0,185.5048,d)rotate(6.6819)nonlinear(6,0.0000,0.0000,7.7463,d)linear(0,0,0,56.5249,d)rotate(-31.9865)rotateIntoBiaxial(d,1.6836,0.0000,d)nonlinear(d,1.6836,0.0000,35.3283,d)rotateFromBiaxial(d,1.6836,0.0000,d)nonlinear(6,0.0000,0.0000,16.1498,d)linear(0,0,0,29.3237,d)rotate(0.9286)
31878,0,40,27.5525,27.5296,init()rotateIntoBiaxial(d,0.1235,0.0000,d)nonlinear(d,0.1235,0.0000,300.0000,d)rotateFromBiaxial(d,0.1235,0.0000,d)nonlinear(6,0.0000,0.0000,0.0186,d)rotateIntoBiaxial(d,40.4831,0.0000,d)nonlinear(d,40.4831,0.0000,100.0000,d)rotateFromBiaxial(d,40.4831,0.0000,d)rotate(179.7754)rotateIntoBiaxial(d,139.7401,0.0000,d)nonlinear(d,139.7401,0.0000,300.0000,d)rotateFromBiaxial(d,139.7401,0.0000,d)nonlinear(6,0.0000,0.0000,27.9001,d)rotate(-79.3157)rotateIntoBiaxial(d,3.9080,0.0000,d)nonlinear(d,3.9080,0.0000,50.0000,d)rotateFromBiaxial(d,3.9080,0.0000,d)nonlinear(6,0.0000,0.0000,2.8337,d)linear(0,0,0,193.5668,d)rotate(6.1495)nonlinear(6,0.0000,0.0000,6.9204,d)linear(0,0,0,10.2106,d)rotate(-24.3355)rotateIntoBiaxial(d,2.1626,0.0000,d)nonlinear(d,2.1626,0.0000,31.2212,d)rotateFromBiaxial(d,2.1626,0.0000,d)nonlinear(6,0.0000,0.0000,15.5159,d)linear(0,0,0,89.8328,d)rotate(0.5028)
31924,0,40,27.5655,27.5296,init()rotateIntoBiaxial(d,0.4174,0.0000,d)nonlinear(d,0.4174,0.0000,300.0000,d)rotateFromBiaxial(d,0.4174,0.0000,d)nonlinear(6,0.0000,0.0000,0.4912,d)rotateIntoBiaxial(d,40.4403,0.0000,d)nonlinear(d,40.4403,0.0000,100.0000,d)rotateFromBiaxial(d,40.4403,0.0000,d)rotate(179.5605)rotateIntoBiaxial(d,139.7202,0.0000,d)nonlinear(d,139.7202,0.0000,300.0000,d)rotateFromBiaxial(d,139.7202,0.0000,d)nonlinear(6,0.0000,0.0000,31.9798,d)rotate(-80.7716)rotateIntoBiaxial(d,3.7547,0.0000,d)nonlinear(d,3.7547,0.0000,50.0000,d)rotateFromBiaxial(d,3.7547,0.0000,d)nonlinear(6,0.0000,0.0000,7.6838,d)linear(0,0,0,166.0759,d)rotate(6.5738)nonlinear(6,0.0000,0.0000,8.6827,d)linear(0,0,0,38.6048,d)rotate(-26.7302)rotateIntoBiaxial(d,1.8596,0.0000,d)nonlinear(d,1.8596,0.0000,31.7458,d)rotateFromBiaxial(d,1.8596,0.0000,d)nonlinear(6,0.0000,0.0000,12.8180,d)linear(0,0,0,81.2862,d)rotate(0.2779)
31970,0,40,27.5072,27.5296,init()rotateIntoBiaxial(d,0.2418,0.0000,d)nonlinear(d,0.2418,0.0000,300.0000,d)rotateFromBiaxial(d,0.2418,0.0000,d)nonlinear(6,0.0000,0.0000,0.1262,d)rotateIntoBiaxial(d,40.4453,0.0000,d)nonlinear(d,40.4453,0.0000,100.0000,d)rotateFromBiaxial(d,40.4453,0.0000,d)rotate(179.7601)rotateIntoBiaxial(d,139.7396,0.0000,d)nonlinear(d,139.7396,0.0000,300.0000,d)rotateFromBiaxial(d,139.7396,0.0000,d)nonlinear(6,0.0000,0.0000,36.7283,d)rotate(-78.1454)rotateIntoBiaxial(d,3.7161,0.0000,d)nonlinear(d,3.7161,0.0000,50.0000,d)rotateFromBiaxial(d,3.7161,0.0000,d)nonlinear(6,0.0000,0.0000,6.4510,d)linear(0,0,0,159.8671,d)rotate(3.7751)nonlinear(6,0.0000,0.0000,10.4127,d)linear(0,0,0,78.4300,d)rotate(-20.3580)rotateIntoBiaxial(d,0.2147,0.0000,d)nonlinear(d,0.2147,0.0000,26.7482,d)rotateFromBiaxial(d,0.2147,0.0000,d)nonlinear(6,0.0000,0.0000,17.4104,d)linear(0,0,0,27.0451,d)rotate(0.7452)
32016,0,40,27.5744,27.5296,init()rotateIntoBiaxial(d,0.5782,0.0000,d)nonlinear(d,0.5782,0.0000,300.0000,d)rotateFromBiaxial(d,0.5782,0.0000,d)nonlinear(6,0.0000,0.0000,0.6508,d)rotateIntoBiaxial(d,40.4792,0.0000,d)nonlinear(d,40.4792,0.0000,100.0000,d)rotateFromBiaxial(d,40.4792,0.0000,d)rotate(179.9741)rotateIntoBiaxial(d,139.7185,0.0000,d)nonlinear(d,139.7185,0.0000,300.0000,d)rotateFromBiaxial(d,139.7185,0.0000,d)nonlinear(6,0.0000,0.0000,28.4683,d)rotate(-80.7895)rotateIntoBiaxial(d,3.1202,0.0000,d)nonlinear(d,3.1202,0.0000,50.0000,d)rotateFromBiaxial(d,3.1202,0.0000,d)nonlinear(6,0.0000,0.0000,4.6479,d)linear(0,0,0,167.4190,d)rotate(6.4043)nonlinear(6,0.0000,0.0000,10.8528,d)linear(0,0,0,65.3453,d)rotate(-33.2747)rotateIntoBiaxial(d,1.9246,0.0000,d)nonlinear(d,1.9246,0.0000,30.6483,d)rotateFromBiaxial(d,1.9246,0.0000,d)nonlinear(6,0.0000,0.0000,12.9209,d)linear(0,0,0,57.0132,d)rotate(1.0930)
32062,0,40,27.6134,27.6134,init()rotateIntoBiaxial(d,0.4459,0.0000,d)nonlinear(d,0.4459,0.0000,300.0000,d)rotateFromBiaxial(d,0.4459,0.0000,d)nonlinear(6,0.0000,0.0000,0.1058,d)rotateIntoBiaxial(d,40.4731,0.0000,d)nonlinear(d,40.4731,0.0000,100.0000,d)rotateFromBiaxial(d,40.4731,0.0000,d)rotate(179.8944)rotateIntoBiaxial(d,139.7216,0.0000,d)nonlinear(d,139.7216,0.0000,300.0000,d)rotateFromBiaxial(d,139.7216,0.0000,d)nonlinear(6,0.0000,0.0000,31.4841,d)rotate(-79.3376)rotateIntoBiaxial(d,3.8328,0.0000,d)nonlinear(d,3.8328,0.0000,50.0000,d)rotateFromBiaxial(d,3.8328,0.0000,d)nonlinear(6,0.0000,0.0000,3.1870,d)linear(0,0,0,171.8101,d)rotate(5.8669)nonlinear(6,0.0000,0.0000,8.8706,d)linear(0,0,0,76.2616,d)rotate(-25.6224)rotateIntoBiaxial(d,1.8113,0.0000,d)nonlinear(d,1.8113,0.0000,30.4286,d)rotateFromBiaxial(d,1.8113,0.0000,d)nonlinear(6,0.0000,0.0000,12.4980,d)linear(0,0,0,4.7326,d)rotate(0.1777)
32108,0,40,27.6074,27.6134,init()rotateIntoBiaxial(d,0.4832,0.0000,d)nonlinear(d,0.4832,0.0000,300.0000,d)rotateFromBiaxial(d,0.4832,0.0000,d)nonlinear(6,0.0000,0.0000,0.3508,d)rotateIntoBiaxial(d,40.4774,0.0000,d)nonlinear(d,40.4774,0.0000,100.0000,d)rotateFromBiaxial(d,40.4774,0.0000,d)rotate(179.7824)rotateIntoBiaxial(d,139.7232,0.0000,d)nonlinear(d,139.7232,0.0000,300.0000,d)rotateFromBiaxial(d,139.7232,0.0000,d)nonlinear(6,0.0000,0.0000,29.0267,d)rotate(-81.3903)rotateIntoBiaxial(d,3.8390,0.0000,d)nonlinear(d,3.8390,0.0000,50.0000,d)rotateFromBiaxial(d,3.8390,0.0000,d)nonlinear(6,0.0000,0.0000,2.3597,d)linear(0,0,0,168.2556,d)rotate(7.3888)nonlinear(6,0.0000,0.0000,7.1228,d)linear(0,0,0,98.5976,d)rotate(-32.7973)rotateIntoBiaxial(d,2.0871,0.0000,d)nonlinear(d,2.0871,0.0000,35.1748,d)rotateFromBiaxial(d,2.0871,0.0000,d)nonlinear(6,0.0000,0.0000,15.9538,d)linear(0,0,0,80.8178,d)rotate(0.6200)
32154,0,40,27.5488,27.5488,init()rotateIntoBiaxial(d,0.5393,0.0000,d)nonlinear(d,0.5393,0.0000,300.0000,d)rotateFromBiaxial(d,0.5393,0.0000,d)nonlinear(6,0.0000,0.0000,0.4890,d)rotateIntoBiaxial(d,40.4316,0.0000,d)nonlinear(d,40.4316,0.0000,100.0000,d)rotateFromBiaxial(d,40.4316,0.0000,d)rotate(179.4642)rotateIntoBiaxial(d,139.7316,0.0000,d)nonlinear(d,139.7316,0.0000,300.0000,d)rotateFromBiaxial(d,139.7316,0.0000,d)nonlinear(6,0.0000,0.0000,29.3215,d)rotate(-80.0550)rotateIntoBiaxial(d,3.0940,0.0000,d)nonlinear(d,3.0940,0.0000,50.0000,d)rotateFromBiaxial(d,3.0940,0.0000,d)nonlinear(6,0.0000,0.0000,4.0904,d)linear(0,0,0,178.4009,d)rotate(6.7750)nonlinear(6,0.0000,0.0000,8.4248,d)linear(0,0,0,99.6426,d)rotate(-26.0876)rotateIntoBiaxial(d,1.9939,0.0000,d)nonlinear(d,1.9939,0.0000,32.7708,d)rotateFromBiaxial(d,1.9939,0.0000,d)nonlinear(6,0.0000,0.0000,14.8164,d)linear(0,0,0,22.6772,d)rotate(0.5145)
32200,0,40,27.4761,27.5488,init()rotateIntoBiaxial(d,0.3082,0.0000,d)nonlinear(d,0.3082,0.0000,300.0000,d)rotateFromBiaxial(d,0.3082,0.0000,d)nonlinear(6,0.0000,0.0000,0.9020,d)rotateIntoBiaxial(d,40.4411,0.0000,d)nonlinear(d,40.4411,0.0000,100.0000,d)rotateFromBiaxial(d,40.4411,0.0000,d)rotate(179.9949)rotateIntoBiaxial(d,139.7392,0.0000,d)nonlinear(d,139.7392,0.0000,300.0000,d)rotateFromBiaxial(d,139.7392,0.0000,d)nonlinear(6,0.0000,0.0000,28.4211,d)rotate(-77.4369)rotateIntoBiaxial(d,3.9808,0.0000,d)nonlinear(d,3.9808,0.0000,50.0000,d)rotateFromBiaxial(d,3.9808,0.0000,d)nonlinear(6,0.0000,0.0000,5.3706,d)linear(0,0,0,185.3144,d)rotate(4.5088)nonlinear(6,0.0000,0.0000,6.1750,d)linear(0,0,0,116.7990,d)rotate(-21.9299)rotateIntoBiaxial(d,0.1457,0.0000,d)nonlinear(d,0.1457,0.0000,32.5858,d)rotateFromBiaxial(d,0.1457,0.0000,d)nonlinear(6,0.0000,0.0000,16.3332,d)linear(0,0,0,40.4268,d)rotate(0.3319)
32246,0,40,27.5596,27.5488,init()rotateIntoBiaxial(d,0.3398,0.0000,d)nonlinear(d,0.3398,0.0000,300.0000,d)rotateFromBiaxial(d,0.3398,0.0000,d)nonlinear(6,0.0000,0.0000,0.5703,d)rotateIntoBiaxial(d,40.4630,0.0000,d)nonlinear(d,40.4630,0.0000,100.0000,d)rotateFromBiaxial(d,40.4630,0.0000,d)rotate(179.4355)rotateIntoBiaxial(d,139.7357,0.0000,d)nonlinear(d,139.7357,0.0000,300.0000,d)rotateFromBiaxial(d,139.7357,0.0000,d)nonlinear(6,0.0000,0.0000,28.8669,d)rotate(-74.5053)rotateIntoBiaxial(d,4.1499,0.0000,d)nonlinear(d,4.1499,0.0000,50.0000,d)rotateFromBiaxial(d,4.1499,0.0000,d)nonlinear(6,0.0000,0.0000,3.2891,d)linear(0,0,0,135.8611,d)rotate(5.1779)nonlinear(6,0.0000,0.0000,9.7492,d)linear(0,0,0,23.8788,d)rotate(-27.3171)rotateIntoBiaxial(d,0.8749,0.0000,d)nonlinear(d,0.8749,0.0000,31.1691,d)rotateFromBiaxial(d,0.8749,0.0000,d)nonlinear(6,0.0000,0.0000,17.8267,d)linear(0,0,0,54.2324,d)rotate(0.7678)
32292,0,40,27.4346,27.5488,init()rotateIntoBiaxial(d,0.2084,0.0000,d)nonlinear(d,0.2084,0.0000,300.0000,d)rotateFromBiaxial(d,0.2084,0.0000,d)nonlinear(6,0.0000,0.0000,0.1733,d)rotateIntoBiaxial(d,40.4130,0.0000,d)nonlinear(d,40.4130,0.0000,100.0000,d)rotateFromBiaxial(d,40.4130,0.0000,d)rotate(178.9151)rotateIntoBiaxial(d,139.7482,0.0000,d)nonlinear(d,139.7482,0.0000,300.0000,d)rotateFromBiaxial(d,139.7482,0.0000,d)nonlinear(6,0.0000,0.0000,27.0242,d)rotate(-79.2269)rotateIntoBiaxial(d,3.6124,0.0000,d)nonlinear(d,3.6124,0.0000,50.0000,d)rotateFromBiaxial(d,3.6124,0.0000,d)nonlinear(6,0.0000,0.0000,3.5286,d)linear(0,0,0,134.4639,d)rotate(5.4992)rotateIntoBiaxial(d,3.7932,0.0000,d)nonlinear(d,3.7932,0.0000,9.2493,d)rotateFromBiaxial(d,3.7932,0.0000,d)nonlinear(6,0.0000,0.0000,7.5652,d)linear(0,0,0,58.2906,d)rotate(-26.3565)rotateIntoBiaxial(d,0.5779,0.0000,d)nonlinear(d,0.5779,0.0000,32.3373,d)rotateFromBiaxial(d,0.5779,0.0000,d)nonlinear(6,0.0000,0.0000,21.4091,d)linear(0,0,0,89.4209,d)
32338,0,40,27.5388,27.5488,init()rotateIntoBiaxial(d,0.3916,0.0000,d)nonlinear(d,0.3916,0.0000,300.0000,d)rotateFromBiaxial(d,0.3916,0.0000,d)nonlinear(6,0.0000,0.0000,0.3044,d)rotateIntoBiaxial(d,40.4565,0.0000,d)nonlinear(d,40.4565,0.0000,100.0000,d)rotateFromBiaxial(d,40.4565,0.0000,d)rotate(179.7829)rotateIntoBiaxial(d,139.7446,0.0000,d)nonlinear(d,139.7446,0.0000,300.0000,d)rotateFromBiaxial(d,139.7446,0.0000,d)nonlinear(6,0.0000,0.0000,24.6366,d)rotate(-76.7834)rotateIntoBiaxial(d,3.6246,0.0000,d)nonlinear(d,3.6246,0.0000,50.0000,d)rotateFromBiaxial(d,3.6246,0.0000,d)nonlinear(6,0.0000,0.0000,0.3465,d)linear(0,0,0,147.4979,d)rotate(9.0481)rotateIntoBiaxial(d,3.8503,0.0000,d)nonlinear(d,3.8503,0.0000,3.1519,d)rotateFromBiaxial(d,3.8503,0.0000,d)nonlinear(6,0.0000,0.0000,7.8454,d)linear(0,0,0,50.9138,d)rotate(-26.7027)rotateIntoBiaxial(d,0.5127,0.0000,d)nonlinear(d,0.5127,0.0000,33.0756,d)rotateFromBiaxial(d,0.5127,0.0000,d)nonlinear(6,0.0000,0.0000,16.1371,d)linear(0,0,0,161.7804,d)rotate(0.3323)
32384,0,40,27.5582,27.5488,init()rotateIntoBiaxial(d,0.2454,0.0000,d)nonlinear(d,0.2454,0.0000,300.0000,d)rotateFromBiaxial(d,0.2454,0.0000,d)nonlinear(6,0.0000,0.0000,0.0422,d)rotateIntoBiaxial(d,40.4563,0.0000,d)nonlinear(d,40.4563,0.0000,100.0000,d)rotateFromBiaxial(d,40.4563,0.0000,d)rotate(179.1185)rotateIntoBiaxial(d,139.7277,0.0000,d)nonlinear(d,139.7277,0.0000,300.0000,d)rotateFromBiaxial(d,139.7277,0.0000,d)nonlinear(6,0.0000,0.0000,29.2771,d)rotate(-78.7969)rotateIntoBiaxial(d,3.5047,0.0000,d)nonlinear(d,3.5047,0.0000,50.0000,d)rotateFromBiaxial(d,3.5047,0.0000,d)nonlinear(6,0.0000,0.0000,0.2231,d)linear(0,0,0,149.8136,d)rotate(8.5652)nonlinear(6,0.0000,0.0000,8.8665,d)linear(0,0,0,64.6149,d)rotate(-25.7079)rotateIntoBiaxial(d,0.0016,0.0000,d)nonlinear(d,0.0016,0.0000,32.0898,d)rotateFromBiaxial(d,0.0016,0.0000,d)nonlinear(6,0.0000,0.0000,14.6403,d)linear(0,0,0,52.8929,d)rotate(1.2077)
32430,0,40,27.5487,27.5488,init()rotateIntoBiaxial(d,0.0873,0.0000,d)nonlinear(d,0.0873,0.0000,300.0000,d)rotateFromBiaxial(d,0.0873,0.0000,d)nonlinear(6,0.0000,0.0000,0.3632,d)rotateIntoBiaxial(d,40.4721,0.0000,d)nonlinear(d,40.4721,0.0000,100.0000,d)rotateFromBiaxial(d,40.4721,0.0000,d)rotate(179.9673)rotateIntoBiaxial(d,139.7392,0.0000,d)nonlinear(d,139.7392,0.0000,300.0000,d)rotateFromBiaxial(d,139.7392,0.0000,d)nonlinear(6,0.0000,0.0000,33.7024,d)rotate(-77.7522)rotateIntoBiaxial(d,3.6938,0.0000,d)nonlinear(d,3.6938,0.0000,50.0000,d)rotateFromBiaxial(d,3.6938,0.0000,d)linear(0,0,0,183.5012,d)rotate(5.2735)nonlinear(6,0.0000,0.0000,7.6739,d)linear(0,0,0,57.9546,d)rotate(-16.0642)rotateIntoBiaxial(d,0.0105,0.0000,d)nonlinear(d,0.0105,0.0000,33.2039,d)rotateFromBiaxial(d,0.0105,0.0000,d)nonlinear(6,0.0000,0.0000,14.5003,d)linear(0,0,0,74.3902,d)rotate(0.1860)
32476,0,40,27.5590,27.5590,init()rotateIntoBiaxial(d,0.6143,0.0000,d)nonlinear(d,0.6143,0.0000,300.0000,d)rotateFromBiaxial(d,0.6143,0.0000,d)nonlinear(6,0.0000,0.0000,0.3526,d)rotateIntoBiaxial(d,40.4317,0.0000,d)nonlinear(d,40.4317,0.0000,100.0000,d)rotateFromBiaxial(d,40.4317,0.0000,d)rotate(179.7803)rotateIntoBiaxial(d,139.7346,0.0000,d)nonlinear(d,139.7346,0.0000,300.0000,d)rotateFromBiaxial(d,139.7346,0.0000,d)nonlinear(6,0.0000,0.0000,35.9545,d)rotate(-76.4820)rotateIntoBiaxial(d,4.0648,0.0000,d)nonlinear(d,4.0648,0.0000,50.0000,d)rotateFromBiaxial(d,4.0648,0.0000,d)linear(0,0,0,128.8608,d)rotate(1.0467)nonlinear(6,0.0000,0.0000,8.0387,d)linear(0,0,0,48.6134,d)rotate(-18.3504)rotateIntoBiaxial(d,1.9246,0.0000,d)nonlinear(d,1.9246,0.0000,28.6528,d)rotateFromBiaxial(d,1.9246,0.0000,d)nonlinear(6,0.0000,0.0000,22.1920,d)linear(0,0,0,60.3815,d)rotate(0.8506)
32522,0,40,27.6482,27.5590,init()rotateIntoBiaxial(d,0.3403,0.0000,d)nonlinear(d,0.3403,0.0000,300.0000,d)rotateFromBiaxial(d,0.3403,0.0000,d)nonlinear(6,0.0000,0.0000,0.4216,d)rotateIntoBiaxial(d,40.4687,0.0000,d)nonlinear(d,40.4687,0.0000,100.0000,d)rotateFromBiaxial(d,40.4687,0.0000,d)rotate(179.7977)rotateIntoBiaxial(d,139.7170,0.0000,d)nonlinear(d,139.7170,0.0000,300.0000,d)rotateFromBiaxial(d,139.7170,0.0000,d)nonlinear(6,0.0000,0.0000,32.4616,d)rotate(-73.9024)rotateIntoBiaxial(d,4.0439,0.0000,d)nonlinear(d,4.0439,0.0000,50.0000,d)rotateFromBiaxial(d,4.0439,0.0000,d)nonlinear(6,0.0000,0.0000,1.8936,d)linear(0,0,0,109.5081,d)rotate(4.2145)nonlinear(6,0.0000,0.0000,8.7363,d)linear(0,0,0,61.7493,d)rotate(-26.8875)rotateIntoBiaxial(d,0.4096,0.0000,d)nonlinear(d,0.4096,0.0000,33.7739,d)rotateFromBiaxial(d,0.4096,0.0000,d)nonlinear(6,0.0000,0.0000,17.1290,d)linear(0,0,0,91.6635,d)rotate(0.5235)
32568,0,40,27.5982,27.5590,init()rotateIntoBiaxial(d,0.2360,0.0000,d)nonlinear(d,0.2360,0.0000,300.0000,d)rotateFromBiaxial(d,0.2360,0.0000,d)nonlinear(6,0.0000,0.0000,0.4919,d)rotateIntoBiaxial(d,40.4837,0.0000,d)nonlinear(d,40.4837,0.0000,100.0000,d)rotateFromBiaxial(d,40.4837,0.0000,d)rotate(179.7070)rotateIntoBiaxial(d,139.7493,0.0000,d)nonlinear(d,139.7493,0.0000,300.0000,d)rotateFromBiaxial(d,139.7493,0.0000,d)nonlinear(6,0.0000,0.0000,33.0741,d)rotate(-73.7913)rotateIntoBiaxial(d,3.0950,0.0000,d)nonlinear(d,3.0950,0.0000,50.0000,d)rotateFromBiaxial(d,3.0950,0.0000,d)linear(0,0,0,132.9778,d)rotate(4.7843)nonlinear(6,0.0000,0.0000,9.1830,d)linear(0,0,0,55.0843,d)rotate(-24.1619)rotateIntoBiaxial(d,1.0243,0.0000,d)nonlinear(d,1.0243,0.0000,32.2924,d)rotateFromBiaxial(d,1.0243,0.0000,d)nonlinear(6,0.0000,0.0000,22.0498,d)linear(0,0,0,114.3058,d)rotate(0.5499)
32614,0,40,27.4407,27.5590,init()rotateIntoBiaxial(d,0.1044,0.0000,d)nonlinear(d,0.1044,0.0000,300.0000,d)rotateFromBiaxial(d,0.1044,0.0000,d)nonlinear(6,0.0000,0.0000,0.1158,d)rotateIntoBiaxial(d,40.4252,0.0000,d)nonlinear(d,40.4252,0.0000,100.0000,d)rotateFromBiaxial(d,40.4252,0.0000,d)rotate(179.3051)rotateIntoBiaxial(d,139.7497,0.0000,d)nonlinear(d,139.7497,0.0000,300.0000,d)rotateFromBiaxial(d,139.7497,0.0000,d)nonlinear(6,0.0000,0.0000,29.5863,d)rotate(-75.0059)rotateIntoBiaxial(d,3.1254,0.0000,d)nonlinear(d,3.1254,0.0000,50.0000,d)rotateFromBiaxial(d,3.1254,0.0000,d)nonlinear(6,0.0000,0.0000,0.0488,d)linear(0,0,0,143.7968,d)rotate(5.3631)nonlinear(6,0.0000,0.0000,7.8731,d)linear(0,0,0,102.2585,d)rotate(-12.2737)rotateIntoBiaxial(d,1.0889,0.0000,d)nonlinear(d,1.0889,0.0000,29.6714,d)rotateFromBiaxial(d,1.0889,0.0000,d)nonlinear(6,0.0000,0.0000,19.3969,d)linear(0,0,0,99.9183,d)rotate(0.1815)
32660,0,40,27.4911,27.5590,init()rotateIntoBiaxial(d,0.7486,0.0000,d)nonlinear(d,0.7486,0.0000,300.0000,d)rotateFromBiaxial(d,0.7486,0.0000,d)nonlinear(6,0.0000,0.0000,0.2511,d)rotateIntoBiaxial(d,40.3903,0.0000,d)nonlinear(d,40.3903,0.0000,100.0000,d)rotateFromBiaxial(d,40.3903,0.0000,d)rotate(179.8533)rotateIntoBiaxial(d,139.7366,0.0000,d)nonlinear(d,139.7366,0.0000,300.0000,d)rotateFromBiaxial(d,139.7366,0.0000,d)nonlinear(6,0.0000,0.0000,32.7225,d)rotate(-75.4644)rotateIntoBiaxial(d,2.5881,0.0000,d)nonlinear(d,2.5881,0.0000,50.0000,d)rotateFromBiaxial(d,2.5881,0.0000,d)linear(0,0,0,128.7051,d)rotate(2.6734)nonlinear(6,0.0000,0.0000,13.2322,d)linear(0,0,0,83.0197,d)rotate(-14.1941)rotateIntoBiaxial(d,1.2851,0.0000,d)nonlinear(d,1.2851,0.0000,33.8947,d)rotateFromBiaxial(d,1.2851,0.0000,d)nonlinear(6,0.0000,0.0000,18.6201,d)linear(0,0,0,96.0501,d)rotate(0.6395)
32706,0,40,27.5287,27.5590,init()rotateIntoBiaxial(d,0.4470,0.0000,d)nonlinear(d,0.4470,0.0000,300.0000,d)rotateFromBiaxial(d,0.4470,0.0000,d)nonlinear(6,0.0000,0.0000,0.0708,d)rotateIntoBiaxial(d,40.4392,0.0000,d)nonlinear(d,40.4392,0.0000,100.0000,d)rotateFromBiaxial(d,40.4392,0.0000,d)rotate(179.9405)rotateIntoBiaxial(d,139.7432,0.0000,d)nonlinear(d,139.7432,0.0000,300.0000,d)rotateFromBiaxial(d,139.7432,0.0000,d)nonlinear(6,0.0000,0.0000,35.6603,d)rotate(-75.6087)rotateIntoBiaxial(d,4.3399,0.0000,d)nonlinear(d,4.3399,0.0000,50.0000,d)rotateFromBiaxial(d,4.3399,0.0000,d)nonlinear(6,0.0000,0.0000,1.7928,d)linear(0,0,0,166.5034,d)rotate(6.9502)nonlinear(6,0.0000,0.0000,7.9619,d)linear(0,0,0,85.4485,d)rotate(-16.3671)rotateIntoBiaxial(d,1.4811,0.0000,d)nonlinear(d,1.4811,0.0000,28.7103,d)rotateFromBiaxial(d,1.4811,0.0000,d)nonlinear(6,0.0000,0.0000,20.0026,d)linear(0,0,0,72.7253,d)rotate(0.8403)
32752,0,40,27.5956,27.5590,init()rotateIntoBiaxial(d,0.5933,0.0000,d)nonlinear(d,0.5933,0.0000,300.0000,d)rotateFromBiaxial(d,0.5933,0.0000,d)nonlinear(6,0.0000,0.0000,0.4883,d)rotate(0.9192)rotateIntoBiaxial(d,40.4849,0.0000,d)nonlinear(d,40.4849,0.0000,100.0000,d)rotateFromBiaxial(d,40.4849,0.0000,d)rotate(179.9656)rotateIntoBiaxial(d,139.7480,0.0000,d)nonlinear(d,139.7480,0.0000,300.0000,d)rotateFromBiaxial(d,139.7480,0.0000,d)nonlinear(6,0.0000,0.0000,33.9848,d)rotate(-74.4014)rotateIntoBiaxial(d,3.7989,0.0000,d)nonlinear(d,3.7989,0.0000,50.0000,d)rotateFromBiaxial(d,3.7989,0.0000,d)linear(0,0,0,185.2614,d)rotate(6.0822)nonlinear(6,0.0000,0.0000,6.0288,d)linear(0,0,0,35.0545,d)rotate(-18.5701)rotateIntoBiaxial(d,1.3865,0.0000,d)nonlinear(d,1.3865,0.0000,26.0682,d)rotateFromBiaxial(d,1.3865,0.0000,d)nonlinear(6,0.0000,0.0000,16.7149,d)linear(0,0,0,103.1770,d)rotate(0.4283)
32798,0,40,27.5335,27.5590,init()rotateIntoBiaxial(d,0.4827,0.0000,d)nonlinear(d,0.4827,0.0000,300.0000,d)rotateFromBiaxial(d,0.4827,0.0000,d)nonlinear(6,0.0000,0.0000,0.5181,d)rotateIntoBiaxial(d,40.4417,0.0000,d)nonlinear(d,40.4417,0.0000,100.0000,d)rotateFromBiaxial(d,40.4417,0.0000,d)rotate(179.7388)rotateIntoBiaxial(d,139.7370,0.0000,d)nonlinear(d,139.7370,0.0000,300.0000,d)rotateFromBiaxial(d,139.7370,0.0000,d)nonlinear(6,0.0000,0.0000,36.3113,d)rotate(-75.4198)rotateIntoBiaxial(d,3.5361,0.0000,d)nonlinear(d,3.5361,0.0000,50.0000,d)rotateFromBiaxial(d,3.5361,0.0000,d)linear(0,0,0,123.8287,d)rotate(3.4767)nonlinear(6,0.0000,0.0000,4.4213,d)linear(0,0,0,65.7890,d)rotate(-20.3446)rotateIntoBiaxial(d,1.1611,0.0000,d)nonlinear(d,1.1611,0.0000,26.6524,d)rotateFromBiaxial(d,1.1611,0.0000,d)nonlinear(6,0.0000,0.0000,20.1278,d)linear(0,0,0,24.4597,d)rotate(0.1930)
32844,0,40,27.5098,27.5590,init()rotateIntoBiaxial(d,0.3073,0.0000,d)nonlinear(d,0.3073,0.0000,300.0000,d)rotateFromBiaxial(d,0.3073,0.0000,d)nonlinear(6,0.0000,0.0000,0.2469,d)rotateIntoBiaxial(d,40.4249,0.0000,d)nonlinear(d,40.4249,0.0000,100.0000,d)rotateFromBiaxial(d,40.4249,0.0000,d)rotate(179.4126)rotateIntoBiaxial(d,139.7376,0.0000,d)nonlinear(d,139.7376,0.0000,300.0000,d)rotateFromBiaxial(d,139.7376,0.0000,d)nonlinear(6,0.0000,0.0000,36.2468,d)rotate(-77.8059)rotateIntoBiaxial(d,2.7251,0.0000,d)nonlinear(d,2.7251,0.0000,50.0000,d)rotateFromBiaxial(d,2.7251,0.0000,d)linear(0,0,0,168.0071,d)rotate(3.4386)nonlinear(6,0.0000,0.0000,5.3652,d)linear(0,0,0,46.4182,d)rotate(-15.0346)rotateIntoBiaxial(d,1.9082,0.0000,d)nonlinear(d,1.9082,0.0000,28.7446,d)rotateFromBiaxial(d,1.9082,0.0000,d)nonlinear(6,0.0000,0.0000,21.5287,d)linear(0,0,0,96.2828,d)rotate(0.2298)
32890,0,40,27.5831,27.5590,init()rotateIntoBiaxial(d,0.6639,0.0000,d)nonlinear(d,0.6639,0.0000,300.0000,d)rotateFromBiaxial(d,0.6639,0.0000,d)nonlinear(6,0.0000,0.0000,0.0501,d)rotateIntoBiaxial(d,40.4657,0.0000,d)nonlinear(d,40.4657,0.0000,100.0000,d)rotateFromBiaxial(d,40.4657,0.0000,d)rotate(179.6611)rotateIntoBiaxial(d,139.7463,0.0000,d)nonlinear(d,139.7463,0.0000,300.0000,d)rotateFromBiaxial(d,139.7463,0.0000,d)nonlinear(6,0.0000,0.0000,35.4082,d)rotate(-76.3488)rotateIntoBiaxial(d,1.9723,0.0000,d)nonlinear(d,1.9723,0.0000,50.0000,d)rotateFromBiaxial(d,1.9723,0.0000,d)nonlinear(6,0.0000,0.0000,0.1487,d)linear(0,0,0,172.2447,d)rotate(3.5209)rotateIntoBiaxial(d,5.2515,0.0000,d)nonlinear(d,5.2515,0.0000,0.3954,d)rotateFromBiaxial(d,5.2515,0.0000,d)nonlinear(6,0.0000,0.0000,8.3378,d)rotate(-12.8105)rotateIntoBiaxial(d,1.3044,0.0000,d)nonlinear(d,1.3044,0.0000,28.7151,d)rotateFromBiaxial(d,1.3044,0.0000,d)nonlinear(6,0.0000,0.0000,20.6992,d)linear(0,0,0,109.8465,d)rotate(0.3480)
32936,0,40,27.5859,27.5859,init()rotateIntoBiaxial(d,0.6528,0.0000,d)nonlinear(d,0.6528,0.0000,300.0000,d)rotateFromBiaxial(d,0.6528,0.0000,d)nonlinear(6,0.0000,0.0000,0.3032,d)rotateIntoBiaxial(d,40.4499,0.0000,d)nonlinear(d,40.4499,0.0000,100.0000,d)rotateFromBiaxial(d,40.4499,0.0000,d)rotate(178.9879)rotateIntoBiaxial(d,139.7273,0.0000,d)nonlinear(d,139.7273,0.0000,300.0000,d)rotateFromBiaxial(d,139.7273,0.0000,d)nonlinear(6,0.0000,0.0000,37.3648,d)rotate(-75.4126)rotateIntoBiaxial(d,1.4646,0.0000,d)nonlinear(d,1.4646,0.0000,50.0000,d)rotateFromBiaxial(d,1.4646,0.0000,d)linear(0,0,0,183.9747,d)rotate(5.3886)nonlinear(6,0.0000,0.0000,5.6963,d)linear(0,0,0,124.9562,d)rotate(-18.9554)rotateIntoBiaxial(d,1.2045,0.0000,d)nonlinear(d,1.2045,0.0000,32.0412,d)rotateFromBiaxial(d,1.2045,0.0000,d)nonlinear(6,0.0000,0.0000,17.6549,d)linear(0,0,0,54.0113,d)rotate(0.6891)
32982,0,40,27.5241,27.5859,init()rotateIntoBiaxial(d,0.6796,0.0000,d)nonlinear(d,0.6796,0.0000,300.0000,d)rotateFromBiaxial(d,0.6796,0.0000,d)nonlinear(6,0.0000,0.0000,0.5295,d)rotateIntoBiaxial(d,40.4439,0.0000,d)nonlinear(d,40.4439,0.0000,100.0000,d)rotateFromBiaxial(d,40.4439,0.0000,d)rotate(179.3637)rotateIntoBiaxial(d,139.7371,0.0000,d)nonlinear(d,139.7371,0.0000,300.0000,d)rotateFromBiaxial(d,139.7371,0.0000,d)nonlinear(6,0.0000,0.0000,35.8069,d)rotate(-76.9092)rotateIntoBiaxial(d,2.7253,0.0000,d)nonlinear(d,2.7253,0.0000,50.0000,d)rotateFromBiaxial(d,2.7253,0.0000,d)nonlinear(6,0.0000,0.0000,1.7150,d)linear(0,0,0,194.7455,d)rotate(5.2874)rotateIntoBiaxial(d,4.4891,0.0000,d)nonlinear(d,4.4891,0.0000,0.9342,d)rotateFromBiaxial(d,4.4891,0.0000,d)nonlinear(6,0.0000,0.0000,4.9559,d)linear(0,0,0,1.8477,d)rotate(-14.6209)rotateIntoBiaxial(d,1.4005,0.0000,d)nonlinear(d,1.4005,0.0000,29.9356,d)rotateFromBiaxial(d,1.4005,0.0000,d)nonlinear(6,0.0000,0.0000,19.0521,d)linear(0,0,0,76.7169,d)rotate(0.7963)
33028,0,40,27.5633,27.5859,init()rotateIntoBiaxial(d,0.2507,0.0000,d)nonlinear(d,0.2507,0.0000,300.0000,d)rotateFromBiaxial(d,0.2507,0.0000,d)nonlinear(6,0.0000,0.0000,0.0225,d)rotateIntoBiaxial(d,40.4465,0.0000,d)nonlinear(d,40.4465,0.0000,100.0000,d)rotateFromBiaxial(d,40.4465,0.0000,d)rotate(179.0823)rotateIntoBiaxial(d,139.7367,0.0000,d)nonlinear(d,139.7367,0.0000,300.0000,d)rotateFromBiaxial(d,139.7367,0.0000,d)nonlinear(6,0.0000,0.0000,34.3754,d)rotate(-73.7278)rotateIntoBiaxial(d,1.8112,0.0000,d)nonlinear(d,1.8112,0.0000,50.0000,d)rotateFromBiaxial(d,1.8112,0.0000,d)nonlinear(6,0.0000,0.0000,1.8621,d)linear(0,0,0,157.6567,d)rotate(4.1101)nonlinear(6,0.0000,0.0000,8.7207,d)linear(0,0,0,12.9185,d)rotate(-15.3082)rotateIntoBiaxial(d,1.9020,0.0000,d)nonlinear(d,1.9020,0.0000,32.7989,d)rotateFromBiaxial(d,1.9020,0.0000,d)nonlinear(6,0.0000,0.0000,20.1108,d)linear(0,0,0,103.2923,d)rotate(0.7402)
33074,0,40,27.5377,27.5859,init()rotateIntoBiaxial(d,0.7061,0.0000,d)nonlinear(d,0.7061,0.0000,300.0000,d)rotateFromBiaxial(d,0.7061,0.0000,d)nonlinear(6,0.0000,0.0000,0.0003,d)rotateIntoBiaxial(d,40.4100,0.0000,d)nonlinear(d,40.4100,0.0000,100.0000,d)rotateFromBiaxial(d,40.4100,0.0000,d)rotate(179.5437)rotateIntoBiaxial(d,139.7234,0.0000,d)nonlinear(d,139.7234,0.0000,300.0000,d)rotateFromBiaxial(d,139.7234,0.0000,d)nonlinear(6,0.0000,0.0000,36.5591,d)rotate(-78.0572)rotateIntoBiaxial(d,2.4541,0.0000,d)nonlinear(d,2.4541,0.0000,50.0000,d)rotateFromBiaxial(d,2.4541,0.0000,d)linear(0,0,0,170.3579,d)rotate(5.6756)nonlinear(6,0.0000,0.0000,7.2340,d)linear(0,0,0,79.3350,d)rotate(-27.3488)rotateIntoBiaxial(d,1.9450,0.0000,d)nonlinear(d,1.9450,0.0000,27.6171,d)rotateFromBiaxial(d,1.9450,0.0000,d)nonlinear(6,0.0000,0.0000,17.1765,d)linear(0,0,0,32.9944,d)rotate(0.7212)
33120,0,40,27.4736,27.5859,init()rotateIntoBiaxial(d,0.4151,0.0000,d)nonlinear(d,0.4151,0.0000,300.0000,d)rotateFromBiaxial(d,0.4151,0.0000,d)nonlinear(6,0.0000,0.0000,0.0310,d)rotateIntoBiaxial(d,40.4202,0.0000,d)nonlinear(d,40.4202,0.0000,100.0000,d)rotateFromBiaxial(d,40.4202,0.0000,d)rotate(179.8775)rotateIntoBiaxial(d,139.7517,0.0000,d)nonlinear(d,139.7517,0.0000,300.0000,d)rotateFromBiaxial(d,139.7517,0.0000,d)nonlinear(6,0.0000,0.0000,41.0056,d)rotate(-75.8530)rotateIntoBiaxial(d,1.6312,0.0000,d)nonlinear(d,1.6312,0.0000,50.0000,d)rotateFromBiaxial(d,1.6312,0.0000,d)nonlinear(6,0.0000,0.0000,0.5359,d)linear(0,0,0,179.3890,d)rotate(7.5510)rotateIntoBiaxial(d,1.3839,0.0000,d)nonlinear(d,1.3839,0.0000,2.7948,d)rotateFromBiaxial(d,1.3839,0.0000,d)nonlinear(6,0.0000,0.0000,4.5884,d)linear(0,0,0,27.0421,d)rotate(-20.9267)rotateIntoBiaxial(d,0.9056,0.0000,d)nonlinear(d,0.9056,0.0000,30.2065,d)rotateFromBiaxial(d,0.9056,0.0000,d)nonlinear(6,0.0000,0.0000,24.0991,d)linear(0,0,0,65.2983,d)rotate(0.7256)
33166,0,40,27.5242,27.5859,init()rotateIntoBiaxial(d,0.4275,0.0000,d)nonlinear(d,0.4275,0.0000,300.0000,d)rotateFromBiaxial(d,0.4275,0.0000,d)nonlinear(6,0.0000,0.0000,0.0481,d)rotateIntoBiaxial(d,40.4402,0.0000,d)nonlinear(d,40.4402,0.0000,100.0000,d)rotateFromBiaxial(d,40.4402,0.0000,d)rotate(179.7107)rotateIntoBiaxial(d,139.7387,0.0000,d)nonlinear(d,139.7387,0.0000,300.0000,d)rotateFromBiaxial(d,139.7387,0.0000,d)nonlinear(6,0.0000,0.0000,43.3583,d)rotate(-75.0597)rotateIntoBiaxial(d,2.0145,0.0000,d)nonlinear(d,2.0145,0.0000,50.0000,d)rotateFromBiaxial(d,2.0145,0.0000,d)nonlinear(6,0.0000,0.0000,0.9787,d)linear(0,0,0,145.3548,d)rotate(5.3257)nonlinear(6,0.0000,0.0000,9.1544,d)rotate(-20.7117)rotateIntoBiaxial(d,0.4891,0.0000,d)nonlinear(d,0.4891,0.0000,29.3016,d)rotateFromBiaxial(d,0.4891,0.0000,d)nonlinear(6,0.0000,0.0000,19.7618,d)linear(0,0,0,3.2707,d)rotate(0.6687)
33212,0,40,27.4442,27.5859,init()rotateIntoBiaxial(d,0.3195,0.0000,d)nonlinear(d,0.3195,0.0000,300.0000,d)rotateFromBiaxial(d,0.3195,0.0000,d)nonlinear(6,0.0000,0.0000,0.2764,d)rotateIntoBiaxial(d,40.3992,0.0000,d)nonlinear(d,40.3992,0.0000,100.0000,d)rotateFromBiaxial(d,40.3992,0.0000,d)rotate(179.3334)rotateIntoBiaxial(d,139.7483,0.0000,d)nonlinear(d,139.7483,0.0000,300.0000,d)rotateFromBiaxial(d,139.7483,0.0000,d)nonlinear(6,0.0000,0.0000,32.3797,d)rotate(-75.9693)rotateIntoBiaxial(d,1.6749,0.0000,d)nonlinear(d,1.6749,0.0000,50.0000,d)rotateFromBiaxial(d,1.6749,0.0000,d)linear(0,0,0,167.1287,d)rotate(4.8231)nonlinear(6,0.0000,0.0000,4.0889,d)linear(0,0,0,66.9483,d)rotate(-19.0113)rotateIntoBiaxial(d,1.7925,0.0000,d)nonlinear(d,1.7925,0.0000,26.2045,d)rotateFromBiaxial(d,1.7925,0.0000,d)nonlinear(6,0.0000,0.0000,17.5219,d)linear(0,0,0,58.3802,d)rotate(1.1734)
33258,0,40,27.5013,27.5859,init()rotateIntoBiaxial(d,0.5887,0.0000,d)nonlinear(d,0.5887,0.0000,300.0000,d)rotateFromBiaxial(d,0.5887,0.0000,d)nonlinear(6,0.0000,0.0000,0.0057,d)rotateIntoBiaxial(d,40.4362,0.0000,d)nonlinear(d,40.4362,0.0000,100.0000,d)rotateFromBiaxial(d,40.4362,0.0000,d)rotate(179.6269)rotateIntoBiaxial(d,139.7570,0.0000,d)nonlinear(d,139.7570,0.0000,300.0000,d)rotateFromBiaxial(d,139.7570,0.0000,d)nonlinear(6,0.0000,0.0000,32.8140,d)rotate(-77.2247)rotateIntoBiaxial(d,3.1032,0.0000,d)nonlinear(d,3.1032,0.0000,50.0000,d)rotateFromBiaxial(d,3.1032,0.0000,d)linear(0,0,0,170.1500,d)rotate(6.4343)nonlinear(6,0.0000,0.0000,3.5834,d)linear(0,0,0,103.9587,d)rotate(-19.4185)rotateIntoBiaxial(d,2.0016,0.0000,d)nonlinear(d,2.0016,0.0000,29.9546,d)rotateFromBiaxial(d,2.0016,0.0000,d)nonlinear(6,0.0000,0.0000,22.6203,d)linear(0,0,0,68.9243,d)rotate(0.6796)
33304,0,40,27.5019,27.5859,init()rotateIntoBiaxial(d,0.5205,0.0000,d)nonlinear(d,0.5205,0.0000,300.0000,d)rotateFromBiaxial(d,0.5205,0.0000,d)nonlinear(6,0.0000,0.0000,0.2504,d)rotateIntoBiaxial(d,40.4352,0.0000,d)nonlinear(d,40.4352,0.0000,100.0000,d)rotateFromBiaxial(d,40.4352,0.0000,d)rotate(179.2777)rotateIntoBiaxial(d,139.7538,0.0000,d)nonlinear(d,139.7538,0.0000,300.0000,d)rotateFromBiaxial(d,139.7538,0.0000,d)nonlinear(6,0.0000,0.0000,35.6276,d)rotate(-76.1863)rotateIntoBiaxial(d,2.0636,0.0000,d)nonlinear(d,2.0636,0.0000,50.0000,d)rotateFromBiaxial(d,2.0636,0.0000,d)linear(0,0,0,140.3635,d)rotate(6.5020)rotateIntoBiaxial(d,3.7307,0.0000,d)nonlinear(d,3.7307,0.0000,2.6575,d)rotateFromBiaxial(d,3.7307,0.0000,d)nonlinear(6,0.0000,0.0000,6.6993,d)linear(0,0,0,53.2365,d)rotate(-19.3805)rotateIntoBiaxial(d,1.8806,0.0000,d)nonlinear(d,1.8806,0.0000,23.4957,d)rotateFromBiaxial(d,1.8806,0.0000,d)nonlinear(6,0.0000,0.0000,21.3528,d)linear(0,0,0,68.6128,d)rotate(0.6018)
33350,0,40,27.5176,27.5859,init()rotateIntoBiaxial(d,0.3470,0.0000,d)nonlinear(d,0.3470,0.0000,300.0000,d)rotateFromBiaxial(d,0.3470,0.0000,d)nonlinear(6,0.0000,0.0000,0.0130,d)rotate(1.1407)rotateIntoBiaxial(d,40.4343,0.0000,d)nonlinear(d,40.4343,0.0000,100.0000,d)rotateFromBiaxial(d,40.4343,0.0000,d)rotate(179.4603)rotateIntoBiaxial(d,139.7425,0.0000,d)nonlinear(d,139.7425,0.0000,300.0000,d)rotateFromBiaxial(d,139.7425,0.0000,d)nonlinear(6,0.0000,0.0000,31.0871,d)rotate(-72.9722)rotateIntoBiaxial(d,2.4296,0.0000,d)nonlinear(d,2.4296,0.0000,50.0000,d)rotateFromBiaxial(d,2.4296,0.0000,d)linear(0,0,0,121.0442,d)rotate(5.7010)nonlinear(6,0.0000,0.0000,8.6935,d)linear(0,0,0,40.6034,d)rotate(-18.7442)rotateIntoBiaxial(d,0.7552,0.0000,d)nonlinear(d,0.7552,0.0000,24.6614,d)rotateFromBiaxial(d,0.7552,0.0000,d)nonlinear(6,0.0000,0.0000,18.4999,d)linear(0,0,0,39.5059,d)rotate(0.8546)
33396,0,40,27.5090,27.5859,init()rotateIntoBiaxial(d,0.3494,0.0000,d)nonlinear(d,0.3494,0.0000,300.0000,d)rotateFromBiaxial(d,0.3494,0.0000,d)nonlinear(6,0.0000,0.0000,0.0959,d)rotate(1.6687)rotateIntoBiaxial(d,40.4355,0.0000,d)nonlinear(d,40.4355,0.0000,100.0000,d)rotateFromBiaxial(d,40.4355,0.0000,d)rotate(179.5359)rotateIntoBiaxial(d,139.7317,0.0000,d)nonlinear(d,139.7317,0.0000,300.0000,d)rotateFromBiaxial(d,139.7317,0.0000,d)nonlinear(6,0.0000,0.0000,34.9108,d)rotate(-73.4956)rotateIntoBiaxial(d,1.9929,0.0000,d)nonlinear(d,1.9929,0.0000,50.0000,d)rotateFromBiaxial(d,1.9929,0.0000,d)nonlinear(6,0.0000,0.0000,2.1834,d)linear(0,0,0,162.1652,d)rotate(7.1347)nonlinear(6,0.0000,0.0000,7.4090,d)linear(0,0,0,15.9702,d)rotate(-10.3443)rotateIntoBiaxial(d,3.2095,0.0000,d)nonlinear(d,3.2095,0.0000,23.4275,d)rotateFromBiaxial(d,3.2095,0.0000,d)nonlinear(6,0.0000,0.0000,19.1579,d)linear(0,0,0,48.2340,d)rotate(0.3111)
33442,0,40,27.5793,27.5859,init()rotateIntoBiaxial(d,0.4260,0.0000,d)nonlinear(d,0.4260,0.0000,300.0000,d)rotateFromBiaxial(d,0.4260,0.0000,d)nonlinear(6,0.0000,0.0000,0.1822,d)rotate(0.5799)rotateIntoBiaxial(d,40.4727,0.0000,d)nonlinear(d,40.4727,0.0000,100.0000,d)rotateFromBiaxial(d,40.4727,0.0000,d)rotate(179.2687)rotateIntoBiaxial(d,139.7328,0.0000,d)nonlinear(d,139.7328,0.0000,300.0000,d)rotateFromBiaxial(d,139.7328,0.0000,d)nonlinear(6,0.0000,0.0000,37.6466,d)rotate(-77.1246)rotateIntoBiaxial(d,1.1817,0.0000,d)nonlinear(d,1.1817,0.0000,50.0000,d)rotateFromBiaxial(d,1.1817,0.0000,d)nonlinear(6,0.0000,0.0000,4.8480,d)linear(0,0,0,162.3487,d)rotate(5.0046)nonlinear(6,0.0000,0.0000,6.0593,d)linear(0,0,0,57.7264,d)rotate(-14.2829)rotateIntoBiaxial(d,2.1547,0.0000,d)nonlinear(d,2.1547,0.0000,27.4769,d)rotateFromBiaxial(d,2.1547,0.0000,d)nonlinear(6,0.0000,0.0000,17.7193,d)linear(0,0,0,8.2036,d)rotate(0.6473)
33488,0,40,27.5045,27.5859,init()rotateIntoBiaxial(d,0.2922,0.0000,d)nonlinear(d,0.2922,0.0000,300.0000,d)rotateFromBiaxial(d,0.2922,0.0000,d)nonlinear(6,0.0000,0.0000,0.2620,d)rotate(0.1442)rotateIntoBiaxial(d,40.4218,0.0000,d)nonlinear(d,40.4218,0.0000,100.0000,d)rotateFromBiaxial(d,40.4218,0.0000,d)rotate(179.7576)rotateIntoBiaxial(d,139.7321,0.0000,d)nonlinear(d,139.7321,0.0000,300.0000,d)rotateFromBiaxial(d,139.7321,0.0000,d)nonlinear(6,0.0000,0.0000,36.1791,d)rotate(-77.1320)rotateIntoBiaxial(d,1.3472,0.0000,d)nonlinear(d,1.3472,0.0000,50.0000,d)rotateFromBiaxial(d,1.3472,0.0000,d)nonlinear(6,0.0000,0.0000,4.1769,d)linear(0,0,0,145.4928,d)rotate(6.0165)nonlinear(6,0.0000,0.0000,5.1281,d)linear(0,0,0,61.4280,d)rotate(-9.0094)rotateIntoBiaxial(d,1.6899,0.0000,d)nonlinear(d,1.6899,0.0000,24.8152,d)rotateFromBiaxial(d,1.6899,0.0000,d)nonlinear(6,0.0000,0.0000,18.9281,d)linear(0,0,0,18.2027,d)rotate(0.4978)
33534,0,40,27.4941,27.5859,init()rotateIntoBiaxial(d,0.3340,0.0000,d)nonlinear(d,0.3340,0.0000,300.0000,d)rotateFromBiaxial(d,0.3340,0.0000,d)nonlinear(6,0.0000,0.0000,0.3458,d)rotate(0.5417)rotateIntoBiaxial(d,40.4453,0.0000,d)nonlinear(d,40.4453,0.0000,100.0000,d)rotateFromBiaxial(d,40.4453,0.0000,d)rotate(179.4147)rotateIntoBiaxial(d,139.7518,0.0000,d)nonlinear(d,139.7518,0.0000,300.0000,d)rotateFromBiaxial(d,139.7518,0.0000,d)nonlinear(6,0.0000,0.0000,39.8213,d)rotate(-75.6581)rotateIntoBiaxial(d,2.0527,0.0000,d)nonlinear(d,2.0527,0.0000,50.0000,d)rotateFromBiaxial(d,2.0527,0.0000,d)nonlinear(6,0.0000,0.0000,2.5237,d)linear(0,0,0,130.4668,d)rotate(4.2710)rotateIntoBiaxial(d,4.3923,0.0000,d)nonlinear(d,4.3923,0.0000,1.4694,d)rotateFromBiaxial(d,4.3923,0.0000,d)nonlinear(6,0.0000,0.0000,8.0504,d)linear(0,0,0,40.5191,d)rotate(-14.9272)rotateIntoBiaxial(d,1.3232,0.0000,d)nonlinear(d,1.3232,0.0000,27.9449,d)rotateFromBiaxial(d,1.3232,0.0000,d)nonlinear(6,0.0000,0.0000,21.9798,d)linear(0,0,0,29.5207,d)rotate(0.7684)
33580,0,40,27.6026,27.5859,init()rotateIntoBiaxial(d,0.2265,0.0000,d)nonlinear(d,0.2265,0.0000,300.0000,d)rotateFromBiaxial(d,0.2265,0.0000,d)nonlinear(6,0.0000,0.0000,0.4325,d)rotateIntoBiaxial(d,40.4777,0.0000,d)nonlinear(d,40.4777,0.0000,100.0000,d)rotateFromBiaxial(d,40.4777,0.0000,d)rotate(179.8788)rotateIntoBiaxial(d,139.7344,0.0000,d)nonlinear(d,139.7344,0.0000,300.0000,d)rotateFromBiaxial(d,139.7344,0.0000,d)nonlinear(6,0.0000,0.0000,34.5454,d)rotate(-76.5448)rotateIntoBiaxial(d,1.4121,0.0000,d)nonlinear(d,1.4121,0.0000,50.0000,d)rotateFromBiaxial(d,1.4121,0.0000,d)linear(0,0,0,152.7330,d)rotate(2.4535)nonlinear(6,0.0000,0.0000,3.9514,d)linear(0,0,0,51.9430,d)rotate(-25.3331)rotateIntoBiaxial(d,0.9378,0.0000,d)nonlinear(d,0.9378,0.0000,28.9147,d)rotateFromBiaxial(d,0.9378,0.0000,d)nonlinear(6,0.0000,0.0000,23.0348,d)linear(0,0,0,5.7873,d)rotate(0.5738)
33626,0,40,27.6087,27.5859,init()rotateIntoBiaxial(d,0.3676,0.0000,d)nonlinear(d,0.3676,0.0000,300.0000,d)rotateFromBiaxial(d,0.3676,0.0000,d)nonlinear(6,0.0000,0.0000,0.0398,d)rotateIntoBiaxial(d,40.4679,0.0000,d)nonlinear(d,40.4679,0.0000,100.0000,d)rotateFromBiaxial(d,40.4679,0.0000,d)rotate(179.2443)rotateIntoBiaxial(d,139.7221,0.0000,d)nonlinear(d,139.7221,0.0000,300.0000,d)rotateFromBiaxial(d,139.7221,0.0000,d)nonlinear(6,0.0000,0.0000,33.3880,d)rotate(-75.2973)rotateIntoBiaxial(d,1.2809,0.0000,d)nonlinear(d,1.2809,0.0000,50.0000,d)rotateFromBiaxial(d,1.2809,0.0000,d)nonlinear(6,0.0000,0.0000,4.5802,d)linear(0,0,0,182.3111,d)rotate(6.0849)rotateIntoBiaxial(d,3.0293,0.0000,d)nonlinear(d,3.0293,0.0000,2.6910,d)rotateFromBiaxial(d,3.0293,0.0000,d)nonlinear(6,0.0000,0.0000,9.4158,d)linear(0,0,0,42.6791,d)rotate(-15.8639)rotateIntoBiaxial(d,0.7471,0.0000,d)nonlinear(d,0.7471,0.0000,31.9171,d)rotateFromBiaxial(d,0.7471,0.0000,d)nonlinear(6,0.0000,0.0000,23.8883,d)linear(0,0,0,46.8963,d)rotate(0.1166)
33672,0,40,27.5632,27.5859,init()rotateIntoBiaxial(d,0.8235,0.0000,d)nonlinear(d,0.8235,0.0000,300.0000,d)rotateFromBiaxial(d,0.8235,0.0000,d)nonlinear(6,0.0000,0.0000,0.0001,d)rotate(0.0596)rotateIntoBiaxial(d,40.4126,0.0000,d)nonlinear(d,40.4126,0.0000,100.0000,d)rotateFromBiaxial(d,40.4126,0.0000,d)rotate(179.3912)rotateIntoBiaxial(d,139.7251,0.0000,d)nonlinear(d,139.7251,0.0000,300.0000,d)rotateFromBiaxial(d,139.7251,0.0000,d)nonlinear(6,0.0000,0.0000,29.5458,d)rotate(-71.2318)rotateIntoBiaxial(d,1.5431,0.0000,d)nonlinear(d,1.5431,0.0000,50.0000,d)rotateFromBiaxial(d,1.5431,0.0000,d)nonlinear(6,0.0000,0.0000,2.5415,d)linear(0,0,0,168.8610,d)rotate(2.9705)rotateIntoBiaxial(d,4.4674,0.0000,d)nonlinear(d,4.4674,0.0000,7.1086,d)rotateFromBiaxial(d,4.4674,0.0000,d)nonlinear(6,0.0000,0.0000,6.7700,d)linear(0,0,0,61.1297,d)rotate(-18.8519)rotateIntoBiaxial(d,0.3591,0.0000,d)nonlinear(d,0.3591,0.0000,28.3672,d)rotateFromBiaxial(d,0.3591,0.0000,d)nonlinear(6,0.0000,0.0000,21.5741,d)linear(0,0,0,1.3002,d)rotate(0.0411)
33718,0,40,27.5203,27.5859,init()rotateIntoBiaxial(d,0.2925,0.0000,d)nonlinear(d,0.2925,0.0000,300.0000,d)rotateFromBiaxial(d,0.2925,0.0000,d)nonlinear(6,0.0000,0.0000,0.4840,d)rotateIntoBiaxial(d,40.4409,0.0000,d)nonlinear(d,40.4409,0.0000,100.0000,d)rotateFromBiaxial(d,40.4409,0.0000,d)rotate(179.9047)rotateIntoBiaxial(d,139.7505,0.0000,d)nonlinear(d,139.7505,0.0000,300.0000,d)rotateFromBiaxial(d,139.7505,0.0000,d)nonlinear(6,0.0000,0.0000,34.8630,d)rotate(-74.1759)rotateIntoBiaxial(d,2.3225,0.0000,d)nonlinear(d,2.3225,0.0000,50.0000,d)rotateFromBiaxial(d,2.3225,0.0000,d)nonlinear(6,0.0000,0.0000,4.0850,d)linear(0,0,0,210.7844,d)rotate(6.1374)nonlinear(6,0.0000,0.0000,3.7078,d)linear(0,0,0,49.8383,d)rotate(-16.4503)rotateIntoBiaxial(d,0.5370,0.0000,d)nonlinear(d,0.5370,0.0000,30.2427,d)rotateFromBiaxial(d,0.5370,0.0000,d)nonlinear(6,0.0000,0.0000,18.7593,d)linear(0,0,0,12.1375,d)rotate(0.0926)
33764,0,40,27.5893,27.5859,init()rotateIntoBiaxial(d,0.3431,0.0000,d)nonlinear(d,0.3431,0.0000,300.0000,d)rotateFromBiaxial(d,0.3431,0.0000,d)nonlinear(6,0.0000,0.0000,0.3204,d)rotateIntoBiaxial(d,40.4513,0.0000,d)nonlinear(d,40.4513,0.0000,100.0000,d)rotateFromBiaxial(d,40.4513,0.0000,d)rotate(179.8315)rotateIntoBiaxial(d,139.7225,0.0000,d)nonlinear(d,139.7225,0.0000,300.0000,d)rotateFromBiaxial(d,139.7225,0.0000,d)nonlinear(6,0.0000,0.0000,30.9089,d)rotate(-75.7445)rotateIntoBiaxial(d,2.0054,0.0000,d)nonlinear(d,2.0054,0.0000,50.0000,d)rotateFromBiaxial(d,2.0054,0.0000,d)nonlinear(6,0.0000,0.0000,1.8030,d)linear(0,0,0,154.7687,d)rotate(4.2052)nonlinear(6,0.0000,0.0000,7.3924,d)linear(0,0,0,62.5271,d)rotate(-18.5025)rotateIntoBiaxial(d,1.0187,0.0000,d)nonlinear(d,1.0187,0.0000,30.6974,d)rotateFromBiaxial(d,1.0187,0.0000,d)nonlinear(6,0.0000,0.0000,18.0389,d)linear(0,0,0,31.2701,d)rotate(0.3553)
33810,0,40,27.5503,27.5859,init()rotateIntoBiaxial(d,0.6938,0.0000,d)nonlinear(d,0.6938,0.0000,300.0000,d)rotateFromBiaxial(d,0.6938,0.0000,d)nonlinear(6,0.0000,0.0000,0.3640,d)rotateIntoBiaxial(d,40.4185,0.0000,d)nonlinear(d,40.4185,0.0000,100.0000,d)rotateFromBiaxial(d,40.4185,0.0000,d)rotate(179.7783)rotateIntoBiaxial(d,139.7304,0.0000,d)nonlinear(d,139.7304,0.0000,300.0000,d)rotateFromBiaxial(d,139.7304,0.0000,d)nonlinear(6,0.0000,0.0000,33.4450,d)rotate(-76.2369)rotateIntoBiaxial(d,1.5400,0.0000,d)nonlinear(d,1.5400,0.0000,50.0000,d)rotateFromBiaxial(d,1.5400,0.0000,d)nonlinear(6,0.0000,0.0000,2.5964,d)linear(0,0,0,177.2300,d)rotate(2.9955)nonlinear(6,0.0000,0.0000,7.0700,d)rotate(-11.1006)rotateIntoBiaxial(d,0.5963,0.0000,d)nonlinear(d,0.5963,0.0000,29.7076,d)rotateFromBiaxial(d,0.5963,0.0000,d)nonlinear(6,0.0000,0.0000,22.7253,d)linear(0,0,0,31.5495,d)rotate(0.5390)
33856,0,40,27.6082,27.5859,init()rotateIntoBiaxial(d,0.4985,0.0000,d)nonlinear(d,0.4985,0.0000,300.0000,d)rotateFromBiaxial(d,0.4985,0.0000,d)nonlinear(6,0.0000,0.0000,0.0207,d)rotateIntoBiaxial(d,40.4544,0.0000,d)nonlinear(d,40.4544,0.0000,100.0000,d)rotateFromBiaxial(d,40.4544,0.0000,d)rotate(179.7948)rotateIntoBiaxial(d,139.7188,0.0000,d)nonlinear(d,139.7188,0.0000,300.0000,d)rotateFromBiaxial(d,139.7188,0.0000,d)nonlinear(6,0.0000,0.0000,37.8430,d)rotate(-77.1460)rotateIntoBiaxial(d,1.2515,0.0000,d)nonlinear(d,1.2515,0.0000,50.0000,d)rotateFromBiaxial(d,1.2515,0.0000,d)nonlinear(6,0.0000,0.0000,1.6836,d)linear(0,0,0,152.4349,d)rotate(4.7548)nonlinear(6,0.0000,0.0000,5.1111,d)linear(0,0,0,60.4380,d)rotate(-19.5732)rotateIntoBiaxial(d,1.2007,0.0000,d)nonlinear(d,1.2007,0.0000,31.1118,d)rotateFromBiaxial(d,1.2007,0.0000,d)nonlinear(6,0.0000,0.0000,20.0740,d)linear(0,0,0,21.0040,d)rotate(0.2086)
33902,0,40,27.5995,27.5859,init()rotateIntoBiaxial(d,0.6671,0.0000,d)nonlinear(d,0.6671,0.0000,300.0000,d)rotateFromBiaxial(d,0.6671,0.0000,d)nonlinear(6,0.0000,0.0000,0.4144,d)rotateIntoBiaxial(d,40.4602,0.0000,d)nonlinear(d,40.4602,0.0000,100.0000,d)rotateFromBiaxial(d,40.4602,0.0000,d)rotate(179.9500)rotateIntoBiaxial(d,139.7263,0.0000,d)nonlinear(d,139.7263,0.0000,300.0000,d)rotateFromBiaxial(d,139.7263,0.0000,d)nonlinear(6,0.0000,0.0000,32.4112,d)rotate(-77.1343)rotateIntoBiaxial(d,1.5042,0.0000,d)nonlinear(d,1.5042,0.0000,50.0000,d)rotateFromBiaxial(d,1.5042,0.0000,d)linear(0,0,0,161.1682,d)rotate(2.8764)nonlinear(6,0.0000,0.0000,9.2449,d)linear(0,0,0,18.7765,d)rotate(-12.1062)rotateIntoBiaxial(d,2.9537,0.0000,d)nonlinear(d,2.9537,0.0000,26.6635,d)rotateFromBiaxial(d,2.9537,0.0000,d)nonlinear(6,0.0000,0.0000,18.8469,d)linear(0,0,0,22.5812,d)rotate(0.5455)
33948,0,40,27.5983,27.5859,init()rotateIntoBiaxial(d,0.4805,0.0000,d)nonlinear(d,0.4805,0.0000,300.0000,d)rotateFromBiaxial(d,0.4805,0.0000,d)nonlinear(6,0.0000,0.0000,0.1520,d)rotateIntoBiaxial(d,40.4676,0.0000,d)nonlinear(d,40.4676,0.0000,100.0000,d)rotateFromBiaxial(d,40.4676,0.0000,d)rotate(179.7408)rotateIntoBiaxial(d,139.7440,0.0000,d)nonlinear(d,139.7440,0.0000,300.0000,d)rotateFromBiaxial(d,139.7440,0.0000,d)nonlinear(6,0.0000,0.0000,35.7912,d)rotate(-75.5831)rotateIntoBiaxial(d,1.9182,0.0000,d)nonlinear(d,1.9182,0.0000,50.0000,d)rotateFromBiaxial(d,1.9182,0.0000,d)linear(0,0,0,143.0559,d)rotate(1.8548)nonlinear(6,0.0000,0.0000,7.9426,d)linear(0,0,0,18.4475,d)rotate(-14.5614)rotateIntoBiaxial(d,1.7788,0.0000,d)nonlinear(d,1.7788,0.0000,28.5530,d)rotateFromBiaxial(d,1.7788,0.0000,d)nonlinear(6,0.0000,0.0000,20.1531,d)linear(0,0,0,6.8777,d)rotate(0.0976)
33994,0,40,27.5812,27.5812,init()rotateIntoBiaxial(d,0.4003,0.0000,d)nonlinear(d,0.4003,0.0000,300.0000,d)rotateFromBiaxial(d,0.4003,0.0000,d)nonlinear(6,0.0000,0.0000,0.0779,d)rotateIntoBiaxial(d,40.4362,0.0000,d)nonlinear(d,40.4362,0.0000,100.0000,d)rotateFromBiaxial(d,40.4362,0.0000,d)rotate(179.8577)rotateIntoBiaxial(d,139.7274,0.0000,d)nonlinear(d,139.7274,0.0000,300.0000,d)rotateFromBiaxial(d,139.7274,0.0000,d)nonlinear(6,0.0000,0.0000,37.9615,d)rotate(-75.5761)rotateIntoBiaxial(d,1.4359,0.0000,d)nonlinear(d,1.4359,0.0000,50.0000,d)rotateFromBiaxial(d,1.4359,0.0000,d)linear(0,0,0,187.7933,d)rotate(2.6441)nonlinear(6,0.0000,0.0000,8.6435,d)linear(0,0,0,37.7109,d)rotate(-17.9573)rotateIntoBiaxial(d,1.6402,0.0000,d)nonlinear(d,1.6402,0.0000,34.3346,d)rotateFromBiaxial(d,1.6402,0.0000,d)nonlinear(6,0.0000,0.0000,18.7502,d)linear(0,0,0,34.2379,d)rotate(0.3543)
34040,0,40,27.5745,27.5745,init()rotateIntoBiaxial(d,0.6695,0.0000,d)nonlinear(d,0.6695,0.0000,300.0000,d)rotateFromBiaxial(d,0.6695,0.0000,d)nonlinear(6,0.0000,0.0000,0.4790,d)rotateIntoBiaxial(d,40.4442,0.0000,d)nonlinear(d,40.4442,0.0000,100.0000,d)rotateFromBiaxial(d,40.4442,0.0000,d)rotate(179.7050)rotateIntoBiaxial(d,139.7358,0.0000,d)nonlinear(d,139.7358,0.0000,300.0000,d)rotateFromBiaxial(d,139.7358,0.0000,d)nonlinear(6,0.0000,0.0000,35.8491,d)rotate(-74.8156)rotateIntoBiaxial(d,1.8285,0.0000,d)nonlinear(d,1.8285,0.0000,50.0000,d)rotateFromBiaxial(d,1.8285,0.0000,d)nonlinear(6,0.0000,0.0000,3.4607,d)linear(0,0,0,166.7173,d)rotate(4.5038)rotateIntoBiaxial(d,5.5734,0.0000,d)nonlinear(d,5.5734,0.0000,0.5249,d)rotateFromBiaxial(d,5.5734,0.0000,d)nonlinear(6,0.0000,0.0000,6.3025,d)linear(0,0,0,31.7772,d)rotate(-10.3617)rotateIntoBiaxial(d,0.5173,0.0000,d)nonlinear(d,0.5173,0.0000,28.9441,d)rotateFromBiaxial(d,0.5173,0.0000,d)nonlinear(6,0.0000,0.0000,21.9601,d)linear(0,0,0,26.2793,d)
34086,0,40,27.5861,27.5745,init()rotateIntoBiaxial(d,0.6225,0.0000,d)nonlinear(d,0.6225,0.0000,300.0000,d)rotateFromBiaxial(d,0.6225,0.0000,d)nonlinear(6,0.0000,0.0000,0.0166,d)rotate(0.6266)rotateIntoBiaxial(d,40.4427,0.0000,d)nonlinear(d,40.4427,0.0000,100.0000,d)rotateFromBiaxial(d,40.4427,0.0000,d)rotate(179.7934)rotateIntoBiaxial(d,139.7266,0.0000,d)nonlinear(d,139.7266,0.0000,300.0000,d)rotateFromBiaxial(d,139.7266,0.0000,d)nonlinear(6,0.0000,0.0000,35.1600,d)rotate(-76.6063)rotateIntoBiaxial(d,2.0695,0.0000,d)nonlinear(d,2.0695,0.0000,50.0000,d)rotateFromBiaxial(d,2.0695,0.0000,d)nonlinear(6,0.0000,0.0000,1.4329,d)linear(0,0,0,164.7658,d)rotate(3.5957)rotateIntoBiaxial(d,4.0056,0.0000,d)nonlinear(d,4.0056,0.0000,1.1293,d)rotateFromBiaxial(d,4.0056,0.0000,d)nonlinear(6,0.0000,0.0000,7.0078,d)rotate(-12.4504)rotateIntoBiaxial(d,1.0792,0.0000,d)nonlinear(d,1.0792,0.0000,31.8493,d)rotateFromBiaxial(d,1.0792,0.0000,d)nonlinear(6,0.0000,0.0000,23.3638,d)linear(0,0,0,12.5815,d)rotate(0.0605)
34132,0,40,27.5864,27.5864,init()rotateIntoBiaxial(d,0.3472,0.0000,d)nonlinear(d,0.3472,0.0000,300.0000,d)rotateFromBiaxial(d,0.3472,0.0000,d)nonlinear(6,0.0000,0.0000,0.0249,d)rotateIntoBiaxial(d,40.4473,0.0000,d)nonlinear(d,40.4473,0.0000,100.0000,d)rotateFromBiaxial(d,40.4473,0.0000,d)rotate(179.6180)rotateIntoBiaxial(d,139.7273,0.0000,d)nonlinear(d,139.7273,0.0000,300.0000,d)rotateFromBiaxial(d,139.7273,0.0000,d)nonlinear(6,0.0000,0.0000,36.9450,d)rotate(-74.1509)rotateIntoBiaxial(d,2.0716,0.0000,d)nonlinear(d,2.0716,0.0000,50.0000,d)rotateFromBiaxial(d,2.0716,0.0000,d)linear(0,0,0,170.4676,d)rotate(4.0520)nonlinear(6,0.0000,0.0000,6.5897,d)rotate(-12.9147)rotateIntoBiaxial(d,1.3053,0.0000,d)nonlinear(d,1.3053,0.0000,28.4748,d)rotateFromBiaxial(d,1.3053,0.0000,d)nonlinear(6,0.0000,0.0000,22.5826,d)linear(0,0,0,23.8029,d)rotate(0.1509)
34178,0,40,27.5112,27.5864,init()rotateIntoBiaxial(d,0.3453,0.0000,d)nonlinear(d,0.3453,0.0000,300.0000,d)rotateFromBiaxial(d,0.3453,0.0000,d)nonlinear(6,0.0000,0.0000,0.4172,d)rotateIntoBiaxial(d,40.4087,0.0000,d)nonlinear(d,40.4087,0.0000,100.0000,d)rotateFromBiaxial(d,40.4087,0.0000,d)rotate(179.7823)rotateIntoBiaxial(d,139.7330,0.0000,d)nonlinear(d,139.7330,0.0000,300.0000,d)rotateFromBiaxial(d,139.7330,0.0000,d)nonlinear(6,0.0000,0.0000,35.1722,d)rotate(-75.9713)rotateIntoBiaxial(d,1.3721,0.0000,d)nonlinear(d,1.3721,0.0000,50.0000,d)rotateFromBiaxial(d,1.3721,0.0000,d)nonlinear(6,0.0000,0.0000,0.1928,d)linear(0,0,0,181.1021,d)rotate(5.6025)rotateIntoBiaxial(d,5.5841,0.0000,d)nonlinear(d,5.5841,0.0000,1.9844,d)rotateFromBiaxial(d,5.5841,0.0000,d)nonlinear(6,0.0000,0.0000,4.3998,d)rotate(-11.8274)rotateIntoBiaxial(d,0.9719,0.0000,d)nonlinear(d,0.9719,0.0000,29.1624,d)rotateFromBiaxial(d,0.9719,0.0000,d)nonlinear(6,0.0000,0.0000,20.1857,d)linear(0,0,0,58.8400,d)
34224,0,40,27.5693,27.5864,init()rotateIntoBiaxial(d,0.4876,0.0000,d)nonlinear(d,0.4876,0.0000,300.0000,d)rotateFromBiaxial(d,0.4876,0.0000,d)nonlinear(6,0.0000,0.0000,0.3475,d)rotate(0.5138)rotateIntoBiaxial(d,40.4434,0.0000,d)nonlinear(d,40.4434,0.0000,100.0000,d)rotateFromBiaxial(d,40.4434,0.0000,d)rotate(179.8443)rotateIntoBiaxial(d,139.7249,0.0000,d)nonlinear(d,139.7249,0.0000,300.0000,d)rotateFromBiaxial(d,139.7249,0.0000,d)nonlinear(6,0.0000,0.0000,30.3683,d)rotate(-77.6744)rotateIntoBiaxial(d,1.7117,0.0000,d)nonlinear(d,1.7117,0.0000,50.0000,d)rotateFromBiaxial(d,1.7117,0.0000,d)nonlinear(6,0.0000,0.0000,1.4834,d)linear(0,0,0,171.8972,d)rotate(4.7372)rotateIntoBiaxial(d,4.7398,0.0000,d)nonlinear(d,4.7398,0.0000,3.4875,d)rotateFromBiaxial(d,4.7398,0.0000,d)nonlinear(6,0.0000,0.0000,5.5288,d)linear(0,0,0,1.9347,d)rotate(-17.8877)rotateIntoBiaxial(d,1.0293,0.0000,d)nonlinear(d,1.0293,0.0000,28.9452,d)rotateFromBiaxial(d,1.0293,0.0000,d)nonlinear(6,0.0000,0.0000,19.1514,d)linear(0,0,0,2.2753,d)rotate(0.0633)
34270,0,40,27.5660,27.5660,init()rotateIntoBiaxial(d,0.5574,0.0000,d)nonlinear(d,0.5574,0.0000,300.0000,d)rotateFromBiaxial(d,0.5574,0.0000,d)nonlinear(6,0.0000,0.0000,0.4581,d)rotate(0.7429)rotateIntoBiaxial(d,40.4410,0.0000,d)nonlinear(d,40.4410,0.0000,100.0000,d)rotateFromBiaxial(d,40.4410,0.0000,d)rotate(179.8271)rotateIntoBiaxial(d,139.7413,0.0000,d)nonlinear(d,139.7413,0.0000,300.0000,d)rotateFromBiaxial(d,139.7413,0.0000,d)nonlinear(6,0.0000,0.0000,32.8293,d)rotate(-75.8822)rotateIntoBiaxial(d,2.3942,0.0000,d)nonlinear(d,2.3942,0.0000,50.0000,d)rotateFromBiaxial(d,2.3942,0.0000,d)linear(0,0,0,178.9096,d)rotate(2.4276)rotateIntoBiaxial(d,4.5670,0.0000,d)nonlinear(d,4.5670,0.0000,1.3858,d)rotateFromBiaxial(d,4.5670,0.0000,d)nonlinear(6,0.0000,0.0000,5.5936,d)rotate(-15.8580)rotateIntoBiaxial(d,0.8852,0.0000,d)nonlinear(d,0.8852,0.0000,34.7567,d)rotateFromBiaxial(d,0.8852,0.0000,d)nonlinear(6,0.0000,0.0000,15.8487,d)linear(0,0,0,46.1985,d)
34316,0,40,27.5406,27.5660,init()rotateIntoBiaxial(d,0.3335,0.0000,d)nonlinear(d,0.3335,0.0000,300.0000,d)rotateFromBiaxial(d,0.3335,0.0000,d)nonlinear(6,0.0000,0.0000,0.5415,d)rotate(0.7663)rotateIntoBiaxial(d,40.4493,0.0000,d)nonlinear(d,40.4493,0.0000,100.0000,d)rotateFromBiaxial(d,40.4493,0.0000,d)rotate(179.6455)rotateIntoBiaxial(d,139.7294,0.0000,d)nonlinear(d,139.7294,0.0000,300.0000,d)rotateFromBiaxial(d,139.7294,0.0000,d)nonlinear(6,0.0000,0.0000,33.5539,d)rotate(-75.8738)rotateIntoBiaxial(d,1.9089,0.0000,d)nonlinear(d,1.9089,0.0000,50.0000,d)rotateFromBiaxial(d,1.9089,0.0000,d)linear(0,0,0,154.5070,d)rotate(3.1898)rotateIntoBiaxial(d,5.3634,0.0000,d)nonlinear(d,5.3634,0.0000,9.4619,d)rotateFromBiaxial(d,5.3634,0.0000,d)nonlinear(6,0.0000,0.0000,8.0860,d)linear(0,0,0,3.3140,d)rotate(-12.3772)rotateIntoBiaxial(d,1.6940,0.0000,d)nonlinear(d,1.6940,0.0000,31.8329,d)rotateFromBiaxial(d,1.6940,0.0000,d)nonlinear(6,0.0000,0.0000,18.6587,d)linear(0,0,0,7.3992,d)
34362,0,40,27.5426,27.5660,init()rotateIntoBiaxial(d,0.5766,0.0000,d)nonlinear(d,0.5766,0.0000,300.0000,d)rotateFromBiaxial(d,0.5766,0.0000,d)nonlinear(6,0.0000,0.0000,0.3375,d)rotateIntoBiaxial(d,40.4451,0.0000,d)nonlinear(d,40.4451,0.0000,100.0000,d)rotateFromBiaxial(d,40.4451,0.0000,d)rotate(179.8144)rotateIntoBiaxial(d,139.7526,0.0000,d)nonlinear(d,139.7526,0.0000,300.0000,d)rotateFromBiaxial(d,139.7526,0.0000,d)nonlinear(6,0.0000,0.0000,31.3515,d)rotate(-76.1729)rotateIntoBiaxial(d,2.0592,0.0000,d)nonlinear(d,2.0592,0.0000,50.0000,d)rotateFromBiaxial(d,2.0592,0.0000,d)linear(0,0,0,156.0675,d)rotate(3.7345)rotateIntoBiaxial(d,5.3142,0.0000,d)nonlinear(d,5.3142,0.0000,2.8743,d)rotateFromBiaxial(d,5.3142,0.0000,d)nonlinear(6,0.0000,0.0000,6.9146,d)linear(0,0,0,22.4727,d)rotate(-18.0094)rotateIntoBiaxial(d,2.6035,0.0000,d)nonlinear(d,2.6035,0.0000,30.8292,d)rotateFromBiaxial(d,2.6035,0.0000,d)nonlinear(6,0.0000,0.0000,20.6431,d)linear(0,0,0,23.1696,d)rotate(0.0327)
34408,0,40,27.5342,27.5660,init()rotateIntoBiaxial(d,0.4607,0.0000,d)nonlinear(d,0.4607,0.0000,300.0000,d)rotateFromBiaxial(d,0.4607,0.0000,d)nonlinear(6,0.0000,0.0000,0.1052,d)rotateIntoBiaxial(d,40.4180,0.0000,d)nonlinear(d,40.4180,0.0000,100.0000,d)rotateFromBiaxial(d,40.4180,0.0000,d)rotate(179.6792)rotateIntoBiaxial(d,139.7288,0.0000,d)nonlinear(d,139.7288,0.0000,300.0000,d)rotateFromBiaxial(d,139.7288,0.0000,d)nonlinear(6,0.0000,0.0000,37.6469,d)rotate(-77.5514)rotateIntoBiaxial(d,1.1535,0.0000,d)nonlinear(d,1.1535,0.0000,50.0000,d)rotateFromBiaxial(d,1.1535,0.0000,d)nonlinear(6,0.0000,0.0000,1.1738,d)linear(0,0,0,174.1215,d)rotate(6.7726)rotateIntoBiaxial(d,5.5854,0.0000,d)nonlinear(d,5.5854,0.0000,2.9789,d)rotateFromBiaxial(d,5.5854,0.0000,d)nonlinear(6,0.0000,0.0000,8.5761,d)linear(0,0,0,22.6408,d)rotate(-19.0824)rotateIntoBiaxial(d,1.2642,0.0000,d)nonlinear(d,1.2642,0.0000,28.6858,d)rotateFromBiaxial(d,1.2642,0.0000,d)nonlinear(6,0.0000,0.0000,19.6923,d)linear(0,0,0,6.6685,d)
34454,0,40,27.5688,27.5660,init()rotateIntoBiaxial(d,0.6582,0.0000,d)nonlinear(d,0.6582,0.0000,300.0000,d)rotateFromBiaxial(d,0.6582,0.0000,d)nonlinear(6,0.0000,0.0000,0.0020,d)rotate(0.7817)rotateIntoBiaxial(d,40.4482,0.0000,d)nonlinear(d,40.4482,0.0000,100.0000,d)rotateFromBiaxial(d,40.4482,0.0000,d)rotate(179.2684)rotateIntoBiaxial(d,139.7262,0.0000,d)nonlinear(d,139.7262,0.0000,300.0000,d)rotateFromBiaxial(d,139.7262,0.0000,d)nonlinear(6,0.0000,0.0000,38.4244,d)rotate(-76.7944)rotateIntoBiaxial(d,1.1727,0.0000,d)nonlinear(d,1.1727,0.0000,50.0000,d)rotateFromBiaxial(d,1.1727,0.0000,d)linear(0,0,0,154.7378,d)rotate(4.0853)rotateIntoBiaxial(d,5.1302,0.0000,d)nonlinear(d,5.1302,0.0000,3.7538,d)rotateFromBiaxial(d,5.1302,0.0000,d)nonlinear(6,0.0000,0.0000,10.0957,d)linear(0,0,0,42.9366,d)rotate(-17.8333)rotateIntoBiaxial(d,2.4256,0.0000,d)nonlinear(d,2.4256,0.0000,29.5423,d)rotateFromBiaxial(d,2.4256,0.0000,d)nonlinear(6,0.0000,0.0000,16.2202,d)linear(0,0,0,25.7674,d)rotate(0.2886)
34500,0,40,27.5436,27.5660,init()rotateIntoBiaxial(d,0.4924,0.0000,d)nonlinear(d,0.4924,0.0000,300.0000,d)rotateFromBiaxial(d,0.4924,0.0000,d)nonlinear(6,0.0000,0.0000,0.0767,d)rotateIntoBiaxial(d,40.4136,0.0000,d)nonlinear(d,40.4136,0.0000,100.0000,d)rotateFromBiaxial(d,40.4136,0.0000,d)rotate(179.4363)rotateIntoBiaxial(d,139.7305,0.0000,d)nonlinear(d,139.7305,0.0000,300.0000,d)rotateFromBiaxial(d,139.7305,0.0000,d)nonlinear(6,0.0000,0.0000,32.7600,d)rotate(-74.1363)rotateIntoBiaxial(d,2.2973,0.0000,d)nonlinear(d,2.2973,0.0000,50.0000,d)rotateFromBiaxial(d,2.2973,0.0000,d)linear(0,0,0,118.7349,d)rotate(4.4458)nonlinear(6,0.0000,0.0000,9.2566,d)linear(0,0,0,11.4690,d)rotate(-14.6532)rotateIntoBiaxial(d,1.5279,0.0000,d)nonlinear(d,1.5279,0.0000,28.1282,d)rotateFromBiaxial(d,1.5279,0.0000,d)nonlinear(6,0.0000,0.0000,17.1663,d)linear(0,0,0,1.0050,d)rotate(0.1999)
34546,0,40,27.6388,27.5660,init()rotateIntoBiaxial(d,0.6779,0.0000,d)nonlinear(d,0.6779,0.0000,300.0000,d)rotateFromBiaxial(d,0.6779,0.0000,d)nonlinear(6,0.0000,0.0000,0.2884,d)rotateIntoBiaxial(d,40.4840,0.0000,d)nonlinear(d,40.4840,0.0000,100.0000,d)rotateFromBiaxial(d,40.4840,0.0000,d)rotate(179.6927)rotateIntoBiaxial(d,139.7180,0.0000,d)nonlinear(d,139.7180,0.0000,300.0000,d)rotateFromBiaxial(d,139.7180,0.0000,d)nonlinear(6,0.0000,0.0000,31.9302,d)rotate(-75.2022)rotateIntoBiaxial(d,1.9854,0.0000,d)nonlinear(d,1.9854,0.0000,50.0000,d)rotateFromBiaxial(d,1.9854,0.0000,d)nonlinear(6,0.0000,0.0000,2.3806,d)linear(0,0,0,179.8449,d)rotate(2.6059)nonlinear(6,0.0000,0.0000,6.5001,d)rotate(-13.6274)rotateIntoBiaxial(d,2.0598,0.0000,d)nonlinear(d,2.0598,0.0000,27.8145,d)rotateFromBiaxial(d,2.0598,0.0000,d)nonlinear(6,0.0000,0.0000,16.9680,d)linear(0,0,0,31.3079,d)
34592,0,40,27.5732,27.5660,init()rotateIntoBiaxial(d,0.7020,0.0000,d)nonlinear(d,0.7020,0.0000,300.0000,d)rotateFromBiaxial(d,0.7020,0.0000,d)nonlinear(6,0.0000,0.0000,0.1787,d)rotateIntoBiaxial(d,40.4347,0.0000,d)nonlinear(d,40.4347,0.0000,100.0000,d)rotateFromBiaxial(d,40.4347,0.0000,d)rotate(179.6252)rotateIntoBiaxial(d,139.7364,0.0000,d)nonlinear(d,139.7364,0.0000,300.0000,d)rotateFromBiaxial(d,139.7364,0.0000,d)nonlinear(6,0.0000,0.0000,31.4752,d)rotate(-74.4640)rotateIntoBiaxial(d,1.7861,0.0000,d)nonlinear(d,1.7861,0.0000,50.0000,d)rotateFromBiaxial(d,1.7861,0.0000,d)nonlinear(6,0.0000,0.0000,0.5643,d)linear(0,0,0,158.9608,d)rotate(5.7666)rotateIntoBiaxial(d,5.9245,0.0000,d)nonlinear(d,5.9245,0.0000,9.1934,d)rotateFromBiaxial(d,5.9245,0.0000,d)nonlinear(6,0.0000,0.0000,9.1392,d)linear(0,0,0,22.1077,d)rotate(-14.9666)rotateIntoBiaxial(d,2.1333,0.0000,d)nonlinear(d,2.1333,0.0000,30.9530,d)rotateFromBiaxial(d,2.1333,0.0000,d)nonlinear(6,0.0000,0.0000,15.0674,d)linear(0,0,0,62.2570,d)rotate(0.1535)
34638,0,40,27.5194,27.5660,init()rotateIntoBiaxial(d,0.2351,0.0000,d)nonlinear(d,0.2351,0.0000,300.0000,d)rotateFromBiaxial(d,0.2351,0.0000,d)nonlinear(6,0.0000,0.0000,0.3981,d)rotateIntoBiaxial(d,40.4297,0.0000,d)nonlinear(d,40.4297,0.0000,100.0000,d)rotateFromBiaxial(d,40.4297,0.0000,d)linear(0,0,0,0.2158,d)rotate(179.9023)rotateIntoBiaxial(d,139.7330,0.0000,d)nonlinear(d,139.7330,0.0000,300.0000,d)rotateFromBiaxial(d,139.7330,0.0000,d)nonlinear(6,0.0000,0.0000,30.1665,d)rotate(-75.3535)rotateIntoBiaxial(d,1.6818,0.0000,d)nonlinear(d,1.6818,0.0000,50.0000,d)rotateFromBiaxial(d,1.6818,0.0000,d)nonlinear(6,0.0000,0.0000,4.2489,d)linear(0,0,0,185.9861,d)rotate(4.3228)nonlinear(6,0.0000,0.0000,5.5797,d)linear(0,0,0,34.0853,d)rotate(-15.9477)rotateIntoBiaxial(d,0.6360,0.0000,d)nonlinear(d,0.6360,0.0000,30.8463,d)rotateFromBiaxial(d,0.6360,0.0000,d)nonlinear(6,0.0000,0.0000,16.4548,d)linear(0,0,0,17.0643,d)
34684,0,40,27.5900,27.5660,init()rotateIntoBiaxial(d,0.5226,0.0000,d)nonlinear(d,0.5226,0.0000,300.0000,d)rotateFromBiaxial(d,0.5226,0.0000,d)nonlinear(6,0.0000,0.0000,0.2295,d)rotate(0.7979)rotateIntoBiaxial(d,40.4518,0.0000,d)nonlinear(d,40.4518,0.0000,100.0000,d)rotateFromBiaxial(d,40.4518,0.0000,d)rotate(179.7987)rotateIntoBiaxial(d,139.7289,0.0000,d)nonlinear(d,139.7289,0.0000,300.0000,d)rotateFromBiaxial(d,139.7289,0.0000,d)nonlinear(6,0.0000,0.0000,30.7052,d)rotate(-75.1026)rotateIntoBiaxial(d,1.7304,0.0000,d)nonlinear(d,1.7304,0.0000,50.0000,d)rotateFromBiaxial(d,1.7304,0.0000,d)nonlinear(6,0.0000,0.0000,1.3671,d)linear(0,0,0,162.0487,d)rotate(5.5809)rotateIntoBiaxial(d,5.7963,0.0000,d)nonlinear(d,5.7963,0.0000,3.4986,d)rotateFromBiaxial(d,5.7963,0.0000,d)nonlinear(6,0.0000,0.0000,7.9226,d)rotate(-19.1010)rotateIntoBiaxial(d,1.1308,0.0000,d)nonlinear(d,1.1308,0.0000,26.9600,d)rotateFromBiaxial(d,1.1308,0.0000,d)nonlinear(6,0.0000,0.0000,15.7616,d)linear(0,0,0,17.3302,d)
34730,0,40,27.5810,27.5660,init()rotateIntoBiaxial(d,0.4792,0.0000,d)nonlinear(d,0.4792,0.0000,300.0000,d)rotateFromBiaxial(d,0.4792,0.0000,d)nonlinear(6,0.0000,0.0000,0.1039,d)rotateIntoBiaxial(d,40.4630,0.0000,d)nonlinear(d,40.4630,0.0000,100.0000,d)rotateFromBiaxial(d,40.4630,0.0000,d)rotate(179.5158)rotateIntoBiaxial(d,139.7471,0.0000,d)nonlinear(d,139.7471,0.0000,300.0000,d)rotateFromBiaxial(d,139.7471,0.0000,d)nonlinear(6,0.0000,0.0000,31.3193,d)rotate(-74.2791)rotateIntoBiaxial(d,1.9536,0.0000,d)nonlinear(d,1.9536,0.0000,50.0000,d)rotateFromBiaxial(d,1.9536,0.0000,d)linear(0,0,0,148.2352,d)rotate(5.5493)rotateIntoBiaxial(d,5.7825,0.0000,d)nonlinear(d,5.7825,0.0000,1.2338,d)rotateFromBiaxial(d,5.7825,0.0000,d)nonlinear(6,0.0000,0.0000,7.6228,d)rotate(-18.7741)rotateIntoBiaxial(d,0.2596,0.0000,d)nonlinear(d,0.2596,0.0000,27.6163,d)rotateFromBiaxial(d,0.2596,0.0000,d)nonlinear(6,0.0000,0.0000,16.9360,d)linear(0,0,0,35.9452,d)rotate(0.2178)
34776,0,40,27.5701,27.5660,init()rotateIntoBiaxial(d,0.6391,0.0000,d)nonlinear(d,0.6391,0.0000,300.0000,d)rotateFromBiaxial(d,0.6391,0.0000,d)nonlinear(6,0.0000,0.0000,0.0034,d)rotateIntoBiaxial(d,40.4330,0.0000,d)nonlinear(d,40.4330,0.0000,100.0000,d)rotateFromBiaxial(d,40.4330,0.0000,d)rotate(179.6300)rotateIntoBiaxial(d,139.7348,0.0000,d)nonlinear(d,139.7348,0.0000,300.0000,d)rotateFromBiaxial(d,139.7348,0.0000,d)nonlinear(6,0.0000,0.0000,33.5118,d)rotate(-77.1855)rotateIntoBiaxial(d,1.9417,0.0000,d)nonlinear(d,1.9417,0.0000,50.0000,d)rotateFromBiaxial(d,1.9417,0.0000,d)linear(0,0,0,160.4998,d)rotate(2.8027)rotateIntoBiaxial(d,6.0855,0.0000,d)nonlinear(d,6.0855,0.0000,1.6377,d)rotateFromBiaxial(d,6.0855,0.0000,d)nonlinear(6,0.0000,0.0000,8.3955,d)rotate(-18.4817)rotateIntoBiaxial(d,0.3137,0.0000,d)nonlinear(d,0.3137,0.0000,27.7937,d)rotateFromBiaxial(d,0.3137,0.0000,d)nonlinear(6,0.0000,0.0000,15.3605,d)linear(0,0,0,33.6916,d)rotate(0.0914)
34822,0,40,27.5821,27.5821,init()rotateIntoBiaxial(d,0.5616,0.0000,d)nonlinear(d,0.5616,0.0000,300.0000,d)rotateFromBiaxial(d,0.5616,0.0000,d)nonlinear(6,0.0000,0.0000,0.0204,d)rotate(0.1064)rotateIntoBiaxial(d,40.4469,0.0000,d)nonlinear(d,40.4469,0.0000,100.0000,d)rotateFromBiaxial(d,40.4469,0.0000,d)rotate(179.6840)rotateIntoBiaxial(d,139.7400,0.0000,d)nonlinear(d,139.7400,0.0000,300.0000,d)rotateFromBiaxial(d,139.7400,0.0000,d)nonlinear(6,0.0000,0.0000,30.8571,d)rotate(-75.9566)rotateIntoBiaxial(d,1.9701,0.0000,d)nonlinear(d,1.9701,0.0000,50.0000,d)rotateFromBiaxial(d,1.9701,0.0000,d)nonlinear(6,0.0000,0.0000,2.6329,d)linear(0,0,0,158.5457,d)rotate(4.0488)rotateIntoBiaxial(d,5.1203,0.0000,d)nonlinear(d,5.1203,0.0000,0.3214,d)rotateFromBiaxial(d,5.1203,0.0000,d)nonlinear(6,0.0000,0.0000,7.7949,d)linear(0,0,0,17.9606,d)rotate(-21.9750)rotateIntoBiaxial(d,0.4968,0.0000,d)nonlinear(d,0.4968,0.0000,29.0970,d)rotateFromBiaxial(d,0.4968,0.0000,d)nonlinear(6,0.0000,0.0000,17.8358,d)linear(0,0,0,44.6835,d)rotate(0.3573)
34868,0,40,27.5875,27.5821,init()rotateIntoBiaxial(d,0.6937,0.0000,d)nonlinear(d,0.6937,0.0000,300.0000,d)rotateFromBiaxial(d,0.6937,0.0000,d)nonlinear(6,0.0000,0.0000,0.0902,d)rotate(0.5638)rotateIntoBiaxial(d,40.4572,0.0000,d)nonlinear(d,40.4572,0.0000,100.0000,d)rotateFromBiaxial(d,40.4572,0.0000,d)rotate(179.5376)rotateIntoBiaxial(d,139.7370,0.0000,d)nonlinear(d,139.7370,0.0000,300.0000,d)rotateFromBiaxial(d,139.7370,0.0000,d)nonlinear(6,0.0000,0.0000,32.2066,d)rotate(-76.7778)rotateIntoBiaxial(d,1.5952,0.0000,d)nonlinear(d,1.5952,0.0000,50.0000,d)rotateFromBiaxial(d,1.5952,0.0000,d)nonlinear(6,0.0000,0.0000,1.7691,d)linear(0,0,0,174.9912,d)rotate(4.4091)nonlinear(6,0.0000,0.0000,6.7836,d)linear(0,0,0,8.1605,d)rotate(-16.6757)rotateIntoBiaxial(d,0.3062,0.0000,d)nonlinear(d,0.3062,0.0000,28.1828,d)rotateFromBiaxial(d,0.3062,0.0000,d)nonlinear(6,0.0000,0.0000,12.6887,d)linear(0,0,0,28.6143,d)rotate(0.1807)
34914,0,40,27.5815,27.5821,init()rotateIntoBiaxial(d,0.6031,0.0000,d)nonlinear(d,0.6031,0.0000,300.0000,d)rotateFromBiaxial(d,0.6031,0.0000,d)nonlinear(6,0.0000,0.0000,0.1365,d)rotateIntoBiaxial(d,40.4449,0.0000,d)nonlinear(d,40.4449,0.0000,100.0000,d)rotateFromBiaxial(d,40.4449,0.0000,d)rotate(179.6192)rotateIntoBiaxial(d,139.7352,0.0000,d)nonlinear(d,139.7352,0.0000,300.0000,d)rotateFromBiaxial(d,139.7352,0.0000,d)nonlinear(6,0.0000,0.0000,37.5302,d)rotate(-75.9565)rotateIntoBiaxial(d,2.2435,0.0000,d)nonlinear(d,2.2435,0.0000,50.0000,d)rotateFromBiaxial(d,2.2435,0.0000,d)nonlinear(6,0.0000,0.0000,1.2062,d)linear(0,0,0,158.4690,d)rotate(2.9363)rotateIntoBiaxial(d,5.4170,0.0000,d)nonlinear(d,5.4170,0.0000,4.0186,d)rotateFromBiaxial(d,5.4170,0.0000,d)nonlinear(6,0.0000,0.0000,6.7405,d)linear(0,0,0,7.3251,d)rotate(-21.1330)rotateIntoBiaxial(d,0.9861,0.0000,d)nonlinear(d,0.9861,0.0000,26.5191,d)rotateFromBiaxial(d,0.9861,0.0000,d)nonlinear(6,0.0000,0.0000,14.8826,d)linear(0,0,0,69.3555,d)rotate(0.0267)
34960,0,40,27.6077,27.5821,init()rotateIntoBiaxial(d,0.6614,0.0000,d)nonlinear(d,0.6614,0.0000,300.0000,d)rotateFromBiaxial(d,0.6614,0.0000,d)nonlinear(6,0.0000,0.0000,0.3071,d)rotateIntoBiaxial(d,40.4510,0.0000,d)nonlinear(d,40.4510,0.0000,100.0000,d)rotateFromBiaxial(d,40.4510,0.0000,d)rotate(179.4051)rotateIntoBiaxial(d,139.7210,0.0000,d)nonlinear(d,139.7210,0.0000,300.0000,d)rotateFromBiaxial(d,139.7210,0.0000,d)nonlinear(6,0.0000,0.0000,35.5860,d)rotate(-76.9543)rotateIntoBiaxial(d,1.6677,0.0000,d)nonlinear(d,1.6677,0.0000,50.0000,d)rotateFromBiaxial(d,1.6677,0.0000,d)nonlinear(6,0.0000,0.0000,1.8398,d)linear(0,0,0,158.7102,d)rotate(4.4459)rotateIntoBiaxial(d,5.2239,0.0000,d)nonlinear(d,5.2239,0.0000,1.3678,d)rotateFromBiaxial(d,5.2239,0.0000,d)nonlinear(6,0.0000,0.0000,6.0914,d)linear(0,0,0,1.0454,d)rotate(-17.6745)rotateIntoBiaxial(d,0.2728,0.0000,d)nonlinear(d,0.2728,0.0000,28.3391,d)rotateFromBiaxial(d,0.2728,0.0000,d)nonlinear(6,0.0000,0.0000,15.7523,d)linear(0,0,0,53.3696,d)rotate(0.1156)
35006,0,40,27.6146,27.6146,init()rotateIntoBiaxial(d,0.7247,0.0000,d)nonlinear(d,0.7247,0.0000,300.0000,d)rotateFromBiaxial(d,0.7247,0.0000,d)nonlinear(6,0.0000,0.0000,0.2595,d)rotateIntoBiaxial(d,40.4557,0.0000,d)nonlinear(d,40.4557,0.0000,100.0000,d)rotateFromBiaxial(d,40.4557,0.0000,d)rotate(179.8966)rotateIntoBiaxial(d,139.7265,0.0000,d)nonlinear(d,139.7265,0.0000,300.0000,d)rotateFromBiaxial(d,139.7265,0.0000,d)nonlinear(6,0.0000,0.0000,33.0158,d)rotate(-75.3875)rotateIntoBiaxial(d,2.3796,0.0000,d)nonlinear(d,2.3796,0.0000,50.0000,d)rotateFromBiaxial(d,2.3796,0.0000,d)linear(0,0,0,140.7207,d)rotate(4.4970)nonlinear(6,0.0000,0.0000,6.2626,d)linear(0,0,0,20.2197,d)rotate(-20.6492)rotateIntoBiaxial(d,0.6079,0.0000,d)nonlinear(d,0.6079,0.0000,27.1591,d)rotateFromBiaxial(d,0.6079,0.0000,d)nonlinear(6,0.0000,0.0000,18.1602,d)linear(0,0,0,57.4925,d)rotate(-0.0797)
35052,0,40,27.5834,27.5834,init()rotateIntoBiaxial(d,0.5581,0.0000,d)nonlinear(d,0.5581,0.0000,300.0000,d)rotateFromBiaxial(d,0.5581,0.0000,d)nonlinear(6,0.0000,0.0000,0.4734,d)rotate(0.5793)rotateIntoBiaxial(d,40.4434,0.0000,d)nonlinear(d,40.4434,0.0000,100.0000,d)rotateFromBiaxial(d,40.4434,0.0000,d)rotate(179.8319)rotateIntoBiaxial(d,139.7288,0.0000,d)nonlinear(d,139.7288,0.0000,300.0000,d)rotateFromBiaxial(d,139.7288,0.0000,d)nonlinear(6,0.0000,0.0000,33.5558,d)rotate(-78.1729)rotateIntoBiaxial(d,2.3967,0.0000,d)nonlinear(d,2.3967,0.0000,50.0000,d)rotateFromBiaxial(d,2.3967,0.0000,d)nonlinear(6,0.0000,0.0000,5.2855,d)linear(0,0,0,167.6303,d)rotate(4.4840)nonlinear(6,0.0000,0.0000,7.7811,d)linear(0,0,0,20.0326,d)rotate(-21.0563)rotateIntoBiaxial(d,0.0090,0.0000,d)nonlinear(d,0.0090,0.0000,29.9777,d)rotateFromBiaxial(d,0.0090,0.0000,d)nonlinear(6,0.0000,0.0000,12.0911,d)linear(0,0,0,24.0545,d)rotate(0.1048)
35098,0,40,27.5741,27.5834,init()rotateIntoBiaxial(d,0.4238,0.0000,d)nonlinear(d,0.4238,0.0000,300.0000,d)rotateFromBiaxial(d,0.4238,0.0000,d)nonlinear(6,0.0000,0.0000,0.2083,d)rotate(0.5695)rotateIntoBiaxial(d,40.4421,0.0000,d)nonlinear(d,40.4421,0.0000,100.0000,d)rotateFromBiaxial(d,40.4421,0.0000,d)rotate(179.4606)rotateIntoBiaxial(d,139.7320,0.0000,d)nonlinear(d,139.7320,0.0000,300.0000,d)rotateFromBiaxial(d,139.7320,0.0000,d)nonlinear(6,0.0000,0.0000,33.5060,d)rotate(-76.8036)rotateIntoBiaxial(d,2.8434,0.0000,d)nonlinear(d,2.8434,0.0000,50.0000,d)rotateFromBiaxial(d,2.8434,0.0000,d)nonlinear(6,0.0000,0.0000,2.8399,d)linear(0,0,0,173.9388,d)rotate(4.8155)nonlinear(6,0.0000,0.0000,7.1059,d)rotate(-22.2756)rotateIntoBiaxial(d,0.0257,0.0000,d)nonlinear(d,0.0257,0.0000,27.8563,d)rotateFromBiaxial(d,0.0257,0.0000,d)nonlinear(6,0.0000,0.0000,15.9186,d)linear(0,0,0,30.6418,d)rotate(0.0659)
35144,0,40,27.5677,27.5834,init()rotateIntoBiaxial(d,0.5013,0.0000,d)nonlinear(d,0.5013,0.0000,300.0000,d)rotateFromBiaxial(d,0.5013,0.0000,d)nonlinear(6,0.0000,0.0000,0.4932,d)rotate(0.1157)rotateIntoBiaxial(d,40.4467,0.0000,d)nonlinear(d,40.4467,0.0000,100.0000,d)rotateFromBiaxial(d,40.4467,0.0000,d)rotate(179.6579)rotateIntoBiaxial(d,139.7363,0.0000,d)nonlinear(d,139.7363,0.0000,300.0000,d)rotateFromBiaxial(d,139.7363,0.0000,d)nonlinear(6,0.0000,0.0000,35.3633,d)rotate(-76.3275)rotateIntoBiaxial(d,2.2616,0.0000,d)nonlinear(d,2.2616,0.0000,50.0000,d)rotateFromBiaxial(d,2.2616,0.0000,d)nonlinear(6,0.0000,0.0000,6.6977,d)linear(0,0,0,160.5923,d)rotate(5.8660)nonlinear(6,0.0000,0.0000,7.6479,d)linear(0,0,0,35.1741,d)rotate(-17.7243)rotateIntoBiaxial(d,0.0084,0.0000,d)nonlinear(d,0.0084,0.0000,26.9533,d)rotateFromBiaxial(d,0.0084,0.0000,d)nonlinear(6,0.0000,0.0000,17.3477,d)linear(0,0,0,14.3098,d)rotate(0.2299)
35190,0,40,27.6057,27.5834,init()rotateIntoBiaxial(d,0.5700,0.0000,d)nonlinear(d,0.5700,0.0000,300.0000,d)rotateFromBiaxial(d,0.5700,0.0000,d)nonlinear(6,0.0000,0.0000,0.1520,d)rotateIntoBiaxial(d,40.4571,0.0000,d)nonlinear(d,40.4571,0.0000,100.0000,d)rotateFromBiaxial(d,40.4571,0.0000,d)rotate(179.9014)rotateIntoBiaxial(d,139.7353,0.0000,d)nonlinear(d,139.7353,0.0000,300.0000,d)rotateFromBiaxial(d,139.7353,0.0000,d)nonlinear(6,0.0000,0.0000,34.9939,d)rotate(-75.7943)rotateIntoBiaxial(d,2.9644,0.0000,d)nonlinear(d,2.9644,0.0000,50.0000,d)rotateFromBiaxial(d,2.9644,0.0000,d)nonlinear(6,0.0000,0.0000,4.1644,d)linear(0,0,0,182.1891,d)rotate(7.9662)rotateIntoBiaxial(d,5.4808,0.0000,d)nonlinear(d,5.4808,0.0000,1.0191,d)rotateFromBiaxial(d,5.4808,0.0000,d)nonlinear(6,0.0000,0.0000,6.1693,d)linear(0,0,0,42.6088,d)rotate(-21.3905)rotateIntoBiaxial(d,0.1518,0.0000,d)nonlinear(d,0.1518,0.0000,34.4692,d)rotateFromBiaxial(d,0.1518,0.0000,d)nonlinear(6,0.0000,0.0000,14.6622,d)linear(0,0,0,18.7900,d)rotate(0.1890)
35236,0,40,27.5776,27.5834,init()rotateIntoBiaxial(d,0.5766,0.0000,d)nonlinear(d,0.5766,0.0000,300.0000,d)rotateFromBiaxial(d,0.5766,0.0000,d)nonlinear(6,0.0000,0.0000,0.0301,d)rotate(0.0215)rotateIntoBiaxial(d,40.4340,0.0000,d)nonlinear(d,40.4340,0.0000,100.0000,d)rotateFromBiaxial(d,40.4340,0.0000,d)rotate(179.8887)rotateIntoBiaxial(d,139.7338,0.0000,d)nonlinear(d,139.7338,0.0000,300.0000,d)rotateFromBiaxial(d,139.7338,0.0000,d)nonlinear(6,0.0000,0.0000,36.3843,d)rotate(-77.5449)rotateIntoBiaxial(d,1.7619,0.0000,d)nonlinear(d,1.7619,0.0000,50.0000,d)rotateFromBiaxial(d,1.7619,0.0000,d)linear(0,0,0,164.7351,d)rotate(5.7468)nonlinear(6,0.0000,0.0000,8.1176,d)rotate(-23.6158)rotateIntoBiaxial(d,0.0979,0.0000,d)nonlinear(d,0.0979,0.0000,29.8978,d)rotateFromBiaxial(d,0.0979,0.0000,d)nonlinear(6,0.0000,0.0000,14.5864,d)linear(0,0,0,9.4835,d)rotate(0.1876)
35282,0,40,27.5452,27.5834,init()rotateIntoBiaxial(d,0.3403,0.0000,d)nonlinear(d,0.3403,0.0000,300.0000,d)rotateFromBiaxial(d,0.3403,0.0000,d)nonlinear(6,0.0000,0.0000,0.0271,d)rotateIntoBiaxial(d,40.4329,0.0000,d)nonlinear(d,40.4329,0.0000,100.0000,d)rotateFromBiaxial(d,40.4329,0.0000,d)rotate(179.7540)rotateIntoBiaxial(d,139.7411,0.0000,d)nonlinear(d,139.7411,0.0000,300.0000,d)rotateFromBiaxial(d,139.7411,0.0000,d)nonlinear(6,0.0000,0.0000,32.0926,d)rotate(-76.5010)rotateIntoBiaxial(d,1.4560,0.0000,d)nonlinear(d,1.4560,0.0000,50.0000,d)rotateFromBiaxial(d,1.4560,0.0000,d)linear(0,0,0,142.5408,d)rotate(3.8406)nonlinear(6,0.0000,0.0000,11.3881,d)linear(0,0,0,51.8981,d)rotate(-22.9443)rotateIntoBiaxial(d,0.1590,0.0000,d)nonlinear(d,0.1590,0.0000,30.6600,d)rotateFromBiaxial(d,0.1590,0.0000,d)nonlinear(6,0.0000,0.0000,14.8797,d)linear(0,0,0,25.5211,d)rotate(0.0848)
35328,0,40,27.5902,27.5834,init()rotateIntoBiaxial(d,0.4339,0.0000,d)nonlinear(d,0.4339,0.0000,300.0000,d)rotateFromBiaxial(d,0.4339,0.0000,d)nonlinear(6,0.0000,0.0000,0.2173,d)rotateIntoBiaxial(d,40.4475,0.0000,d)nonlinear(d,40.4475,0.0000,100.0000,d)rotateFromBiaxial(d,40.4475,0.0000,d)rotate(179.9996)rotateIntoBiaxial(d,139.7295,0.0000,d)nonlinear(d,139.7295,0.0000,300.0000,d)rotateFromBiaxial(d,139.7295,0.0000,d)nonlinear(6,0.0000,0.0000,33.5174,d)rotate(-78.4649)rotateIntoBiaxial(d,2.6227,0.0000,d)nonlinear(d,2.6227,0.0000,50.0000,d)rotateFromBiaxial(d,2.6227,0.0000,d)linear(0,0,0,161.1192,d)rotate(5.7371)nonlinear(6,0.0000,0.0000,7.9568,d)linear(0,0,0,21.6420,d)rotate(-23.2862)rotateIntoBiaxial(d,0.6434,0.0000,d)nonlinear(d,0.6434,0.0000,34.8410,d)rotateFromBiaxial(d,0.6434,0.0000,d)nonlinear(6,0.0000,0.0000,13.0298,d)linear(0,0,0,25.2285,d)rotate(1.1084)
35374,0,40,27.5949,27.5834,init()rotateIntoBiaxial(d,0.3647,0.0000,d)nonlinear(d,0.3647,0.0000,300.0000,d)rotateFromBiaxial(d,0.3647,0.0000,d)nonlinear(6,0.0000,0.0000,0.1257,d)rotateIntoBiaxial(d,40.4516,0.0000,d)nonlinear(d,40.4516,0.0000,100.0000,d)rotateFromBiaxial(d,40.4516,0.0000,d)rotate(179.8185)rotateIntoBiaxial(d,139.7286,0.0000,d)nonlinear(d,139.7286,0.0000,300.0000,d)rotateFromBiaxial(d,139.7286,0.0000,d)nonlinear(6,0.0000,0.0000,31.6623,d)rotate(-77.0563)rotateIntoBiaxial(d,1.2290,0.0000,d)nonlinear(d,1.2290,0.0000,50.0000,d)rotateFromBiaxial(d,1.2290,0.0000,d)nonlinear(6,0.0000,0.0000,3.0094,d)linear(0,0,0,196.4603,d)rotate(4.5137)nonlinear(6,0.0000,0.0000,7.9964,d)rotate(-23.1752)rotateIntoBiaxial(d,0.6278,0.0000,d)nonlinear(d,0.6278,0.0000,32.2905,d)rotateFromBiaxial(d,0.6278,0.0000,d)nonlinear(6,0.0000,0.0000,14.6821,d)linear(0,0,0,44.9396,d)rotate(0.0305)
35420,0,40,27.5841,27.5834,init()rotateIntoBiaxial(d,0.6736,0.0000,d)nonlinear(d,0.6736,0.0000,300.0000,d)rotateFromBiaxial(d,0.6736,0.0000,d)nonlinear(6,0.0000,0.0000,0.1758,d)rotateIntoBiaxial(d,40.4426,0.0000,d)nonlinear(d,40.4426,0.0000,100.0000,d)rotateFromBiaxial(d,40.4426,0.0000,d)rotate(179.5651)rotateIntoBiaxial(d,139.7355,0.0000,d)nonlinear(d,139.7355,0.0000,300.0000,d)rotateFromBiaxial(d,139.7355,0.0000,d)nonlinear(6,0.0000,0.0000,31.6113,d)rotate(-76.6915)rotateIntoBiaxial(d,1.8981,0.0000,d)nonlinear(d,1.8981,0.0000,50.0000,d)rotateFromBiaxial(d,1.8981,0.0000,d)nonlinear(6,0.0000,0.0000,3.5854,d)linear(0,0,0,141.3315,d)rotate(4.0017)nonlinear(6,0.0000,0.0000,9.2995,d)linear(0,0,0,5.3503,d)rotate(-19.7275)rotateIntoBiaxial(d,2.6314,0.0000,d)nonlinear(d,2.6314,0.0000,30.2973,d)rotateFromBiaxial(d,2.6314,0.0000,d)nonlinear(6,0.0000,0.0000,14.1194,d)linear(0,0,0,45.6809,d)rotate(0.3134)
35466,0,40,27.5572,27.5834,init()rotateIntoBiaxial(d,0.4614,0.0000,d)nonlinear(d,0.4614,0.0000,300.0000,d)rotateFromBiaxial(d,0.4614,0.0000,d)nonlinear(6,0.0000,0.0000,0.4238,d)rotateIntoBiaxial(d,40.4344,0.0000,d)nonlinear(d,40.4344,0.0000,100.0000,d)rotateFromBiaxial(d,40.4344,0.0000,d)rotate(179.9621)rotateIntoBiaxial(d,139.7366,0.0000,d)nonlinear(d,139.7366,0.0000,300.0000,d)rotateFromBiaxial(d,139.7366,0.0000,d)nonlinear(6,0.0000,0.0000,31.2021,d)linear(0,0,0,12.4764,d)rotate(-77.3704)rotateIntoBiaxial(d,2.0017,0.0000,d)nonlinear(d,2.0017,0.0000,50.0000,d)rotateFromBiaxial(d,2.0017,0.0000,d)nonlinear(6,0.0000,0.0000,2.9525,d)linear(0,0,0,174.4223,d)rotate(4.1288)nonlinear(6,0.0000,0.0000,8.0275,d)rotate(-18.0599)rotateIntoBiaxial(d,0.6743,0.0000,d)nonlinear(d,0.6743,0.0000,32.5924,d)rotateFromBiaxial(d,0.6743,0.0000,d)nonlinear(6,0.0000,0.0000,14.0038,d)linear(0,0,0,35.2452,d)rotate(0.0956)
35512,0,40,27.6486,27.5834,init()rotateIntoBiaxial(d,0.5404,0.0000,d)nonlinear(d,0.5404,0.0000,300.0000,d)rotateFromBiaxial(d,0.5404,0.0000,d)nonlinear(6,0.0000,0.0000,0.0146,d)rotateIntoBiaxial(d,40.4707,0.0000,d)nonlinear(d,40.4707,0.0000,100.0000,d)rotateFromBiaxial(d,40.4707,0.0000,d)rotate(179.7206)rotateIntoBiaxial(d,139.7263,0.0000,d)nonlinear(d,139.7263,0.0000,300.0000,d)rotateFromBiaxial(d,139.7263,0.0000,d)nonlinear(6,0.0000,0.0000,32.0905,d)rotate(-74.7190)rotateIntoBiaxial(d,2.3309,0.0000,d)nonlinear(d,2.3309,0.0000,50.0000,d)rotateFromBiaxial(d,2.3309,0.0000,d)nonlinear(6,0.0000,0.0000,3.0888,d)linear(0,0,0,156.1662,d)rotate(4.2112)nonlinear(6,0.0000,0.0000,8.5293,d)linear(0,0,0,22.1418,d)rotate(-21.4975)rotateIntoBiaxial(d,0.0605,0.0000,d)nonlinear(d,0.0605,0.0000,32.4357,d)rotateFromBiaxial(d,0.0605,0.0000,d)nonlinear(6,0.0000,0.0000,15.9133,d)linear(0,0,0,95.5783,d)rotate(0.0912)
35558,0,40,27.5857,27.5857,init()rotateIntoBiaxial(d,0.5454,0.0000,d)nonlinear(d,0.5454,0.0000,300.0000,d)rotateFromBiaxial(d,0.5454,0.0000,d)nonlinear(6,0.0000,0.0000,0.0121,d)rotateIntoBiaxial(d,40.4366,0.0000,d)nonlinear(d,40.4366,0.0000,100.0000,d)rotateFromBiaxial(d,40.4366,0.0000,d)rotate(179.6471)rotateIntoBiaxial(d,139.7322,0.0000,d)nonlinear(d,139.7322,0.0000,300.0000,d)rotateFromBiaxial(d,139.7322,0.0000,d)nonlinear(6,0.0000,0.0000,33.6538,d)rotate(-77.2893)rotateIntoBiaxial(d,1.5603,0.0000,d)nonlinear(d,1.5603,0.0000,50.0000,d)rotateFromBiaxial(d,1.5603,0.0000,d)linear(0,0,0,173.5767,d)rotate(3.5213)rotateIntoBiaxial(d,5.6343,0.0000,d)nonlinear(d,5.6343,0.0000,1.8095,d)rotateFromBiaxial(d,5.6343,0.0000,d)nonlinear(6,0.0000,0.0000,6.5339,d)linear(0,0,0,13.1737,d)rotate(-24.3489)rotateIntoBiaxial(d,1.6532,0.0000,d)nonlinear(d,1.6532,0.0000,31.0838,d)rotateFromBiaxial(d,1.6532,0.0000,d)nonlinear(6,0.0000,0.0000,16.0596,d)linear(0,0,0,12.1537,d)rotate(0.3134)
35604,0,40,27.5385,27.5857,init()rotateIntoBiaxial(d,0.1540,0.0000,d)nonlinear(d,0.1540,0.0000,300.0000,d)rotateFromBiaxial(d,0.1540,0.0000,d)nonlinear(6,0.0000,0.0000,0.0448,d)rotateIntoBiaxial(d,40.4342,0.0000,d)nonlinear(d,40.4342,0.0000,100.0000,d)rotateFromBiaxial(d,40.4342,0.0000,d)rotate(179.5431)rotateIntoBiaxial(d,139.7319,0.0000,d)nonlinear(d,139.7319,0.0000,300.0000,d)rotateFromBiaxial(d,139.7319,0.0000,d)nonlinear(6,0.0000,0.0000,33.8132,d)rotate(-75.7649)rotateIntoBiaxial(d,2.0401,0.0000,d)nonlinear(d,2.0401,0.0000,50.0000,d)rotateFromBiaxial(d,2.0401,0.0000,d)nonlinear(6,0.0000,0.0000,4.1029,d)linear(0,0,0,183.0837,d)rotate(5.0379)nonlinear(6,0.0000,0.0000,6.5416,d)linear(0,0,0,2.0760,d)rotate(-22.3340)rotateIntoBiaxial(d,0.0319,0.0000,d)nonlinear(d,0.0319,0.0000,27.6915,d)rotateFromBiaxial(d,0.0319,0.0000,d)nonlinear(6,0.0000,0.0000,10.7632,d)linear(0,0,0,1.3229,d)rotate(0.2996)
35650,0,40,27.5611,27.5857,init()rotateIntoBiaxial(d,0.4532,0.0000,d)nonlinear(d,0.4532,0.0000,300.0000,d)rotateFromBiaxial(d,0.4532,0.0000,d)nonlinear(6,0.0000,0.0000,0.3746,d)rotateIntoBiaxial(d,40.4278,0.0000,d)nonlinear(d,40.4278,0.0000,100.0000,d)rotateFromBiaxial(d,40.4278,0.0000,d)rotate(179.9804)rotateIntoBiaxial(d,139.7371,0.0000,d)nonlinear(d,139.7371,0.0000,300.0000,d)rotateFromBiaxial(d,139.7371,0.0000,d)nonlinear(6,0.0000,0.0000,32.9411,d)rotate(-74.9855)rotateIntoBiaxial(d,2.1424,0.0000,d)nonlinear(d,2.1424,0.0000,50.0000,d)rotateFromBiaxial(d,2.1424,0.0000,d)nonlinear(6,0.0000,0.0000,4.1394,d)linear(0,0,0,156.1669,d)rotate(4.5252)rotateIntoBiaxial(d,5.8020,0.0000,d)nonlinear(d,5.8020,0.0000,6.2471,d)rotateFromBiaxial(d,5.8020,0.0000,d)nonlinear(6,0.0000,0.0000,9.4071,d)rotate(-21.9300)rotateIntoBiaxial(d,1.0289,0.0000,d)nonlinear(d,1.0289,0.0000,31.4140,d)rotateFromBiaxial(d,1.0289,0.0000,d)nonlinear(6,0.0000,0.0000,14.7667,d)linear(0,0,0,50.4635,d)rotate(0.1354)
35696,0,40,27.5566,27.5857,init()rotateIntoBiaxial(d,0.2832,0.0000,d)nonlinear(d,0.2832,0.0000,300.0000,d)rotateFromBiaxial(d,0.2832,0.0000,d)nonlinear(6,0.0000,0.0000,0.0406,d)rotateIntoBiaxial(d,40.4328,0.0000,d)nonlinear(d,40.4328,0.0000,100.0000,d)rotateFromBiaxial(d,40.4328,0.0000,d)linear(0,0,0,0.0771,d)rotate(179.9348)rotateIntoBiaxial(d,139.7342,0.0000,d)nonlinear(d,139.7342,0.0000,300.0000,d)rotateFromBiaxial(d,139.7342,0.0000,d)nonlinear(6,0.0000,0.0000,34.7870,d)rotate(-76.4131)rotateIntoBiaxial(d,1.9222,0.0000,d)nonlinear(d,1.9222,0.0000,50.0000,d)rotateFromBiaxial(d,1.9222,0.0000,d)nonlinear(6,0.0000,0.0000,0.6761,d)linear(0,0,0,172.6597,d)rotate(3.1624)nonlinear(6,0.0000,0.0000,8.5334,d)rotate(-22.8377)rotateIntoBiaxial(d,0.9526,0.0000,d)nonlinear(d,0.9526,0.0000,29.8236,d)rotateFromBiaxial(d,0.9526,0.0000,d)nonlinear(6,0.0000,0.0000,12.5675,d)linear(0,0,0,6.6700,d)rotate(0.3588)
35742,0,40,27.6052,27.5857,init()rotateIntoBiaxial(d,0.6237,0.0000,d)nonlinear(d,0.6237,0.0000,300.0000,d)rotateFromBiaxial(d,0.6237,0.0000,d)nonlinear(6,0.0000,0.0000,0.2582,d)rotateIntoBiaxial(d,40.4596,0.0000,d)nonlinear(d,40.4596,0.0000,100.0000,d)rotateFromBiaxial(d,40.4596,0.0000,d)rotate(179.9126)rotateIntoBiaxial(d,139.7428,0.0000,d)nonlinear(d,139.7428,0.0000,300.0000,d)rotateFromBiaxial(d,139.7428,0.0000,d)nonlinear(6,0.0000,0.0000,32.8589,d)rotate(-75.7970)rotateIntoBiaxial(d,2.2596,0.0000,d)nonlinear(d,2.2596,0.0000,50.0000,d)rotateFromBiaxial(d,2.2596,0.0000,d)nonlinear(6,0.0000,0.0000,1.8264,d)linear(0,0,0,150.9021,d)rotate(2.6479)nonlinear(6,0.0000,0.0000,8.2752,d)rotate(-20.8909)rotateIntoBiaxial(d,1.2538,0.0000,d)nonlinear(d,1.2538,0.0000,31.2029,d)rotateFromBiaxial(d,1.2538,0.0000,d)nonlinear(6,0.0000,0.0000,14.1406,d)linear(0,0,0,18.4092,d)rotate(0.6063)
35788,0,40,27.6152,27.5857,init()rotateIntoBiaxial(d,0.4764,0.0000,d)nonlinear(d,0.4764,0.0000,300.0000,d)rotateFromBiaxial(d,0.4764,0.0000,d)nonlinear(6,0.0000,0.0000,0.1425,d)rotateIntoBiaxial(d,40.4567,0.0000,d)nonlinear(d,40.4567,0.0000,100.0000,d)rotateFromBiaxial(d,40.4567,0.0000,d)rotate(179.4772)rotateIntoBiaxial(d,139.7315,0.0000,d)nonlinear(d,139.7315,0.0000,300.0000,d)rotateFromBiaxial(d,139.7315,0.0000,d)nonlinear(6,0.0000,0.0000,35.5642,d)rotate(-76.4457)rotateIntoBiaxial(d,1.4398,0.0000,d)nonlinear(d,1.4398,0.0000,50.0000,d)rotateFromBiaxial(d,1.4398,0.0000,d)nonlinear(6,0.0000,0.0000,2.9979,d)linear(0,0,0,162.1477,d)rotate(5.0637)nonlinear(6,0.0000,0.0000,7.1457,d)rotate(-24.7186)rotateIntoBiaxial(d,0.6877,0.0000,d)nonlinear(d,0.6877,0.0000,29.3262,d)rotateFromBiaxial(d,0.6877,0.0000,d)nonlinear(6,0.0000,0.0000,11.4791,d)linear(0,0,0,25.6746,d)rotate(0.4070)
35834,0,40,27.5747,27.5857,init()rotateIntoBiaxial(d,0.4605,0.0000,d)nonlinear(d,0.4605,0.0000,300.0000,d)rotateFromBiaxial(d,0.4605,0.0000,d)nonlinear(6,0.0000,0.0000,0.0590,d)rotateIntoBiaxial(d,40.4426,0.0000,d)nonlinear(d,40.4426,0.0000,100.0000,d)rotateFromBiaxial(d,40.4426,0.0000,d)rotate(179.8443)rotateIntoBiaxial(d,139.7415,0.0000,d)nonlinear(d,139.7415,0.0000,300.0000,d)rotateFromBiaxial(d,139.7415,0.0000,d)nonlinear(6,0.0000,0.0000,35.0381,d)rotate(-77.4245)rotateIntoBiaxial(d,1.8604,0.0000,d)nonlinear(d,1.8604,0.0000,50.0000,d)rotateFromBiaxial(d,1.8604,0.0000,d)nonlinear(6,0.0000,0.0000,1.7190,d)linear(0,0,0,179.5686,d)rotate(2.6700)nonlinear(6,0.0000,0.0000,7.3027,d)rotate(-25.2580)rotateIntoBiaxial(d,0.5193,0.0000,d)nonlinear(d,0.5193,0.0000,31.0644,d)rotateFromBiaxial(d,0.5193,0.0000,d)nonlinear(6,0.0000,0.0000,10.4673,d)linear(0,0,0,13.2567,d)rotate(0.7289)
35880,0,40,27.6065,27.5857,init()rotateIntoBiaxial(d,0.4418,0.0000,d)nonlinear(d,0.4418,0.0000,300.0000,d)rotateFromBiaxial(d,0.4418,0.0000,d)nonlinear(6,0.0000,0.0000,0.1752,d)rotateIntoBiaxial(d,40.4579,0.0000,d)nonlinear(d,40.4579,0.0000,100.0000,d)rotateFromBiaxial(d,40.4579,0.0000,d)rotate(179.8990)rotateIntoBiaxial(d,139.7291,0.0000,d)nonlinear(d,139.7291,0.0000,300.0000,d)rotateFromBiaxial(d,139.7291,0.0000,d)nonlinear(6,0.0000,0.0000,35.3645,d)rotate(-78.3125)rotateIntoBiaxial(d,2.5505,0.0000,d)nonlinear(d,2.5505,0.0000,50.0000,d)rotateFromBiaxial(d,2.5505,0.0000,d)nonlinear(6,0.0000,0.0000,1.9325,d)linear(0,0,0,154.6506,d)rotate(3.5218)nonlinear(6,0.0000,0.0000,5.6196,d)rotate(-21.2004)rotateIntoBiaxial(d,0.2613,0.0000,d)nonlinear(d,0.2613,0.0000,31.7651,d)rotateFromBiaxial(d,0.2613,0.0000,d)nonlinear(6,0.0000,0.0000,11.9759,d)linear(0,0,0,4.2540,d)rotate(0.3875)
35926,0,40,27.5941,27.5857,init()rotateIntoBiaxial(d,0.6849,0.0000,d)nonlinear(d,0.6849,0.0000,300.0000,d)rotateFromBiaxial(d,0.6849,0.0000,d)nonlinear(6,0.0000,0.0000,0.2312,d)rotateIntoBiaxial(d,40.4493,0.0000,d)nonlinear(d,40.4493,0.0000,100.0000,d)rotateFromBiaxial(d,40.4493,0.0000,d)rotate(179.9857)rotateIntoBiaxial(d,139.7358,0.0000,d)nonlinear(d,139.7358,0.0000,300.0000,d)rotateFromBiaxial(d,139.7358,0.0000,d)nonlinear(6,0.0000,0.0000,35.8926,d)rotate(-77.7498)rotateIntoBiaxial(d,2.1582,0.0000,d)nonlinear(d,2.1582,0.0000,50.0000,d)rotateFromBiaxial(d,2.1582,0.0000,d)linear(0,0,0,148.5050,d)rotate(1.8834)nonlinear(6,0.0000,0.0000,11.9209,d)rotate(-19.2850)rotateIntoBiaxial(d,1.0953,0.0000,d)nonlinear(d,1.0953,0.0000,33.0327,d)rotateFromBiaxial(d,1.0953,0.0000,d)nonlinear(6,0.0000,0.0000,13.2507,d)linear(0,0,0,50.2434,d)rotate(0.3832)
35972,0,40,27.5640,27.5857,init()rotateIntoBiaxial(d,0.6939,0.0000,d)nonlinear(d,0.6939,0.0000,300.0000,d)rotateFromBiaxial(d,0.6939,0.0000,d)nonlinear(6,0.0000,0.0000,0.3183,d)rotate(0.3222)rotateIntoBiaxial(d,40.4373,0.0000,d)nonlinear(d,40.4373,0.0000,100.0000,d)rotateFromBiaxial(d,40.4373,0.0000,d)rotate(179.9670)rotateIntoBiaxial(d,139.7415,0.0000,d)nonlinear(d,139.7415,0.0000,300.0000,d)rotateFromBiaxial(d,139.7415,0.0000,d)nonlinear(6,0.0000,0.0000,31.0297,d)rotate(-77.6882)rotateIntoBiaxial(d,2.0309,0.0000,d)nonlinear(d,2.0309,0.0000,50.0000,d)rotateFromBiaxial(d,2.0309,0.0000,d)nonlinear(6,0.0000,0.0000,2.3830,d)linear(0,0,0,193.7914,d)rotate(2.2682)nonlinear(6,0.0000,0.0000,6.5523,d)rotate(-23.8150)rotateIntoBiaxial(d,0.8724,0.0000,d)nonlinear(d,0.8724,0.0000,33.6800,d)rotateFromBiaxial(d,0.8724,0.0000,d)nonlinear(6,0.0000,0.0000,13.5651,d)linear(0,0,0,81.2734,d)rotate(0.5980)
36018,0,40,27.5977,27.5857,init()rotateIntoBiaxial(d,0.4692,0.0000,d)nonlinear(d,0.4692,0.0000,300.0000,d)rotateFromBiaxial(d,0.4692,0.0000,d)nonlinear(6,0.0000,0.0000,0.0133,d)rotateIntoBiaxial(d,40.4491,0.0000,d)nonlinear(d,40.4491,0.0000,100.0000,d)rotateFromBiaxial(d,40.4491,0.0000,d)rotate(179.7044)rotateIntoBiaxial(d,139.7340,0.0000,d)nonlinear(d,139.7340,0.0000,300.0000,d)rotateFromBiaxial(d,139.7340,0.0000,d)nonlinear(6,0.0000,0.0000,32.3794,d)rotate(-76.1066)rotateIntoBiaxial(d,3.2355,0.0000,d)nonlinear(d,3.2355,0.0000,50.0000,d)rotateFromBiaxial(d,3.2355,0.0000,d)nonlinear(6,0.0000,0.0000,1.8873,d)linear(0,0,0,175.6129,d)rotate(2.7101)nonlinear(6,0.0000,0.0000,7.3156,d)linear(0,0,0,2.5768,d)rotate(-20.5663)rotateIntoBiaxial(d,1.5380,0.0000,d)nonlinear(d,1.5380,0.0000,32.9376,d)rotateFromBiaxial(d,1.5380,0.0000,d)nonlinear(6,0.0000,0.0000,13.9519,d)linear(0,0,0,77.9146,d)rotate(0.7884)
36064,0,40,27.5870,27.5857,init()rotateIntoBiaxial(d,0.4172,0.0000,d)nonlinear(d,0.4172,0.0000,300.0000,d)rotateFromBiaxial(d,0.4172,0.0000,d)nonlinear(6,0.0000,0.0000,0.3939,d)rotateIntoBiaxial(d,40.4417,0.0000,d)nonlinear(d,40.4417,0.0000,100.0000,d)rotateFromBiaxial(d,40.4417,0.0000,d)rotate(179.7456)rotateIntoBiaxial(d,139.7343,0.0000,d)nonlinear(d,139.7343,0.0000,300.0000,d)rotateFromBiaxial(d,139.7343,0.0000,d)nonlinear(6,0.0000,0.0000,36.5171,d)linear(0,0,0,8.1522,d)rotate(-73.8805)rotateIntoBiaxial(d,2.5258,0.0000,d)nonlinear(d,2.5258,0.0000,50.0000,d)rotateFromBiaxial(d,2.5258,0.0000,d)nonlinear(6,0.0000,0.0000,0.8058,d)linear(0,0,0,154.4920,d)rotate(2.9052)rotateIntoBiaxial(d,6.1033,0.0000,d)nonlinear(d,6.1033,0.0000,0.8881,d)rotateFromBiaxial(d,6.1033,0.0000,d)nonlinear(6,0.0000,0.0000,9.8434,d)rotate(-15.5184)rotateIntoBiaxial(d,0.6311,0.0000,d)nonlinear(d,0.6311,0.0000,33.3104,d)rotateFromBiaxial(d,0.6311,0.0000,d)nonlinear(6,0.0000,0.0000,12.0919,d)linear(0,0,0,57.3193,d)rotate(0.5977)
36110,0,40,27.5927,27.5857,init()rotateIntoBiaxial(d,0.5098,0.0000,d)nonlinear(d,0.5098,0.0000,300.0000,d)rotateFromBiaxial(d,0.5098,0.0000,d)nonlinear(6,0.0000,0.0000,0.1064,d)rotate(0.0954)rotateIntoBiaxial(d,40.4327,0.0000,d)nonlinear(d,40.4327,0.0000,100.0000,d)rotateFromBiaxial(d,40.4327,0.0000,d)rotate(179.8897)rotateIntoBiaxial(d,139.7266,0.0000,d)nonlinear(d,139.7266,0.0000,300.0000,d)rotateFromBiaxial(d,139.7266,0.0000,d)nonlinear(6,0.0000,0.0000,33.0106,d)rotate(-74.7640)rotateIntoBiaxial(d,2.9209,0.0000,d)nonlinear(d,2.9209,0.0000,50.0000,d)rotateFromBiaxial(d,2.9209,0.0000,d)nonlinear(6,0.0000,0.0000,2.5574,d)linear(0,0,0,199.2977,d)rotate(4.4535)nonlinear(6,0.0000,0.0000,5.6477,d)rotate(-18.6923)rotateIntoBiaxial(d,1.6911,0.0000,d)nonlinear(d,1.6911,0.0000,34.2255,d)rotateFromBiaxial(d,1.6911,0.0000,d)nonlinear(6,0.0000,0.0000,13.3542,d)linear(0,0,0,79.5202,d)rotate(0.5294)
36156,0,40,27.5683,27.5857,init()rotateIntoBiaxial(d,0.3284,0.0000,d)nonlinear(d,0.3284,0.0000,300.0000,d)rotateFromBiaxial(d,0.3284,0.0000,d)nonlinear(6,0.0000,0.0000,0.0589,d)rotateIntoBiaxial(d,40.4450,0.0000,d)nonlinear(d,40.4450,0.0000,100.0000,d)rotateFromBiaxial(d,40.4450,0.0000,d)nonlinear(6,0.0000,0.0000,0.4237,d)rotate(179.7044)rotateIntoBiaxial(d,139.7393,0.0000,d)nonlinear(d,139.7393,0.0000,300.0000,d)rotateFromBiaxial(d,139.7393,0.0000,d)nonlinear(6,0.0000,0.0000,31.3286,d)rotate(-75.1858)rotateIntoBiaxial(d,2.3243,0.0000,d)nonlinear(d,2.3243,0.0000,50.0000,d)rotateFromBiaxial(d,2.3243,0.0000,d)nonlinear(6,0.0000,0.0000,3.2300,d)linear(0,0,0,130.2607,d)rotate(4.0681)nonlinear(6,0.0000,0.0000,6.2383,d)linear(0,0,0,8.4299,d)rotate(-19.7751)rotateIntoBiaxial(d,0.1871,0.0000,d)nonlinear(d,0.1871,0.0000,34.6848,d)rotateFromBiaxial(d,0.1871,0.0000,d)nonlinear(6,0.0000,0.0000,10.9260,d)linear(0,0,0,73.5232,d)rotate(1.0830)
36202,0,40,27.5969,27.5969,init()rotateIntoBiaxial(d,0.4490,0.0000,d)nonlinear(d,0.4490,0.0000,300.0000,d)rotateFromBiaxial(d,0.4490,0.0000,d)nonlinear(6,0.0000,0.0000,0.0495,d)rotateIntoBiaxial(d,40.4397,0.0000,d)nonlinear(d,40.4397,0.0000,100.0000,d)rotateFromBiaxial(d,40.4397,0.0000,d)nonlinear(6,0.0000,0.0000,0.1081,d)rotate(179.9341)rotateIntoBiaxial(d,139.7291,0.0000,d)nonlinear(d,139.7291,0.0000,300.0000,d)rotateFromBiaxial(d,139.7291,0.0000,d)nonlinear(6,0.0000,0.0000,33.1847,d)rotate(-74.8901)rotateIntoBiaxial(d,1.9567,0.0000,d)nonlinear(d,1.9567,0.0000,50.0000,d)rotateFromBiaxial(d,1.9567,0.0000,d)linear(0,0,0,131.0445,d)rotate(3.4132)nonlinear(6,0.0000,0.0000,6.3687,d)rotate(-26.2993)rotateIntoBiaxial(d,0.9570,0.0000,d)nonlinear(d,0.9570,0.0000,33.0261,d)rotateFromBiaxial(d,0.9570,0.0000,d)nonlinear(6,0.0000,0.0000,11.3885,d)linear(0,0,0,76.2038,d)rotate(0.5490)
36248,0,40,27.5794,27.5969,init()rotateIntoBiaxial(d,0.6050,0.0000,d)nonlinear(d,0.6050,0.0000,300.0000,d)rotateFromBiaxial(d,0.6050,0.0000,d)nonlinear(6,0.0000,0.0000,0.3759,d)rotateIntoBiaxial(d,40.4308,0.0000,d)nonlinear(d,40.4308,0.0000,100.0000,d)rotateFromBiaxial(d,40.4308,0.0000,d)rotate(179.6493)rotateIntoBiaxial(d,139.7312,0.0000,d)nonlinear(d,139.7312,0.0000,300.0000,d)rotateFromBiaxial(d,139.7312,0.0000,d)nonlinear(6,0.0000,0.0000,32.9507,d)rotate(-75.4925)rotateIntoBiaxial(d,2.0171,0.0000,d)nonlinear(d,2.0171,0.0000,50.0000,d)rotateFromBiaxial(d,2.0171,0.0000,d)linear(0,0,0,146.9854,d)rotate(3.0668)nonlinear(6,0.0000,0.0000,4.6300,d)linear(0,0,0,6.7913,d)rotate(-19.1734)rotateIntoBiaxial(d,0.5460,0.0000,d)nonlinear(d,0.5460,0.0000,34.4827,d)rotateFromBiaxial(d,0.5460,0.0000,d)nonlinear(6,0.0000,0.0000,12.8767,d)linear(0,0,0,48.8609,d)rotate(0.7363)
36294,0,40,27.6730,27.5969,init()rotateIntoBiaxial(d,0.6463,0.0000,d)nonlinear(d,0.6463,0.0000,300.0000,d)rotateFromBiaxial(d,0.6463,0.0000,d)nonlinear(6,0.0000,0.0000,0.3572,d)rotate(0.5223)rotateIntoBiaxial(d,40.4784,0.0000,d)nonlinear(d,40.4784,0.0000,100.0000,d)rotateFromBiaxial(d,40.4784,0.0000,d)rotate(179.8731)rotateIntoBiaxial(d,139.7225,0.0000,d)nonlinear(d,139.7225,0.0000,300.0000,d)rotateFromBiaxial(d,139.7225,0.0000,d)nonlinear(6,0.0000,0.0000,35.5380,d)rotate(-73.0195)rotateIntoBiaxial(d,2.2235,0.0000,d)nonlinear(d,2.2235,0.0000,50.0000,d)rotateFromBiaxial(d,2.2235,0.0000,d)linear(0,0,0,146.9460,d)rotate(3.9186)nonlinear(6,0.0000,0.0000,5.4984,d)linear(0,0,0,18.2740,d)rotate(-26.3661)rotateIntoBiaxial(d,0.9511,0.0000,d)nonlinear(d,0.9511,0.0000,34.9152,d)rotateFromBiaxial(d,0.9511,0.0000,d)nonlinear(6,0.0000,0.0000,9.9618,d)linear(0,0,0,66.2045,d)rotate(0.2275)
36340,0,40,27.5877,27.5969,init()rotateIntoBiaxial(d,0.4918,0.0000,d)nonlinear(d,0.4918,0.0000,300.0000,d)rotateFromBiaxial(d,0.4918,0.0000,d)nonlinear(6,0.0000,0.0000,0.3808,d)rotateIntoBiaxial(d,40.4442,0.0000,d)nonlinear(d,40.4442,0.0000,100.0000,d)rotateFromBiaxial(d,40.4442,0.0000,d)rotate(179.9260)rotateIntoBiaxial(d,139.7389,0.0000,d)nonlinear(d,139.7389,0.0000,300.0000,d)rotateFromBiaxial(d,139.7389,0.0000,d)nonlinear(6,0.0000,0.0000,34.6752,d)rotate(-75.9254)rotateIntoBiaxial(d,2.8507,0.0000,d)nonlinear(d,2.8507,0.0000,50.0000,d)rotateFromBiaxial(d,2.8507,0.0000,d)nonlinear(6,0.0000,0.0000,3.0289,d)linear(0,0,0,130.2457,d)rotate(4.2314)nonlinear(6,0.0000,0.0000,8.9495,d)rotate(-18.7783)rotateIntoBiaxial(d,1.0928,0.0000,d)nonlinear(d,1.0928,0.0000,34.1613,d)rotateFromBiaxial(d,1.0928,0.0000,d)nonlinear(6,0.0000,0.0000,13.8272,d)linear(0,0,0,41.5607,d)rotate(0.5927)
36386,0,40,27.5933,27.5969,init()rotateIntoBiaxial(d,0.4733,0.0000,d)nonlinear(d,0.4733,0.0000,300.0000,d)rotateFromBiaxial(d,0.4733,0.0000,d)nonlinear(6,0.0000,0.0000,0.0004,d)rotate(0.6165)rotateIntoBiaxial(d,40.4428,0.0000,d)nonlinear(d,40.4428,0.0000,100.0000,d)rotateFromBiaxial(d,40.4428,0.0000,d)rotate(179.9439)rotateIntoBiaxial(d,139.7383,0.0000,d)nonlinear(d,139.7383,0.0000,300.0000,d)rotateFromBiaxial(d,139.7383,0.0000,d)nonlinear(6,0.0000,0.0000,33.4872,d)rotate(-74.1427)rotateIntoBiaxial(d,1.8240,0.0000,d)nonlinear(d,1.8240,0.0000,50.0000,d)rotateFromBiaxial(d,1.8240,0.0000,d)nonlinear(6,0.0000,0.0000,1.8832,d)linear(0,0,0,131.3730,d)rotate(5.0676)nonlinear(6,0.0000,0.0000,8.5712,d)rotate(-24.2489)rotateIntoBiaxial(d,1.3512,0.0000,d)nonlinear(d,1.3512,0.0000,33.7005,d)rotateFromBiaxial(d,1.3512,0.0000,d)nonlinear(6,0.0000,0.0000,12.5808,d)linear(0,0,0,92.3152,d)rotate(0.2503)
36432,0,40,27.5955,27.5969,init()rotateIntoBiaxial(d,0.5990,0.0000,d)nonlinear(d,0.5990,0.0000,300.0000,d)rotateFromBiaxial(d,0.5990,0.0000,d)nonlinear(6,0.0000,0.0000,0.3809,d)rotate(0.8662)rotateIntoBiaxial(d,40.4458,0.0000,d)nonlinear(d,40.4458,0.0000,100.0000,d)rotateFromBiaxial(d,40.4458,0.0000,d)rotate(179.7943)rotateIntoBiaxial(d,139.7366,0.0000,d)nonlinear(d,139.7366,0.0000,300.0000,d)rotateFromBiaxial(d,139.7366,0.0000,d)nonlinear(6,0.0000,0.0000,37.5215,d)rotate(-74.4069)rotateIntoBiaxial(d,2.1430,0.0000,d)nonlinear(d,2.1430,0.0000,50.0000,d)rotateFromBiaxial(d,2.1430,0.0000,d)linear(0,0,0,135.0298,d)rotate(3.6687)nonlinear(6,0.0000,0.0000,5.8443,d)rotate(-23.7873)rotateIntoBiaxial(d,1.2156,0.0000,d)nonlinear(d,1.2156,0.0000,32.9485,d)rotateFromBiaxial(d,1.2156,0.0000,d)nonlinear(6,0.0000,0.0000,12.2972,d)linear(0,0,0,61.4600,d)rotate(0.1307)
36478,0,40,27.6055,27.6055,init()rotateIntoBiaxial(d,0.6626,0.0000,d)nonlinear(d,0.6626,0.0000,300.0000,d)rotateFromBiaxial(d,0.6626,0.0000,d)nonlinear(6,0.0000,0.0000,0.3457,d)rotateIntoBiaxial(d,40.4393,0.0000,d)nonlinear(d,40.4393,0.0000,100.0000,d)rotateFromBiaxial(d,40.4393,0.0000,d)rotate(179.7916)rotateIntoBiaxial(d,139.7320,0.0000,d)nonlinear(d,139.7320,0.0000,300.0000,d)rotateFromBiaxial(d,139.7320,0.0000,d)nonlinear(6,0.0000,0.0000,32.7762,d)rotate(-76.1533)rotateIntoBiaxial(d,2.2740,0.0000,d)nonlinear(d,2.2740,0.0000,50.0000,d)rotateFromBiaxial(d,2.2740,0.0000,d)nonlinear(6,0.0000,0.0000,6.6118,d)linear(0,0,0,152.4143,d)rotate(5.1435)nonlinear(6,0.0000,0.0000,6.4993,d)rotate(-26.4449)rotateIntoBiaxial(d,0.0037,0.0000,d)nonlinear(d,0.0037,0.0000,32.4287,d)rotateFromBiaxial(d,0.0037,0.0000,d)nonlinear(6,0.0000,0.0000,13.6128,d)linear(0,0,0,82.5874,d)rotate(0.2522)
36524,0,40,27.6099,27.6099,init()rotateIntoBiaxial(d,0.6530,0.0000,d)nonlinear(d,0.6530,0.0000,300.0000,d)rotateFromBiaxial(d,0.6530,0.0000,d)nonlinear(6,0.0000,0.0000,0.3917,d)rotateIntoBiaxial(d,40.4384,0.0000,d)nonlinear(d,40.4384,0.0000,100.0000,d)rotateFromBiaxial(d,40.4384,0.0000,d)rotate(179.8372)rotateIntoBiaxial(d,139.7288,0.0000,d)nonlinear(d,139.7288,0.0000,300.0000,d)rotateFromBiaxial(d,139.7288,0.0000,d)nonlinear(6,0.0000,0.0000,36.4612,d)rotate(-74.9952)rotateIntoBiaxial(d,2.4764,0.0000,d)nonlinear(d,2.4764,0.0000,50.0000,d)rotateFromBiaxial(d,2.4764,0.0000,d)nonlinear(6,0.0000,0.0000,5.7341,d)linear(0,0,0,140.6248,d)rotate(3.3858)nonlinear(6,0.0000,0.0000,5.6914,d)rotate(-24.1821)rotateIntoBiaxial(d,1.1961,0.0000,d)nonlinear(d,1.1961,0.0000,33.2409,d)rotateFromBiaxial(d,1.1961,0.0000,d)nonlinear(6,0.0000,0.0000,11.6677,d)linear(0,0,0,61.0974,d)rotate(0.4998)
36570,0,40,27.5905,27.6099,init()rotateIntoBiaxial(d,0.5878,0.0000,d)nonlinear(d,0.5878,0.0000,300.0000,d)rotateFromBiaxial(d,0.5878,0.0000,d)nonlinear(6,0.0000,0.0000,0.3208,d)rotateIntoBiaxial(d,40.4378,0.0000,d)nonlinear(d,40.4378,0.0000,100.0000,d)rotateFromBiaxial(d,40.4378,0.0000,d)rotate(179.7209)rotateIntoBiaxial(d,139.7329,0.0000,d)nonlinear(d,139.7329,0.0000,300.0000,d)rotateFromBiaxial(d,139.7329,0.0000,d)nonlinear(6,0.0000,0.0000,39.3775,d)rotate(-73.2487)rotateIntoBiaxial(d,2.4025,0.0000,d)nonlinear(d,2.4025,0.0000,50.0000,d)rotateFromBiaxial(d,2.4025,0.0000,d)nonlinear(6,0.0000,0.0000,4.9857,d)linear(0,0,0,134.9356,d)rotate(3.9782)nonlinear(6,0.0000,0.0000,7.9288,d)rotate(-24.6363)rotateIntoBiaxial(d,0.9529,0.0000,d)nonlinear(d,0.9529,0.0000,36.8224,d)rotateFromBiaxial(d,0.9529,0.0000,d)nonlinear(6,0.0000,0.0000,11.2846,d)linear(0,0,0,47.3431,d)rotate(0.6303)
36616,0,40,27.5666,27.6099,init()rotateIntoBiaxial(d,0.4439,0.0000,d)nonlinear(d,0.4439,0.0000,300.0000,d)rotateFromBiaxial(d,0.4439,0.0000,d)nonlinear(6,0.0000,0.0000,0.1772,d)rotateIntoBiaxial(d,40.4325,0.0000,d)nonlinear(d,40.4325,0.0000,100.0000,d)rotateFromBiaxial(d,40.4325,0.0000,d)rotate(179.7552)rotateIntoBiaxial(d,139.7398,0.0000,d)nonlinear(d,139.7398,0.0000,300.0000,d)rotateFromBiaxial(d,139.7398,0.0000,d)nonlinear(6,0.0000,0.0000,37.9289,d)rotate(-75.7572)rotateIntoBiaxial(d,1.8919,0.0000,d)nonlinear(d,1.8919,0.0000,50.0000,d)rotateFromBiaxial(d,1.8919,0.0000,d)nonlinear(6,0.0000,0.0000,1.4936,d)linear(0,0,0,136.3453,d)rotate(4.7743)nonlinear(6,0.0000,0.0000,8.0561,d)rotate(-25.8088)rotateIntoBiaxial(d,0.8928,0.0000,d)nonlinear(d,0.8928,0.0000,31.8028,d)rotateFromBiaxial(d,0.8928,0.0000,d)nonlinear(6,0.0000,0.0000,13.0039,d)linear(0,0,0,76.8962,d)rotate(0.5191)
36662,0,40,27.6406,27.6406,init()rotateIntoBiaxial(d,0.5267,0.0000,d)nonlinear(d,0.5267,0.0000,300.0000,d)rotateFromBiaxial(d,0.5267,0.0000,d)nonlinear(6,0.0000,0.0000,0.1786,d)rotateIntoBiaxial(d,40.4567,0.0000,d)nonlinear(d,40.4567,0.0000,100.0000,d)rotateFromBiaxial(d,40.4567,0.0000,d)rotate(179.7561)rotateIntoBiaxial(d,139.7299,0.0000,d)nonlinear(d,139.7299,0.0000,300.0000,d)rotateFromBiaxial(d,139.7299,0.0000,d)nonlinear(6,0.0000,0.0000,35.4996,d)rotate(-74.3504)rotateIntoBiaxial(d,2.1938,0.0000,d)nonlinear(d,2.1938,0.0000,50.0000,d)rotateFromBiaxial(d,2.1938,0.0000,d)nonlinear(6,0.0000,0.0000,3.8582,d)linear(0,0,0,142.7317,d)rotate(3.1118)nonlinear(6,0.0000,0.0000,6.9384,d)linear(0,0,0,25.8338,d)rotate(-25.0893)rotateIntoBiaxial(d,1.2678,0.0000,d)nonlinear(d,1.2678,0.0000,35.4188,d)rotateFromBiaxial(d,1.2678,0.0000,d)nonlinear(6,0.0000,0.0000,12.2538,d)linear(0,0,0,91.9908,d)rotate(0.4259)
36708,0,40,27.5885,27.6406,init()rotateIntoBiaxial(d,0.5459,0.0000,d)nonlinear(d,0.5459,0.0000,300.0000,d)rotateFromBiaxial(d,0.5459,0.0000,d)nonlinear(6,0.0000,0.0000,0.2893,d)rotateIntoBiaxial(d,40.4426,0.0000,d)nonlinear(d,40.4426,0.0000,100.0000,d)rotateFromBiaxial(d,40.4426,0.0000,d)rotate(179.7747)rotateIntoBiaxial(d,139.7291,0.0000,d)nonlinear(d,139.7291,0.0000,300.0000,d)rotateFromBiaxial(d,139.7291,0.0000,d)nonlinear(6,0.0000,0.0000,31.0512,d)rotate(-75.4518)rotateIntoBiaxial(d,1.9507,0.0000,d)nonlinear(d,1.9507,0.0000,50.0000,d)rotateFromBiaxial(d,1.9507,0.0000,d)nonlinear(6,0.0000,0.0000,1.0214,d)linear(0,0,0,145.0521,d)rotate(3.0323)nonlinear(6,0.0000,0.0000,5.6144,d)rotate(-20.7208)rotateIntoBiaxial(d,0.9267,0.0000,d)nonlinear(d,0.9267,0.0000,31.5089,d)rotateFromBiaxial(d,0.9267,0.0000,d)nonlinear(6,0.0000,0.0000,15.5506,d)linear(0,0,0,74.8409,d)rotate(0.9081)
36754,0,40,27.6235,27.6406,init()rotateIntoBiaxial(d,0.6538,0.0000,d)nonlinear(d,0.6538,0.0000,300.0000,d)rotateFromBiaxial(d,0.6538,0.0000,d)nonlinear(6,0.0000,0.0000,0.1475,d)rotate(0.1302)rotateIntoBiaxial(d,40.4459,0.0000,d)nonlinear(d,40.4459,0.0000,100.0000,d)rotateFromBiaxial(d,40.4459,0.0000,d)rotate(179.9486)rotateIntoBiaxial(d,139.7247,0.0000,d)nonlinear(d,139.7247,0.0000,300.0000,d)rotateFromBiaxial(d,139.7247,0.0000,d)nonlinear(6,0.0000,0.0000,36.5448,d)rotate(-74.7418)rotateIntoBiaxial(d,1.8211,0.0000,d)nonlinear(d,1.8211,0.0000,50.0000,d)rotateFromBiaxial(d,1.8211,0.0000,d)nonlinear(6,0.0000,0.0000,2.1691,d)linear(0,0,0,133.2701,d)rotate(4.2790)nonlinear(6,0.0000,0.0000,3.0839,d)rotate(-23.4899)rotateIntoBiaxial(d,1.1674,0.0000,d)nonlinear(d,1.1674,0.0000,30.8507,d)rotateFromBiaxial(d,1.1674,0.0000,d)nonlinear(6,0.0000,0.0000,11.1425,d)linear(0,0,0,107.7410,d)rotate(0.3587)
36800,0,40,27.5987,27.6406,init()rotateIntoBiaxial(d,0.3286,0.0000,d)nonlinear(d,0.3286,0.0000,300.0000,d)rotateFromBiaxial(d,0.3286,0.0000,d)nonlinear(6,0.0000,0.0000,0.3973,d)rotate(0.3363)rotateIntoBiaxial(d,40.4491,0.0000,d)nonlinear(d,40.4491,0.0000,100.0000,d)rotateFromBiaxial(d,40.4491,0.0000,d)rotate(179.8356)rotateIntoBiaxial(d,139.7309,0.0000,d)nonlinear(d,139.7309,0.0000,300.0000,d)rotateFromBiaxial(d,139.7309,0.0000,d)nonlinear(6,0.0000,0.0000,34.1260,d)rotate(-74.6020)rotateIntoBiaxial(d,2.5926,0.0000,d)nonlinear(d,2.5926,0.0000,50.0000,d)rotateFromBiaxial(d,2.5926,0.0000,d)nonlinear(6,0.0000,0.0000,7.4334,d)linear(0,0,0,180.0507,d)rotate(2.9869)nonlinear(6,0.0000,0.0000,5.4052,d)linear(0,0,0,5.7146,d)rotate(-21.8692)rotateIntoBiaxial(d,0.1496,0.0000,d)nonlinear(d,0.1496,0.0000,31.4277,d)rotateFromBiaxial(d,0.1496,0.0000,d)nonlinear(6,0.0000,0.0000,12.3571,d)linear(0,0,0,70.3815,d)rotate(0.6131)
36846,0,40,27.6272,27.6406,init()rotateIntoBiaxial(d,0.6823,0.0000,d)nonlinear(d,0.6823,0.0000,300.0000,d)rotateFromBiaxial(d,0.6823,0.0000,d)nonlinear(6,0.0000,0.0000,0.3809,d)rotate(0.6727)rotateIntoBiaxial(d,40.4540,0.0000,d)nonlinear(d,40.4540,0.0000,100.0000,d)rotateFromBiaxial(d,40.4540,0.0000,d)rotate(179.9389)rotateIntoBiaxial(d,139.7314,0.0000,d)nonlinear(d,139.7314,0.0000,300.0000,d)rotateFromBiaxial(d,139.7314,0.0000,d)nonlinear(6,0.0000,0.0000,34.2154,d)rotate(-73.3063)rotateIntoBiaxial(d,2.6705,0.0000,d)nonlinear(d,2.6705,0.0000,50.0000,d)rotateFromBiaxial(d,2.6705,0.0000,d)nonlinear(6,0.0000,0.0000,2.0219,d)linear(0,0,0,160.5480,d)rotate(3.6860)nonlinear(6,0.0000,0.0000,5.6611,d)rotate(-25.4454)rotateIntoBiaxial(d,0.8711,0.0000,d)nonlinear(d,0.8711,0.0000,32.0242,d)rotateFromBiaxial(d,0.8711,0.0000,d)nonlinear(6,0.0000,0.0000,12.6496,d)linear(0,0,0,55.2677,d)rotate(0.5168)
36892,0,40,27.5984,27.6406,init()rotateIntoBiaxial(d,0.5906,0.0000,d)nonlinear(d,0.5906,0.0000,300.0000,d)rotateFromBiaxial(d,0.5906,0.0000,d)nonlinear(6,0.0000,0.0000,0.0052,d)rotateIntoBiaxial(d,40.4435,0.0000,d)nonlinear(d,40.4435,0.0000,100.0000,d)rotateFromBiaxial(d,40.4435,0.0000,d)rotate(179.9981)rotateIntoBiaxial(d,139.7343,0.0000,d)nonlinear(d,139.7343,0.0000,300.0000,d)rotateFromBiaxial(d,139.7343,0.0000,d)nonlinear(6,0.0000,0.0000,35.0568,d)rotate(-75.3364)rotateIntoBiaxial(d,2.5192,0.0000,d)nonlinear(d,2.5192,0.0000,50.0000,d)rotateFromBiaxial(d,2.5192,0.0000,d)nonlinear(6,0.0000,0.0000,7.2114,d)linear(0,0,0,197.2736,d)rotate(3.6289)nonlinear(6,0.0000,0.0000,5.6093,d)rotate(-26.0823)rotateIntoBiaxial(d,2.1919,0.0000,d)nonlinear(d,2.1919,0.0000,33.5414,d)rotateFromBiaxial(d,2.1919,0.0000,d)nonlinear(6,0.0000,0.0000,14.7225,d)linear(0,0,0,83.2925,d)rotate(0.5049)
36938,0,40,27.5951,27.5951,init()rotateIntoBiaxial(d,0.3882,0.0000,d)nonlinear(d,0.3882,0.0000,300.0000,d)rotateFromBiaxial(d,0.3882,0.0000,d)nonlinear(6,0.0000,0.0000,0.4957,d)rotate(0.4553)rotateIntoBiaxial(d,40.4390,0.0000,d)nonlinear(d,40.4390,0.0000,100.0000,d)rotateFromBiaxial(d,40.4390,0.0000,d)rotate(179.9184)rotateIntoBiaxial(d,139.7306,0.0000,d)nonlinear(d,139.7306,0.0000,300.0000,d)rotateFromBiaxial(d,139.7306,0.0000,d)nonlinear(6,0.0000,0.0000,34.0058,d)rotate(-74.9082)rotateIntoBiaxial(d,1.7767,0.0000,d)nonlinear(d,1.7767,0.0000,50.0000,d)rotateFromBiaxial(d,1.7767,0.0000,d)nonlinear(6,0.0000,0.0000,6.2878,d)linear(0,0,0,166.6156,d)rotate(3.4758)nonlinear(6,0.0000,0.0000,3.5094,d)rotate(-24.7869)rotateIntoBiaxial(d,1.4855,0.0000,d)nonlinear(d,1.4855,0.0000,32.0998,d)rotateFromBiaxial(d,1.4855,0.0000,d)nonlinear(6,0.0000,0.0000,16.0784,d)linear(0,0,0,81.7168,d)rotate(0.5391)
36984,0,40,27.5974,27.5951,init()rotateIntoBiaxial(d,0.5033,0.0000,d)nonlinear(d,0.5033,0.0000,300.0000,d)rotateFromBiaxial(d,0.5033,0.0000,d)nonlinear(6,0.0000,0.0000,0.4389,d)rotateIntoBiaxial(d,40.4414,0.0000,d)nonlinear(d,40.4414,0.0000,100.0000,d)rotateFromBiaxial(d,40.4414,0.0000,d)rotate(179.9489)rotateIntoBiaxial(d,139.7338,0.0000,d)nonlinear(d,139.7338,0.0000,300.0000,d)rotateFromBiaxial(d,139.7338,0.0000,d)nonlinear(6,0.0000,0.0000,35.2914,d)rotate(-76.0208)rotateIntoBiaxial(d,2.2294,0.0000,d)nonlinear(d,2.2294,0.0000,50.0000,d)rotateFromBiaxial(d,2.2294,0.0000,d)nonlinear(6,0.0000,0.0000,0.3075,d)linear(0,0,0,171.4223,d)rotate(3.7452)nonlinear(6,0.0000,0.0000,4.5627,d)rotate(-26.7041)rotateIntoBiaxial(d,0.1178,0.0000,d)nonlinear(d,0.1178,0.0000,31.9131,d)rotateFromBiaxial(d,0.1178,0.0000,d)nonlinear(6,0.0000,0.0000,14.0500,d)linear(0,0,0,84.8692,d)rotate(0.4264)
37030,0,40,27.5761,27.5951,init()rotateIntoBiaxial(d,0.4158,0.0000,d)nonlinear(d,0.4158,0.0000,300.0000,d)rotateFromBiaxial(d,0.4158,0.0000,d)nonlinear(6,0.0000,0.0000,0.2997,d)rotateIntoBiaxial(d,40.4281,0.0000,d)nonlinear(d,40.4281,0.0000,100.0000,d)rotateFromBiaxial(d,40.4281,0.0000,d)rotate(179.7789)rotateIntoBiaxial(d,139.7354,0.0000,d)nonlinear(d,139.7354,0.0000,300.0000,d)rotateFromBiaxial(d,139.7354,0.0000,d)nonlinear(6,0.0000,0.0000,35.3204,d)rotate(-74.7848)rotateIntoBiaxial(d,2.2642,0.0000,d)nonlinear(d,2.2642,0.0000,50.0000,d)rotateFromBiaxial(d,2.2642,0.0000,d)nonlinear(6,0.0000,0.0000,3.5207,d)linear(0,0,0,143.3550,d)rotate(2.0427)nonlinear(6,0.0000,0.0000,3.5450,d)rotate(-21.9721)rotateIntoBiaxial(d,0.3815,0.0000,d)nonlinear(d,0.3815,0.0000,32.8340,d)rotateFromBiaxial(d,0.3815,0.0000,d)nonlinear(6,0.0000,0.0000,14.5541,d)linear(0,0,0,120.5618,d)rotate(0.5828)
37076,0,40,27.5948,27.5951,init()rotateIntoBiaxial(d,0.4909,0.0000,d)nonlinear(d,0.4909,0.0000,300.0000,d)rotateFromBiaxial(d,0.4909,0.0000,d)nonlinear(6,0.0000,0.0000,0.1395,d)rotateIntoBiaxial(d,40.4264,0.0000,d)nonlinear(d,40.4264,0.0000,100.0000,d)rotateFromBiaxial(d,40.4264,0.0000,d)rotate(179.9871)rotateIntoBiaxial(d,139.7303,0.0000,d)nonlinear(d,139.7303,0.0000,300.0000,d)rotateFromBiaxial(d,139.7303,0.0000,d)nonlinear(6,0.0000,0.0000,34.2255,d)rotate(-74.6432)rotateIntoBiaxial(d,1.7456,0.0000,d)nonlinear(d,1.7456,0.0000,50.0000,d)rotateFromBiaxial(d,1.7456,0.0000,d)nonlinear(6,0.0000,0.0000,2.7068,d)linear(0,0,0,155.4702,d)rotate(2.6549)nonlinear(6,0.0000,0.0000,6.0054,d)rotate(-23.8985)rotateIntoBiaxial(d,0.3176,0.0000,d)nonlinear(d,0.3176,0.0000,33.5825,d)rotateFromBiaxial(d,0.3176,0.0000,d)nonlinear(6,0.0000,0.0000,16.5404,d)linear(0,0,0,84.6623,d)rotate(0.3424)
37122,0,40,27.6092,27.5951,init()rotateIntoBiaxial(d,0.6166,0.0000,d)nonlinear(d,0.6166,0.0000,300.0000,d)rotateFromBiaxial(d,0.6166,0.0000,d)nonlinear(6,0.0000,0.0000,0.0481,d)rotateIntoBiaxial(d,40.4342,0.0000,d)nonlinear(d,40.4342,0.0000,100.0000,d)rotateFromBiaxial(d,40.4342,0.0000,d)rotate(179.9992)rotateIntoBiaxial(d,139.7298,0.0000,d)nonlinear(d,139.7298,0.0000,300.0000,d)rotateFromBiaxial(d,139.7298,0.0000,d)nonlinear(6,0.0000,0.0000,36.7905,d)rotate(-74.4641)rotateIntoBiaxial(d,2.0446,0.0000,d)nonlinear(d,2.0446,0.0000,50.0000,d)rotateFromBiaxial(d,2.0446,0.0000,d)nonlinear(6,0.0000,0.0000,5.5368,d)linear(0,0,0,158.8348,d)rotate(2.0069)nonlinear(6,0.0000,0.0000,5.2128,d)rotate(-24.8284)rotateIntoBiaxial(d,1.2866,0.0000,d)nonlinear(d,1.2866,0.0000,34.4208,d)rotateFromBiaxial(d,1.2866,0.0000,d)nonlinear(6,0.0000,0.0000,17.2247,d)linear(0,0,0,70.9253,d)rotate(0.5512)
37168,0,40,27.5885,27.5951,init()rotateIntoBiaxial(d,0.4444,0.0000,d)nonlinear(d,0.4444,0.0000,300.0000,d)rotateFromBiaxial(d,0.4444,0.0000,d)nonlinear(6,0.0000,0.0000,0.3893,d)rotateIntoBiaxial(d,40.4358,0.0000,d)nonlinear(d,40.4358,0.0000,100.0000,d)rotateFromBiaxial(d,40.4358,0.0000,d)rotate(179.9898)rotateIntoBiaxial(d,139.7372,0.0000,d)nonlinear(d,139.7372,0.0000,300.0000,d)rotateFromBiaxial(d,139.7372,0.0000,d)nonlinear(6,0.0000,0.0000,33.8780,d)rotate(-75.5243)rotateIntoBiaxial(d,1.7349,0.0000,d)nonlinear(d,1.7349,0.0000,50.0000,d)rotateFromBiaxial(d,1.7349,0.0000,d)nonlinear(6,0.0000,0.0000,4.6605,d)linear(0,0,0,158.9930,d)rotate(1.4172)nonlinear(6,0.0000,0.0000,4.8524,d)rotate(-26.1983)rotateIntoBiaxial(d,1.3174,0.0000,d)nonlinear(d,1.3174,0.0000,34.2141,d)rotateFromBiaxial(d,1.3174,0.0000,d)nonlinear(6,0.0000,0.0000,14.1472,d)linear(0,0,0,107.1301,d)rotate(0.3908)
37214,0,40,27.6138,27.5951,init()rotateIntoBiaxial(d,0.4032,0.0000,d)nonlinear(d,0.4032,0.0000,300.0000,d)rotateFromBiaxial(d,0.4032,0.0000,d)nonlinear(6,0.0000,0.0000,0.3496,d)rotateIntoBiaxial(d,40.4474,0.0000,d)nonlinear(d,40.4474,0.0000,100.0000,d)rotateFromBiaxial(d,40.4474,0.0000,d)rotate(179.9766)rotateIntoBiaxial(d,139.7326,0.0000,d)nonlinear(d,139.7326,0.0000,300.0000,d)rotateFromBiaxial(d,139.7326,0.0000,d)nonlinear(6,0.0000,0.0000,35.8012,d)rotate(-75.4728)rotateIntoBiaxial(d,1.5841,0.0000,d)nonlinear(d,1.5841,0.0000,50.0000,d)rotateFromBiaxial(d,1.5841,0.0000,d)nonlinear(6,0.0000,0.0000,4.8174,d)linear(0,0,0,158.6295,d)rotate(2.0063)nonlinear(6,0.0000,0.0000,5.1550,d)rotate(-27.0181)rotateIntoBiaxial(d,0.6955,0.0000,d)nonlinear(d,0.6955,0.0000,32.2770,d)rotateFromBiaxial(d,0.6955,0.0000,d)nonlinear(6,0.0000,0.0000,17.0147,d)linear(0,0,0,75.4644,d)rotate(0.7778)
37260,0,40,27.6473,27.6473,init()rotateIntoBiaxial(d,0.6024,0.0000,d)nonlinear(d,0.6024,0.0000,300.0000,d)rotateFromBiaxial(d,0.6024,0.0000,d)nonlinear(6,0.0000,0.0000,0.1135,d)rotateIntoBiaxial(d,40.4547,0.0000,d)nonlinear(d,40.4547,0.0000,100.0000,d)rotateFromBiaxial(d,40.4547,0.0000,d)rotate(179.8952)rotateIntoBiaxial(d,139.7301,0.0000,d)nonlinear(d,139.7301,0.0000,300.0000,d)rotateFromBiaxial(d,139.7301,0.0000,d)nonlinear(6,0.0000,0.0000,34.1980,d)rotate(-73.8049)rotateIntoBiaxial(d,1.0715,0.0000,d)nonlinear(d,1.0715,0.0000,50.0000,d)rotateFromBiaxial(d,1.0715,0.0000,d)nonlinear(6,0.0000,0.0000,5.3996,d)linear(0,0,0,137.5104,d)rotate(4.0081)nonlinear(6,0.0000,0.0000,5.3911,d)rotate(-24.1393)rotateIntoBiaxial(d,0.4746,0.0000,d)nonlinear(d,0.4746,0.0000,33.6470,d)rotateFromBiaxial(d,0.4746,0.0000,d)nonlinear(6,0.0000,0.0000,14.7102,d)linear(0,0,0,112.8673,d)rotate(0.6394)
37306,0,40,27.6168,27.6168,init()rotateIntoBiaxial(d,0.5622,0.0000,d)nonlinear(d,0.5622,0.0000,300.0000,d)rotateFromBiaxial(d,0.5622,0.0000,d)nonlinear(6,0.0000,0.0000,0.3294,d)rotateIntoBiaxial(d,40.4379,0.0000,d)nonlinear(d,40.4379,0.0000,100.0000,d)rotateFromBiaxial(d,40.4379,0.0000,d)rotate(179.8852)rotateIntoBiaxial(d,139.7320,0.0000,d)nonlinear(d,139.7320,0.0000,300.0000,d)rotateFromBiaxial(d,139.7320,0.0000,d)nonlinear(6,0.0000,0.0000,33.4866,d)rotate(-73.1127)rotateIntoBiaxial(d,1.9879,0.0000,d)nonlinear(d,1.9879,0.0000,50.0000,d)rotateFromBiaxial(d,1.9879,0.0000,d)nonlinear(6,0.0000,0.0000,6.9777,d)linear(0,0,0,153.4750,d)rotate(4.3184)nonlinear(6,0.0000,0.0000,5.7494,d)rotate(-24.9358)rotateIntoBiaxial(d,0.6043,0.0000,d)nonlinear(d,0.6043,0.0000,32.9938,d)rotateFromBiaxial(d,0.6043,0.0000,d)nonlinear(6,0.0000,0.0000,15.4656,d)linear(0,0,0,71.8600,d)rotate(0.6404)
37352,0,40,27.6123,27.6168,init()rotateIntoBiaxial(d,0.6529,0.0000,d)nonlinear(d,0.6529,0.0000,300.0000,d)rotateFromBiaxial(d,0.6529,0.0000,d)nonlinear(6,0.0000,0.0000,0.1647,d)rotateIntoBiaxial(d,40.4443,0.0000,d)nonlinear(d,40.4443,0.0000,100.0000,d)rotateFromBiaxial(d,40.4443,0.0000,d)rotate(179.9720)rotateIntoBiaxial(d,139.7314,0.0000,d)nonlinear(d,139.7314,0.0000,300.0000,d)rotateFromBiaxial(d,139.7314,0.0000,d)nonlinear(6,0.0000,0.0000,35.8461,d)rotate(-74.5165)rotateIntoBiaxial(d,2.0155,0.0000,d)nonlinear(d,2.0155,0.0000,50.0000,d)rotateFromBiaxial(d,2.0155,0.0000,d)nonlinear(6,0.0000,0.0000,4.4416,d)linear(0,0,0,182.4538,d)rotate(4.1464)nonlinear(6,0.0000,0.0000,5.7958,d)rotate(-21.4077)rotateIntoBiaxial(d,0.4857,0.0000,d)nonlinear(d,0.4857,0.0000,32.7617,d)rotateFromBiaxial(d,0.4857,0.0000,d)nonlinear(6,0.0000,0.0000,13.8394,d)linear(0,0,0,105.5591,d)rotate(0.1472)
37398,0,40,27.6094,27.6168,init()rotateIntoBiaxial(d,0.6237,0.0000,d)nonlinear(d,0.6237,0.0000,300.0000,d)rotateFromBiaxial(d,0.6237,0.0000,d)nonlinear(6,0.0000,0.0000,0.0378,d)rotateIntoBiaxial(d,40.4416,0.0000,d)nonlinear(d,40.4416,0.0000,100.0000,d)rotateFromBiaxial(d,40.4416,0.0000,d)rotate(179.8918)rotateIntoBiaxial(d,139.7328,0.0000,d)nonlinear(d,139.7328,0.0000,300.0000,d)rotateFromBiaxial(d,139.7328,0.0000,d)nonlinear(6,0.0000,0.0000,34.0799,d)rotate(-75.3440)rotateIntoBiaxial(d,1.5605,0.0000,d)nonlinear(d,1.5605,0.0000,50.0000,d)rotateFromBiaxial(d,1.5605,0.0000,d)nonlinear(6,0.0000,0.0000,7.8118,d)linear(0,0,0,165.0923,d)rotate(3.2905)nonlinear(6,0.0000,0.0000,5.1776,d)rotate(-26.2056)rotateIntoBiaxial(d,0.9804,0.0000,d)nonlinear(d,0.9804,0.0000,30.1352,d)rotateFromBiaxial(d,0.9804,0.0000,d)nonlinear(6,0.0000,0.0000,14.5422,d)linear(0,0,0,70.9112,d)rotate(0.7807)
37444,0,40,27.6030,27.6168,init()rotateIntoBiaxial(d,0.3989,0.0000,d)nonlinear(d,0.3989,0.0000,300.0000,d)rotateFromBiaxial(d,0.3989,0.0000,d)nonlinear(6,0.0000,0.0000,0.0092,d)rotateIntoBiaxial(d,40.4436,0.0000,d)nonlinear(d,40.4436,0.0000,100.0000,d)rotateFromBiaxial(d,40.4436,0.0000,d)rotate(179.9714)rotateIntoBiaxial(d,139.7360,0.0000,d)nonlinear(d,139.7360,0.0000,300.0000,d)rotateFromBiaxial(d,139.7360,0.0000,d)nonlinear(6,0.0000,0.0000,35.2707,d)rotate(-74.8553)rotateIntoBiaxial(d,1.3991,0.0000,d)nonlinear(d,1.3991,0.0000,50.0000,d)rotateFromBiaxial(d,1.3991,0.0000,d)nonlinear(6,0.0000,0.0000,4.9366,d)linear(0,0,0,159.3621,d)rotate(3.2759)nonlinear(6,0.0000,0.0000,3.7941,d)rotate(-29.0332)rotateIntoBiaxial(d,1.3661,0.0000,d)nonlinear(d,1.3661,0.0000,31.9873,d)rotateFromBiaxial(d,1.3661,0.0000,d)nonlinear(6,0.0000,0.0000,13.3809,d)linear(0,0,0,99.4050,d)rotate(1.0573)
37490,0,40,27.5963,27.6168,init()rotateIntoBiaxial(d,0.4567,0.0000,d)nonlinear(d,0.4567,0.0000,300.0000,d)rotateFromBiaxial(d,0.4567,0.0000,d)nonlinear(6,0.0000,0.0000,0.4189,d)rotateIntoBiaxial(d,40.4341,0.0000,d)nonlinear(d,40.4341,0.0000,100.0000,d)rotateFromBiaxial(d,40.4341,0.0000,d)rotate(179.7953)rotateIntoBiaxial(d,139.7347,0.0000,d)nonlinear(d,139.7347,0.0000,300.0000,d)rotateFromBiaxial(d,139.7347,0.0000,d)nonlinear(6,0.0000,0.0000,37.2457,d)rotate(-72.8956)rotateIntoBiaxial(d,1.9638,0.0000,d)nonlinear(d,1.9638,0.0000,50.0000,d)rotateFromBiaxial(d,1.9638,0.0000,d)nonlinear(6,0.0000,0.0000,5.5361,d)linear(0,0,0,146.9226,d)rotate(3.0949)nonlinear(6,0.0000,0.0000,4.0336,d)rotate(-25.6542)rotateIntoBiaxial(d,1.1079,0.0000,d)nonlinear(d,1.1079,0.0000,30.4739,d)rotateFromBiaxial(d,1.1079,0.0000,d)nonlinear(6,0.0000,0.0000,13.5625,d)linear(0,0,0,101.9865,d)rotate(0.9741)
37536,0,40,27.5968,27.6168,init()rotateIntoBiaxial(d,0.4649,0.0000,d)nonlinear(d,0.4649,0.0000,300.0000,d)rotateFromBiaxial(d,0.4649,0.0000,d)nonlinear(6,0.0000,0.0000,0.0935,d)rotateIntoBiaxial(d,40.4343,0.0000,d)nonlinear(d,40.4343,0.0000,100.0000,d)rotateFromBiaxial(d,40.4343,0.0000,d)rotate(179.9581)rotateIntoBiaxial(d,139.7360,0.0000,d)nonlinear(d,139.7360,0.0000,300.0000,d)rotateFromBiaxial(d,139.7360,0.0000,d)nonlinear(6,0.0000,0.0000,35.3014,d)rotate(-74.0031)rotateIntoBiaxial(d,2.2541,0.0000,d)nonlinear(d,2.2541,0.0000,50.0000,d)rotateFromBiaxial(d,2.2541,0.0000,d)nonlinear(6,0.0000,0.0000,2.7953,d)linear(0,0,0,153.7525,d)rotate(2.7121)nonlinear(6,0.0000,0.0000,6.2690,d)rotate(-28.5792)rotateIntoBiaxial(d,0.6789,0.0000,d)nonlinear(d,0.6789,0.0000,31.9717,d)rotateFromBiaxial(d,0.6789,0.0000,d)nonlinear(6,0.0000,0.0000,10.9554,d)linear(0,0,0,104.2223,d)rotate(0.7405)
37582,0,40,27.6050,27.6168,init()rotateIntoBiaxial(d,0.4670,0.0000,d)nonlinear(d,0.4670,0.0000,300.0000,d)rotateFromBiaxial(d,0.4670,0.0000,d)nonlinear(6,0.0000,0.0000,0.0037,d)rotateIntoBiaxial(d,40.4319,0.0000,d)nonlinear(d,40.4319,0.0000,100.0000,d)rotateFromBiaxial(d,40.4319,0.0000,d)rotate(179.8665)rotateIntoBiaxial(d,139.7300,0.0000,d)nonlinear(d,139.7300,0.0000,300.0000,d)rotateFromBiaxial(d,139.7300,0.0000,d)nonlinear(6,0.0000,0.0000,34.0716,d)rotate(-73.6517)rotateIntoBiaxial(d,1.7008,0.0000,d)nonlinear(d,1.7008,0.0000,50.0000,d)rotateFromBiaxial(d,1.7008,0.0000,d)nonlinear(6,0.0000,0.0000,7.4326,d)linear(0,0,0,159.8214,d)rotate(3.5069)nonlinear(6,0.0000,0.0000,5.4904,d)rotate(-25.3968)rotateIntoBiaxial(d,0.0000,0.0000,d)nonlinear(d,0.0000,0.0000,31.0094,d)rotateFromBiaxial(d,0.0000,0.0000,d)nonlinear(6,0.0000,0.0000,15.4524,d)linear(0,0,0,134.6764,d)rotate(0.3063)
37628,0,40,27.6094,27.6168,init()rotateIntoBiaxial(d,0.5168,0.0000,d)nonlinear(d,0.5168,0.0000,300.0000,d)rotateFromBiaxial(d,0.5168,0.0000,d)nonlinear(6,0.0000,0.0000,0.1179,d)rotateIntoBiaxial(d,40.4311,0.0000,d)nonlinear(d,40.4311,0.0000,100.0000,d)rotateFromBiaxial(d,40.4311,0.0000,d)rotate(179.9238)rotateIntoBiaxial(d,139.7303,0.0000,d)nonlinear(d,139.7303,0.0000,300.0000,d)rotateFromBiaxial(d,139.7303,0.0000,d)nonlinear(6,0.0000,0.0000,34.2612,d)rotate(-73.4698)rotateIntoBiaxial(d,1.9739,0.0000,d)nonlinear(d,1.9739,0.0000,50.0000,d)rotateFromBiaxial(d,1.9739,0.0000,d)nonlinear(6,0.0000,0.0000,6.3431,d)linear(0,0,0,154.9552,d)rotate(2.7909)nonlinear(6,0.0000,0.0000,5.0785,d)rotate(-24.4431)rotateIntoBiaxial(d,0.7317,0.0000,d)nonlinear(d,0.7317,0.0000,33.1282,d)rotateFromBiaxial(d,0.7317,0.0000,d)nonlinear(6,0.0000,0.0000,13.9373,d)linear(0,0,0,105.7722,d)rotate(0.5201)
37674,0,40,27.6306,27.6168,init()rotateIntoBiaxial(d,0.5838,0.0000,d)nonlinear(d,0.5838,0.0000,300.0000,d)rotateFromBiaxial(d,0.5838,0.0000,d)nonlinear(6,0.0000,0.0000,0.0175,d)rotateIntoBiaxial(d,40.4500,0.0000,d)nonlinear(d,40.4500,0.0000,100.0000,d)rotateFromBiaxial(d,40.4500,0.0000,d)rotate(179.8457)rotateIntoBiaxial(d,139.7285,0.0000,d)nonlinear(d,139.7285,0.0000,300.0000,d)rotateFromBiaxial(d,139.7285,0.0000,d)nonlinear(6,0.0000,0.0000,32.1303,d)rotate(-73.3701)rotateIntoBiaxial(d,1.6808,0.0000,d)nonlinear(d,1.6808,0.0000,50.0000,d)rotateFromBiaxial(d,1.6808,0.0000,d)nonlinear(6,0.0000,0.0000,2.3774,d)linear(0,0,0,161.1643,d)rotate(2.8507)nonlinear(6,0.0000,0.0000,6.4343,d)rotate(-26.7920)rotateIntoBiaxial(d,1.7464,0.0000,d)nonlinear(d,1.7464,0.0000,32.2505,d)rotateFromBiaxial(d,1.7464,0.0000,d)nonlinear(6,0.0000,0.0000,13.9014,d)linear(0,0,0,100.5230,d)rotate(0.6904)
37720,0,40,27.6240,27.6240,init()rotateIntoBiaxial(d,0.5248,0.0000,d)nonlinear(d,0.5248,0.0000,300.0000,d)rotateFromBiaxial(d,0.5248,0.0000,d)nonlinear(6,0.0000,0.0000,0.1673,d)rotateIntoBiaxial(d,40.4379,0.0000,d)nonlinear(d,40.4379,0.0000,100.0000,d)rotateFromBiaxial(d,40.4379,0.0000,d)rotate(179.7408)rotateIntoBiaxial(d,139.7286,0.0000,d)nonlinear(d,139.7286,0.0000,300.0000,d)rotateFromBiaxial(d,139.7286,0.0000,d)nonlinear(6,0.0000,0.0000,36.1028,d)rotate(-73.5981)rotateIntoBiaxial(d,1.7107,0.0000,d)nonlinear(d,1.7107,0.0000,50.0000,d)rotateFromBiaxial(d,1.7107,0.0000,d)nonlinear(6,0.0000,0.0000,4.2184,d)linear(0,0,0,175.6836,d)rotate(3.2435)nonlinear(6,0.0000,0.0000,3.6277,d)rotate(-30.1331)rotateIntoBiaxial(d,0.2466,0.0000,d)nonlinear(d,0.2466,0.0000,32.4996,d)rotateFromBiaxial(d,0.2466,0.0000,d)nonlinear(6,0.0000,0.0000,13.4826,d)linear(0,0,0,107.5983,d)rotate(0.7715)
37766,0,40,27.6365,27.6240,init()rotateIntoBiaxial(d,0.6569,0.0000,d)nonlinear(d,0.6569,0.0000,300.0000,d)rotateFromBiaxial(d,0.6569,0.0000,d)nonlinear(6,0.0000,0.0000,0.2724,d)rotateIntoBiaxial(d,40.4468,0.0000,d)nonlinear(d,40.4468,0.0000,100.0000,d)rotateFromBiaxial(d,40.4468,0.0000,d)rotate(179.8380)rotateIntoBiaxial(d,139.7269,0.0000,d)nonlinear(d,139.7269,0.0000,300.0000,d)rotateFromBiaxial(d,139.7269,0.0000,d)nonlinear(6,0.0000,0.0000,32.5586,d)rotate(-73.2324)rotateIntoBiaxial(d,1.7967,0.0000,d)nonlinear(d,1.7967,0.0000,50.0000,d)rotateFromBiaxial(d,1.7967,0.0000,d)nonlinear(6,0.0000,0.0000,5.2552,d)linear(0,0,0,153.8225,d)rotate(1.8388)nonlinear(6,0.0000,0.0000,4.5014,d)rotate(-24.5713)rotateIntoBiaxial(d,1.0418,0.0000,d)nonlinear(d,1.0418,0.0000,33.3440,d)rotateFromBiaxial(d,1.0418,0.0000,d)nonlinear(6,0.0000,0.0000,16.2955,d)linear(0,0,0,104.0013,d)rotate(0.6896)
37812,0,40,27.5962,27.6240,init()rotateIntoBiaxial(d,0.4014,0.0000,d)nonlinear(d,0.4014,0.0000,300.0000,d)rotateFromBiaxial(d,0.4014,0.0000,d)nonlinear(6,0.0000,0.0000,0.3984,d)rotateIntoBiaxial(d,40.4277,0.0000,d)nonlinear(d,40.4277,0.0000,100.0000,d)rotateFromBiaxial(d,40.4277,0.0000,d)rotate(179.8257)rotateIntoBiaxial(d,139.7318,0.0000,d)nonlinear(d,139.7318,0.0000,300.0000,d)rotateFromBiaxial(d,139.7318,0.0000,d)nonlinear(6,0.0000,0.0000,36.1497,d)rotate(-73.0647)rotateIntoBiaxial(d,1.9496,0.0000,d)nonlinear(d,1.9496,0.0000,50.0000,d)rotateFromBiaxial(d,1.9496,0.0000,d)nonlinear(6,0.0000,0.0000,2.1803,d)linear(0,0,0,158.5527,d)rotate(2.0898)nonlinear(6,0.0000,0.0000,4.6482,d)rotate(-27.4393)rotateIntoBiaxial(d,1.1905,0.0000,d)nonlinear(d,1.1905,0.0000,33.7655,d)rotateFromBiaxial(d,1.1905,0.0000,d)nonlinear(6,0.0000,0.0000,13.2117,d)linear(0,0,0,78.2763,d)rotate(0.7658)
37858,0,40,27.6333,27.6333,init()rotateIntoBiaxial(d,0.4958,0.0000,d)nonlinear(d,0.4958,0.0000,300.0000,d)rotateFromBiaxial(d,0.4958,0.0000,d)nonlinear(6,0.0000,0.0000,0.1348,d)rotateIntoBiaxial(d,40.4395,0.0000,d)nonlinear(d,40.4395,0.0000,100.0000,d)rotateFromBiaxial(d,40.4395,0.0000,d)rotate(179.9242)rotateIntoBiaxial(d,139.7305,0.0000,d)nonlinear(d,139.7305,0.0000,300.0000,d)rotateFromBiaxial(d,139.7305,0.0000,d)nonlinear(6,0.0000,0.0000,36.5182,d)rotate(-71.9478)rotateIntoBiaxial(d,1.3612,0.0000,d)nonlinear(d,1.3612,0.0000,50.0000,d)rotateFromBiaxial(d,1.3612,0.0000,d)nonlinear(6,0.0000,0.0000,3.1317,d)linear(0,0,0,153.7909,d)rotate(3.0876)nonlinear(6,0.0000,0.0000,3.5127,d)rotate(-29.5255)rotateIntoBiaxial(d,0.5811,0.0000,d)nonlinear(d,0.5811,0.0000,33.9523,d)rotateFromBiaxial(d,0.5811,0.0000,d)nonlinear(6,0.0000,0.0000,14.8142,d)linear(0,0,0,106.2292,d)rotate(0.4410)
37904,0,40,27.6229,27.6333,init()rotateIntoBiaxial(d,0.6277,0.0000,d)nonlinear(d,0.6277,0.0000,300.0000,d)rotateFromBiaxial(d,0.6277,0.0000,d)nonlinear(6,0.0000,0.0000,0.2112,d)rotateIntoBiaxial(d,40.4378,0.0000,d)nonlinear(d,40.4378,0.0000,100.0000,d)rotateFromBiaxial(d,40.4378,0.0000,d)rotate(179.8999)rotateIntoBiaxial(d,139.7328,0.0000,d)nonlinear(d,139.7328,0.0000,300.0000,d)rotateFromBiaxial(d,139.7328,0.0000,d)nonlinear(6,0.0000,0.0000,33.8166,d)rotate(-72.2771)rotateIntoBiaxial(d,1.9540,0.0000,d)nonlinear(d,1.9540,0.0000,50.0000,d)rotateFromBiaxial(d,1.9540,0.0000,d)nonlinear(6,0.0000,0.0000,2.8737,d)linear(0,0,0,157.0162,d)rotate(2.7574)nonlinear(6,0.0000,0.0000,5.9024,d)rotate(-29.5120)rotateIntoBiaxial(d,0.9125,0.0000,d)nonlinear(d,0.9125,0.0000,33.1216,d)rotateFromBiaxial(d,0.9125,0.0000,d)nonlinear(6,0.0000,0.0000,14.2208,d)linear(0,0,0,98.6324,d)rotate(0.4663)
37950,0,40,27.6322,27.6333,init()rotateIntoBiaxial(d,0.4048,0.0000,d)nonlinear(d,0.4048,0.0000,300.0000,d)rotateFromBiaxial(d,0.4048,0.0000,d)nonlinear(6,0.0000,0.0000,0.4477,d)rotateIntoBiaxial(d,40.4431,0.0000,d)nonlinear(d,40.4431,0.0000,100.0000,d)rotateFromBiaxial(d,40.4431,0.0000,d)rotate(179.9222)rotateIntoBiaxial(d,139.7288,0.0000,d)nonlinear(d,139.7288,0.0000,300.0000,d)rotateFromBiaxial(d,139.7288,0.0000,d)nonlinear(6,0.0000,0.0000,35.3900,d)rotate(-71.4921)rotateIntoBiaxial(d,1.8007,0.0000,d)nonlinear(d,1.8007,0.0000,50.0000,d)rotateFromBiaxial(d,1.8007,0.0000,d)nonlinear(6,0.0000,0.0000,5.5060,d)linear(0,0,0,138.6425,d)rotate(1.4402)nonlinear(6,0.0000,0.0000,4.1853,d)rotate(-24.3981)rotateIntoBiaxial(d,0.4916,0.0000,d)nonlinear(d,0.4916,0.0000,31.7856,d)rotateFromBiaxial(d,0.4916,0.0000,d)nonlinear(6,0.0000,0.0000,16.3448,d)linear(0,0,0,106.0024,d)rotate(0.7336)
37996,0,40,27.6070,27.6333,init()rotateIntoBiaxial(d,0.3999,0.0000,d)nonlinear(d,0.3999,0.0000,300.0000,d)rotateFromBiaxial(d,0.3999,0.0000,d)nonlinear(6,0.0000,0.0000,0.0500,d)rotateIntoBiaxial(d,40.4317,0.0000,d)nonlinear(d,40.4317,0.0000,100.0000,d)rotateFromBiaxial(d,40.4317,0.0000,d)rotate(179.9659)rotateIntoBiaxial(d,139.7337,0.0000,d)nonlinear(d,139.7337,0.0000,300.0000,d)rotateFromBiaxial(d,139.7337,0.0000,d)nonlinear(6,0.0000,0.0000,35.4126,d)rotate(-71.7444)rotateIntoBiaxial(d,2.0396,0.0000,d)nonlinear(d,2.0396,0.0000,50.0000,d)rotateFromBiaxial(d,2.0396,0.0000,d)nonlinear(6,0.0000,0.0000,6.2902,d)linear(0,0,0,137.5318,d)rotate(1.5385)nonlinear(6,0.0000,0.0000,6.3790,d)rotate(-24.2666)rotateIntoBiaxial(d,0.9597,0.0000,d)nonlinear(d,0.9597,0.0000,34.9546,d)rotateFromBiaxial(d,0.9597,0.0000,d)nonlinear(6,0.0000,0.0000,13.2142,d)linear(0,0,0,96.8714,d)rotate(0.5178)
38042,0,40,27.6405,27.6333,init()rotateIntoBiaxial(d,0.6114,0.0000,d)nonlinear(d,0.6114,0.0000,300.0000,d)rotateFromBiaxial(d,0.6114,0.0000,d)nonlinear(6,0.0000,0.0000,0.2738,d)rotateIntoBiaxial(d,40.4448,0.0000,d)nonlinear(d,40.4448,0.0000,100.0000,d)rotateFromBiaxial(d,40.4448,0.0000,d)rotate(179.9992)rotateIntoBiaxial(d,139.7344,0.0000,d)nonlinear(d,139.7344,0.0000,300.0000,d)rotateFromBiaxial(d,139.7344,0.0000,d)nonlinear(6,0.0000,0.0000,35.2205,d)rotate(-71.2536)rotateIntoBiaxial(d,1.8987,0.0000,d)nonlinear(d,1.8987,0.0000,50.0000,d)rotateFromBiaxial(d,1.8987,0.0000,d)nonlinear(6,0.0000,0.0000,5.0104,d)linear(0,0,0,130.7781,d)rotate(1.0924)rotateIntoBiaxial(d,4.2688,0.0000,d)nonlinear(d,4.2688,0.0000,1.4538,d)rotateFromBiaxial(d,4.2688,0.0000,d)nonlinear(6,0.0000,0.0000,5.1893,d)linear(0,0,0,2.1506,d)rotate(-27.7137)rotateIntoBiaxial(d,1.2695,0.0000,d)nonlinear(d,1.2695,0.0000,33.1378,d)rotateFromBiaxial(d,1.2695,0.0000,d)nonlinear(6,0.0000,0.0000,13.7141,d)linear(0,0,0,104.6678,d)rotate(0.5294)
38088,0,40,27.6304,27.6333,init()rotateIntoBiaxial(d,0.5000,0.0000,d)nonlinear(d,0.5000,0.0000,300.0000,d)rotateFromBiaxial(d,0.5000,0.0000,d)nonlinear(6,0.0000,0.0000,0.3551,d)rotateIntoBiaxial(d,40.4399,0.0000,d)nonlinear(d,40.4399,0.0000,100.0000,d)rotateFromBiaxial(d,40.4399,0.0000,d)rotate(179.9359)rotateIntoBiaxial(d,139.7329,0.0000,d)nonlinear(d,139.7329,0.0000,300.0000,d)rotateFromBiaxial(d,139.7329,0.0000,d)nonlinear(6,0.0000,0.0000,33.7883,d)rotate(-70.6219)rotateIntoBiaxial(d,1.4864,0.0000,d)nonlinear(d,1.4864,0.0000,50.0000,d)rotateFromBiaxial(d,1.4864,0.0000,d)nonlinear(6,0.0000,0.0000,4.4583,d)linear(0,0,0,124.6989,d)rotate(2.4366)rotateIntoBiaxial(d,3.3845,0.0000,d)nonlinear(d,3.3845,0.0000,0.2005,d)rotateFromBiaxial(d,3.3845,0.0000,d)nonlinear(6,0.0000,0.0000,5.8116,d)rotate(-31.2981)rotateIntoBiaxial(d,0.7589,0.0000,d)nonlinear(d,0.7589,0.0000,32.2650,d)rotateFromBiaxial(d,0.7589,0.0000,d)nonlinear(6,0.0000,0.0000,14.8285,d)linear(0,0,0,141.9093,d)rotate(0.5908)
38134,0,40,27.6441,27.6333,init()rotateIntoBiaxial(d,0.4714,0.0000,d)nonlinear(d,0.4714,0.0000,300.0000,d)rotateFromBiaxial(d,0.4714,0.0000,d)nonlinear(6,0.0000,0.0000,0.2903,d)rotateIntoBiaxial(d,40.4453,0.0000,d)nonlinear(d,40.4453,0.0000,100.0000,d)rotateFromBiaxial(d,40.4453,0.0000,d)rotate(179.9794)rotateIntoBiaxial(d,139.7286,0.0000,d)nonlinear(d,139.7286,0.0000,300.0000,d)rotateFromBiaxial(d,139.7286,0.0000,d)nonlinear(6,0.0000,0.0000,37.1573,d)rotate(-72.3962)rotateIntoBiaxial(d,1.2536,0.0000,d)nonlinear(d,1.2536,0.0000,50.0000,d)rotateFromBiaxial(d,1.2536,0.0000,d)nonlinear(6,0.0000,0.0000,4.0533,d)linear(0,0,0,156.4492,d)rotate(2.1326)nonlinear(6,0.0000,0.0000,3.4788,d)linear(0,0,0,5.3693,d)rotate(-25.6614)rotateIntoBiaxial(d,0.4068,0.0000,d)nonlinear(d,0.4068,0.0000,36.0866,d)rotateFromBiaxial(d,0.4068,0.0000,d)nonlinear(6,0.0000,0.0000,15.8632,d)linear(0,0,0,89.0835,d)rotate(0.4325)
38180,0,40,27.6364,27.6364,init()rotateIntoBiaxial(d,0.4966,0.0000,d)nonlinear(d,0.4966,0.0000,300.0000,d)rotateFromBiaxial(d,0.4966,0.0000,d)nonlinear(6,0.0000,0.0000,0.0057,d)rotate(0.3213)rotateIntoBiaxial(d,40.4391,0.0000,d)nonlinear(d,40.4391,0.0000,100.0000,d)rotateFromBiaxial(d,40.4391,0.0000,d)rotate(179.9782)rotateIntoBiaxial(d,139.7311,0.0000,d)nonlinear(d,139.7311,0.0000,300.0000,d)rotateFromBiaxial(d,139.7311,0.0000,d)nonlinear(6,0.0000,0.0000,35.7642,d)rotate(-71.1058)rotateIntoBiaxial(d,1.0609,0.0000,d)nonlinear(d,1.0609,0.0000,50.0000,d)rotateFromBiaxial(d,1.0609,0.0000,d)nonlinear(6,0.0000,0.0000,3.9107,d)linear(0,0,0,137.3937,d)rotate(3.2666)rotateIntoBiaxial(d,3.3717,0.0000,d)nonlinear(d,3.3717,0.0000,4.8935,d)rotateFromBiaxial(d,3.3717,0.0000,d)nonlinear(6,0.0000,0.0000,4.6300,d)rotate(-27.5127)rotateIntoBiaxial(d,0.6189,0.0000,d)nonlinear(d,0.6189,0.0000,35.5939,d)rotateFromBiaxial(d,0.6189,0.0000,d)nonlinear(6,0.0000,0.0000,15.7873,d)linear(0,0,0,117.3588,d)rotate(0.4040)
38226,0,40,27.6518,27.6518,init()rotateIntoBiaxial(d,0.5760,0.0000,d)nonlinear(d,0.5760,0.0000,300.0000,d)rotateFromBiaxial(d,0.5760,0.0000,d)nonlinear(6,0.0000,0.0000,0.1123,d)rotate(0.1498)rotateIntoBiaxial(d,40.4442,0.0000,d)nonlinear(d,40.4442,0.0000,100.0000,d)rotateFromBiaxial(d,40.4442,0.0000,d)rotate(179.9003)rotateIntoBiaxial(d,139.7306,0.0000,d)nonlinear(d,139.7306,0.0000,300.0000,d)rotateFromBiaxial(d,139.7306,0.0000,d)nonlinear(6,0.0000,0.0000,35.1623,d)rotate(-70.7461)rotateIntoBiaxial(d,1.6383,0.0000,d)nonlinear(d,1.6383,0.0000,50.0000,d)rotateFromBiaxial(d,1.6383,0.0000,d)nonlinear(6,0.0000,0.0000,3.5063,d)linear(0,0,0,129.1361,d)rotate(2.1987)rotateIntoBiaxial(d,3.6513,0.0000,d)nonlinear(d,3.6513,0.0000,2.0499,d)rotateFromBiaxial(d,3.6513,0.0000,d)nonlinear(6,0.0000,0.0000,4.8094,d)rotate(-28.3646)rotateIntoBiaxial(d,0.2447,0.0000,d)nonlinear(d,0.2447,0.0000,33.0335,d)rotateFromBiaxial(d,0.2447,0.0000,d)nonlinear(6,0.0000,0.0000,14.5821,d)linear(0,0,0,134.6667,d)rotate(0.4421)
38272,0,40,27.6549,27.6549,init()rotateIntoBiaxial(d,0.5596,0.0000,d)nonlinear(d,0.5596,0.0000,300.0000,d)rotateFromBiaxial(d,0.5596,0.0000,d)nonlinear(6,0.0000,0.0000,0.0385,d)rotate(0.0712)rotateIntoBiaxial(d,40.4412,0.0000,d)nonlinear(d,40.4412,0.0000,100.0000,d)rotateFromBiaxial(d,40.4412,0.0000,d)rotate(179.9549)rotateIntoBiaxial(d,139.7286,0.0000,d)nonlinear(d,139.7286,0.0000,300.0000,d)rotateFromBiaxial(d,139.7286,0.0000,d)nonlinear(6,0.0000,0.0000,34.4152,d)rotate(-70.6220)rotateIntoBiaxial(d,1.1615,0.0000,d)nonlinear(d,1.1615,0.0000,50.0000,d)rotateFromBiaxial(d,1.1615,0.0000,d)nonlinear(6,0.0000,0.0000,2.9304,d)linear(0,0,0,134.8572,d)rotate(3.3014)rotateIntoBiaxial(d,3.9994,0.0000,d)nonlinear(d,3.9994,0.0000,0.7404,d)rotateFromBiaxial(d,3.9994,0.0000,d)nonlinear(6,0.0000,0.0000,5.9484,d)linear(0,0,0,9.4779,d)rotate(-32.3477)rotateIntoBiaxial(d,0.6674,0.0000,d)nonlinear(d,0.6674,0.0000,36.0335,d)rotateFromBiaxial(d,0.6674,0.0000,d)nonlinear(6,0.0000,0.0000,13.4624,d)linear(0,0,0,121.6870,d)rotate(0.4123)
38318,0,40,27.6661,27.6549,init()rotateIntoBiaxial(d,0.5952,0.0000,d)nonlinear(d,0.5952,0.0000,300.0000,d)rotateFromBiaxial(d,0.5952,0.0000,d)nonlinear(6,0.0000,0.0000,0.0127,d)rotateIntoBiaxial(d,40.4566,0.0000,d)nonlinear(d,40.4566,0.0000,100.0000,d)rotateFromBiaxial(d,40.4566,0.0000,d)rotate(179.9166)rotateIntoBiaxial(d,139.7328,0.0000,d)nonlinear(d,139.7328,0.0000,300.0000,d)rotateFromBiaxial(d,139.7328,0.0000,d)nonlinear(6,0.0000,0.0000,35.7079,d)rotate(-70.6798)rotateIntoBiaxial(d,1.6714,0.0000,d)nonlinear(d,1.6714,0.0000,50.0000,d)rotateFromBiaxial(d,1.6714,0.0000,d)nonlinear(6,0.0000,0.0000,6.8722,d)linear(0,0,0,143.2638,d)rotate(2.5416)rotateIntoBiaxial(d,3.9205,0.0000,d)nonlinear(d,3.9205,0.0000,1.5684,d)rotateFromBiaxial(d,3.9205,0.0000,d)nonlinear(6,0.0000,0.0000,3.5410,d)rotate(-32.8661)rotateIntoBiaxial(d,0.1818,0.0000,d)nonlinear(d,0.1818,0.0000,34.3769,d)rotateFromBiaxial(d,0.1818,0.0000,d)nonlinear(6,0.0000,0.0000,15.1825,d)linear(0,0,0,99.6982,d)rotate(0.6037)
38364,0,40,27.6651,27.6549,init()rotateIntoBiaxial(d,0.4997,0.0000,d)nonlinear(d,0.4997,0.0000,300.0000,d)rotateFromBiaxial(d,0.4997,0.0000,d)nonlinear(6,0.0000,0.0000,0.0221,d)rotateIntoBiaxial(d,40.4505,0.0000,d)nonlinear(d,40.4505,0.0000,100.0000,d)rotateFromBiaxial(d,40.4505,0.0000,d)rotate(179.9883)rotateIntoBiaxial(d,139.7251,0.0000,d)nonlinear(d,139.7251,0.0000,300.0000,d)rotateFromBiaxial(d,139.7251,0.0000,d)nonlinear(6,0.0000,0.0000,32.5734,d)rotate(-69.9877)rotateIntoBiaxial(d,1.3211,0.0000,d)nonlinear(d,1.3211,0.0000,50.0000,d)rotateFromBiaxial(d,1.3211,0.0000,d)nonlinear(6,0.0000,0.0000,5.3940,d)linear(0,0,0,128.5902,d)rotate(2.8354)rotateIntoBiaxial(d,4.2834,0.0000,d)nonlinear(d,4.2834,0.0000,1.4968,d)rotateFromBiaxial(d,4.2834,0.0000,d)nonlinear(6,0.0000,0.0000,4.6995,d)rotate(-31.5000)rotateIntoBiaxial(d,0.5820,0.0000,d)nonlinear(d,0.5820,0.0000,34.7455,d)rotateFromBiaxial(d,0.5820,0.0000,d)nonlinear(6,0.0000,0.0000,16.9101,d)linear(0,0,0,127.6005,d)rotate(0.3363)
38410,0,40,27.6702,27.6549,init()rotateIntoBiaxial(d,0.7059,0.0000,d)nonlinear(d,0.7059,0.0000,300.0000,d)rotateFromBiaxial(d,0.7059,0.0000,d)nonlinear(6,0.0000,0.0000,0.4791,d)rotateIntoBiaxial(d,40.4456,0.0000,d)nonlinear(d,40.4456,0.0000,100.0000,d)rotateFromBiaxial(d,40.4456,0.0000,d)rotate(179.9980)rotateIntoBiaxial(d,139.7264,0.0000,d)nonlinear(d,139.7264,0.0000,300.0000,d)rotateFromBiaxial(d,139.7264,0.0000,d)nonlinear(6,0.0000,0.0000,36.0361,d)rotate(-70.6148)rotateIntoBiaxial(d,1.0594,0.0000,d)nonlinear(d,1.0594,0.0000,50.0000,d)rotateFromBiaxial(d,1.0594,0.0000,d)nonlinear(6,0.0000,0.0000,2.8731,d)linear(0,0,0,117.5483,d)rotate(1.8725)rotateIntoBiaxial(d,4.7153,0.0000,d)nonlinear(d,4.7153,0.0000,1.5232,d)rotateFromBiaxial(d,4.7153,0.0000,d)nonlinear(6,0.0000,0.0000,5.2743,d)rotate(-30.0282)rotateIntoBiaxial(d,0.2497,0.0000,d)nonlinear(d,0.2497,0.0000,34.5864,d)rotateFromBiaxial(d,0.2497,0.0000,d)nonlinear(6,0.0000,0.0000,15.7332,d)linear(0,0,0,134.1090,d)rotate(0.5413)
38456,0,40,27.6969,27.6549,init()rotateIntoBiaxial(d,0.5036,0.0000,d)nonlinear(d,0.5036,0.0000,300.0000,d)rotateFromBiaxial(d,0.5036,0.0000,d)nonlinear(6,0.0000,0.0000,0.1472,d)rotateIntoBiaxial(d,40.4611,0.0000,d)nonlinear(d,40.4611,0.0000,100.0000,d)rotateFromBiaxial(d,40.4611,0.0000,d)rotate(179.9525)rotateIntoBiaxial(d,139.7285,0.0000,d)nonlinear(d,139.7285,0.0000,300.0000,d)rotateFromBiaxial(d,139.7285,0.0000,d)nonlinear(6,0.0000,0.0000,35.4278,d)rotate(-68.8837)rotateIntoBiaxial(d,1.3566,0.0000,d)nonlinear(d,1.3566,0.0000,50.0000,d)rotateFromBiaxial(d,1.3566,0.0000,d)nonlinear(6,0.0000,0.0000,7.6780,d)linear(0,0,0,104.2434,d)rotate(1.3294)rotateIntoBiaxial(d,3.8648,0.0000,d)nonlinear(d,3.8648,0.0000,1.1015,d)rotateFromBiaxial(d,3.8648,0.0000,d)nonlinear(6,0.0000,0.0000,4.8277,d)rotate(-32.0177)rotateIntoBiaxial(d,0.0959,0.0000,d)nonlinear(d,0.0959,0.0000,36.6755,d)rotateFromBiaxial(d,0.0959,0.0000,d)nonlinear(6,0.0000,0.0000,18.5648,d)linear(0,0,0,125.8495,d)rotate(0.5867)
38502,0,40,27.6577,27.6577,init()rotateIntoBiaxial(d,0.5704,0.0000,d)nonlinear(d,0.5704,0.0000,300.0000,d)rotateFromBiaxial(d,0.5704,0.0000,d)nonlinear(6,0.0000,0.0000,0.1685,d)rotateIntoBiaxial(d,40.4377,0.0000,d)nonlinear(d,40.4377,0.0000,100.0000,d)rotateFromBiaxial(d,40.4377,0.0000,d)rotate(179.9943)rotateIntoBiaxial(d,139.7300,0.0000,d)nonlinear(d,139.7300,0.0000,300.0000,d)rotateFromBiaxial(d,139.7300,0.0000,d)nonlinear(6,0.0000,0.0000,36.4424,d)rotate(-70.1096)rotateIntoBiaxial(d,1.1859,0.0000,d)nonlinear(d,1.1859,0.0000,50.0000,d)rotateFromBiaxial(d,1.1859,0.0000,d)nonlinear(6,0.0000,0.0000,4.5387,d)linear(0,0,0,124.0003,d)rotate(1.7920)rotateIntoBiaxial(d,3.3208,0.0000,d)nonlinear(d,3.3208,0.0000,2.2339,d)rotateFromBiaxial(d,3.3208,0.0000,d)nonlinear(6,0.0000,0.0000,3.9891,d)rotate(-29.5142)rotateIntoBiaxial(d,0.3932,0.0000,d)nonlinear(d,0.3932,0.0000,37.2333,d)rotateFromBiaxial(d,0.3932,0.0000,d)nonlinear(6,0.0000,0.0000,18.3586,d)linear(0,0,0,125.2880,d)rotate(0.5916)
38548,0,40,27.6245,27.6577,init()rotateIntoBiaxial(d,0.4691,0.0000,d)nonlinear(d,0.4691,0.0000,300.0000,d)rotateFromBiaxial(d,0.4691,0.0000,d)nonlinear(6,0.0000,0.0000,0.2802,d)rotate(0.0068)rotateIntoBiaxial(d,40.4362,0.0000,d)nonlinear(d,40.4362,0.0000,100.0000,d)rotateFromBiaxial(d,40.4362,0.0000,d)rotate(179.9823)rotateIntoBiaxial(d,139.7360,0.0000,d)nonlinear(d,139.7360,0.0000,300.0000,d)rotateFromBiaxial(d,139.7360,0.0000,d)nonlinear(6,0.0000,0.0000,35.6584,d)rotate(-70.8112)rotateIntoBiaxial(d,1.4958,0.0000,d)nonlinear(d,1.4958,0.0000,50.0000,d)rotateFromBiaxial(d,1.4958,0.0000,d)nonlinear(6,0.0000,0.0000,4.6497,d)linear(0,0,0,140.2049,d)rotate(1.7696)nonlinear(6,0.0000,0.0000,5.0044,d)rotate(-27.5206)rotateIntoBiaxial(d,0.0908,0.0000,d)nonlinear(d,0.0908,0.0000,35.6703,d)rotateFromBiaxial(d,0.0908,0.0000,d)nonlinear(6,0.0000,0.0000,14.2733,d)linear(0,0,0,111.2478,d)rotate(0.4433)
38594,0,40,27.6518,27.6577,init()rotateIntoBiaxial(d,0.4189,0.0000,d)nonlinear(d,0.4189,0.0000,300.0000,d)rotateFromBiaxial(d,0.4189,0.0000,d)nonlinear(6,0.0000,0.0000,0.0355,d)rotate(0.2097)rotateIntoBiaxial(d,40.4407,0.0000,d)nonlinear(d,40.4407,0.0000,100.0000,d)rotateFromBiaxial(d,40.4407,0.0000,d)rotate(179.9999)rotateIntoBiaxial(d,139.7288,0.0000,d)nonlinear(d,139.7288,0.0000,300.0000,d)rotateFromBiaxial(d,139.7288,0.0000,d)nonlinear(6,0.0000,0.0000,35.0552,d)rotate(-70.0424)rotateIntoBiaxial(d,1.3764,0.0000,d)nonlinear(d,1.3764,0.0000,50.0000,d)rotateFromBiaxial(d,1.3764,0.0000,d)nonlinear(6,0.0000,0.0000,6.9000,d)linear(0,0,0,134.2034,d)rotate(1.8203)rotateIntoBiaxial(d,3.8847,0.0000,d)nonlinear(d,3.8847,0.0000,1.2197,d)rotateFromBiaxial(d,3.8847,0.0000,d)nonlinear(6,0.0000,0.0000,4.7964,d)rotate(-30.4210)rotateIntoBiaxial(d,0.3539,0.0000,d)nonlinear(d,0.3539,0.0000,35.7856,d)rotateFromBiaxial(d,0.3539,0.0000,d)nonlinear(6,0.0000,0.0000,17.0899,d)linear(0,0,0,161.1388,d)rotate(0.3483)
38640,0,40,27.6812,27.6577,init()rotateIntoBiaxial(d,0.4887,0.0000,d)nonlinear(d,0.4887,0.0000,300.0000,d)rotateFromBiaxial(d,0.4887,0.0000,d)nonlinear(6,0.0000,0.0000,0.3973,d)rotate(0.4403)rotateIntoBiaxial(d,40.4542,0.0000,d)nonlinear(d,40.4542,0.0000,100.0000,d)rotateFromBiaxial(d,40.4542,0.0000,d)rotate(179.9958)rotateIntoBiaxial(d,139.7253,0.0000,d)nonlinear(d,139.7253,0.0000,300.0000,d)rotateFromBiaxial(d,139.7253,0.0000,d)nonlinear(6,0.0000,0.0000,36.5753,d)rotate(-69.1485)rotateIntoBiaxial(d,0.9614,0.0000,d)nonlinear(d,0.9614,0.0000,50.0000,d)rotateFromBiaxial(d,0.9614,0.0000,d)nonlinear(6,0.0000,0.0000,2.8748,d)linear(0,0,0,132.4077,d)rotate(1.6821)rotateIntoBiaxial(d,3.0449,0.0000,d)nonlinear(d,3.0449,0.0000,2.1044,d)rotateFromBiaxial(d,3.0449,0.0000,d)nonlinear(6,0.0000,0.0000,3.2781,d)rotate(-28.1609)rotateIntoBiaxial(d,0.2913,0.0000,d)nonlinear(d,0.2913,0.0000,34.8799,d)rotateFromBiaxial(d,0.2913,0.0000,d)nonlinear(6,0.0000,0.0000,16.7684,d)linear(0,0,0,156.2628,d)rotate(0.4563)
38686,0,40,27.6705,27.6577,init()rotateIntoBiaxial(d,0.5806,0.0000,d)nonlinear(d,0.5806,0.0000,300.0000,d)rotateFromBiaxial(d,0.5806,0.0000,d)nonlinear(6,0.0000,0.0000,0.3847,d)rotateIntoBiaxial(d,40.4465,0.0000,d)nonlinear(d,40.4465,0.0000,100.0000,d)rotateFromBiaxial(d,40.4465,0.0000,d)rotate(179.9834)rotateIntoBiaxial(d,139.7270,0.0000,d)nonlinear(d,139.7270,0.0000,300.0000,d)rotateFromBiaxial(d,139.7270,0.0000,d)nonlinear(6,0.0000,0.0000,36.0968,d)linear(0,0,0,0.3227,d)rotate(-69.7889)rotateIntoBiaxial(d,0.9596,0.0000,d)nonlinear(d,0.9596,0.0000,50.0000,d)rotateFromBiaxial(d,0.9596,0.0000,d)nonlinear(6,0.0000,0.0000,4.1311,d)linear(0,0,0,134.4161,d)rotate(1.5859)rotateIntoBiaxial(d,3.2523,0.0000,d)nonlinear(d,3.2523,0.0000,4.0844,d)rotateFromBiaxial(d,3.2523,0.0000,d)nonlinear(6,0.0000,0.0000,4.2741,d)rotate(-29.7239)rotateIntoBiaxial(d,0.0025,0.0000,d)nonlinear(d,0.0025,0.0000,34.6377,d)rotateFromBiaxial(d,0.0025,0.0000,d)nonlinear(6,0.0000,0.0000,19.4292,d)linear(0,0,0,155.2749,d)rotate(0.4647)
38732,0,40,27.6901,27.6901,init()rotateIntoBiaxial(d,0.4495,0.0000,d)nonlinear(d,0.4495,0.0000,300.0000,d)rotateFromBiaxial(d,0.4495,0.0000,d)nonlinear(6,0.0000,0.0000,0.0117,d)rotateIntoBiaxial(d,40.4527,0.0000,d)nonlinear(d,40.4527,0.0000,100.0000,d)rotateFromBiaxial(d,40.4527,0.0000,d)rotate(179.9688)rotateIntoBiaxial(d,139.7275,0.0000,d)nonlinear(d,139.7275,0.0000,300.0000,d)rotateFromBiaxial(d,139.7275,0.0000,d)nonlinear(6,0.0000,0.0000,34.9528,d)rotate(-67.3090)rotateIntoBiaxial(d,1.1445,0.0000,d)nonlinear(d,1.1445,0.0000,50.0000,d)rotateFromBiaxial(d,1.1445,0.0000,d)nonlinear(6,0.0000,0.0000,7.2528,d)linear(0,0,0,118.3664,d)rotate(0.9177)rotateIntoBiaxial(d,4.0441,0.0000,d)nonlinear(d,4.0441,0.0000,1.0807,d)rotateFromBiaxial(d,4.0441,0.0000,d)nonlinear(6,0.0000,0.0000,5.1316,d)rotate(-28.9790)rotateIntoBiaxial(d,0.1460,0.0000,d)nonlinear(d,0.1460,0.0000,38.0276,d)rotateFromBiaxial(d,0.1460,0.0000,d)nonlinear(6,0.0000,0.0000,17.4000,d)linear(0,0,0,154.6478,d)rotate(0.4504)
38778,0,40,27.6576,27.6901,init()rotateIntoBiaxial(d,0.6191,0.0000,d)nonlinear(d,0.6191,0.0000,300.0000,d)rotateFromBiaxial(d,0.6191,0.0000,d)nonlinear(6,0.0000,0.0000,0.1854,d)rotateIntoBiaxial(d,40.4404,0.0000,d)nonlinear(d,40.4404,0.0000,100.0000,d)rotateFromBiaxial(d,40.4404,0.0000,d)rotate(179.9756)rotateIntoBiaxial(d,139.7312,0.0000,d)nonlinear(d,139.7312,0.0000,300.0000,d)rotateFromBiaxial(d,139.7312,0.0000,d)nonlinear(6,0.0000,0.0000,37.9561,d)rotate(-69.0438)rotateIntoBiaxial(d,0.8902,0.0000,d)nonlinear(d,0.8902,0.0000,50.0000,d)rotateFromBiaxial(d,0.8902,0.0000,d)nonlinear(6,0.0000,0.0000,3.6084,d)linear(0,0,0,107.3490,d)rotate(1.4434)nonlinear(6,0.0000,0.0000,3.9369,d)rotate(-29.0115)rotateIntoBiaxial(d,0.4018,0.0000,d)nonlinear(d,0.4018,0.0000,36.0171,d)rotateFromBiaxial(d,0.4018,0.0000,d)nonlinear(6,0.0000,0.0000,17.2925,d)linear(0,0,0,123.9397,d)rotate(0.5006)
38824,0,40,27.6552,27.6901,init()rotateIntoBiaxial(d,0.5178,0.0000,d)nonlinear(d,0.5178,0.0000,300.0000,d)rotateFromBiaxial(d,0.5178,0.0000,d)nonlinear(6,0.0000,0.0000,0.1238,d)rotateIntoBiaxial(d,40.4393,0.0000,d)nonlinear(d,40.4393,0.0000,100.0000,d)rotateFromBiaxial(d,40.4393,0.0000,d)rotate(179.9494)rotateIntoBiaxial(d,139.7294,0.0000,d)nonlinear(d,139.7294,0.0000,300.0000,d)rotateFromBiaxial(d,139.7294,0.0000,d)nonlinear(6,0.0000,0.0000,36.0322,d)rotate(-69.8344)rotateIntoBiaxial(d,1.1605,0.0000,d)nonlinear(d,1.1605,0.0000,50.0000,d)rotateFromBiaxial(d,1.1605,0.0000,d)nonlinear(6,0.0000,0.0000,4.9687,d)linear(0,0,0,121.5107,d)rotate(2.6422)rotateIntoBiaxial(d,3.4762,0.0000,d)nonlinear(d,3.4762,0.0000,2.7469,d)rotateFromBiaxial(d,3.4762,0.0000,d)nonlinear(6,0.0000,0.0000,4.1726,d)rotate(-29.1412)rotateIntoBiaxial(d,0.1299,0.0000,d)nonlinear(d,0.1299,0.0000,34.4240,d)rotateFromBiaxial(d,0.1299,0.0000,d)nonlinear(6,0.0000,0.0000,18.4058,d)linear(0,0,0,116.4015,d)rotate(0.4446)
38870,0,40,27.6706,27.6901,init()rotateIntoBiaxial(d,0.6097,0.0000,d)nonlinear(d,0.6097,0.0000,300.0000,d)rotateFromBiaxial(d,0.6097,0.0000,d)nonlinear(6,0.0000,0.0000,0.3247,d)rotateIntoBiaxial(d,40.4492,0.0000,d)nonlinear(d,40.4492,0.0000,100.0000,d)rotateFromBiaxial(d,40.4492,0.0000,d)rotate(179.9001)rotateIntoBiaxial(d,139.7287,0.0000,d)nonlinear(d,139.7287,0.0000,300.0000,d)rotateFromBiaxial(d,139.7287,0.0000,d)nonlinear(6,0.0000,0.0000,34.5119,d)rotate(-70.1562)rotateIntoBiaxial(d,1.3761,0.0000,d)nonlinear(d,1.3761,0.0000,50.0000,d)rotateFromBiaxial(d,1.3761,0.0000,d)nonlinear(6,0.0000,0.0000,4.8129,d)linear(0,0,0,118.3237,d)rotate(0.3731)rotateIntoBiaxial(d,4.2467,0.0000,d)nonlinear(d,4.2467,0.0000,2.0534,d)rotateFromBiaxial(d,4.2467,0.0000,d)nonlinear(6,0.0000,0.0000,4.2886,d)rotate(-29.4940)rotateIntoBiaxial(d,0.0177,0.0000,d)nonlinear(d,0.0177,0.0000,34.3175,d)rotateFromBiaxial(d,0.0177,0.0000,d)nonlinear(6,0.0000,0.0000,19.1392,d)linear(0,0,0,130.6360,d)rotate(0.6090)
38916,0,40,27.6558,27.6901,init()rotateIntoBiaxial(d,0.5379,0.0000,d)nonlinear(d,0.5379,0.0000,300.0000,d)rotateFromBiaxial(d,0.5379,0.0000,d)nonlinear(6,0.0000,0.0000,0.0072,d)rotateIntoBiaxial(d,40.4390,0.0000,d)nonlinear(d,40.4390,0.0000,100.0000,d)rotateFromBiaxial(d,40.4390,0.0000,d)rotate(179.9999)rotateIntoBiaxial(d,139.7292,0.0000,d)nonlinear(d,139.7292,0.0000,300.0000,d)rotateFromBiaxial(d,139.7292,0.0000,d)nonlinear(6,0.0000,0.0000,35.6563,d)rotate(-69.9968)rotateIntoBiaxial(d,0.7081,0.0000,d)nonlinear(d,0.7081,0.0000,50.0000,d)rotateFromBiaxial(d,0.7081,0.0000,d)nonlinear(6,0.0000,0.0000,5.2744,d)linear(0,0,0,143.7405,d)rotate(1.3861)rotateIntoBiaxial(d,4.2619,0.0000,d)nonlinear(d,4.2619,0.0000,0.1939,d)rotateFromBiaxial(d,4.2619,0.0000,d)nonlinear(6,0.0000,0.0000,5.2905,d)linear(0,0,0,6.7326,d)rotate(-28.3984)rotateIntoBiaxial(d,0.1277,0.0000,d)nonlinear(d,0.1277,0.0000,35.9990,d)rotateFromBiaxial(d,0.1277,0.0000,d)nonlinear(6,0.0000,0.0000,18.8565,d)linear(0,0,0,135.9423,d)rotate(0.5026)
38962,0,40,27.6636,27.6901,init()rotateIntoBiaxial(d,0.6361,0.0000,d)nonlinear(d,0.6361,0.0000,300.0000,d)rotateFromBiaxial(d,0.6361,0.0000,d)nonlinear(6,0.0000,0.0000,0.3049,d)rotateIntoBiaxial(d,40.4440,0.0000,d)nonlinear(d,40.4440,0.0000,100.0000,d)rotateFromBiaxial(d,40.4440,0.0000,d)rotate(179.9863)rotateIntoBiaxial(d,139.7286,0.0000,d)nonlinear(d,139.7286,0.0000,300.0000,d)rotateFromBiaxial(d,139.7286,0.0000,d)nonlinear(6,0.0000,0.0000,34.6889,d)rotate(-68.9351)rotateIntoBiaxial(d,1.5399,0.0000,d)nonlinear(d,1.5399,0.0000,50.0000,d)rotateFromBiaxial(d,1.5399,0.0000,d)nonlinear(6,0.0000,0.0000,6.5373,d)linear(0,0,0,135.1248,d)rotate(2.0243)rotateIntoBiaxial(d,4.3140,0.0000,d)nonlinear(d,4.3140,0.0000,2.8103,d)rotateFromBiaxial(d,4.3140,0.0000,d)nonlinear(6,0.0000,0.0000,4.4445,d)rotate(-31.7222)rotateIntoBiaxial(d,0.7290,0.0000,d)nonlinear(d,0.7290,0.0000,35.4340,d)rotateFromBiaxial(d,0.7290,0.0000,d)nonlinear(6,0.0000,0.0000,17.5616,d)linear(0,0,0,141.9467,d)rotate(0.2584)
39008,0,40,27.6473,27.6901,init()rotateIntoBiaxial(d,0.4767,0.0000,d)nonlinear(d,0.4767,0.0000,300.0000,d)rotateFromBiaxial(d,0.4767,0.0000,d)nonlinear(6,0.0000,0.0000,0.2150,d)rotateIntoBiaxial(d,40.4353,0.0000,d)nonlinear(d,40.4353,0.0000,100.0000,d)rotateFromBiaxial(d,40.4353,0.0000,d)rotate(179.9214)rotateIntoBiaxial(d,139.7309,0.0000,d)nonlinear(d,139.7309,0.0000,300.0000,d)rotateFromBiaxial(d,139.7309,0.0000,d)nonlinear(6,0.0000,0.0000,35.3954,d)linear(0,0,0,6.6012,d)rotate(-68.8673)rotateIntoBiaxial(d,0.9493,0.0000,d)nonlinear(d,0.9493,0.0000,50.0000,d)rotateFromBiaxial(d,0.9493,0.0000,d)nonlinear(6,0.0000,0.0000,4.8490,d)linear(0,0,0,136.5676,d)rotate(1.4252)rotateIntoBiaxial(d,3.7944,0.0000,d)nonlinear(d,3.7944,0.0000,2.3863,d)rotateFromBiaxial(d,3.7944,0.0000,d)nonlinear(6,0.0000,0.0000,4.3468,d)linear(0,0,0,3.5059,d)rotate(-26.8151)rotateIntoBiaxial(d,0.0001,0.0000,d)nonlinear(d,0.0001,0.0000,35.7242,d)rotateFromBiaxial(d,0.0001,0.0000,d)nonlinear(6,0.0000,0.0000,20.0632,d)linear(0,0,0,147.0985,d)rotate(0.4687)
39054,0,40,27.6490,27.6901,init()rotateIntoBiaxial(d,0.5316,0.0000,d)nonlinear(d,0.5316,0.0000,300.0000,d)rotateFromBiaxial(d,0.5316,0.0000,d)nonlinear(6,0.0000,0.0000,0.4999,d)rotate(0.3306)rotateIntoBiaxial(d,40.4320,0.0000,d)nonlinear(d,40.4320,0.0000,100.0000,d)rotateFromBiaxial(d,40.4320,0.0000,d)rotate(179.9997)rotateIntoBiaxial(d,139.7309,0.0000,d)nonlinear(d,139.7309,0.0000,300.0000,d)rotateFromBiaxial(d,139.7309,0.0000,d)nonlinear(6,0.0000,0.0000,35.3936,d)rotate(-68.3641)rotateIntoBiaxial(d,1.3179,0.0000,d)nonlinear(d,1.3179,0.0000,50.0000,d)rotateFromBiaxial(d,1.3179,0.0000,d)nonlinear(6,0.0000,0.0000,3.6544,d)linear(0,0,0,129.2833,d)rotate(2.0363)rotateIntoBiaxial(d,4.1457,0.0000,d)nonlinear(d,4.1457,0.0000,2.3760,d)rotateFromBiaxial(d,4.1457,0.0000,d)nonlinear(6,0.0000,0.0000,5.2385,d)rotate(-27.5418)rotateIntoBiaxial(d,0.0171,0.0000,d)nonlinear(d,0.0171,0.0000,37.1220,d)rotateFromBiaxial(d,0.0171,0.0000,d)nonlinear(6,0.0000,0.0000,16.6775,d)linear(0,0,0,140.9407,d)rotate(0.2251)
39100,0,40,27.6775,27.6901,init()rotateIntoBiaxial(d,0.5481,0.0000,d)nonlinear(d,0.5481,0.0000,300.0000,d)rotateFromBiaxial(d,0.5481,0.0000,d)nonlinear(6,0.0000,0.0000,0.4380,d)rotateIntoBiaxial(d,40.4511,0.0000,d)nonlinear(d,40.4511,0.0000,100.0000,d)rotateFromBiaxial(d,40.4511,0.0000,d)rotate(179.9541)rotateIntoBiaxial(d,139.7281,0.0000,d)nonlinear(d,139.7281,0.0000,300.0000,d)rotateFromBiaxial(d,139.7281,0.0000,d)nonlinear(6,0.0000,0.0000,36.7582,d)rotate(-69.1071)rotateIntoBiaxial(d,1.3459,0.0000,d)nonlinear(d,1.3459,0.0000,50.0000,d)rotateFromBiaxial(d,1.3459,0.0000,d)nonlinear(6,0.0000,0.0000,0.9626,d)linear(0,0,0,126.4405,d)rotate(1.8000)rotateIntoBiaxial(d,4.1827,0.0000,d)nonlinear(d,4.1827,0.0000,1.1420,d)rotateFromBiaxial(d,4.1827,0.0000,d)nonlinear(6,0.0000,0.0000,4.9360,d)linear(0,0,0,0.4018,d)rotate(-26.0298)rotateIntoBiaxial(d,0.0024,0.0000,d)nonlinear(d,0.0024,0.0000,37.2306,d)rotateFromBiaxial(d,0.0024,0.0000,d)nonlinear(6,0.0000,0.0000,17.9068,d)linear(0,0,0,135.4552,d)rotate(0.4299)
39146,0,40,27.6580,27.6580,init()rotateIntoBiaxial(d,0.4711,0.0000,d)nonlinear(d,0.4711,0.0000,300.0000,d)rotateFromBiaxial(d,0.4711,0.0000,d)nonlinear(6,0.0000,0.0000,0.2272,d)rotateIntoBiaxial(d,40.4396,0.0000,d)nonlinear(d,40.4396,0.0000,100.0000,d)rotateFromBiaxial(d,40.4396,0.0000,d)rotate(179.9839)rotateIntoBiaxial(d,139.7309,0.0000,d)nonlinear(d,139.7309,0.0000,300.0000,d)rotateFromBiaxial(d,139.7309,0.0000,d)nonlinear(6,0.0000,0.0000,38.2472,d)rotate(-68.5065)rotateIntoBiaxial(d,1.0820,0.0000,d)nonlinear(d,1.0820,0.0000,50.0000,d)rotateFromBiaxial(d,1.0820,0.0000,d)linear(0,0,0,109.8724,d)rotate(1.2371)rotateIntoBiaxial(d,4.7215,0.0000,d)nonlinear(d,4.7215,0.0000,1.9265,d)rotateFromBiaxial(d,4.7215,0.0000,d)nonlinear(6,0.0000,0.0000,5.8748,d)linear(0,0,0,1.0450,d)rotate(-26.1144)rotateIntoBiaxial(d,0.3750,0.0000,d)nonlinear(d,0.3750,0.0000,36.2822,d)rotateFromBiaxial(d,0.3750,0.0000,d)nonlinear(6,0.0000,0.0000,18.1913,d)linear(0,0,0,162.1840,d)rotate(0.4697)
39192,0,40,27.6474,27.6580,init()rotateIntoBiaxial(d,0.4764,0.0000,d)nonlinear(d,0.4764,0.0000,300.0000,d)rotateFromBiaxial(d,0.4764,0.0000,d)nonlinear(6,0.0000,0.0000,0.0433,d)rotateIntoBiaxial(d,40.4326,0.0000,d)nonlinear(d,40.4326,0.0000,100.0000,d)rotateFromBiaxial(d,40.4326,0.0000,d)rotate(179.9296)rotateIntoBiaxial(d,139.7325,0.0000,d)nonlinear(d,139.7325,0.0000,300.0000,d)rotateFromBiaxial(d,139.7325,0.0000,d)nonlinear(6,0.0000,0.0000,34.9162,d)rotate(-66.7110)rotateIntoBiaxial(d,1.4603,0.0000,d)nonlinear(d,1.4603,0.0000,50.0000,d)rotateFromBiaxial(d,1.4603,0.0000,d)nonlinear(6,0.0000,0.0000,3.3454,d)linear(0,0,0,111.9105,d)rotate(1.7849)rotateIntoBiaxial(d,4.4104,0.0000,d)nonlinear(d,4.4104,0.0000,2.8930,d)rotateFromBiaxial(d,4.4104,0.0000,d)nonlinear(6,0.0000,0.0000,5.3687,d)linear(0,0,0,14.7603,d)rotate(-26.7958)rotateIntoBiaxial(d,0.0307,0.0000,d)nonlinear(d,0.0307,0.0000,37.5378,d)rotateFromBiaxial(d,0.0307,0.0000,d)nonlinear(6,0.0000,0.0000,16.9104,d)linear(0,0,0,152.0310,d)rotate(0.3797)
39238,0,40,27.6367,27.6580,init()rotateIntoBiaxial(d,0.3554,0.0000,d)nonlinear(d,0.3554,0.0000,300.0000,d)rotateFromBiaxial(d,0.3554,0.0000,d)nonlinear(6,0.0000,0.0000,0.0759,d)rotateIntoBiaxial(d,40.4349,0.0000,d)nonlinear(d,40.4349,0.0000,100.0000,d)rotateFromBiaxial(d,40.4349,0.0000,d)rotate(179.9952)rotateIntoBiaxial(d,139.7330,0.0000,d)nonlinear(d,139.7330,0.0000,300.0000,d)rotateFromBiaxial(d,139.7330,0.0000,d)nonlinear(6,0.0000,0.0000,36.0107,d)rotate(-68.5844)rotateIntoBiaxial(d,1.2036,0.0000,d)nonlinear(d,1.2036,0.0000,50.0000,d)rotateFromBiaxial(d,1.2036,0.0000,d)nonlinear(6,0.0000,0.0000,4.3096,d)linear(0,0,0,116.0101,d)rotate(0.8396)rotateIntoBiaxial(d,4.8517,0.0000,d)nonlinear(d,4.8517,0.0000,2.7260,d)rotateFromBiaxial(d,4.8517,0.0000,d)nonlinear(6,0.0000,0.0000,4.2365,d)rotate(-28.2055)rotateIntoBiaxial(d,0.0914,0.0000,d)nonlinear(d,0.0914,0.0000,35.8321,d)rotateFromBiaxial(d,0.0914,0.0000,d)nonlinear(6,0.0000,0.0000,18.5414,d)linear(0,0,0,162.7690,d)rotate(0.3428)
39284,0,40,27.6648,27.6648,init()rotateIntoBiaxial(d,0.5623,0.0000,d)nonlinear(d,0.5623,0.0000,300.0000,d)rotateFromBiaxial(d,0.5623,0.0000,d)nonlinear(6,0.0000,0.0000,0.0966,d)rotateIntoBiaxial(d,40.4406,0.0000,d)nonlinear(d,40.4406,0.0000,100.0000,d)rotateFromBiaxial(d,40.4406,0.0000,d)rotate(179.9789)rotateIntoBiaxial(d,139.7321,0.0000,d)nonlinear(d,139.7321,0.0000,300.0000,d)rotateFromBiaxial(d,139.7321,0.0000,d)nonlinear(6,0.0000,0.0000,37.0751,d)rotate(-67.0976)rotateIntoBiaxial(d,1.3617,0.0000,d)nonlinear(d,1.3617,0.0000,50.0000,d)rotateFromBiaxial(d,1.3617,0.0000,d)nonlinear(6,0.0000,0.0000,3.2137,d)linear(0,0,0,110.3216,d)rotate(0.3488)rotateIntoBiaxial(d,4.2067,0.0000,d)nonlinear(d,4.2067,0.0000,0.5960,d)rotateFromBiaxial(d,4.2067,0.0000,d)nonlinear(6,0.0000,0.0000,4.6457,d)rotate(-28.7323)rotateIntoBiaxial(d,0.5475,0.0000,d)nonlinear(d,0.5475,0.0000,38.2246,d)rotateFromBiaxial(d,0.5475,0.0000,d)nonlinear(6,0.0000,0.0000,17.5501,d)linear(0,0,0,143.7961,d)rotate(0.4506)
39330,0,40,27.6487,27.6648,init()rotateIntoBiaxial(d,0.4472,0.0000,d)nonlinear(d,0.4472,0.0000,300.0000,d)rotateFromBiaxial(d,0.4472,0.0000,d)nonlinear(6,0.0000,0.0000,0.1961,d)rotateIntoBiaxial(d,40.4366,0.0000,d)nonlinear(d,40.4366,0.0000,100.0000,d)rotateFromBiaxial(d,40.4366,0.0000,d)rotate(179.9990)rotateIntoBiaxial(d,139.7298,0.0000,d)nonlinear(d,139.7298,0.0000,300.0000,d)rotateFromBiaxial(d,139.7298,0.0000,d)nonlinear(6,0.0000,0.0000,36.5941,d)rotate(-69.3699)rotateIntoBiaxial(d,1.0412,0.0000,d)nonlinear(d,1.0412,0.0000,50.0000,d)rotateFromBiaxial(d,1.0412,0.0000,d)nonlinear(6,0.0000,0.0000,6.6396,d)linear(0,0,0,110.9346,d)rotate(1.3348)nonlinear(6,0.0000,0.0000,6.2869,d)rotate(-28.6589)rotateIntoBiaxial(d,0.8966,0.0000,d)nonlinear(d,0.8966,0.0000,35.6753,d)rotateFromBiaxial(d,0.8966,0.0000,d)nonlinear(6,0.0000,0.0000,15.3609,d)linear(0,0,0,138.7208,d)rotate(0.3676)
39376,0,40,27.6858,27.6648,init()rotateIntoBiaxial(d,0.4403,0.0000,d)nonlinear(d,0.4403,0.0000,300.0000,d)rotateFromBiaxial(d,0.4403,0.0000,d)nonlinear(6,0.0000,0.0000,0.0548,d)rotateIntoBiaxial(d,40.4481,0.0000,d)nonlinear(d,40.4481,0.0000,100.0000,d)rotateFromBiaxial(d,40.4481,0.0000,d)rotate(179.8917)rotateIntoBiaxial(d,139.7256,0.0000,d)nonlinear(d,139.7256,0.0000,300.0000,d)rotateFromBiaxial(d,139.7256,0.0000,d)nonlinear(6,0.0000,0.0000,35.4490,d)rotate(-65.6523)rotateIntoBiaxial(d,1.0292,0.0000,d)nonlinear(d,1.0292,0.0000,50.0000,d)rotateFromBiaxial(d,1.0292,0.0000,d)nonlinear(6,0.0000,0.0000,5.5514,d)linear(0,0,0,105.3814,d)rotate(0.0564)rotateIntoBiaxial(d,4.6020,0.0000,d)nonlinear(d,4.6020,0.0000,0.2000,d)rotateFromBiaxial(d,4.6020,0.0000,d)nonlinear(6,0.0000,0.0000,5.2289,d)rotate(-29.1509)rotateIntoBiaxial(d,0.2127,0.0000,d)nonlinear(d,0.2127,0.0000,36.8436,d)rotateFromBiaxial(d,0.2127,0.0000,d)nonlinear(6,0.0000,0.0000,17.9171,d)linear(0,0,0,169.0320,d)rotate(0.2332)
39422,0,40,27.6769,27.6769,init()rotateIntoBiaxial(d,0.5691,0.0000,d)nonlinear(d,0.5691,0.0000,300.0000,d)rotateFromBiaxial(d,0.5691,0.0000,d)nonlinear(6,0.0000,0.0000,0.2285,d)rotateIntoBiaxial(d,40.4432,0.0000,d)nonlinear(d,40.4432,0.0000,100.0000,d)rotateFromBiaxial(d,40.4432,0.0000,d)rotate(179.9705)rotateIntoBiaxial(d,139.7291,0.0000,d)nonlinear(d,139.7291,0.0000,300.0000,d)rotateFromBiaxial(d,139.7291,0.0000,d)nonlinear(6,0.0000,0.0000,36.2807,d)rotate(-65.2068)rotateIntoBiaxial(d,0.8394,0.0000,d)nonlinear(d,0.8394,0.0000,50.0000,d)rotateFromBiaxial(d,0.8394,0.0000,d)nonlinear(6,0.0000,0.0000,3.3702,d)linear(0,0,0,104.8166,d)rotate(0.5380)rotateIntoBiaxial(d,5.0839,0.0000,d)nonlinear(d,5.0839,0.0000,4.1478,d)rotateFromBiaxial(d,5.0839,0.0000,d)nonlinear(6,0.0000,0.0000,5.8867,d)linear(0,0,0,23.5048,d)rotate(-28.5599)rotateIntoBiaxial(d,0.3046,0.0000,d)nonlinear(d,0.3046,0.0000,36.7065,d)rotateFromBiaxial(d,0.3046,0.0000,d)nonlinear(6,0.0000,0.0000,19.9481,d)linear(0,0,0,170.5277,d)rotate(0.5167)
39468,0,40,27.6733,27.6769,init()rotateIntoBiaxial(d,0.5297,0.0000,d)nonlinear(d,0.5297,0.0000,300.0000,d)rotateFromBiaxial(d,0.5297,0.0000,d)nonlinear(6,0.0000,0.0000,0.1189,d)rotateIntoBiaxial(d,40.4435,0.0000,d)nonlinear(d,40.4435,0.0000,100.0000,d)rotateFromBiaxial(d,40.4435,0.0000,d)rotate(179.9537)rotateIntoBiaxial(d,139.7273,0.0000,d)nonlinear(d,139.7273,0.0000,300.0000,d)rotateFromBiaxial(d,139.7273,0.0000,d)nonlinear(6,0.0000,0.0000,36.5350,d)rotate(-67.4584)rotateIntoBiaxial(d,1.0245,0.0000,d)nonlinear(d,1.0245,0.0000,50.0000,d)rotateFromBiaxial(d,1.0245,0.0000,d)nonlinear(6,0.0000,0.0000,3.2110,d)linear(0,0,0,108.1406,d)rotate(0.7467)nonlinear(6,0.0000,0.0000,6.0531,d)rotate(-26.8281)rotateIntoBiaxial(d,0.6825,0.0000,d)nonlinear(d,0.6825,0.0000,35.8835,d)rotateFromBiaxial(d,0.6825,0.0000,d)nonlinear(6,0.0000,0.0000,16.7255,d)linear(0,0,0,114.0537,d)rotate(0.2583)
39514,0,40,27.6954,27.6769,init()rotateIntoBiaxial(d,0.5214,0.0000,d)nonlinear(d,0.5214,0.0000,300.0000,d)rotateFromBiaxial(d,0.5214,0.0000,d)nonlinear(6,0.0000,0.0000,0.0602,d)rotateIntoBiaxial(d,40.4493,0.0000,d)nonlinear(d,40.4493,0.0000,100.0000,d)rotateFromBiaxial(d,40.4493,0.0000,d)rotate(179.9028)rotateIntoBiaxial(d,139.7259,0.0000,d)nonlinear(d,139.7259,0.0000,300.0000,d)rotateFromBiaxial(d,139.7259,0.0000,d)nonlinear(6,0.0000,0.0000,36.8001,d)rotate(-67.1888)rotateIntoBiaxial(d,0.7699,0.0000,d)nonlinear(d,0.7699,0.0000,50.0000,d)rotateFromBiaxial(d,0.7699,0.0000,d)nonlinear(6,0.0000,0.0000,3.8435,d)linear(0,0,0,99.6120,d)rotate(1.8526)rotateIntoBiaxial(d,4.4422,0.0000,d)nonlinear(d,4.4422,0.0000,2.8253,d)rotateFromBiaxial(d,4.4422,0.0000,d)nonlinear(6,0.0000,0.0000,5.6546,d)rotate(-31.6810)rotateIntoBiaxial(d,0.0084,0.0000,d)nonlinear(d,0.0084,0.0000,36.3461,d)rotateFromBiaxial(d,0.0084,0.0000,d)nonlinear(6,0.0000,0.0000,18.6378,d)linear(0,0,0,140.8243,d)rotate(0.2319)
39560,0,40,27.6891,27.6769,init()rotateIntoBiaxial(d,0.5638,0.0000,d)nonlinear(d,0.5638,0.0000,300.0000,d)rotateFromBiaxial(d,0.5638,0.0000,d)nonlinear(6,0.0000,0.0000,0.0831,d)rotateIntoBiaxial(d,40.4488,0.0000,d)nonlinear(d,40.4488,0.0000,100.0000,d)rotateFromBiaxial(d,40.4488,0.0000,d)rotate(179.9975)rotateIntoBiaxial(d,139.7298,0.0000,d)nonlinear(d,139.7298,0.0000,300.0000,d)rotateFromBiaxial(d,139.7298,0.0000,d)nonlinear(6,0.0000,0.0000,36.3623,d)rotate(-66.7953)rotateIntoBiaxial(d,0.4944,0.0000,d)nonlinear(d,0.4944,0.0000,50.0000,d)rotateFromBiaxial(d,0.4944,0.0000,d)nonlinear(6,0.0000,0.0000,2.8269,d)linear(0,0,0,102.1425,d)rotate(1.0630)rotateIntoBiaxial(d,4.8512,0.0000,d)nonlinear(d,4.8512,0.0000,0.5984,d)rotateFromBiaxial(d,4.8512,0.0000,d)nonlinear(6,0.0000,0.0000,5.9673,d)linear(0,0,0,16.9349,d)rotate(-26.6435)rotateIntoBiaxial(d,0.1222,0.0000,d)nonlinear(d,0.1222,0.0000,39.0951,d)rotateFromBiaxial(d,0.1222,0.0000,d)nonlinear(6,0.0000,0.0000,17.9546,d)linear(0,0,0,150.5686,d)rotate(0.5225)
39606,0,40,27.6688,27.6688,init()rotateIntoBiaxial(d,0.5219,0.0000,d)nonlinear(d,0.5219,0.0000,300.0000,d)rotateFromBiaxial(d,0.5219,0.0000,d)nonlinear(6,0.0000,0.0000,0.4166,d)rotateIntoBiaxial(d,40.4374,0.0000,d)nonlinear(d,40.4374,0.0000,100.0000,d)rotateFromBiaxial(d,40.4374,0.0000,d)rotate(179.9453)rotateIntoBiaxial(d,139.7310,0.0000,d)nonlinear(d,139.7310,0.0000,300.0000,d)rotateFromBiaxial(d,139.7310,0.0000,d)nonlinear(6,0.0000,0.0000,36.4949,d)rotate(-66.0240)rotateIntoBiaxial(d,1.0760,0.0000,d)nonlinear(d,1.0760,0.0000,50.0000,d)rotateFromBiaxial(d,1.0760,0.0000,d)nonlinear(6,0.0000,0.0000,4.7681,d)linear(0,0,0,102.3893,d)rotate(1.0845)rotateIntoBiaxial(d,4.9934,0.0000,d)nonlinear(d,4.9934,0.0000,1.8329,d)rotateFromBiaxial(d,4.9934,0.0000,d)nonlinear(6,0.0000,0.0000,6.8084,d)linear(0,0,0,2.7390,d)rotate(-29.1930)rotateIntoBiaxial(d,0.3408,0.0000,d)nonlinear(d,0.3408,0.0000,40.3151,d)rotateFromBiaxial(d,0.3408,0.0000,d)nonlinear(6,0.0000,0.0000,17.3774,d)linear(0,0,0,160.2365,d)rotate(0.4426)
39652,0,40,27.6866,27.6688,init()rotateIntoBiaxial(d,0.5849,0.0000,d)nonlinear(d,0.5849,0.0000,300.0000,d)rotateFromBiaxial(d,0.5849,0.0000,d)nonlinear(6,0.0000,0.0000,0.1128,d)rotateIntoBiaxial(d,40.4460,0.0000,d)nonlinear(d,40.4460,0.0000,100.0000,d)rotateFromBiaxial(d,40.4460,0.0000,d)rotate(179.9342)rotateIntoBiaxial(d,139.7292,0.0000,d)nonlinear(d,139.7292,0.0000,300.0000,d)rotateFromBiaxial(d,139.7292,0.0000,d)nonlinear(6,0.0000,0.0000,36.1857,d)rotate(-65.1612)rotateIntoBiaxial(d,1.1443,0.0000,d)nonlinear(d,1.1443,0.0000,50.0000,d)rotateFromBiaxial(d,1.1443,0.0000,d)nonlinear(6,0.0000,0.0000,3.5865,d)linear(0,0,0,117.8589,d)rotate(0.8890)rotateIntoBiaxial(d,4.5149,0.0000,d)nonlinear(d,4.5149,0.0000,1.6689,d)rotateFromBiaxial(d,4.5149,0.0000,d)nonlinear(6,0.0000,0.0000,5.1382,d)rotate(-26.1873)rotateIntoBiaxial(d,0.0371,0.0000,d)nonlinear(d,0.0371,0.0000,36.7616,d)rotateFromBiaxial(d,0.0371,0.0000,d)nonlinear(6,0.0000,0.0000,19.6542,d)linear(0,0,0,133.3872,d)rotate(0.3569)
39698,0,40,27.6698,27.6688,init()rotateIntoBiaxial(d,0.3951,0.0000,d)nonlinear(d,0.3951,0.0000,300.0000,d)rotateFromBiaxial(d,0.3951,0.0000,d)nonlinear(6,0.0000,0.0000,0.0058,d)rotateIntoBiaxial(d,40.4360,0.0000,d)nonlinear(d,40.4360,0.0000,100.0000,d)rotateFromBiaxial(d,40.4360,0.0000,d)rotate(179.9516)rotateIntoBiaxial(d,139.7290,0.0000,d)nonlinear(d,139.7290,0.0000,300.0000,d)rotateFromBiaxial(d,139.7290,0.0000,d)nonlinear(6,0.0000,0.0000,36.5886,d)rotate(-65.5107)rotateIntoBiaxial(d,0.6150,0.0000,d)nonlinear(d,0.6150,0.0000,50.0000,d)rotateFromBiaxial(d,0.6150,0.0000,d)nonlinear(6,0.0000,0.0000,1.8979,d)linear(0,0,0,107.2507,d)rotate(1.2839)rotateIntoBiaxial(d,4.5699,0.0000,d)nonlinear(d,4.5699,0.0000,2.3063,d)rotateFromBiaxial(d,4.5699,0.0000,d)nonlinear(6,0.0000,0.0000,5.7780,d)linear(0,0,0,17.4822,d)rotate(-30.5686)rotateIntoBiaxial(d,0.3785,0.0000,d)nonlinear(d,0.3785,0.0000,40.2735,d)rotateFromBiaxial(d,0.3785,0.0000,d)nonlinear(6,0.0000,0.0000,16.8681,d)linear(0,0,0,144.9921,d)rotate(0.4878)
39744,0,40,27.6605,27.6688,init()rotateIntoBiaxial(d,0.5701,0.0000,d)nonlinear(d,0.5701,0.0000,300.0000,d)rotateFromBiaxial(d,0.5701,0.0000,d)nonlinear(6,0.0000,0.0000,0.0148,d)rotateIntoBiaxial(d,40.4400,0.0000,d)nonlinear(d,40.4400,0.0000,100.0000,d)rotateFromBiaxial(d,40.4400,0.0000,d)rotate(179.9746)rotateIntoBiaxial(d,139.7346,0.0000,d)nonlinear(d,139.7346,0.0000,300.0000,d)rotateFromBiaxial(d,139.7346,0.0000,d)nonlinear(6,0.0000,0.0000,37.0890,d)rotate(-67.6999)rotateIntoBiaxial(d,0.8699,0.0000,d)nonlinear(d,0.8699,0.0000,50.0000,d)rotateFromBiaxial(d,0.8699,0.0000,d)nonlinear(6,0.0000,0.0000,2.4826,d)linear(0,0,0,88.5487,d)rotate(0.4475)rotateIntoBiaxial(d,4.7809,0.0000,d)nonlinear(d,4.7809,0.0000,3.1894,d)rotateFromBiaxial(d,4.7809,0.0000,d)nonlinear(6,0.0000,0.0000,4.9973,d)rotate(-28.9919)rotateIntoBiaxial(d,0.7613,0.0000,d)nonlinear(d,0.7613,0.0000,36.9853,d)rotateFromBiaxial(d,0.7613,0.0000,d)nonlinear(6,0.0000,0.0000,20.0769,d)linear(0,0,0,159.0079,d)rotate(0.7433)
39790,0,40,27.6610,27.6688,init()rotateIntoBiaxial(d,0.3673,0.0000,d)nonlinear(d,0.3673,0.0000,300.0000,d)rotateFromBiaxial(d,0.3673,0.0000,d)nonlinear(6,0.0000,0.0000,0.1735,d)rotateIntoBiaxial(d,40.4390,0.0000,d)nonlinear(d,40.4390,0.0000,100.0000,d)rotateFromBiaxial(d,40.4390,0.0000,d)nonlinear(6,0.0000,0.0000,0.2516,d)rotate(179.9888)rotateIntoBiaxial(d,139.7306,0.0000,d)nonlinear(d,139.7306,0.0000,300.0000,d)rotateFromBiaxial(d,139.7306,0.0000,d)nonlinear(6,0.0000,0.0000,37.5714,d)rotate(-65.3442)rotateIntoBiaxial(d,0.5150,0.0000,d)nonlinear(d,0.5150,0.0000,50.0000,d)rotateFromBiaxial(d,0.5150,0.0000,d)nonlinear(6,0.0000,0.0000,1.4066,d)linear(0,0,0,94.3201,d)rotate(1.4567)rotateIntoBiaxial(d,4.8533,0.0000,d)nonlinear(d,4.8533,0.0000,0.8241,d)rotateFromBiaxial(d,4.8533,0.0000,d)nonlinear(6,0.0000,0.0000,6.3204,d)linear(0,0,0,1.5445,d)rotate(-26.7184)rotateIntoBiaxial(d,0.7306,0.0000,d)nonlinear(d,0.7306,0.0000,36.5580,d)rotateFromBiaxial(d,0.7306,0.0000,d)nonlinear(6,0.0000,0.0000,19.1113,d)linear(0,0,0,141.9332,d)rotate(0.4832)
39836,0,40,27.6724,27.6688,init()rotateIntoBiaxial(d,0.4561,0.0000,d)nonlinear(d,0.4561,0.0000,300.0000,d)rotateFromBiaxial(d,0.4561,0.0000,d)nonlinear(6,0.0000,0.0000,0.3034,d)rotateIntoBiaxial(d,40.4406,0.0000,d)nonlinear(d,40.4406,0.0000,100.0000,d)rotateFromBiaxial(d,40.4406,0.0000,d)rotate(179.9990)rotateIntoBiaxial(d,139.7307,0.0000,d)nonlinear(d,139.7307,0.0000,300.0000,d)rotateFromBiaxial(d,139.7307,0.0000,d)nonlinear(6,0.0000,0.0000,35.4414,d)rotate(-65.6016)rotateIntoBiaxial(d,0.2036,0.0000,d)nonlinear(d,0.2036,0.0000,50.0000,d)rotateFromBiaxial(d,0.2036,0.0000,d)nonlinear(6,0.0000,0.0000,1.6253,d)linear(0,0,0,97.6823,d)rotate(1.0933)rotateIntoBiaxial(d,4.8370,0.0000,d)nonlinear(d,4.8370,0.0000,3.9673,d)rotateFromBiaxial(d,4.8370,0.0000,d)nonlinear(6,0.0000,0.0000,5.6551,d)linear(0,0,0,4.7973,d)rotate(-27.7012)rotateIntoBiaxial(d,0.2193,0.0000,d)nonlinear(d,0.2193,0.0000,37.2820,d)rotateFromBiaxial(d,0.2193,0.0000,d)nonlinear(6,0.0000,0.0000,20.9186,d)linear(0,0,0,149.3109,d)rotate(0.1460)
39882,0,40,27.6771,27.6688,init()rotateIntoBiaxial(d,0.5621,0.0000,d)nonlinear(d,0.5621,0.0000,300.0000,d)rotateFromBiaxial(d,0.5621,0.0000,d)nonlinear(6,0.0000,0.0000,0.2666,d)rotateIntoBiaxial(d,40.4427,0.0000,d)nonlinear(d,40.4427,0.0000,100.0000,d)rotateFromBiaxial(d,40.4427,0.0000,d)rotate(179.9834)rotateIntoBiaxial(d,139.7333,0.0000,d)nonlinear(d,139.7333,0.0000,300.0000,d)rotateFromBiaxial(d,139.7333,0.0000,d)nonlinear(6,0.0000,0.0000,35.5868,d)rotate(-64.5510)rotateIntoBiaxial(d,0.7544,0.0000,d)nonlinear(d,0.7544,0.0000,50.0000,d)rotateFromBiaxial(d,0.7544,0.0000,d)nonlinear(6,0.0000,0.0000,3.9078,d)linear(0,0,0,94.3486,d)rotate(0.4511)rotateIntoBiaxial(d,4.2307,0.0000,d)nonlinear(d,4.2307,0.0000,1.8495,d)rotateFromBiaxial(d,4.2307,0.0000,d)nonlinear(6,0.0000,0.0000,6.6053,d)linear(0,0,0,3.9873,d)rotate(-30.8512)rotateIntoBiaxial(d,1.1679,0.0000,d)nonlinear(d,1.1679,0.0000,38.7468,d)rotateFromBiaxial(d,1.1679,0.0000,d)nonlinear(6,0.0000,0.0000,20.0024,d)linear(0,0,0,158.8079,d)rotate(0.2618)
39928,0,40,27.6864,27.6864,init()rotateIntoBiaxial(d,0.5336,0.0000,d)nonlinear(d,0.5336,0.0000,300.0000,d)rotateFromBiaxial(d,0.5336,0.0000,d)nonlinear(6,0.0000,0.0000,0.0171,d)rotateIntoBiaxial(d,40.4413,0.0000,d)nonlinear(d,40.4413,0.0000,100.0000,d)rotateFromBiaxial(d,40.4413,0.0000,d)rotate(179.9993)rotateIntoBiaxial(d,139.7293,0.0000,d)nonlinear(d,139.7293,0.0000,300.0000,d)rotateFromBiaxial(d,139.7293,0.0000,d)nonlinear(6,0.0000,0.0000,36.5222,d)rotate(-65.3907)rotateIntoBiaxial(d,0.4933,0.0000,d)nonlinear(d,0.4933,0.0000,50.0000,d)rotateFromBiaxial(d,0.4933,0.0000,d)nonlinear(6,0.0000,0.0000,3.1469,d)linear(0,0,0,88.9816,d)rotate(0.6216)rotateIntoBiaxial(d,4.2910,0.0000,d)nonlinear(d,4.2910,0.0000,1.4088,d)rotateFromBiaxial(d,4.2910,0.0000,d)nonlinear(6,0.0000,0.0000,5.5765,d)rotate(-27.9784)rotateIntoBiaxial(d,0.1695,0.0000,d)nonlinear(d,0.1695,0.0000,38.9113,d)rotateFromBiaxial(d,0.1695,0.0000,d)nonlinear(6,0.0000,0.0000,19.1489,d)linear(0,0,0,136.1437,d)rotate(0.4499)
39974,0,40,27.6901,27.6864,init()rotateIntoBiaxial(d,0.6871,0.0000,d)nonlinear(d,0.6871,0.0000,300.0000,d)rotateFromBiaxial(d,0.6871,0.0000,d)nonlinear(6,0.0000,0.0000,0.0002,d)rotateIntoBiaxial(d,40.4456,0.0000,d)nonlinear(d,40.4456,0.0000,100.0000,d)rotateFromBiaxial(d,40.4456,0.0000,d)rotate(179.9244)rotateIntoBiaxial(d,139.7284,0.0000,d)nonlinear(d,139.7284,0.0000,300.0000,d)rotateFromBiaxial(d,139.7284,0.0000,d)nonlinear(6,0.0000,0.0000,40.7613,d)rotate(-64.0051)rotateIntoBiaxial(d,0.6582,0.0000,d)nonlinear(d,0.6582,0.0000,50.0000,d)rotateFromBiaxial(d,0.6582,0.0000,d)nonlinear(6,0.0000,0.0000,0.2959,d)linear(0,0,0,92.7781,d)rotate(1.4664)rotateIntoBiaxial(d,3.9530,0.0000,d)nonlinear(d,3.9530,0.0000,1.7572,d)rotateFromBiaxial(d,3.9530,0.0000,d)nonlinear(6,0.0000,0.0000,5.0628,d)linear(0,0,0,14.5413,d)rotate(-29.7846)rotateIntoBiaxial(d,0.1920,0.0000,d)nonlinear(d,0.1920,0.0000,39.9479,d)rotateFromBiaxial(d,0.1920,0.0000,d)nonlinear(6,0.0000,0.0000,20.4162,d)linear(0,0,0,143.4992,d)rotate(0.4970)
40020,0,40,27.6860,27.6864,init()rotateIntoBiaxial(d,0.4937,0.0000,d)nonlinear(d,0.4937,0.0000,300.0000,d)rotateFromBiaxial(d,0.4937,0.0000,d)nonlinear(6,0.0000,0.0000,0.3904,d)rotateIntoBiaxial(d,40.4416,0.0000,d)nonlinear(d,40.4416,0.0000,100.0000,d)rotateFromBiaxial(d,40.4416,0.0000,d)rotate(180.0000)rotateIntoBiaxial(d,139.7297,0.0000,d)nonlinear(d,139.7297,0.0000,300.0000,d)rotateFromBiaxial(d,139.7297,0.0000,d)nonlinear(6,0.0000,0.0000,36.6738,d)rotate(-65.1263)rotateIntoBiaxial(d,0.1502,0.0000,d)nonlinear(d,0.1502,0.0000,50.0000,d)rotateFromBiaxial(d,0.1502,0.0000,d)nonlinear(6,0.0000,0.0000,0.3381,d)linear(0,0,0,95.1225,d)rotate(1.9559)rotateIntoBiaxial(d,4.3572,0.0000,d)nonlinear(d,4.3572,0.0000,3.5802,d)rotateFromBiaxial(d,4.3572,0.0000,d)nonlinear(6,0.0000,0.0000,6.3001,d)rotate(-29.7900)rotateIntoBiaxial(d,0.2325,0.0000,d)nonlinear(d,0.2325,0.0000,38.1097,d)rotateFromBiaxial(d,0.2325,0.0000,d)nonlinear(6,0.0000,0.0000,21.4475,d)linear(0,0,0,144.9804,d)rotate(0.3760)
40066,0,40,27.7069,27.7069,init()rotateIntoBiaxial(d,0.6854,0.0000,d)nonlinear(d,0.6854,0.0000,300.0000,d)rotateFromBiaxial(d,0.6854,0.0000,d)nonlinear(6,0.0000,0.0000,0.1590,d)rotateIntoBiaxial(d,40.4506,0.0000,d)nonlinear(d,40.4506,0.0000,100.0000,d)rotateFromBiaxial(d,40.4506,0.0000,d)rotate(179.9811)rotateIntoBiaxial(d,139.7273,0.0000,d)nonlinear(d,139.7273,0.0000,300.0000,d)rotateFromBiaxial(d,139.7273,0.0000,d)nonlinear(6,0.0000,0.0000,37.9089,d)rotate(-64.7853)rotateIntoBiaxial(d,0.3936,0.0000,d)nonlinear(d,0.3936,0.0000,50.0000,d)rotateFromBiaxial(d,0.3936,0.0000,d)nonlinear(6,0.0000,0.0000,0.4154,d)linear(0,0,0,89.5802,d)rotate(2.5448)rotateIntoBiaxial(d,4.2131,0.0000,d)nonlinear(d,4.2131,0.0000,1.7770,d)rotateFromBiaxial(d,4.2131,0.0000,d)nonlinear(6,0.0000,0.0000,6.0517,d)linear(0,0,0,13.6860,d)rotate(-29.9599)rotateIntoBiaxial(d,0.3938,0.0000,d)nonlinear(d,0.3938,0.0000,39.8767,d)rotateFromBiaxial(d,0.3938,0.0000,d)nonlinear(6,0.0000,0.0000,18.3662,d)linear(0,0,0,140.7266,d)rotate(0.7472)
40112,0,40,27.6983,27.7069,init()rotateIntoBiaxial(d,0.6899,0.0000,d)nonlinear(d,0.6899,0.0000,300.0000,d)rotateFromBiaxial(d,0.6899,0.0000,d)nonlinear(6,0.0000,0.0000,0.1268,d)rotateIntoBiaxial(d,40.4510,0.0000,d)nonlinear(d,40.4510,0.0000,100.0000,d)rotateFromBiaxial(d,40.4510,0.0000,d)rotate(179.9448)rotateIntoBiaxial(d,139.7296,0.0000,d)nonlinear(d,139.7296,0.0000,300.0000,d)rotateFromBiaxial(d,139.7296,0.0000,d)nonlinear(6,0.0000,0.0000,37.2342,d)rotate(-63.6606)rotateIntoBiaxial(d,0.8081,0.0000,d)nonlinear(d,0.8081,0.0000,50.0000,d)rotateFromBiaxial(d,0.8081,0.0000,d)nonlinear(6,0.0000,0.0000,2.7987,d)linear(0,0,0,89.5333,d)rotate(1.2002)rotateIntoBiaxial(d,3.7722,0.0000,d)nonlinear(d,3.7722,0.0000,2.7781,d)rotateFromBiaxial(d,3.7722,0.0000,d)nonlinear(6,0.0000,0.0000,7.1884,d)linear(0,0,0,1.3778,d)rotate(-29.7542)rotateIntoBiaxial(d,0.1452,0.0000,d)nonlinear(d,0.1452,0.0000,40.1955,d)rotateFromBiaxial(d,0.1452,0.0000,d)nonlinear(6,0.0000,0.0000,21.0009,d)linear(0,0,0,134.7159,d)rotate(0.6197)
40158,0,40,27.6920,27.7069,init()rotateIntoBiaxial(d,0.5783,0.0000,d)nonlinear(d,0.5783,0.0000,300.0000,d)rotateFromBiaxial(d,0.5783,0.0000,d)nonlinear(6,0.0000,0.0000,0.2871,d)rotateIntoBiaxial(d,40.4447,0.0000,d)nonlinear(d,40.4447,0.0000,100.0000,d)rotateFromBiaxial(d,40.4447,0.0000,d)rotate(179.9248)rotateIntoBiaxial(d,139.7294,0.0000,d)nonlinear(d,139.7294,0.0000,300.0000,d)rotateFromBiaxial(d,139.7294,0.0000,d)nonlinear(6,0.0000,0.0000,36.3316,d)rotate(-64.5975)rotateIntoBiaxial(d,0.0065,0.0000,d)nonlinear(d,0.0065,0.0000,50.0000,d)rotateFromBiaxial(d,0.0065,0.0000,d)nonlinear(6,0.0000,0.0000,2.7017,d)linear(0,0,0,96.1230,d)rotate(1.9605)rotateIntoBiaxial(d,4.6341,0.0000,d)nonlinear(d,4.6341,0.0000,3.0045,d)rotateFromBiaxial(d,4.6341,0.0000,d)nonlinear(6,0.0000,0.0000,6.5727,d)linear(0,0,0,3.3790,d)rotate(-26.1962)rotateIntoBiaxial(d,0.0005,0.0000,d)nonlinear(d,0.0005,0.0000,37.4338,d)rotateFromBiaxial(d,0.0005,0.0000,d)nonlinear(6,0.0000,0.0000,20.4035,d)linear(0,0,0,140.5770,d)rotate(0.2625)
40204,0,40,27.7131,27.7069,init()rotateIntoBiaxial(d,0.5695,0.0000,d)nonlinear(d,0.5695,0.0000,300.0000,d)rotateFromBiaxial(d,0.5695,0.0000,d)nonlinear(6,0.0000,0.0000,0.1749,d)rotateIntoBiaxial(d,40.4539,0.0000,d)nonlinear(d,40.4539,0.0000,100.0000,d)rotateFromBiaxial(d,40.4539,0.0000,d)rotate(179.9826)rotateIntoBiaxial(d,139.7263,0.0000,d)nonlinear(d,139.7263,0.0000,300.0000,d)rotateFromBiaxial(d,139.7263,0.0000,d)nonlinear(6,0.0000,0.0000,37.2519,d)rotate(-64.8680)rotateIntoBiaxial(d,0.0488,0.0000,d)nonlinear(d,0.0488,0.0000,50.0000,d)rotateFromBiaxial(d,0.0488,0.0000,d)linear(0,0,0,90.8268,d)rotate(2.3150)rotateIntoBiaxial(d,4.8083,0.0000,d)nonlinear(d,4.8083,0.0000,4.6166,d)rotateFromBiaxial(d,4.8083,0.0000,d)nonlinear(6,0.0000,0.0000,6.1944,d)rotate(-28.1666)rotateIntoBiaxial(d,0.0801,0.0000,d)nonlinear(d,0.0801,0.0000,37.9696,d)rotateFromBiaxial(d,0.0801,0.0000,d)nonlinear(6,0.0000,0.0000,19.3316,d)linear(0,0,0,159.7749,d)rotate(0.1940)
40250,0,40,27.7232,27.7069,init()rotateIntoBiaxial(d,0.5570,0.0000,d)nonlinear(d,0.5570,0.0000,300.0000,d)rotateFromBiaxial(d,0.5570,0.0000,d)nonlinear(6,0.0000,0.0000,0.0684,d)rotateIntoBiaxial(d,40.4558,0.0000,d)nonlinear(d,40.4558,0.0000,100.0000,d)rotateFromBiaxial(d,40.4558,0.0000,d)rotate(179.9695)rotateIntoBiaxial(d,139.7240,0.0000,d)nonlinear(d,139.7240,0.0000,300.0000,d)rotateFromBiaxial(d,139.7240,0.0000,d)nonlinear(6,0.0000,0.0000,37.8912,d)rotate(-63.5105)rotateIntoBiaxial(d,0.0998,0.0000,d)nonlinear(d,0.0998,0.0000,50.0000,d)rotateFromBiaxial(d,0.0998,0.0000,d)linear(0,0,0,85.7508,d)rotate(2.1168)rotateIntoBiaxial(d,3.6431,0.0000,d)nonlinear(d,3.6431,0.0000,4.2677,d)rotateFromBiaxial(d,3.6431,0.0000,d)nonlinear(6,0.0000,0.0000,6.9627,d)linear(0,0,0,1.7715,d)rotate(-27.4380)rotateIntoBiaxial(d,0.1591,0.0000,d)nonlinear(d,0.1591,0.0000,39.3781,d)rotateFromBiaxial(d,0.1591,0.0000,d)nonlinear(6,0.0000,0.0000,19.6030,d)linear(0,0,0,133.9316,d)rotate(0.1473)
40296,0,40,27.6699,27.6699,init()rotateIntoBiaxial(d,0.4480,0.0000,d)nonlinear(d,0.4480,0.0000,300.0000,d)rotateFromBiaxial(d,0.4480,0.0000,d)nonlinear(6,0.0000,0.0000,0.1408,d)rotateIntoBiaxial(d,40.4325,0.0000,d)nonlinear(d,40.4325,0.0000,100.0000,d)rotateFromBiaxial(d,40.4325,0.0000,d)rotate(179.9414)rotateIntoBiaxial(d,139.7319,0.0000,d)nonlinear(d,139.7319,0.0000,300.0000,d)rotateFromBiaxial(d,139.7319,0.0000,d)nonlinear(6,0.0000,0.0000,37.0898,d)rotate(-62.8105)rotateIntoBiaxial(d,0.0061,0.0000,d)nonlinear(d,0.0061,0.0000,50.0000,d)rotateFromBiaxial(d,0.0061,0.0000,d)nonlinear(6,0.0000,0.0000,0.4845,d)linear(0,0,0,91.3201,d)rotate(2.3655)rotateIntoBiaxial(d,3.9299,0.0000,d)nonlinear(d,3.9299,0.0000,3.0672,d)rotateFromBiaxial(d,3.9299,0.0000,d)nonlinear(6,0.0000,0.0000,7.6828,d)rotate(-29.3765)rotateIntoBiaxial(d,0.1177,0.0000,d)nonlinear(d,0.1177,0.0000,38.1795,d)rotateFromBiaxial(d,0.1177,0.0000,d)nonlinear(6,0.0000,0.0000,22.1409,d)linear(0,0,0,172.6089,d)rotate(0.0270)
40342,0,40,27.6880,27.6880,init()rotateIntoBiaxial(d,0.5698,0.0000,d)nonlinear(d,0.5698,0.0000,300.0000,d)rotateFromBiaxial(d,0.5698,0.0000,d)nonlinear(6,0.0000,0.0000,0.4208,d)rotateIntoBiaxial(d,40.4396,0.0000,d)nonlinear(d,40.4396,0.0000,100.0000,d)rotateFromBiaxial(d,40.4396,0.0000,d)rotate(179.8869)rotateIntoBiaxial(d,139.7302,0.0000,d)nonlinear(d,139.7302,0.0000,300.0000,d)rotateFromBiaxial(d,139.7302,0.0000,d)nonlinear(6,0.0000,0.0000,36.0148,d)rotate(-63.2125)rotateIntoBiaxial(d,0.0002,0.0000,d)nonlinear(d,0.0002,0.0000,50.0000,d)rotateFromBiaxial(d,0.0002,0.0000,d)linear(0,0,0,89.2230,d)rotate(2.2749)rotateIntoBiaxial(d,4.3169,0.0000,d)nonlinear(d,4.3169,0.0000,3.4296,d)rotateFromBiaxial(d,4.3169,0.0000,d)nonlinear(6,0.0000,0.0000,6.4659,d)rotate(-31.4259)rotateIntoBiaxial(d,0.0112,0.0000,d)nonlinear(d,0.0112,0.0000,37.2844,d)rotateFromBiaxial(d,0.0112,0.0000,d)nonlinear(6,0.0000,0.0000,19.6248,d)linear(0,0,0,141.1165,d)rotate(0.1046)
40388,0,40,27.7143,27.6880,init()rotateIntoBiaxial(d,0.6491,0.0000,d)nonlinear(d,0.6491,0.0000,300.0000,d)rotateFromBiaxial(d,0.6491,0.0000,d)nonlinear(6,0.0000,0.0000,0.1820,d)linear(0,0,0,0.1403,d)rotateIntoBiaxial(d,40.4535,0.0000,d)nonlinear(d,40.4535,0.0000,100.0000,d)rotateFromBiaxial(d,40.4535,0.0000,d)rotate(179.9954)rotateIntoBiaxial(d,139.7263,0.0000,d)nonlinear(d,139.7263,0.0000,300.0000,d)rotateFromBiaxial(d,139.7263,0.0000,d)nonlinear(6,0.0000,0.0000,37.2154,d)rotate(-63.5552)rotateIntoBiaxial(d,0.0000,0.0000,d)nonlinear(d,0.0000,0.0000,50.0000,d)rotateFromBiaxial(d,0.0000,0.0000,d)linear(0,0,0,95.3985,d)rotate(1.2735)rotateIntoBiaxial(d,4.2284,0.0000,d)nonlinear(d,4.2284,0.0000,3.4404,d)rotateFromBiaxial(d,4.2284,0.0000,d)nonlinear(6,0.0000,0.0000,6.2210,d)rotate(-29.8530)rotateIntoBiaxial(d,0.3727,0.0000,d)nonlinear(d,0.3727,0.0000,39.5316,d)rotateFromBiaxial(d,0.3727,0.0000,d)nonlinear(6,0.0000,0.0000,20.1115,d)linear(0,0,0,159.9228,d)rotate(0.3259)
40434,0,40,27.7020,27.6880,init()rotateIntoBiaxial(d,0.6579,0.0000,d)nonlinear(d,0.6579,0.0000,300.0000,d)rotateFromBiaxial(d,0.6579,0.0000,d)nonlinear(6,0.0000,0.0000,0.0020,d)rotateIntoBiaxial(d,40.4437,0.0000,d)nonlinear(d,40.4437,0.0000,100.0000,d)rotateFromBiaxial(d,40.4437,0.0000,d)rotate(179.9989)rotateIntoBiaxial(d,139.7277,0.0000,d)nonlinear(d,139.7277,0.0000,300.0000,d)rotateFromBiaxial(d,139.7277,0.0000,d)nonlinear(6,0.0000,0.0000,38.9204,d)rotate(-63.5143)rotateIntoBiaxial(d,0.1673,0.0000,d)nonlinear(d,0.1673,0.0000,50.0000,d)rotateFromBiaxial(d,0.1673,0.0000,d)linear(0,0,0,85.1408,d)rotate(0.8460)rotateIntoBiaxial(d,4.7467,0.0000,d)nonlinear(d,4.7467,0.0000,2.0461,d)rotateFromBiaxial(d,4.7467,0.0000,d)nonlinear(6,0.0000,0.0000,6.0271,d)rotate(-27.0736)rotateIntoBiaxial(d,0.0260,0.0000,d)nonlinear(d,0.0260,0.0000,39.2963,d)rotateFromBiaxial(d,0.0260,0.0000,d)nonlinear(6,0.0000,0.0000,22.8895,d)linear(0,0,0,143.2128,d)rotate(0.3148)
40480,0,40,27.6972,27.6880,init()rotateIntoBiaxial(d,0.6302,0.0000,d)nonlinear(d,0.6302,0.0000,300.0000,d)rotateFromBiaxial(d,0.6302,0.0000,d)nonlinear(6,0.0000,0.0000,0.0083,d)rotateIntoBiaxial(d,40.4467,0.0000,d)nonlinear(d,40.4467,0.0000,100.0000,d)rotateFromBiaxial(d,40.4467,0.0000,d)rotate(179.9416)rotateIntoBiaxial(d,139.7294,0.0000,d)nonlinear(d,139.7294,0.0000,300.0000,d)rotateFromBiaxial(d,139.7294,0.0000,d)nonlinear(6,0.0000,0.0000,37.7823,d)rotate(-64.0163)rotateIntoBiaxial(d,0.2586,0.0000,d)nonlinear(d,0.2586,0.0000,50.0000,d)rotateFromBiaxial(d,0.2586,0.0000,d)linear(0,0,0,93.7718,d)rotate(0.4328)rotateIntoBiaxial(d,4.5821,0.0000,d)nonlinear(d,4.5821,0.0000,2.6445,d)rotateFromBiaxial(d,4.5821,0.0000,d)nonlinear(6,0.0000,0.0000,5.2517,d)rotate(-24.8575)rotateIntoBiaxial(d,0.4962,0.0000,d)nonlinear(d,0.4962,0.0000,38.3166,d)rotateFromBiaxial(d,0.4962,0.0000,d)nonlinear(6,0.0000,0.0000,23.1008,d)linear(0,0,0,136.3465,d)rotate(0.3565)
40526,0,40,27.6768,27.6880,init()rotateIntoBiaxial(d,0.5291,0.0000,d)nonlinear(d,0.5291,0.0000,300.0000,d)rotateFromBiaxial(d,0.5291,0.0000,d)nonlinear(6,0.0000,0.0000,0.1345,d)rotateIntoBiaxial(d,40.4386,0.0000,d)nonlinear(d,40.4386,0.0000,100.0000,d)rotateFromBiaxial(d,40.4386,0.0000,d)rotate(179.9708)rotateIntoBiaxial(d,139.7315,0.0000,d)nonlinear(d,139.7315,0.0000,300.0000,d)rotateFromBiaxial(d,139.7315,0.0000,d)nonlinear(6,0.0000,0.0000,37.3833,d)rotate(-63.1425)rotateIntoBiaxial(d,0.4817,0.0000,d)nonlinear(d,0.4817,0.0000,50.0000,d)rotateFromBiaxial(d,0.4817,0.0000,d)linear(0,0,0,86.0511,d)rotate(1.1259)rotateIntoBiaxial(d,5.0691,0.0000,d)nonlinear(d,5.0691,0.0000,3.8079,d)rotateFromBiaxial(d,5.0691,0.0000,d)nonlinear(6,0.0000,0.0000,6.1098,d)rotate(-23.6880)rotateIntoBiaxial(d,0.3359,0.0000,d)nonlinear(d,0.3359,0.0000,38.2860,d)rotateFromBiaxial(d,0.3359,0.0000,d)nonlinear(6,0.0000,0.0000,21.6673,d)linear(0,0,0,144.3348,d)rotate(0.2003)
40572,0,40,27.7167,27.6880,init()rotateIntoBiaxial(d,0.5933,0.0000,d)nonlinear(d,0.5933,0.0000,300.0000,d)rotateFromBiaxial(d,0.5933,0.0000,d)nonlinear(6,0.0000,0.0000,0.0009,d)rotateIntoBiaxial(d,40.4538,0.0000,d)nonlinear(d,40.4538,0.0000,100.0000,d)rotateFromBiaxial(d,40.4538,0.0000,d)rotate(179.9913)rotateIntoBiaxial(d,139.7269,0.0000,d)nonlinear(d,139.7269,0.0000,300.0000,d)rotateFromBiaxial(d,139.7269,0.0000,d)nonlinear(6,0.0000,0.0000,37.7947,d)rotate(-63.8659)rotateIntoBiaxial(d,0.1912,0.0000,d)nonlinear(d,0.1912,0.0000,50.0000,d)rotateFromBiaxial(d,0.1912,0.0000,d)nonlinear(6,0.0000,0.0000,1.4551,d)linear(0,0,0,94.4920,d)rotate(0.0563)rotateIntoBiaxial(d,3.8908,0.0000,d)nonlinear(d,3.8908,0.0000,2.7461,d)rotateFromBiaxial(d,3.8908,0.0000,d)nonlinear(6,0.0000,0.0000,4.8013,d)rotate(-28.0404)rotateIntoBiaxial(d,0.8194,0.0000,d)nonlinear(d,0.8194,0.0000,38.3637,d)rotateFromBiaxial(d,0.8194,0.0000,d)nonlinear(6,0.0000,0.0000,22.5568,d)linear(0,0,0,143.4284,d)rotate(0.2038)
40618,0,40,27.7104,27.6880,init()rotateIntoBiaxial(d,0.4038,0.0000,d)nonlinear(d,0.4038,0.0000,300.0000,d)rotateFromBiaxial(d,0.4038,0.0000,d)nonlinear(6,0.0000,0.0000,0.1121,d)rotateIntoBiaxial(d,40.4535,0.0000,d)nonlinear(d,40.4535,0.0000,100.0000,d)rotateFromBiaxial(d,40.4535,0.0000,d)rotate(179.9077)rotateIntoBiaxial(d,139.7266,0.0000,d)nonlinear(d,139.7266,0.0000,300.0000,d)rotateFromBiaxial(d,139.7266,0.0000,d)nonlinear(6,0.0000,0.0000,39.9139,d)rotate(-62.0400)rotateIntoBiaxial(d,0.1213,0.0000,d)nonlinear(d,0.1213,0.0000,50.0000,d)rotateFromBiaxial(d,0.1213,0.0000,d)linear(0,0,0,79.4679,d)rotate(0.4792)rotateIntoBiaxial(d,4.7353,0.0000,d)nonlinear(d,4.7353,0.0000,3.5498,d)rotateFromBiaxial(d,4.7353,0.0000,d)nonlinear(6,0.0000,0.0000,4.9356,d)rotate(-25.3628)rotateIntoBiaxial(d,0.3951,0.0000,d)nonlinear(d,0.3951,0.0000,38.5657,d)rotateFromBiaxial(d,0.3951,0.0000,d)nonlinear(6,0.0000,0.0000,21.6687,d)linear(0,0,0,155.9700,d)rotate(0.1317)
40664,0,40,27.7040,27.6880,init()rotateIntoBiaxial(d,0.6335,0.0000,d)nonlinear(d,0.6335,0.0000,300.0000,d)rotateFromBiaxial(d,0.6335,0.0000,d)nonlinear(6,0.0000,0.0000,0.1411,d)rotateIntoBiaxial(d,40.4479,0.0000,d)nonlinear(d,40.4479,0.0000,100.0000,d)rotateFromBiaxial(d,40.4479,0.0000,d)rotate(179.9992)rotateIntoBiaxial(d,139.7299,0.0000,d)nonlinear(d,139.7299,0.0000,300.0000,d)rotateFromBiaxial(d,139.7299,0.0000,d)nonlinear(6,0.0000,0.0000,37.4824,d)rotate(-61.6395)rotateIntoBiaxial(d,0.0028,0.0000,d)nonlinear(d,0.0028,0.0000,50.0000,d)rotateFromBiaxial(d,0.0028,0.0000,d)linear(0,0,0,86.9165,d)rotate(0.1394)rotateIntoBiaxial(d,4.9108,0.0000,d)nonlinear(d,4.9108,0.0000,2.6751,d)rotateFromBiaxial(d,4.9108,0.0000,d)nonlinear(6,0.0000,0.0000,5.2833,d)rotate(-27.1663)rotateIntoBiaxial(d,0.7502,0.0000,d)nonlinear(d,0.7502,0.0000,39.3358,d)rotateFromBiaxial(d,0.7502,0.0000,d)nonlinear(6,0.0000,0.0000,24.3217,d)linear(0,0,0,179.7464,d)rotate(-0.0220)
40710,0,40,27.6776,27.6880,init()rotateIntoBiaxial(d,0.4274,0.0000,d)nonlinear(d,0.4274,0.0000,300.0000,d)rotateFromBiaxial(d,0.4274,0.0000,d)nonlinear(6,0.0000,0.0000,0.2711,d)rotateIntoBiaxial(d,40.4405,0.0000,d)nonlinear(d,40.4405,0.0000,100.0000,d)rotateFromBiaxial(d,40.4405,0.0000,d)rotate(179.9977)rotateIntoBiaxial(d,139.7327,0.0000,d)nonlinear(d,139.7327,0.0000,300.0000,d)rotateFromBiaxial(d,139.7327,0.0000,d)nonlinear(6,0.0000,0.0000,38.3069,d)rotate(-62.6270)rotateIntoBiaxial(d,0.0289,0.0000,d)nonlinear(d,0.0289,0.0000,50.0000,d)rotateFromBiaxial(d,0.0289,0.0000,d)linear(0,0,0,86.5480,d)rotate(1.2294)rotateIntoBiaxial(d,5.1169,0.0000,d)nonlinear(d,5.1169,0.0000,4.1182,d)rotateFromBiaxial(d,5.1169,0.0000,d)nonlinear(6,0.0000,0.0000,6.5449,d)rotate(-28.4673)rotateIntoBiaxial(d,0.1693,0.0000,d)nonlinear(d,0.1693,0.0000,39.6723,d)rotateFromBiaxial(d,0.1693,0.0000,d)nonlinear(6,0.0000,0.0000,24.5472,d)linear(0,0,0,147.2649,d)rotate(0.0245)
40756,0,40,27.7192,27.6880,init()rotateIntoBiaxial(d,0.6539,0.0000,d)nonlinear(d,0.6539,0.0000,300.0000,d)rotateFromBiaxial(d,0.6539,0.0000,d)nonlinear(6,0.0000,0.0000,0.3905,d)rotate(0.0811)rotateIntoBiaxial(d,40.4538,0.0000,d)nonlinear(d,40.4538,0.0000,100.0000,d)rotateFromBiaxial(d,40.4538,0.0000,d)rotate(179.9999)rotateIntoBiaxial(d,139.7253,0.0000,d)nonlinear(d,139.7253,0.0000,300.0000,d)rotateFromBiaxial(d,139.7253,0.0000,d)nonlinear(6,0.0000,0.0000,37.8248,d)rotate(-62.7057)rotateIntoBiaxial(d,0.5289,0.0000,d)nonlinear(d,0.5289,0.0000,50.0000,d)rotateFromBiaxial(d,0.5289,0.0000,d)linear(0,0,0,97.2054,d)rotate(1.4865)rotateIntoBiaxial(d,3.8787,0.0000,d)nonlinear(d,3.8787,0.0000,3.3908,d)rotateFromBiaxial(d,3.8787,0.0000,d)nonlinear(6,0.0000,0.0000,5.8087,d)rotate(-27.4542)rotateIntoBiaxial(d,0.4410,0.0000,d)nonlinear(d,0.4410,0.0000,40.4635,d)rotateFromBiaxial(d,0.4410,0.0000,d)nonlinear(6,0.0000,0.0000,23.6423,d)linear(0,0,0,140.8744,d)rotate(-0.0150)
40802,0,40,27.7074,27.6880,init()rotateIntoBiaxial(d,0.4936,0.0000,d)nonlinear(d,0.4936,0.0000,300.0000,d)rotateFromBiaxial(d,0.4936,0.0000,d)nonlinear(6,0.0000,0.0000,0.0138,d)rotateIntoBiaxial(d,40.4511,0.0000,d)nonlinear(d,40.4511,0.0000,100.0000,d)rotateFromBiaxial(d,40.4511,0.0000,d)rotate(179.9740)rotateIntoBiaxial(d,139.7270,0.0000,d)nonlinear(d,139.7270,0.0000,300.0000,d)rotateFromBiaxial(d,139.7270,0.0000,d)nonlinear(6,0.0000,0.0000,37.9749,d)linear(0,0,0,5.2337,d)rotate(-64.2251)rotateIntoBiaxial(d,0.3877,0.0000,d)nonlinear(d,0.3877,0.0000,50.0000,d)rotateFromBiaxial(d,0.3877,0.0000,d)nonlinear(6,0.0000,0.0000,1.3059,d)linear(0,0,0,98.6591,d)rotate(0.8078)rotateIntoBiaxial(d,4.8310,0.0000,d)nonlinear(d,4.8310,0.0000,1.9253,d)rotateFromBiaxial(d,4.8310,0.0000,d)nonlinear(6,0.0000,0.0000,6.0610,d)rotate(-29.2336)rotateIntoBiaxial(d,0.4087,0.0000,d)nonlinear(d,0.4087,0.0000,39.1765,d)rotateFromBiaxial(d,0.4087,0.0000,d)nonlinear(6,0.0000,0.0000,21.8300,d)linear(0,0,0,141.2199,d)rotate(0.1289)
40848,0,40,27.6828,27.6880,init()rotateIntoBiaxial(d,0.4709,0.0000,d)nonlinear(d,0.4709,0.0000,300.0000,d)rotateFromBiaxial(d,0.4709,0.0000,d)nonlinear(6,0.0000,0.0000,0.3433,d)rotateIntoBiaxial(d,40.4391,0.0000,d)nonlinear(d,40.4391,0.0000,100.0000,d)rotateFromBiaxial(d,40.4391,0.0000,d)rotate(179.9987)rotateIntoBiaxial(d,139.7322,0.0000,d)nonlinear(d,139.7322,0.0000,300.0000,d)rotateFromBiaxial(d,139.7322,0.0000,d)nonlinear(6,0.0000,0.0000,37.0073,d)rotate(-62.7812)rotateIntoBiaxial(d,0.0083,0.0000,d)nonlinear(d,0.0083,0.0000,50.0000,d)rotateFromBiaxial(d,0.0083,0.0000,d)nonlinear(6,0.0000,0.0000,2.0075,d)linear(0,0,0,112.8958,d)rotate(0.7910)rotateIntoBiaxial(d,4.5546,0.0000,d)nonlinear(d,4.5546,0.0000,2.8250,d)rotateFromBiaxial(d,4.5546,0.0000,d)nonlinear(6,0.0000,0.0000,4.9174,d)rotate(-29.5009)rotateIntoBiaxial(d,0.0008,0.0000,d)nonlinear(d,0.0008,0.0000,39.3922,d)rotateFromBiaxial(d,0.0008,0.0000,d)nonlinear(6,0.0000,0.0000,21.4235,d)linear(0,0,0,148.6169,d)rotate(-0.0185)
40894,0,40,27.7045,27.6880,init()rotateIntoBiaxial(d,0.5342,0.0000,d)nonlinear(d,0.5342,0.0000,300.0000,d)rotateFromBiaxial(d,0.5342,0.0000,d)nonlinear(6,0.0000,0.0000,0.0694,d)rotateIntoBiaxial(d,40.4442,0.0000,d)nonlinear(d,40.4442,0.0000,100.0000,d)rotateFromBiaxial(d,40.4442,0.0000,d)rotate(179.9821)rotateIntoBiaxial(d,139.7274,0.0000,d)nonlinear(d,139.7274,0.0000,300.0000,d)rotateFromBiaxial(d,139.7274,0.0000,d)nonlinear(6,0.0000,0.0000,39.1209,d)rotate(-61.1716)rotateIntoBiaxial(d,0.1069,0.0000,d)nonlinear(d,0.1069,0.0000,50.0000,d)rotateFromBiaxial(d,0.1069,0.0000,d)nonlinear(6,0.0000,0.0000,0.4411,d)linear(0,0,0,106.5830,d)rotate(0.5494)rotateIntoBiaxial(d,4.1422,0.0000,d)nonlinear(d,4.1422,0.0000,2.7915,d)rotateFromBiaxial(d,4.1422,0.0000,d)nonlinear(6,0.0000,0.0000,6.0974,d)rotate(-28.4583)rotateIntoBiaxial(d,0.7010,0.0000,d)nonlinear(d,0.7010,0.0000,41.3631,d)rotateFromBiaxial(d,0.7010,0.0000,d)nonlinear(6,0.0000,0.0000,22.5974,d)linear(0,0,0,154.6014,d)rotate(0.0137)
40940,0,40,27.6874,27.6880,init()rotateIntoBiaxial(d,0.5658,0.0000,d)nonlinear(d,0.5658,0.0000,300.0000,d)rotateFromBiaxial(d,0.5658,0.0000,d)nonlinear(6,0.0000,0.0000,0.2532,d)rotateIntoBiaxial(d,40.4430,0.0000,d)nonlinear(d,40.4430,0.0000,100.0000,d)rotateFromBiaxial(d,40.4430,0.0000,d)rotate(179.9975)rotateIntoBiaxial(d,139.7311,0.0000,d)nonlinear(d,139.7311,0.0000,300.0000,d)rotateFromBiaxial(d,139.7311,0.0000,d)nonlinear(6,0.0000,0.0000,36.0527,d)rotate(-62.4063)rotateIntoBiaxial(d,0.2538,0.0000,d)nonlinear(d,0.2538,0.0000,50.0000,d)rotateFromBiaxial(d,0.2538,0.0000,d)nonlinear(6,0.0000,0.0000,0.0636,d)linear(0,0,0,100.5428,d)rotate(0.9557)rotateIntoBiaxial(d,4.9431,0.0000,d)nonlinear(d,4.9431,0.0000,3.3757,d)rotateFromBiaxial(d,4.9431,0.0000,d)nonlinear(6,0.0000,0.0000,5.5925,d)rotate(-27.6175)rotateIntoBiaxial(d,0.3181,0.0000,d)nonlinear(d,0.3181,0.0000,40.8016,d)rotateFromBiaxial(d,0.3181,0.0000,d)nonlinear(6,0.0000,0.0000,25.7065,d)linear(0,0,0,154.5392,d)rotate(-0.0041)
40986,0,40,27.6899,27.6880,init()rotateIntoBiaxial(d,0.5565,0.0000,d)nonlinear(d,0.5565,0.0000,300.0000,d)rotateFromBiaxial(d,0.5565,0.0000,d)nonlinear(6,0.0000,0.0000,0.1129,d)rotateIntoBiaxial(d,40.4431,0.0000,d)nonlinear(d,40.4431,0.0000,100.0000,d)rotateFromBiaxial(d,40.4431,0.0000,d)rotate(179.9971)rotateIntoBiaxial(d,139.7299,0.0000,d)nonlinear(d,139.7299,0.0000,300.0000,d)rotateFromBiaxial(d,139.7299,0.0000,d)nonlinear(6,0.0000,0.0000,36.6083,d)linear(0,0,0,7.7785,d)rotate(-62.9935)rotateIntoBiaxial(d,0.0000,0.0000,d)nonlinear(d,0.0000,0.0000,50.0000,d)rotateFromBiaxial(d,0.0000,0.0000,d)linear(0,0,0,95.1990,d)rotate(1.3582)rotateIntoBiaxial(d,4.9957,0.0000,d)nonlinear(d,4.9957,0.0000,4.3842,d)rotateFromBiaxial(d,4.9957,0.0000,d)nonlinear(6,0.0000,0.0000,4.8259,d)rotate(-29.3477)rotateIntoBiaxial(d,0.6642,0.0000,d)nonlinear(d,0.6642,0.0000,41.0370,d)rotateFromBiaxial(d,0.6642,0.0000,d)nonlinear(6,0.0000,0.0000,23.1325,d)linear(0,0,0,172.2767,d)rotate(-0.0338)
41032,0,40,27.6834,27.6880,init()rotateIntoBiaxial(d,0.5679,0.0000,d)nonlinear(d,0.5679,0.0000,300.0000,d)rotateFromBiaxial(d,0.5679,0.0000,d)nonlinear(6,0.0000,0.0000,0.2401,d)rotate(0.0642)rotateIntoBiaxial(d,40.4399,0.0000,d)nonlinear(d,40.4399,0.0000,100.0000,d)rotateFromBiaxial(d,40.4399,0.0000,d)rotate(179.9865)rotateIntoBiaxial(d,139.7320,0.0000,d)nonlinear(d,139.7320,0.0000,300.0000,d)rotateFromBiaxial(d,139.7320,0.0000,d)nonlinear(6,0.0000,0.0000,37.6272,d)rotate(-63.8998)rotateIntoBiaxial(d,0.2747,0.0000,d)nonlinear(d,0.2747,0.0000,50.0000,d)rotateFromBiaxial(d,0.2747,0.0000,d)linear(0,0,0,100.0409,d)rotate(1.4476)rotateIntoBiaxial(d,4.2845,0.0000,d)nonlinear(d,4.2845,0.0000,3.3399,d)rotateFromBiaxial(d,4.2845,0.0000,d)nonlinear(6,0.0000,0.0000,5.4826,d)rotate(-26.8264)rotateIntoBiaxial(d,0.1960,0.0000,d)nonlinear(d,0.1960,0.0000,40.3787,d)rotateFromBiaxial(d,0.1960,0.0000,d)nonlinear(6,0.0000,0.0000,24.3751,d)linear(0,0,0,168.2445,d)rotate(-0.0753)
41078,0,40,27.6836,27.6836,init()rotateIntoBiaxial(d,0.5409,0.0000,d)nonlinear(d,0.5409,0.0000,300.0000,d)rotateFromBiaxial(d,0.5409,0.0000,d)nonlinear(6,0.0000,0.0000,0.2812,d)rotateIntoBiaxial(d,40.4394,0.0000,d)nonlinear(d,40.4394,0.0000,100.0000,d)rotateFromBiaxial(d,40.4394,0.0000,d)rotate(179.9996)rotateIntoBiaxial(d,139.7332,0.0000,d)nonlinear(d,139.7332,0.0000,300.0000,d)rotateFromBiaxial(d,139.7332,0.0000,d)nonlinear(6,0.0000,0.0000,37.9478,d)rotate(-61.8588)rotateIntoBiaxial(d,0.0797,0.0000,d)nonlinear(d,0.0797,0.0000,50.0000,d)rotateFromBiaxial(d,0.0797,0.0000,d)nonlinear(6,0.0000,0.0000,2.1232,d)linear(0,0,0,91.8322,d)rotate(0.0375)rotateIntoBiaxial(d,4.8316,0.0000,d)nonlinear(d,4.8316,0.0000,1.7480,d)rotateFromBiaxial(d,4.8316,0.0000,d)nonlinear(6,0.0000,0.0000,6.0237,d)rotate(-27.8528)rotateIntoBiaxial(d,0.2227,0.0000,d)nonlinear(d,0.2227,0.0000,40.9562,d)rotateFromBiaxial(d,0.2227,0.0000,d)nonlinear(6,0.0000,0.0000,25.1786,d)linear(0,0,0,155.7066,d)rotate(-0.0945)
41124,0,40,27.6980,27.6980,init()rotateIntoBiaxial(d,0.6457,0.0000,d)nonlinear(d,0.6457,0.0000,300.0000,d)rotateFromBiaxial(d,0.6457,0.0000,d)nonlinear(6,0.0000,0.0000,0.0055,d)rotateIntoBiaxial(d,40.4408,0.0000,d)nonlinear(d,40.4408,0.0000,100.0000,d)rotateFromBiaxial(d,40.4408,0.0000,d)rotate(179.9994)rotateIntoBiaxial(d,139.7292,0.0000,d)nonlinear(d,139.7292,0.0000,300.0000,d)rotateFromBiaxial(d,139.7292,0.0000,d)nonlinear(6,0.0000,0.0000,37.8746,d)rotate(-61.4097)rotateIntoBiaxial(d,0.2488,0.0000,d)nonlinear(d,0.2488,0.0000,50.0000,d)rotateFromBiaxial(d,0.2488,0.0000,d)nonlinear(6,0.0000,0.0000,0.0682,d)linear(0,0,0,102.4569,d)rotate(0.6370)rotateIntoBiaxial(d,4.7401,0.0000,d)nonlinear(d,4.7401,0.0000,3.9733,d)rotateFromBiaxial(d,4.7401,0.0000,d)nonlinear(6,0.0000,0.0000,4.6108,d)rotate(-28.8614)rotateIntoBiaxial(d,0.0027,0.0000,d)nonlinear(d,0.0027,0.0000,40.5840,d)rotateFromBiaxial(d,0.0027,0.0000,d)nonlinear(6,0.0000,0.0000,23.5695,d)linear(0,0,0,162.5252,d)rotate(-0.0379)
41170,0,40,27.6876,27.6980,init()rotateIntoBiaxial(d,0.5217,0.0000,d)nonlinear(d,0.5217,0.0000,300.0000,d)rotateFromBiaxial(d,0.5217,0.0000,d)nonlinear(6,0.0000,0.0000,0.3397,d)rotateIntoBiaxial(d,40.4372,0.0000,d)nonlinear(d,40.4372,0.0000,100.0000,d)rotateFromBiaxial(d,40.4372,0.0000,d)rotate(179.9940)rotateIntoBiaxial(d,139.7300,0.0000,d)nonlinear(d,139.7300,0.0000,300.0000,d)rotateFromBiaxial(d,139.7300,0.0000,d)nonlinear(6,0.0000,0.0000,38.5394,d)rotate(-62.4842)rotateIntoBiaxial(d,0.1177,0.0000,d)nonlinear(d,0.1177,0.0000,50.0000,d)rotateFromBiaxial(d,0.1177,0.0000,d)linear(0,0,0,93.4921,d)rotate(1.3176)rotateIntoBiaxial(d,3.9300,0.0000,d)nonlinear(d,3.9300,0.0000,2.8618,d)rotateFromBiaxial(d,3.9300,0.0000,d)nonlinear(6,0.0000,0.0000,4.6648,d)rotate(-28.5750)rotateIntoBiaxial(d,0.4200,0.0000,d)nonlinear(d,0.4200,0.0000,41.1421,d)rotateFromBiaxial(d,0.4200,0.0000,d)nonlinear(6,0.0000,0.0000,24.2058,d)linear(0,0,0,184.2527,d)rotate(-0.0123)
41216,0,40,27.7055,27.7055,init()rotateIntoBiaxial(d,0.6303,0.0000,d)nonlinear(d,0.6303,0.0000,300.0000,d)rotateFromBiaxial(d,0.6303,0.0000,d)nonlinear(6,0.0000,0.0000,0.4584,d)rotateIntoBiaxial(d,40.4444,0.0000,d)nonlinear(d,40.4444,0.0000,100.0000,d)rotateFromBiaxial(d,40.4444,0.0000,d)rotate(179.9799)rotateIntoBiaxial(d,139.7283,0.0000,d)nonlinear(d,139.7283,0.0000,300.0000,d)rotateFromBiaxial(d,139.7283,0.0000,d)nonlinear(6,0.0000,0.0000,38.2961,d)rotate(-62.3395)rotateIntoBiaxial(d,0.0689,0.0000,d)nonlinear(d,0.0689,0.0000,50.0000,d)rotateFromBiaxial(d,0.0689,0.0000,d)linear(0,0,0,84.7902,d)rotate(0.8593)rotateIntoBiaxial(d,4.3863,0.0000,d)nonlinear(d,4.3863,0.0000,2.4234,d)rotateFromBiaxial(d,4.3863,0.0000,d)nonlinear(6,0.0000,0.0000,5.6055,d)rotate(-27.6035)rotateIntoBiaxial(d,0.0001,0.0000,d)nonlinear(d,0.0001,0.0000,40.0355,d)rotateFromBiaxial(d,0.0001,0.0000,d)nonlinear(6,0.0000,0.0000,22.4390,d)linear(0,0,0,157.6294,d)rotate(0.0768)
41262,0,40,27.6890,27.7055,init()rotateIntoBiaxial(d,0.6138,0.0000,d)nonlinear(d,0.6138,0.0000,300.0000,d)rotateFromBiaxial(d,0.6138,0.0000,d)nonlinear(6,0.0000,0.0000,0.2811,d)rotateIntoBiaxial(d,40.4397,0.0000,d)nonlinear(d,40.4397,0.0000,100.0000,d)rotateFromBiaxial(d,40.4397,0.0000,d)rotate(179.9944)rotateIntoBiaxial(d,139.7297,0.0000,d)nonlinear(d,139.7297,0.0000,300.0000,d)rotateFromBiaxial(d,139.7297,0.0000,d)nonlinear(6,0.0000,0.0000,38.3776,d)rotate(-62.4136)rotateIntoBiaxial(d,0.0227,0.0000,d)nonlinear(d,0.0227,0.0000,50.0000,d)rotateFromBiaxial(d,0.0227,0.0000,d)linear(0,0,0,91.7474,d)rotate(1.1478)rotateIntoBiaxial(d,4.1528,0.0000,d)nonlinear(d,4.1528,0.0000,2.2210,d)rotateFromBiaxial(d,4.1528,0.0000,d)nonlinear(6,0.0000,0.0000,4.4389,d)rotate(-25.0340)rotateIntoBiaxial(d,0.7346,0.0000,d)nonlinear(d,0.7346,0.0000,41.6957,d)rotateFromBiaxial(d,0.7346,0.0000,d)nonlinear(6,0.0000,0.0000,22.6200,d)linear(0,0,0,169.9981,d)rotate(0.0143)
41308,0,40,27.6855,27.7055,init()rotateIntoBiaxial(d,0.5369,0.0000,d)nonlinear(d,0.5369,0.0000,300.0000,d)rotateFromBiaxial(d,0.5369,0.0000,d)nonlinear(6,0.0000,0.0000,0.1548,d)rotate(0.0982)rotateIntoBiaxial(d,40.4384,0.0000,d)nonlinear(d,40.4384,0.0000,100.0000,d)rotateFromBiaxial(d,40.4384,0.0000,d)rotate(179.9997)rotateIntoBiaxial(d,139.7300,0.0000,d)nonlinear(d,139.7300,0.0000,300.0000,d)rotateFromBiaxial(d,139.7300,0.0000,d)nonlinear(6,0.0000,0.0000,38.1236,d)linear(0,0,0,8.6776,d)rotate(-61.2721)rotateIntoBiaxial(d,0.4156,0.0000,d)nonlinear(d,0.4156,0.0000,50.0000,d)rotateFromBiaxial(d,0.4156,0.0000,d)linear(0,0,0,101.3725,d)rotate(0.0631)rotateIntoBiaxial(d,4.5631,0.0000,d)nonlinear(d,4.5631,0.0000,3.4276,d)rotateFromBiaxial(d,4.5631,0.0000,d)nonlinear(6,0.0000,0.0000,4.9305,d)rotate(-26.8068)rotateIntoBiaxial(d,0.5094,0.0000,d)nonlinear(d,0.5094,0.0000,41.4811,d)rotateFromBiaxial(d,0.5094,0.0000,d)nonlinear(6,0.0000,0.0000,24.3414,d)linear(0,0,0,181.7002,d)rotate(-0.0534)
41354,0,40,27.7006,27.7055,init()rotateIntoBiaxial(d,0.5054,0.0000,d)nonlinear(d,0.5054,0.0000,300.0000,d)rotateFromBiaxial(d,0.5054,0.0000,d)nonlinear(6,0.0000,0.0000,0.1316,d)rotateIntoBiaxial(d,40.4447,0.0000,d)nonlinear(d,40.4447,0.0000,100.0000,d)rotateFromBiaxial(d,40.4447,0.0000,d)rotate(180.0000)rotateIntoBiaxial(d,139.7290,0.0000,d)nonlinear(d,139.7290,0.0000,300.0000,d)rotateFromBiaxial(d,139.7290,0.0000,d)nonlinear(6,0.0000,0.0000,39.0056,d)rotate(-62.4867)rotateIntoBiaxial(d,0.0000,0.0000,d)nonlinear(d,0.0000,0.0000,50.0000,d)rotateFromBiaxial(d,0.0000,0.0000,d)linear(0,0,0,104.6097,d)rotate(0.1880)rotateIntoBiaxial(d,4.1685,0.0000,d)nonlinear(d,4.1685,0.0000,3.5715,d)rotateFromBiaxial(d,4.1685,0.0000,d)nonlinear(6,0.0000,0.0000,5.4687,d)rotate(-26.8760)rotateIntoBiaxial(d,0.2440,0.0000,d)nonlinear(d,0.2440,0.0000,40.5231,d)rotateFromBiaxial(d,0.2440,0.0000,d)nonlinear(6,0.0000,0.0000,23.6168,d)linear(0,0,0,181.4614,d)rotate(0.0189)
41400,0,40,27.7083,27.7055,init()rotateIntoBiaxial(d,0.5876,0.0000,d)nonlinear(d,0.5876,0.0000,300.0000,d)rotateFromBiaxial(d,0.5876,0.0000,d)nonlinear(6,0.0000,0.0000,0.0736,d)rotateIntoBiaxial(d,40.4449,0.0000,d)nonlinear(d,40.4449,0.0000,100.0000,d)rotateFromBiaxial(d,40.4449,0.0000,d)rotate(179.9992)rotateIntoBiaxial(d,139.7272,0.0000,d)nonlinear(d,139.7272,0.0000,300.0000,d)rotateFromBiaxial(d,139.7272,0.0000,d)nonlinear(6,0.0000,0.0000,37.7582,d)rotate(-62.1728)rotateIntoBiaxial(d,0.0668,0.0000,d)nonlinear(d,0.0668,0.0000,50.0000,d)rotateFromBiaxial(d,0.0668,0.0000,d)linear(0,0,0,104.4285,d)rotateIntoBiaxial(d,3.9353,0.0000,d)nonlinear(d,3.9353,0.0000,3.0939,d)rotateFromBiaxial(d,3.9353,0.0000,d)nonlinear(6,0.0000,0.0000,5.1815,d)rotate(-27.3917)rotateIntoBiaxial(d,0.4617,0.0000,d)nonlinear(d,0.4617,0.0000,39.7177,d)rotateFromBiaxial(d,0.4617,0.0000,d)nonlinear(6,0.0000,0.0000,26.9440,d)linear(0,0,0,179.0671,d)rotate(-0.0422)
41446,0,40,27.6949,27.7055,init()rotateIntoBiaxial(d,0.4763,0.0000,d)nonlinear(d,0.4763,0.0000,300.0000,d)rotateFromBiaxial(d,0.4763,0.0000,d)nonlinear(6,0.0000,0.0000,0.2047,d)rotateIntoBiaxial(d,40.4420,0.0000,d)nonlinear(d,40.4420,0.0000,100.0000,d)rotateFromBiaxial(d,40.4420,0.0000,d)rotate(179.9935)rotateIntoBiaxial(d,139.7289,0.0000,d)nonlinear(d,139.7289,0.0000,300.0000,d)rotateFromBiaxial(d,139.7289,0.0000,d)nonlinear(6,0.0000,0.0000,38.9074,d)rotate(-61.8610)rotateIntoBiaxial(d,0.0982,0.0000,d)nonlinear(d,0.0982,0.0000,50.0000,d)rotateFromBiaxial(d,0.0982,0.0000,d)linear(0,0,0,98.3418,d)rotate(0.3468)rotateIntoBiaxial(d,4.0888,0.0000,d)nonlinear(d,4.0888,0.0000,3.8103,d)rotateFromBiaxial(d,4.0888,0.0000,d)nonlinear(6,0.0000,0.0000,4.7778,d)rotate(-27.2896)rotateIntoBiaxial(d,0.4335,0.0000,d)nonlinear(d,0.4335,0.0000,41.6797,d)rotateFromBiaxial(d,0.4335,0.0000,d)nonlinear(6,0.0000,0.0000,24.0718,d)linear(0,0,0,172.1571,d)rotate(-0.0567)
41492,0,40,27.6861,27.7055,init()rotateIntoBiaxial(d,0.4750,0.0000,d)nonlinear(d,0.4750,0.0000,300.0000,d)rotateFromBiaxial(d,0.4750,0.0000,d)nonlinear(6,0.0000,0.0000,0.0891,d)rotateIntoBiaxial(d,40.4390,0.0000,d)nonlinear(d,40.4390,0.0000,100.0000,d)rotateFromBiaxial(d,40.4390,0.0000,d)rotate(179.9769)rotateIntoBiaxial(d,139.7297,0.0000,d)nonlinear(d,139.7297,0.0000,300.0000,d)rotateFromBiaxial(d,139.7297,0.0000,d)nonlinear(6,0.0000,0.0000,39.7168,d)rotate(-60.5501)rotateIntoBiaxial(d,0.2450,0.0000,d)nonlinear(d,0.2450,0.0000,50.0000,d)rotateFromBiaxial(d,0.2450,0.0000,d)linear(0,0,0,99.8229,d)rotate(0.4451)rotateIntoBiaxial(d,4.0655,0.0000,d)nonlinear(d,4.0655,0.0000,3.4233,d)rotateFromBiaxial(d,4.0655,0.0000,d)nonlinear(6,0.0000,0.0000,4.7636,d)rotate(-26.8661)rotateIntoBiaxial(d,0.7273,0.0000,d)nonlinear(d,0.7273,0.0000,42.7812,d)rotateFromBiaxial(d,0.7273,0.0000,d)nonlinear(6,0.0000,0.0000,24.5720,d)linear(0,0,0,189.6959,d)rotate(-0.1089)
41538,0,40,27.7026,27.7055,init()rotateIntoBiaxial(d,0.5432,0.0000,d)nonlinear(d,0.5432,0.0000,300.0000,d)rotateFromBiaxial(d,0.5432,0.0000,d)nonlinear(6,0.0000,0.0000,0.0102,d)rotateIntoBiaxial(d,40.4474,0.0000,d)nonlinear(d,40.4474,0.0000,100.0000,d)rotateFromBiaxial(d,40.4474,0.0000,d)rotate(179.9975)rotateIntoBiaxial(d,139.7302,0.0000,d)nonlinear(d,139.7302,0.0000,300.0000,d)rotateFromBiaxial(d,139.7302,0.0000,d)nonlinear(6,0.0000,0.0000,37.8047,d)rotate(-61.0502)rotateIntoBiaxial(d,0.1230,0.0000,d)nonlinear(d,0.1230,0.0000,50.0000,d)rotateFromBiaxial(d,0.1230,0.0000,d)linear(0,0,0,99.2503,d)rotate(0.0687)rotateIntoBiaxial(d,4.1737,0.0000,d)nonlinear(d,4.1737,0.0000,4.2999,d)rotateFromBiaxial(d,4.1737,0.0000,d)nonlinear(6,0.0000,0.0000,4.2978,d)rotate(-27.5764)rotateIntoBiaxial(d,0.0983,0.0000,d)nonlinear(d,0.0983,0.0000,41.8251,d)rotateFromBiaxial(d,0.0983,0.0000,d)nonlinear(6,0.0000,0.0000,23.0483,d)linear(0,0,0,185.5745,d)rotate(-0.1499)
41584,0,40,27.6778,27.7055,init()rotateIntoBiaxial(d,0.5419,0.0000,d)nonlinear(d,0.5419,0.0000,300.0000,d)rotateFromBiaxial(d,0.5419,0.0000,d)nonlinear(6,0.0000,0.0000,0.3914,d)rotateIntoBiaxial(d,40.4354,0.0000,d)nonlinear(d,40.4354,0.0000,100.0000,d)rotateFromBiaxial(d,40.4354,0.0000,d)rotate(179.9900)rotateIntoBiaxial(d,139.7310,0.0000,d)nonlinear(d,139.7310,0.0000,300.0000,d)rotateFromBiaxial(d,139.7310,0.0000,d)nonlinear(6,0.0000,0.0000,40.7392,d)rotate(-60.8640)rotateIntoBiaxial(d,0.0040,0.0000,d)nonlinear(d,0.0040,0.0000,50.0000,d)rotateFromBiaxial(d,0.0040,0.0000,d)linear(0,0,0,88.1469,d)rotateIntoBiaxial(d,4.3097,0.0000,d)nonlinear(d,4.3097,0.0000,2.9164,d)rotateFromBiaxial(d,4.3097,0.0000,d)nonlinear(6,0.0000,0.0000,5.8312,d)rotate(-27.2935)rotateIntoBiaxial(d,0.5894,0.0000,d)nonlinear(d,0.5894,0.0000,41.6391,d)rotateFromBiaxial(d,0.5894,0.0000,d)nonlinear(6,0.0000,0.0000,23.4880,d)linear(0,0,0,157.5866,d)rotate(-0.1308)
41630,0,40,27.6899,27.7055,init()rotateIntoBiaxial(d,0.5935,0.0000,d)nonlinear(d,0.5935,0.0000,300.0000,d)rotateFromBiaxial(d,0.5935,0.0000,d)nonlinear(6,0.0000,0.0000,0.0210,d)rotateIntoBiaxial(d,40.4424,0.0000,d)nonlinear(d,40.4424,0.0000,100.0000,d)rotateFromBiaxial(d,40.4424,0.0000,d)rotate(179.9992)rotateIntoBiaxial(d,139.7314,0.0000,d)nonlinear(d,139.7314,0.0000,300.0000,d)rotateFromBiaxial(d,139.7314,0.0000,d)nonlinear(6,0.0000,0.0000,36.7027,d)rotate(-62.6494)rotateIntoBiaxial(d,0.0319,0.0000,d)nonlinear(d,0.0319,0.0000,50.0000,d)rotateFromBiaxial(d,0.0319,0.0000,d)linear(0,0,0,95.9461,d)rotateIntoBiaxial(d,4.0561,0.0000,d)nonlinear(d,4.0561,0.0000,3.2842,d)rotateFromBiaxial(d,4.0561,0.0000,d)nonlinear(6,0.0000,0.0000,4.9875,d)rotate(-29.2776)rotateIntoBiaxial(d,0.2842,0.0000,d)nonlinear(d,0.2842,0.0000,41.4194,d)rotateFromBiaxial(d,0.2842,0.0000,d)nonlinear(6,0.0000,0.0000,26.2838,d)linear(0,0,0,189.7491,d)rotate(-0.0769)
41676,0,40,27.6816,27.7055,init()rotateIntoBiaxial(d,0.5423,0.0000,d)nonlinear(d,0.5423,0.0000,300.0000,d)rotateFromBiaxial(d,0.5423,0.0000,d)nonlinear(6,0.0000,0.0000,0.2581,d)rotateIntoBiaxial(d,40.4371,0.0000,d)nonlinear(d,40.4371,0.0000,100.0000,d)rotateFromBiaxial(d,40.4371,0.0000,d)rotate(179.9890)rotateIntoBiaxial(d,139.7315,0.0000,d)nonlinear(d,139.7315,0.0000,300.0000,d)rotateFromBiaxial(d,139.7315,0.0000,d)nonlinear(6,0.0000,0.0000,37.5931,d)rotate(-61.2193)rotateIntoBiaxial(d,0.2415,0.0000,d)nonlinear(d,0.2415,0.0000,50.0000,d)rotateFromBiaxial(d,0.2415,0.0000,d)linear(0,0,0,94.9745,d)rotate(0.3106)rotateIntoBiaxial(d,4.1925,0.0000,d)nonlinear(d,4.1925,0.0000,3.8198,d)rotateFromBiaxial(d,4.1925,0.0000,d)nonlinear(6,0.0000,0.0000,4.9031,d)linear(0,0,0,4.3932,d)rotate(-28.8481)rotateIntoBiaxial(d,0.9737,0.0000,d)nonlinear(d,0.9737,0.0000,42.0206,d)rotateFromBiaxial(d,0.9737,0.0000,d)nonlinear(6,0.0000,0.0000,24.6529,d)linear(0,0,0,190.9429,d)rotate(-0.0734)
41722,0,40,27.7201,27.7055,init()rotateIntoBiaxial(d,0.6268,0.0000,d)nonlinear(d,0.6268,0.0000,300.0000,d)rotateFromBiaxial(d,0.6268,0.0000,d)nonlinear(6,0.0000,0.0000,0.0717,d)rotateIntoBiaxial(d,40.4518,0.0000,d)nonlinear(d,40.4518,0.0000,100.0000,d)rotateFromBiaxial(d,40.4518,0.0000,d)rotate(179.9850)rotateIntoBiaxial(d,139.7260,0.0000,d)nonlinear(d,139.7260,0.0000,300.0000,d)rotateFromBiaxial(d,139.7260,0.0000,d)nonlinear(6,0.0000,0.0000,37.7081,d)rotate(-60.8082)rotateIntoBiaxial(d,0.0260,0.0000,d)nonlinear(d,0.0260,0.0000,50.0000,d)rotateFromBiaxial(d,0.0260,0.0000,d)linear(0,0,0,97.4600,d)rotateIntoBiaxial(d,4.0746,0.0000,d)nonlinear(d,4.0746,0.0000,3.4725,d)rotateFromBiaxial(d,4.0746,0.0000,d)nonlinear(6,0.0000,0.0000,4.4945,d)rotate(-28.2922)rotateIntoBiaxial(d,0.9110,0.0000,d)nonlinear(d,0.9110,0.0000,41.6358,d)rotateFromBiaxial(d,0.9110,0.0000,d)nonlinear(6,0.0000,0.0000,24.5504,d)linear(0,0,0,195.5405,d)rotate(-0.1258)
41768,0,40,27.6959,27.7055,init()rotateIntoBiaxial(d,0.6330,0.0000,d)nonlinear(d,0.6330,0.0000,300.0000,d)rotateFromBiaxial(d,0.6330,0.0000,d)nonlinear(6,0.0000,0.0000,0.0110,d)rotateIntoBiaxial(d,40.4416,0.0000,d)nonlinear(d,40.4416,0.0000,100.0000,d)rotateFromBiaxial(d,40.4416,0.0000,d)rotate(179.9829)rotateIntoBiaxial(d,139.7290,0.0000,d)nonlinear(d,139.7290,0.0000,300.0000,d)rotateFromBiaxial(d,139.7290,0.0000,d)nonlinear(6,0.0000,0.0000,37.7326,d)rotate(-61.5703)rotateIntoBiaxial(d,0.0260,0.0000,d)nonlinear(d,0.0260,0.0000,50.0000,d)rotateFromBiaxial(d,0.0260,0.0000,d)linear(0,0,0,88.1404,d)rotate(0.0434)rotateIntoBiaxial(d,4.2629,0.0000,d)nonlinear(d,4.2629,0.0000,2.9769,d)rotateFromBiaxial(d,4.2629,0.0000,d)nonlinear(6,0.0000,0.0000,4.0720,d)rotate(-29.2097)rotateIntoBiaxial(d,0.5982,0.0000,d)nonlinear(d,0.5982,0.0000,42.2125,d)rotateFromBiaxial(d,0.5982,0.0000,d)nonlinear(6,0.0000,0.0000,24.0394,d)linear(0,0,0,186.3702,d)rotate(0.0677)
41814,0,40,27.7073,27.7055,init()rotateIntoBiaxial(d,0.6246,0.0000,d)nonlinear(d,0.6246,0.0000,300.0000,d)rotateFromBiaxial(d,0.6246,0.0000,d)nonlinear(6,0.0000,0.0000,0.3256,d)rotateIntoBiaxial(d,40.4449,0.0000,d)nonlinear(d,40.4449,0.0000,100.0000,d)rotateFromBiaxial(d,40.4449,0.0000,d)rotate(179.9999)rotateIntoBiaxial(d,139.7276,0.0000,d)nonlinear(d,139.7276,0.0000,300.0000,d)rotateFromBiaxial(d,139.7276,0.0000,d)nonlinear(6,0.0000,0.0000,37.4276,d)rotate(-61.1577)rotateIntoBiaxial(d,0.0351,0.0000,d)nonlinear(d,0.0351,0.0000,50.0000,d)rotateFromBiaxial(d,0.0351,0.0000,d)linear(0,0,0,88.5547,d)rotate(0.4114)rotateIntoBiaxial(d,4.6395,0.0000,d)nonlinear(d,4.6395,0.0000,3.4336,d)rotateFromBiaxial(d,4.6395,0.0000,d)nonlinear(6,0.0000,0.0000,5.7548,d)rotate(-29.9124)rotateIntoBiaxial(d,0.6886,0.0000,d)nonlinear(d,0.6886,0.0000,41.7282,d)rotateFromBiaxial(d,0.6886,0.0000,d)nonlinear(6,0.0000,0.0000,23.7886,d)linear(0,0,0,195.0845,d)rotate(-0.0430)
41860,0,40,27.6974,27.7055,init()rotateIntoBiaxial(d,0.6006,0.0000,d)nonlinear(d,0.6006,0.0000,300.0000,d)rotateFromBiaxial(d,0.6006,0.0000,d)nonlinear(6,0.0000,0.0000,0.1806,d)rotateIntoBiaxial(d,40.4419,0.0000,d)nonlinear(d,40.4419,0.0000,100.0000,d)rotateFromBiaxial(d,40.4419,0.0000,d)rotate(179.9995)rotateIntoBiaxial(d,139.7286,0.0000,d)nonlinear(d,139.7286,0.0000,300.0000,d)rotateFromBiaxial(d,139.7286,0.0000,d)nonlinear(6,0.0000,0.0000,38.2466,d)rotate(-61.8204)rotateIntoBiaxial(d,0.0148,0.0000,d)nonlinear(d,0.0148,0.0000,50.0000,d)rotateFromBiaxial(d,0.0148,0.0000,d)linear(0,0,0,90.8942,d)rotate(0.3508)rotateIntoBiaxial(d,4.5649,0.0000,d)nonlinear(d,4.5649,0.0000,4.2764,d)rotateFromBiaxial(d,4.5649,0.0000,d)nonlinear(6,0.0000,0.0000,4.3622,d)linear(0,0,0,2.7615,d)rotate(-29.4527)rotateIntoBiaxial(d,1.1153,0.0000,d)nonlinear(d,1.1153,0.0000,41.6691,d)rotateFromBiaxial(d,1.1153,0.0000,d)nonlinear(6,0.0000,0.0000,23.3288,d)linear(0,0,0,187.7366,d)rotate(0.0821)
41906,0,40,27.7177,27.7055,init()rotateIntoBiaxial(d,0.6276,0.0000,d)nonlinear(d,0.6276,0.0000,300.0000,d)rotateFromBiaxial(d,0.6276,0.0000,d)nonlinear(6,0.0000,0.0000,0.0780,d)rotateIntoBiaxial(d,40.4518,0.0000,d)nonlinear(d,40.4518,0.0000,100.0000,d)rotateFromBiaxial(d,40.4518,0.0000,d)rotate(179.9962)rotateIntoBiaxial(d,139.7264,0.0000,d)nonlinear(d,139.7264,0.0000,300.0000,d)rotateFromBiaxial(d,139.7264,0.0000,d)nonlinear(6,0.0000,0.0000,37.6827,d)rotate(-60.7644)rotateIntoBiaxial(d,0.2407,0.0000,d)nonlinear(d,0.2407,0.0000,50.0000,d)rotateFromBiaxial(d,0.2407,0.0000,d)linear(0,0,0,92.7152,d)rotate(0.1717)rotateIntoBiaxial(d,4.9884,0.0000,d)nonlinear(d,4.9884,0.0000,2.5987,d)rotateFromBiaxial(d,4.9884,0.0000,d)nonlinear(6,0.0000,0.0000,5.6742,d)rotate(-28.0439)rotateIntoBiaxial(d,0.5993,0.0000,d)nonlinear(d,0.5993,0.0000,41.9140,d)rotateFromBiaxial(d,0.5993,0.0000,d)nonlinear(6,0.0000,0.0000,25.7180,d)linear(0,0,0,177.4006,d)rotate(-0.1741)
41952,0,40,27.6891,27.7055,init()rotateIntoBiaxial(d,0.5478,0.0000,d)nonlinear(d,0.5478,0.0000,300.0000,d)rotateFromBiaxial(d,0.5478,0.0000,d)nonlinear(6,0.0000,0.0000,0.0021,d)rotateIntoBiaxial(d,40.4394,0.0000,d)nonlinear(d,40.4394,0.0000,100.0000,d)rotateFromBiaxial(d,40.4394,0.0000,d)rotate(179.9998)rotateIntoBiaxial(d,139.7315,0.0000,d)nonlinear(d,139.7315,0.0000,300.0000,d)rotateFromBiaxial(d,139.7315,0.0000,d)nonlinear(6,0.0000,0.0000,39.0860,d)rotate(-61.3079)rotateIntoBiaxial(d,0.0811,0.0000,d)nonlinear(d,0.0811,0.0000,50.0000,d)rotateFromBiaxial(d,0.0811,0.0000,d)linear(0,0,0,88.2436,d)rotate(0.0349)rotateIntoBiaxial(d,4.5998,0.0000,d)nonlinear(d,4.5998,0.0000,3.0086,d)rotateFromBiaxial(d,4.5998,0.0000,d)nonlinear(6,0.0000,0.0000,4.7986,d)rotate(-31.0024)rotateIntoBiaxial(d,0.4844,0.0000,d)nonlinear(d,0.4844,0.0000,42.1744,d)rotateFromBiaxial(d,0.4844,0.0000,d)nonlinear(6,0.0000,0.0000,24.8232,d)linear(0,0,0,191.3722,d)rotate(-0.0120)
41998,0,40,27.6874,27.7055,init()rotateIntoBiaxial(d,0.5576,0.0000,d)nonlinear(d,0.5576,0.0000,300.0000,d)rotateFromBiaxial(d,0.5576,0.0000,d)nonlinear(6,0.0000,0.0000,0.0040,d)rotateIntoBiaxial(d,40.4401,0.0000,d)nonlinear(d,40.4401,0.0000,100.0000,d)rotateFromBiaxial(d,40.4401,0.0000,d)rotate(180.0000)rotateIntoBiaxial(d,139.7308,0.0000,d)nonlinear(d,139.7308,0.0000,300.0000,d)rotateFromBiaxial(d,139.7308,0.0000,d)nonlinear(6,0.0000,0.0000,38.9619,d)rotate(-62.2231)rotateIntoBiaxial(d,0.2644,0.0000,d)nonlinear(d,0.2644,0.0000,50.0000,d)rotateFromBiaxial(d,0.2644,0.0000,d)linear(0,0,0,97.4950,d)rotate(0.6047)rotateIntoBiaxial(d,4.5378,0.0000,d)nonlinear(d,4.5378,0.0000,2.2543,d)rotateFromBiaxial(d,4.5378,0.0000,d)nonlinear(6,0.0000,0.0000,3.9103,d)rotate(-29.5419)rotateIntoBiaxial(d,0.6062,0.0000,d)nonlinear(d,0.6062,0.0000,42.4358,d)rotateFromBiaxial(d,0.6062,0.0000,d)nonlinear(6,0.0000,0.0000,24.0518,d)linear(0,0,0,191.6480,d)rotate(-0.1448)
42044,0,40,27.6968,27.7055,init()rotateIntoBiaxial(d,0.5794,0.0000,d)nonlinear(d,0.5794,0.0000,300.0000,d)rotateFromBiaxial(d,0.5794,0.0000,d)nonlinear(6,0.0000,0.0000,0.0138,d)rotateIntoBiaxial(d,40.4405,0.0000,d)nonlinear(d,40.4405,0.0000,100.0000,d)rotateFromBiaxial(d,40.4405,0.0000,d)rotate(179.9957)rotateIntoBiaxial(d,139.7291,0.0000,d)nonlinear(d,139.7291,0.0000,300.0000,d)rotateFromBiaxial(d,139.7291,0.0000,d)nonlinear(6,0.0000,0.0000,38.6611,d)rotate(-61.9077)rotateIntoBiaxial(d,0.1066,0.0000,d)nonlinear(d,0.1066,0.0000,50.0000,d)rotateFromBiaxial(d,0.1066,0.0000,d)linear(0,0,0,92.0628,d)rotateIntoBiaxial(d,4.7984,0.0000,d)nonlinear(d,4.7984,0.0000,3.5952,d)rotateFromBiaxial(d,4.7984,0.0000,d)nonlinear(6,0.0000,0.0000,4.7375,d)rotate(-29.3564)rotateIntoBiaxial(d,0.5379,0.0000,d)nonlinear(d,0.5379,0.0000,41.2514,d)rotateFromBiaxial(d,0.5379,0.0000,d)nonlinear(6,0.0000,0.0000,24.8219,d)linear(0,0,0,197.8208,d)rotate(-0.0503)
42090,0,40,27.7018,27.7055,init()rotateIntoBiaxial(d,0.5576,0.0000,d)nonlinear(d,0.5576,0.0000,300.0000,d)rotateFromBiaxial(d,0.5576,0.0000,d)nonlinear(6,0.0000,0.0000,0.3683,d)rotateIntoBiaxial(d,40.4449,0.0000,d)nonlinear(d,40.4449,0.0000,100.0000,d)rotateFromBiaxial(d,40.4449,0.0000,d)rotate(179.9821)rotateIntoBiaxial(d,139.7292,0.0000,d)nonlinear(d,139.7292,0.0000,300.0000,d)rotateFromBiaxial(d,139.7292,0.0000,d)nonlinear(6,0.0000,0.0000,38.9299,d)rotate(-60.1646)rotateIntoBiaxial(d,0.2195,0.0000,d)nonlinear(d,0.2195,0.0000,50.0000,d)rotateFromBiaxial(d,0.2195,0.0000,d)linear(0,0,0,86.8428,d)rotate(0.3849)rotateIntoBiaxial(d,4.6060,0.0000,d)nonlinear(d,4.6060,0.0000,1.5178,d)rotateFromBiaxial(d,4.6060,0.0000,d)nonlinear(6,0.0000,0.0000,5.6631,d)linear(0,0,0,6.8542,d)rotate(-28.6034)rotateIntoBiaxial(d,0.2125,0.0000,d)nonlinear(d,0.2125,0.0000,41.9379,d)rotateFromBiaxial(d,0.2125,0.0000,d)nonlinear(6,0.0000,0.0000,24.9502,d)linear(0,0,0,189.4170,d)rotate(-0.1571)
42136,0,40,27.6983,27.7055,init()rotateIntoBiaxial(d,0.5436,0.0000,d)nonlinear(d,0.5436,0.0000,300.0000,d)rotateFromBiaxial(d,0.5436,0.0000,d)nonlinear(6,0.0000,0.0000,0.0842,d)linear(0,0,0,0.0603,d)rotateIntoBiaxial(d,40.4437,0.0000,d)nonlinear(d,40.4437,0.0000,100.0000,d)rotateFromBiaxial(d,40.4437,0.0000,d)rotate(179.9963)rotateIntoBiaxial(d,139.7289,0.0000,d)nonlinear(d,139.7289,0.0000,300.0000,d)rotateFromBiaxial(d,139.7289,0.0000,d)nonlinear(6,0.0000,0.0000,39.5450,d)rotate(-59.6445)rotateIntoBiaxial(d,0.2241,0.0000,d)nonlinear(d,0.2241,0.0000,50.0000,d)rotateFromBiaxial(d,0.2241,0.0000,d)linear(0,0,0,86.3177,d)rotateIntoBiaxial(d,4.6173,0.0000,d)nonlinear(d,4.6173,0.0000,3.2975,d)rotateFromBiaxial(d,4.6173,0.0000,d)nonlinear(6,0.0000,0.0000,4.3556,d)linear(0,0,0,16.6093,d)rotate(-29.8935)rotateIntoBiaxial(d,0.7794,0.0000,d)nonlinear(d,0.7794,0.0000,42.8119,d)rotateFromBiaxial(d,0.7794,0.0000,d)nonlinear(6,0.0000,0.0000,28.1657,d)linear(0,0,0,217.3761,d)rotate(-0.0525)
42182,0,40,27.6985,27.7055,init()rotateIntoBiaxial(d,0.5989,0.0000,d)nonlinear(d,0.5989,0.0000,300.0000,d)rotateFromBiaxial(d,0.5989,0.0000,d)nonlinear(6,0.0000,0.0000,0.0358,d)rotateIntoBiaxial(d,40.4429,0.0000,d)nonlinear(d,40.4429,0.0000,100.0000,d)rotateFromBiaxial(d,40.4429,0.0000,d)rotate(179.9882)rotateIntoBiaxial(d,139.7308,0.0000,d)nonlinear(d,139.7308,0.0000,300.0000,d)rotateFromBiaxial(d,139.7308,0.0000,d)nonlinear(6,0.0000,0.0000,38.1685,d)rotate(-61.0940)rotateIntoBiaxial(d,0.0410,0.0000,d)nonlinear(d,0.0410,0.0000,50.0000,d)rotateFromBiaxial(d,0.0410,0.0000,d)linear(0,0,0,99.3594,d)rotateIntoBiaxial(d,4.8644,0.0000,d)nonlinear(d,4.8644,0.0000,3.1382,d)rotateFromBiaxial(d,4.8644,0.0000,d)nonlinear(6,0.0000,0.0000,4.8840,d)linear(0,0,0,7.4493,d)rotate(-29.6376)rotateIntoBiaxial(d,0.6654,0.0000,d)nonlinear(d,0.6654,0.0000,41.2670,d)rotateFromBiaxial(d,0.6654,0.0000,d)nonlinear(6,0.0000,0.0000,26.2655,d)linear(0,0,0,168.3556,d)rotate(-0.1049)
42228,0,40,27.7130,27.7055,init()rotateIntoBiaxial(d,0.5699,0.0000,d)nonlinear(d,0.5699,0.0000,300.0000,d)rotateFromBiaxial(d,0.5699,0.0000,d)nonlinear(6,0.0000,0.0000,0.1281,d)rotateIntoBiaxial(d,40.4482,0.0000,d)nonlinear(d,40.4482,0.0000,100.0000,d)rotateFromBiaxial(d,40.4482,0.0000,d)rotate(179.9999)rotateIntoBiaxial(d,139.7275,0.0000,d)nonlinear(d,139.7275,0.0000,300.0000,d)rotateFromBiaxial(d,139.7275,0.0000,d)nonlinear(6,0.0000,0.0000,38.4034,d)rotate(-61.4981)rotateIntoBiaxial(d,0.0175,0.0000,d)nonlinear(d,0.0175,0.0000,50.0000,d)rotateFromBiaxial(d,0.0175,0.0000,d)linear(0,0,0,104.9632,d)rotateIntoBiaxial(d,4.6614,0.0000,d)nonlinear(d,4.6614,0.0000,2.2843,d)rotateFromBiaxial(d,4.6614,0.0000,d)nonlinear(6,0.0000,0.0000,5.5509,d)linear(0,0,0,15.0372,d)rotate(-29.4995)rotateIntoBiaxial(d,0.5101,0.0000,d)nonlinear(d,0.5101,0.0000,42.9877,d)rotateFromBiaxial(d,0.5101,0.0000,d)nonlinear(6,0.0000,0.0000,26.4117,d)linear(0,0,0,192.6594,d)rotate(-0.0350)
42274,0,40,27.7044,27.7055,init()rotateIntoBiaxial(d,0.5487,0.0000,d)nonlinear(d,0.5487,0.0000,300.0000,d)rotateFromBiaxial(d,0.5487,0.0000,d)nonlinear(6,0.0000,0.0000,0.1260,d)rotateIntoBiaxial(d,40.4451,0.0000,d)nonlinear(d,40.4451,0.0000,100.0000,d)rotateFromBiaxial(d,40.4451,0.0000,d)rotate(179.9836)rotateIntoBiaxial(d,139.7292,0.0000,d)nonlinear(d,139.7292,0.0000,300.0000,d)rotateFromBiaxial(d,139.7292,0.0000,d)nonlinear(6,0.0000,0.0000,38.0552,d)rotate(-60.4177)rotateIntoBiaxial(d,0.0075,0.0000,d)nonlinear(d,0.0075,0.0000,50.0000,d)rotateFromBiaxial(d,0.0075,0.0000,d)linear(0,0,0,100.8343,d)rotateIntoBiaxial(d,4.5349,0.0000,d)nonlinear(d,4.5349,0.0000,4.0781,d)rotateFromBiaxial(d,4.5349,0.0000,d)nonlinear(6,0.0000,0.0000,5.0499,d)linear(0,0,0,14.1749,d)rotate(-30.4825)rotateIntoBiaxial(d,0.2559,0.0000,d)nonlinear(d,0.2559,0.0000,41.3709,d)rotateFromBiaxial(d,0.2559,0.0000,d)nonlinear(6,0.0000,0.0000,26.4315,d)linear(0,0,0,189.1715,d)rotate(-0.0915)
42320,0,40,27.7146,27.7146,init()rotateIntoBiaxial(d,0.5927,0.0000,d)nonlinear(d,0.5927,0.0000,300.0000,d)rotateFromBiaxial(d,0.5927,0.0000,d)nonlinear(6,0.0000,0.0000,0.1623,d)rotateIntoBiaxial(d,40.4484,0.0000,d)nonlinear(d,40.4484,0.0000,100.0000,d)rotateFromBiaxial(d,40.4484,0.0000,d)rotate(179.9968)rotateIntoBiaxial(d,139.7275,0.0000,d)nonlinear(d,139.7275,0.0000,300.0000,d)rotateFromBiaxial(d,139.7275,0.0000,d)nonlinear(6,0.0000,0.0000,37.3755,d)rotate(-61.2874)rotateIntoBiaxial(d,0.0126,0.0000,d)nonlinear(d,0.0126,0.0000,50.0000,d)rotateFromBiaxial(d,0.0126,0.0000,d)linear(0,0,0,99.8875,d)rotate(0.0891)rotateIntoBiaxial(d,4.3439,0.0000,d)nonlinear(d,4.3439,0.0000,2.9469,d)rotateFromBiaxial(d,4.3439,0.0000,d)nonlinear(6,0.0000,0.0000,4.4374,d)linear(0,0,0,19.1037,d)rotate(-30.9758)rotateIntoBiaxial(d,0.3474,0.0000,d)nonlinear(d,0.3474,0.0000,40.8497,d)rotateFromBiaxial(d,0.3474,0.0000,d)nonlinear(6,0.0000,0.0000,24.7648,d)linear(0,0,0,173.2282,d)rotate(-0.0689)
42366,0,40,27.7119,27.7119,init()rotateIntoBiaxial(d,0.6276,0.0000,d)nonlinear(d,0.6276,0.0000,300.0000,d)rotateFromBiaxial(d,0.6276,0.0000,d)nonlinear(6,0.0000,0.0000,0.2158,d)rotateIntoBiaxial(d,40.4464,0.0000,d)nonlinear(d,40.4464,0.0000,100.0000,d)rotateFromBiaxial(d,40.4464,0.0000,d)rotate(179.9960)rotateIntoBiaxial(d,139.7281,0.0000,d)nonlinear(d,139.7281,0.0000,300.0000,d)rotateFromBiaxial(d,139.7281,0.0000,d)nonlinear(6,0.0000,0.0000,37.7561,d)rotate(-60.8073)rotateIntoBiaxial(d,0.0122,0.0000,d)nonlinear(d,0.0122,0.0000,50.0000,d)rotateFromBiaxial(d,0.0122,0.0000,d)linear(0,0,0,97.8267,d)rotateIntoBiaxial(d,4.3213,0.0000,d)nonlinear(d,4.3213,0.0000,2.3717,d)rotateFromBiaxial(d,4.3213,0.0000,d)nonlinear(6,0.0000,0.0000,4.9862,d)linear(0,0,0,13.6326,d)rotate(-31.5515)rotateIntoBiaxial(d,0.0985,0.0000,d)nonlinear(d,0.0985,0.0000,41.9240,d)rotateFromBiaxial(d,0.0985,0.0000,d)nonlinear(6,0.0000,0.0000,26.1302,d)linear(0,0,0,195.5249,d)rotate(-0.0513)
42412,0,40,27.6969,27.7119,init()rotateIntoBiaxial(d,0.6044,0.0000,d)nonlinear(d,0.6044,0.0000,300.0000,d)rotateFromBiaxial(d,0.6044,0.0000,d)nonlinear(6,0.0000,0.0000,0.1639,d)rotateIntoBiaxial(d,40.4421,0.0000,d)nonlinear(d,40.4421,0.0000,100.0000,d)rotateFromBiaxial(d,40.4421,0.0000,d)rotate(179.9990)rotateIntoBiaxial(d,139.7310,0.0000,d)nonlinear(d,139.7310,0.0000,300.0000,d)rotateFromBiaxial(d,139.7310,0.0000,d)nonlinear(6,0.0000,0.0000,38.0961,d)rotate(-61.5256)rotateIntoBiaxial(d,0.0356,0.0000,d)nonlinear(d,0.0356,0.0000,50.0000,d)rotateFromBiaxial(d,0.0356,0.0000,d)linear(0,0,0,97.3051,d)rotate(0.2450)rotateIntoBiaxial(d,4.3301,0.0000,d)nonlinear(d,4.3301,0.0000,3.4643,d)rotateFromBiaxial(d,4.3301,0.0000,d)nonlinear(6,0.0000,0.0000,5.7520,d)linear(0,0,0,12.9507,d)rotate(-30.5206)rotateIntoBiaxial(d,0.0103,0.0000,d)nonlinear(d,0.0103,0.0000,41.5664,d)rotateFromBiaxial(d,0.0103,0.0000,d)nonlinear(6,0.0000,0.0000,24.1943,d)linear(0,0,0,191.3385,d)rotate(-0.0143)
42458,0,40,27.7023,27.7119,init()rotateIntoBiaxial(d,0.5655,0.0000,d)nonlinear(d,0.5655,0.0000,300.0000,d)rotateFromBiaxial(d,0.5655,0.0000,d)nonlinear(6,0.0000,0.0000,0.0174,d)rotateIntoBiaxial(d,40.4441,0.0000,d)nonlinear(d,40.4441,0.0000,100.0000,d)rotateFromBiaxial(d,40.4441,0.0000,d)rotate(180.0000)rotateIntoBiaxial(d,139.7296,0.0000,d)nonlinear(d,139.7296,0.0000,300.0000,d)rotateFromBiaxial(d,139.7296,0.0000,d)nonlinear(6,0.0000,0.0000,36.9688,d)rotate(-61.2893)rotateIntoBiaxial(d,0.0142,0.0000,d)nonlinear(d,0.0142,0.0000,50.0000,d)rotateFromBiaxial(d,0.0142,0.0000,d)linear(0,0,0,94.2862,d)rotateIntoBiaxial(d,4.0787,0.0000,d)nonlinear(d,4.0787,0.0000,2.9967,d)rotateFromBiaxial(d,4.0787,0.0000,d)nonlinear(6,0.0000,0.0000,5.1994,d)linear(0,0,0,34.4417,d)rotate(-30.5461)rotateIntoBiaxial(d,0.4585,0.0000,d)nonlinear(d,0.4585,0.0000,41.9633,d)rotateFromBiaxial(d,0.4585,0.0000,d)nonlinear(6,0.0000,0.0000,25.6562,d)linear(0,0,0,187.0441,d)rotate(-0.0372)
42504,0,40,27.6981,27.7119,init()rotateIntoBiaxial(d,0.5369,0.0000,d)nonlinear(d,0.5369,0.0000,300.0000,d)rotateFromBiaxial(d,0.5369,0.0000,d)nonlinear(6,0.0000,0.0000,0.1400,d)rotateIntoBiaxial(d,40.4420,0.0000,d)nonlinear(d,40.4420,0.0000,100.0000,d)rotateFromBiaxial(d,40.4420,0.0000,d)rotate(179.9804)rotateIntoBiaxial(d,139.7299,0.0000,d)nonlinear(d,139.7299,0.0000,300.0000,d)rotateFromBiaxial(d,139.7299,0.0000,d)nonlinear(6,0.0000,0.0000,38.6118,d)rotate(-60.6663)rotateIntoBiaxial(d,0.1726,0.0000,d)nonlinear(d,0.1726,0.0000,50.0000,d)rotateFromBiaxial(d,0.1726,0.0000,d)linear(0,0,0,95.4052,d)rotateIntoBiaxial(d,3.9941,0.0000,d)nonlinear(d,3.9941,0.0000,2.1352,d)rotateFromBiaxial(d,3.9941,0.0000,d)nonlinear(6,0.0000,0.0000,4.0445,d)linear(0,0,0,31.2454,d)rotate(-30.1375)rotateIntoBiaxial(d,0.2543,0.0000,d)nonlinear(d,0.2543,0.0000,42.1265,d)rotateFromBiaxial(d,0.2543,0.0000,d)nonlinear(6,0.0000,0.0000,24.9720,d)linear(0,0,0,183.8454,d)rotate(-0.0459)
42550,0,40,27.7047,27.7119,init()rotateIntoBiaxial(d,0.6350,0.0000,d)nonlinear(d,0.6350,0.0000,300.0000,d)rotateFromBiaxial(d,0.6350,0.0000,d)nonlinear(6,0.0000,0.0000,0.3797,d)rotateIntoBiaxial(d,40.4447,0.0000,d)nonlinear(d,40.4447,0.0000,100.0000,d)rotateFromBiaxial(d,40.4447,0.0000,d)rotate(179.9996)rotateIntoBiaxial(d,139.7293,0.0000,d)nonlinear(d,139.7293,0.0000,300.0000,d)rotateFromBiaxial(d,139.7293,0.0000,d)nonlinear(6,0.0000,0.0000,37.6379,d)rotate(-61.6819)rotateIntoBiaxial(d,0.0447,0.0000,d)nonlinear(d,0.0447,0.0000,50.0000,d)rotateFromBiaxial(d,0.0447,0.0000,d)linear(0,0,0,88.7742,d)rotate(0.2830)rotateIntoBiaxial(d,4.5078,0.0000,d)nonlinear(d,4.5078,0.0000,3.4400,d)rotateFromBiaxial(d,4.5078,0.0000,d)nonlinear(6,0.0000,0.0000,5.0596,d)linear(0,0,0,15.4545,d)rotate(-28.4632)rotateIntoBiaxial(d,0.0236,0.0000,d)nonlinear(d,0.0236,0.0000,41.9146,d)rotateFromBiaxial(d,0.0236,0.0000,d)nonlinear(6,0.0000,0.0000,23.3682,d)linear(0,0,0,176.2783,d)rotate(0.0147)
42596,0,40,27.7111,27.7119,init()rotateIntoBiaxial(d,0.5510,0.0000,d)nonlinear(d,0.5510,0.0000,300.0000,d)rotateFromBiaxial(d,0.5510,0.0000,d)nonlinear(6,0.0000,0.0000,0.0042,d)rotateIntoBiaxial(d,40.4466,0.0000,d)nonlinear(d,40.4466,0.0000,100.0000,d)rotateFromBiaxial(d,40.4466,0.0000,d)rotate(179.9823)rotateIntoBiaxial(d,139.7277,0.0000,d)nonlinear(d,139.7277,0.0000,300.0000,d)rotateFromBiaxial(d,139.7277,0.0000,d)nonlinear(6,0.0000,0.0000,37.6767,d)rotate(-60.8100)rotateIntoBiaxial(d,0.0276,0.0000,d)nonlinear(d,0.0276,0.0000,50.0000,d)rotateFromBiaxial(d,0.0276,0.0000,d)linear(0,0,0,97.0109,d)rotate(0.7296)rotateIntoBiaxial(d,4.5052,0.0000,d)nonlinear(d,4.5052,0.0000,3.0830,d)rotateFromBiaxial(d,4.5052,0.0000,d)nonlinear(6,0.0000,0.0000,5.1080,d)linear(0,0,0,16.4342,d)rotate(-29.6002)rotateIntoBiaxial(d,0.2944,0.0000,d)nonlinear(d,0.2944,0.0000,41.9259,d)rotateFromBiaxial(d,0.2944,0.0000,d)nonlinear(6,0.0000,0.0000,23.0649,d)linear(0,0,0,181.8419,d)rotate(0.0345)
42642,0,40,27.7166,27.7119,init()rotateIntoBiaxial(d,0.6405,0.0000,d)nonlinear(d,0.6405,0.0000,300.0000,d)rotateFromBiaxial(d,0.6405,0.0000,d)nonlinear(6,0.0000,0.0000,0.0843,d)rotateIntoBiaxial(d,40.4483,0.0000,d)nonlinear(d,40.4483,0.0000,100.0000,d)rotateFromBiaxial(d,40.4483,0.0000,d)rotate(180.0000)rotateIntoBiaxial(d,139.7270,0.0000,d)nonlinear(d,139.7270,0.0000,300.0000,d)rotateFromBiaxial(d,139.7270,0.0000,d)nonlinear(6,0.0000,0.0000,38.7751,d)rotate(-61.1555)rotateIntoBiaxial(d,0.0559,0.0000,d)nonlinear(d,0.0559,0.0000,50.0000,d)rotateFromBiaxial(d,0.0559,0.0000,d)linear(0,0,0,91.8787,d)rotateIntoBiaxial(d,3.7351,0.0000,d)nonlinear(d,3.7351,0.0000,2.2585,d)rotateFromBiaxial(d,3.7351,0.0000,d)nonlinear(6,0.0000,0.0000,4.8869,d)linear(0,0,0,37.9642,d)rotate(-30.4567)rotateIntoBiaxial(d,0.0826,0.0000,d)nonlinear(d,0.0826,0.0000,42.5254,d)rotateFromBiaxial(d,0.0826,0.0000,d)nonlinear(6,0.0000,0.0000,24.8450,d)linear(0,0,0,199.7557,d)rotate(-0.0700)
42688,0,40,27.6915,27.7119,init()rotateIntoBiaxial(d,0.5201,0.0000,d)nonlinear(d,0.5201,0.0000,300.0000,d)rotateFromBiaxial(d,0.5201,0.0000,d)nonlinear(6,0.0000,0.0000,0.0863,d)rotateIntoBiaxial(d,40.4400,0.0000,d)nonlinear(d,40.4400,0.0000,100.0000,d)rotateFromBiaxial(d,40.4400,0.0000,d)rotate(179.9928)rotateIntoBiaxial(d,139.7308,0.0000,d)nonlinear(d,139.7308,0.0000,300.0000,d)rotateFromBiaxial(d,139.7308,0.0000,d)nonlinear(6,0.0000,0.0000,38.8459,d)rotate(-60.3945)rotateIntoBiaxial(d,0.0472,0.0000,d)nonlinear(d,0.0472,0.0000,50.0000,d)rotateFromBiaxial(d,0.0472,0.0000,d)linear(0,0,0,93.7123,d)rotateIntoBiaxial(d,4.2946,0.0000,d)nonlinear(d,4.2946,0.0000,3.6141,d)rotateFromBiaxial(d,4.2946,0.0000,d)nonlinear(6,0.0000,0.0000,4.6641,d)linear(0,0,0,25.3607,d)rotate(-29.4595)rotateIntoBiaxial(d,0.4039,0.0000,d)nonlinear(d,0.4039,0.0000,42.6144,d)rotateFromBiaxial(d,0.4039,0.0000,d)nonlinear(6,0.0000,0.0000,26.1210,d)linear(0,0,0,189.4210,d)rotate(0.0322)
42734,0,40,27.7149,27.7119,init()rotateIntoBiaxial(d,0.5889,0.0000,d)nonlinear(d,0.5889,0.0000,300.0000,d)rotateFromBiaxial(d,0.5889,0.0000,d)nonlinear(6,0.0000,0.0000,0.1539,d)rotateIntoBiaxial(d,40.4463,0.0000,d)nonlinear(d,40.4463,0.0000,100.0000,d)rotateFromBiaxial(d,40.4463,0.0000,d)rotate(179.9958)rotateIntoBiaxial(d,139.7274,0.0000,d)nonlinear(d,139.7274,0.0000,300.0000,d)rotateFromBiaxial(d,139.7274,0.0000,d)nonlinear(6,0.0000,0.0000,38.4664,d)rotate(-60.3165)rotateIntoBiaxial(d,0.0108,0.0000,d)nonlinear(d,0.0108,0.0000,50.0000,d)rotateFromBiaxial(d,0.0108,0.0000,d)linear(0,0,0,96.6833,d)rotateIntoBiaxial(d,4.1170,0.0000,d)nonlinear(d,4.1170,0.0000,2.7277,d)rotateFromBiaxial(d,4.1170,0.0000,d)nonlinear(6,0.0000,0.0000,4.2923,d)linear(0,0,0,17.9701,d)rotate(-29.8769)rotateIntoBiaxial(d,0.0455,0.0000,d)nonlinear(d,0.0455,0.0000,41.5077,d)rotateFromBiaxial(d,0.0455,0.0000,d)nonlinear(6,0.0000,0.0000,25.7505,d)linear(0,0,0,195.9470,d)rotate(-0.1004)
42780,0,40,27.7111,27.7111,init()rotateIntoBiaxial(d,0.5492,0.0000,d)nonlinear(d,0.5492,0.0000,300.0000,d)rotateFromBiaxial(d,0.5492,0.0000,d)nonlinear(6,0.0000,0.0000,0.1083,d)rotateIntoBiaxial(d,40.4466,0.0000,d)nonlinear(d,40.4466,0.0000,100.0000,d)rotateFromBiaxial(d,40.4466,0.0000,d)rotate(179.9771)rotateIntoBiaxial(d,139.7280,0.0000,d)nonlinear(d,139.7280,0.0000,300.0000,d)rotateFromBiaxial(d,139.7280,0.0000,d)nonlinear(6,0.0000,0.0000,37.8370,d)rotate(-60.3524)rotateIntoBiaxial(d,0.0056,0.0000,d)nonlinear(d,0.0056,0.0000,50.0000,d)rotateFromBiaxial(d,0.0056,0.0000,d)linear(0,0,0,104.4582,d)rotate(0.3479)rotateIntoBiaxial(d,4.0544,0.0000,d)nonlinear(d,4.0544,0.0000,2.5858,d)rotateFromBiaxial(d,4.0544,0.0000,d)nonlinear(6,0.0000,0.0000,4.7711,d)linear(0,0,0,27.2125,d)rotate(-29.3166)rotateIntoBiaxial(d,0.1607,0.0000,d)nonlinear(d,0.1607,0.0000,42.6067,d)rotateFromBiaxial(d,0.1607,0.0000,d)nonlinear(6,0.0000,0.0000,26.1715,d)linear(0,0,0,183.2372,d)rotate(-0.0665)
42826,0,40,27.7034,27.7111,init()rotateIntoBiaxial(d,0.6129,0.0000,d)nonlinear(d,0.6129,0.0000,300.0000,d)rotateFromBiaxial(d,0.6129,0.0000,d)nonlinear(6,0.0000,0.0000,0.1511,d)linear(0,0,0,0.0062,d)rotateIntoBiaxial(d,40.4427,0.0000,d)nonlinear(d,40.4427,0.0000,100.0000,d)rotateFromBiaxial(d,40.4427,0.0000,d)rotate(179.9854)rotateIntoBiaxial(d,139.7295,0.0000,d)nonlinear(d,139.7295,0.0000,300.0000,d)rotateFromBiaxial(d,139.7295,0.0000,d)nonlinear(6,0.0000,0.0000,38.3386,d)rotate(-60.6229)rotateIntoBiaxial(d,0.0000,0.0000,d)nonlinear(d,0.0000,0.0000,50.0000,d)rotateFromBiaxial(d,0.0000,0.0000,d)linear(0,0,0,89.1337,d)rotateIntoBiaxial(d,3.9466,0.0000,d)nonlinear(d,3.9466,0.0000,2.9488,d)rotateFromBiaxial(d,3.9466,0.0000,d)nonlinear(6,0.0000,0.0000,5.0737,d)linear(0,0,0,23.4351,d)rotate(-29.7351)rotateIntoBiaxial(d,0.2643,0.0000,d)nonlinear(d,0.2643,0.0000,42.5720,d)rotateFromBiaxial(d,0.2643,0.0000,d)nonlinear(6,0.0000,0.0000,25.4209,d)linear(0,0,0,207.9174,d)rotate(-0.0199)
42872,0,40,27.6995,27.7111,init()rotateIntoBiaxial(d,0.5266,0.0000,d)nonlinear(d,0.5266,0.0000,300.0000,d)rotateFromBiaxial(d,0.5266,0.0000,d)nonlinear(6,0.0000,0.0000,0.1273,d)rotateIntoBiaxial(d,40.4406,0.0000,d)nonlinear(d,40.4406,0.0000,100.0000,d)rotateFromBiaxial(d,40.4406,0.0000,d)rotate(179.9923)rotateIntoBiaxial(d,139.7297,0.0000,d)nonlinear(d,139.7297,0.0000,300.0000,d)rotateFromBiaxial(d,139.7297,0.0000,d)nonlinear(6,0.0000,0.0000,37.7808,d)rotate(-59.7901)rotateIntoBiaxial(d,0.0327,0.0000,d)nonlinear(d,0.0327,0.0000,50.0000,d)rotateFromBiaxial(d,0.0327,0.0000,d)linear(0,0,0,92.8303,d)rotateIntoBiaxial(d,4.0343,0.0000,d)nonlinear(d,4.0343,0.0000,3.2561,d)rotateFromBiaxial(d,4.0343,0.0000,d)nonlinear(6,0.0000,0.0000,3.7721,d)linear(0,0,0,34.5118,d)rotate(-30.5451)rotateIntoBiaxial(d,0.1058,0.0000,d)nonlinear(d,0.1058,0.0000,41.8711,d)rotateFromBiaxial(d,0.1058,0.0000,d)nonlinear(6,0.0000,0.0000,25.0285,d)linear(0,0,0,199.0972,d)rotate(-0.0604)
42918,0,40,27.7075,27.7111,init()rotateIntoBiaxial(d,0.6050,0.0000,d)nonlinear(d,0.6050,0.0000,300.0000,d)rotateFromBiaxial(d,0.6050,0.0000,d)nonlinear(6,0.0000,0.0000,0.0001,d)rotateIntoBiaxial(d,40.4431,0.0000,d)nonlinear(d,40.4431,0.0000,100.0000,d)rotateFromBiaxial(d,40.4431,0.0000,d)rotate(179.9925)rotateIntoBiaxial(d,139.7283,0.0000,d)nonlinear(d,139.7283,0.0000,300.0000,d)rotateFromBiaxial(d,139.7283,0.0000,d)nonlinear(6,0.0000,0.0000,37.9305,d)rotate(-59.4397)rotateIntoBiaxial(d,0.0889,0.0000,d)nonlinear(d,0.0889,0.0000,50.0000,d)rotateFromBiaxial(d,0.0889,0.0000,d)linear(0,0,0,91.4621,d)rotateIntoBiaxial(d,4.2198,0.0000,d)nonlinear(d,4.2198,0.0000,2.5747,d)rotateFromBiaxial(d,4.2198,0.0000,d)nonlinear(6,0.0000,0.0000,4.6419,d)linear(0,0,0,16.8740,d)rotate(-29.5758)rotateIntoBiaxial(d,0.0031,0.0000,d)nonlinear(d,0.0031,0.0000,40.9893,d)rotateFromBiaxial(d,0.0031,0.0000,d)nonlinear(6,0.0000,0.0000,25.2211,d)linear(0,0,0,187.7460,d)rotate(-0.0894)
42964,0,40,27.7118,27.7111,init()rotateIntoBiaxial(d,0.5808,0.0000,d)nonlinear(d,0.5808,0.0000,300.0000,d)rotateFromBiaxial(d,0.5808,0.0000,d)nonlinear(6,0.0000,0.0000,0.0142,d)rotateIntoBiaxial(d,40.4474,0.0000,d)nonlinear(d,40.4474,0.0000,100.0000,d)rotateFromBiaxial(d,40.4474,0.0000,d)rotate(179.9867)rotateIntoBiaxial(d,139.7284,0.0000,d)nonlinear(d,139.7284,0.0000,300.0000,d)rotateFromBiaxial(d,139.7284,0.0000,d)nonlinear(6,0.0000,0.0000,38.7165,d)rotate(-58.4915)rotateIntoBiaxial(d,0.0016,0.0000,d)nonlinear(d,0.0016,0.0000,50.0000,d)rotateFromBiaxial(d,0.0016,0.0000,d)linear(0,0,0,86.9286,d)rotate(0.6280)rotateIntoBiaxial(d,4.3274,0.0000,d)nonlinear(d,4.3274,0.0000,4.0247,d)rotateFromBiaxial(d,4.3274,0.0000,d)nonlinear(6,0.0000,0.0000,3.9848,d)linear(0,0,0,10.0695,d)rotate(-31.5552)rotateIntoBiaxial(d,0.2419,0.0000,d)nonlinear(d,0.2419,0.0000,42.6105,d)rotateFromBiaxial(d,0.2419,0.0000,d)nonlinear(6,0.0000,0.0000,25.0756,d)linear(0,0,0,193.4649,d)rotate(-0.1446)
43010,0,40,27.7051,27.7051,init()rotateIntoBiaxial(d,0.5936,0.0000,d)nonlinear(d,0.5936,0.0000,300.0000,d)rotateFromBiaxial(d,0.5936,0.0000,d)nonlinear(6,0.0000,0.0000,0.0060,d)rotateIntoBiaxial(d,40.4434,0.0000,d)nonlinear(d,40.4434,0.0000,100.0000,d)rotateFromBiaxial(d,40.4434,0.0000,d)rotate(179.9979)rotateIntoBiaxial(d,139.7291,0.0000,d)nonlinear(d,139.7291,0.0000,300.0000,d)rotateFromBiaxial(d,139.7291,0.0000,d)nonlinear(6,0.0000,0.0000,38.3726,d)rotate(-60.1786)rotateIntoBiaxial(d,0.0002,0.0000,d)nonlinear(d,0.0002,0.0000,50.0000,d)rotateFromBiaxial(d,0.0002,0.0000,d)linear(0,0,0,92.6098,d)rotate(0.5379)rotateIntoBiaxial(d,4.4170,0.0000,d)nonlinear(d,4.4170,0.0000,3.0229,d)rotateFromBiaxial(d,4.4170,0.0000,d)nonlinear(6,0.0000,0.0000,4.1062,d)linear(0,0,0,36.0326,d)rotate(-27.8971)rotateIntoBiaxial(d,0.1289,0.0000,d)nonlinear(d,0.1289,0.0000,42.3808,d)rotateFromBiaxial(d,0.1289,0.0000,d)nonlinear(6,0.0000,0.0000,24.6010,d)linear(0,0,0,193.1468,d)rotate(-0.0510)
43056,0,40,27.6988,27.7051,init()rotateIntoBiaxial(d,0.5931,0.0000,d)nonlinear(d,0.5931,0.0000,300.0000,d)rotateFromBiaxial(d,0.5931,0.0000,d)nonlinear(6,0.0000,0.0000,0.2239,d)rotateIntoBiaxial(d,40.4395,0.0000,d)nonlinear(d,40.4395,0.0000,100.0000,d)rotateFromBiaxial(d,40.4395,0.0000,d)rotate(179.9951)rotateIntoBiaxial(d,139.7299,0.0000,d)nonlinear(d,139.7299,0.0000,300.0000,d)rotateFromBiaxial(d,139.7299,0.0000,d)nonlinear(6,0.0000,0.0000,37.6241,d)rotate(-59.7050)rotateIntoBiaxial(d,0.0070,0.0000,d)nonlinear(d,0.0070,0.0000,50.0000,d)rotateFromBiaxial(d,0.0070,0.0000,d)linear(0,0,0,83.8607,d)rotate(0.0198)rotateIntoBiaxial(d,3.9533,0.0000,d)nonlinear(d,3.9533,0.0000,3.5643,d)rotateFromBiaxial(d,3.9533,0.0000,d)nonlinear(6,0.0000,0.0000,4.8725,d)linear(0,0,0,33.7001,d)rotate(-31.2889)rotateIntoBiaxial(d,0.1508,0.0000,d)nonlinear(d,0.1508,0.0000,42.0058,d)rotateFromBiaxial(d,0.1508,0.0000,d)nonlinear(6,0.0000,0.0000,25.4310,d)linear(0,0,0,195.4602,d)rotate(-0.0638)
43102,0,40,27.7036,27.7051,init()rotateIntoBiaxial(d,0.5325,0.0000,d)nonlinear(d,0.5325,0.0000,300.0000,d)rotateFromBiaxial(d,0.5325,0.0000,d)nonlinear(6,0.0000,0.0000,0.0109,d)rotateIntoBiaxial(d,40.4437,0.0000,d)nonlinear(d,40.4437,0.0000,100.0000,d)rotateFromBiaxial(d,40.4437,0.0000,d)rotate(180.0000)rotateIntoBiaxial(d,139.7290,0.0000,d)nonlinear(d,139.7290,0.0000,300.0000,d)rotateFromBiaxial(d,139.7290,0.0000,d)nonlinear(6,0.0000,0.0000,38.3897,d)rotate(-60.7926)rotateIntoBiaxial(d,0.1931,0.0000,d)nonlinear(d,0.1931,0.0000,50.0000,d)rotateFromBiaxial(d,0.1931,0.0000,d)linear(0,0,0,89.5902,d)rotateIntoBiaxial(d,4.6331,0.0000,d)nonlinear(d,4.6331,0.0000,3.4721,d)rotateFromBiaxial(d,4.6331,0.0000,d)nonlinear(6,0.0000,0.0000,5.2021,d)linear(0,0,0,20.7250,d)rotate(-29.8457)rotateIntoBiaxial(d,0.0024,0.0000,d)nonlinear(d,0.0024,0.0000,40.9813,d)rotateFromBiaxial(d,0.0024,0.0000,d)nonlinear(6,0.0000,0.0000,26.0128,d)linear(0,0,0,197.7466,d)rotate(-0.0843)
43148,0,40,27.7099,27.7051,init()rotateIntoBiaxial(d,0.5505,0.0000,d)nonlinear(d,0.5505,0.0000,300.0000,d)rotateFromBiaxial(d,0.5505,0.0000,d)nonlinear(6,0.0000,0.0000,0.0991,d)rotateIntoBiaxial(d,40.4464,0.0000,d)nonlinear(d,40.4464,0.0000,100.0000,d)rotateFromBiaxial(d,40.4464,0.0000,d)rotate(179.9861)rotateIntoBiaxial(d,139.7287,0.0000,d)nonlinear(d,139.7287,0.0000,300.0000,d)rotateFromBiaxial(d,139.7287,0.0000,d)nonlinear(6,0.0000,0.0000,38.4317,d)rotate(-60.1123)rotateIntoBiaxial(d,0.0171,0.0000,d)nonlinear(d,0.0171,0.0000,50.0000,d)rotateFromBiaxial(d,0.0171,0.0000,d)linear(0,0,0,91.0864,d)rotateIntoBiaxial(d,4.0417,0.0000,d)nonlinear(d,4.0417,0.0000,2.5029,d)rotateFromBiaxial(d,4.0417,0.0000,d)nonlinear(6,0.0000,0.0000,4.6399,d)linear(0,0,0,19.4720,d)rotate(-29.1938)rotateIntoBiaxial(d,0.1112,0.0000,d)nonlinear(d,0.1112,0.0000,42.7277,d)rotateFromBiaxial(d,0.1112,0.0000,d)nonlinear(6,0.0000,0.0000,26.9183,d)linear(0,0,0,192.7915,d)rotate(-0.0399)
43194,0,40,27.7077,27.7051,init()rotateIntoBiaxial(d,0.6241,0.0000,d)nonlinear(d,0.6241,0.0000,300.0000,d)rotateFromBiaxial(d,0.6241,0.0000,d)nonlinear(6,0.0000,0.0000,0.1538,d)rotateIntoBiaxial(d,40.4453,0.0000,d)nonlinear(d,40.4453,0.0000,100.0000,d)rotateFromBiaxial(d,40.4453,0.0000,d)rotate(179.9992)rotateIntoBiaxial(d,139.7292,0.0000,d)nonlinear(d,139.7292,0.0000,300.0000,d)rotateFromBiaxial(d,139.7292,0.0000,d)nonlinear(6,0.0000,0.0000,38.2219,d)rotate(-59.7113)rotateIntoBiaxial(d,0.0000,0.0000,d)nonlinear(d,0.0000,0.0000,50.0000,d)rotateFromBiaxial(d,0.0000,0.0000,d)linear(0,0,0,90.0595,d)rotate(0.2544)rotateIntoBiaxial(d,4.0975,0.0000,d)nonlinear(d,4.0975,0.0000,3.8755,d)rotateFromBiaxial(d,4.0975,0.0000,d)nonlinear(6,0.0000,0.0000,4.5075,d)linear(0,0,0,27.9676,d)rotate(-29.5605)rotateIntoBiaxial(d,0.0405,0.0000,d)nonlinear(d,0.0405,0.0000,42.2196,d)rotateFromBiaxial(d,0.0405,0.0000,d)nonlinear(6,0.0000,0.0000,26.5101,d)linear(0,0,0,195.6072,d)rotate(-0.1057)
43240,0,40,27.7035,27.7051,init()rotateIntoBiaxial(d,0.6021,0.0000,d)nonlinear(d,0.6021,0.0000,300.0000,d)rotateFromBiaxial(d,0.6021,0.0000,d)nonlinear(6,0.0000,0.0000,0.2438,d)rotateIntoBiaxial(d,40.4435,0.0000,d)nonlinear(d,40.4435,0.0000,100.0000,d)rotateFromBiaxial(d,40.4435,0.0000,d)rotate(179.9983)rotateIntoBiaxial(d,139.7298,0.0000,d)nonlinear(d,139.7298,0.0000,300.0000,d)rotateFromBiaxial(d,139.7298,0.0000,d)nonlinear(6,0.0000,0.0000,39.3012,d)rotate(-60.2275)rotateIntoBiaxial(d,0.0315,0.0000,d)nonlinear(d,0.0315,0.0000,50.0000,d)rotateFromBiaxial(d,0.0315,0.0000,d)linear(0,0,0,89.1947,d)rotateIntoBiaxial(d,4.0262,0.0000,d)nonlinear(d,4.0262,0.0000,2.8677,d)rotateFromBiaxial(d,4.0262,0.0000,d)nonlinear(6,0.0000,0.0000,4.4810,d)linear(0,0,0,30.1955,d)rotate(-30.7934)rotateIntoBiaxial(d,0.1889,0.0000,d)nonlinear(d,0.1889,0.0000,42.2297,d)rotateFromBiaxial(d,0.1889,0.0000,d)nonlinear(6,0.0000,0.0000,25.5087,d)linear(0,0,0,192.5896,d)rotate(-0.0713)
43286,0,40,27.7031,27.7051,init()rotateIntoBiaxial(d,0.6365,0.0000,d)nonlinear(d,0.6365,0.0000,300.0000,d)rotateFromBiaxial(d,0.6365,0.0000,d)nonlinear(6,0.0000,0.0000,0.3226,d)rotateIntoBiaxial(d,40.4437,0.0000,d)nonlinear(d,40.4437,0.0000,100.0000,d)rotateFromBiaxial(d,40.4437,0.0000,d)rotate(179.9999)rotateIntoBiaxial(d,139.7294,0.0000,d)nonlinear(d,139.7294,0.0000,300.0000,d)rotateFromBiaxial(d,139.7294,0.0000,d)nonlinear(6,0.0000,0.0000,38.7080,d)rotate(-59.9953)rotateIntoBiaxial(d,0.1270,0.0000,d)nonlinear(d,0.1270,0.0000,50.0000,d)rotateFromBiaxial(d,0.1270,0.0000,d)linear(0,0,0,92.7414,d)rotateIntoBiaxial(d,4.0345,0.0000,d)nonlinear(d,4.0345,0.0000,2.1382,d)rotateFromBiaxial(d,4.0345,0.0000,d)nonlinear(6,0.0000,0.0000,4.8726,d)linear(0,0,0,37.7817,d)rotate(-29.3871)rotateIntoBiaxial(d,0.3354,0.0000,d)nonlinear(d,0.3354,0.0000,41.1996,d)rotateFromBiaxial(d,0.3354,0.0000,d)nonlinear(6,0.0000,0.0000,25.7276,d)linear(0,0,0,193.6270,d)rotate(-0.1132)
43332,0,40,27.7003,27.7051,init()rotateIntoBiaxial(d,0.5432,0.0000,d)nonlinear(d,0.5432,0.0000,300.0000,d)rotateFromBiaxial(d,0.5432,0.0000,d)nonlinear(6,0.0000,0.0000,0.0814,d)rotateIntoBiaxial(d,40.4410,0.0000,d)nonlinear(d,40.4410,0.0000,100.0000,d)rotateFromBiaxial(d,40.4410,0.0000,d)rotate(179.9971)rotateIntoBiaxial(d,139.7294,0.0000,d)nonlinear(d,139.7294,0.0000,300.0000,d)rotateFromBiaxial(d,139.7294,0.0000,d)nonlinear(6,0.0000,0.0000,39.0386,d)rotate(-60.4630)rotateIntoBiaxial(d,0.0001,0.0000,d)nonlinear(d,0.0001,0.0000,50.0000,d)rotateFromBiaxial(d,0.0001,0.0000,d)linear(0,0,0,90.9041,d)rotateIntoBiaxial(d,4.0583,0.0000,d)nonlinear(d,4.0583,0.0000,3.1038,d)rotateFromBiaxial(d,4.0583,0.0000,d)nonlinear(6,0.0000,0.0000,5.1081,d)linear(0,0,0,18.2201,d)rotate(-29.3525)rotateIntoBiaxial(d,0.1351,0.0000,d)nonlinear(d,0.1351,0.0000,40.8735,d)rotateFromBiaxial(d,0.1351,0.0000,d)nonlinear(6,0.0000,0.0000,25.6143,d)linear(0,0,0,189.1815,d)rotate(-0.0666)
43378,0,40,27.6949,27.7051,init()rotateIntoBiaxial(d,0.5516,0.0000,d)nonlinear(d,0.5516,0.0000,300.0000,d)rotateFromBiaxial(d,0.5516,0.0000,d)nonlinear(6,0.0000,0.0000,0.0144,d)rotateIntoBiaxial(d,40.4403,0.0000,d)nonlinear(d,40.4403,0.0000,100.0000,d)rotateFromBiaxial(d,40.4403,0.0000,d)rotate(179.9558)rotateIntoBiaxial(d,139.7310,0.0000,d)nonlinear(d,139.7310,0.0000,300.0000,d)rotateFromBiaxial(d,139.7310,0.0000,d)nonlinear(6,0.0000,0.0000,39.3372,d)rotate(-59.5858)rotateIntoBiaxial(d,0.0271,0.0000,d)nonlinear(d,0.0271,0.0000,50.0000,d)rotateFromBiaxial(d,0.0271,0.0000,d)linear(0,0,0,91.8800,d)rotateIntoBiaxial(d,4.0260,0.0000,d)nonlinear(d,4.0260,0.0000,2.9342,d)rotateFromBiaxial(d,4.0260,0.0000,d)nonlinear(6,0.0000,0.0000,4.4940,d)linear(0,0,0,16.4159,d)rotate(-29.4427)rotateIntoBiaxial(d,0.1971,0.0000,d)nonlinear(d,0.1971,0.0000,43.2072,d)rotateFromBiaxial(d,0.1971,0.0000,d)nonlinear(6,0.0000,0.0000,25.5725,d)linear(0,0,0,197.7953,d)rotate(-0.0509)
43424,0,40,27.7104,27.7051,init()rotateIntoBiaxial(d,0.6128,0.0000,d)nonlinear(d,0.6128,0.0000,300.0000,d)rotateFromBiaxial(d,0.6128,0.0000,d)nonlinear(6,0.0000,0.0000,0.1788,d)rotateIntoBiaxial(d,40.4456,0.0000,d)nonlinear(d,40.4456,0.0000,100.0000,d)rotateFromBiaxial(d,40.4456,0.0000,d)rotate(179.9978)rotateIntoBiaxial(d,139.7283,0.0000,d)nonlinear(d,139.7283,0.0000,300.0000,d)rotateFromBiaxial(d,139.7283,0.0000,d)nonlinear(6,0.0000,0.0000,38.2171,d)rotate(-60.3664)rotateIntoBiaxial(d,0.0345,0.0000,d)nonlinear(d,0.0345,0.0000,50.0000,d)rotateFromBiaxial(d,0.0345,0.0000,d)linear(0,0,0,94.6507,d)rotateIntoBiaxial(d,3.9653,0.0000,d)nonlinear(d,3.9653,0.0000,2.2426,d)rotateFromBiaxial(d,3.9653,0.0000,d)nonlinear(6,0.0000,0.0000,4.6361,d)linear(0,0,0,18.2971,d)rotate(-29.4770)rotateIntoBiaxial(d,0.0586,0.0000,d)nonlinear(d,0.0586,0.0000,41.7279,d)rotateFromBiaxial(d,0.0586,0.0000,d)nonlinear(6,0.0000,0.0000,25.9467,d)linear(0,0,0,185.6581,d)rotate(-0.0842)
43470,0,40,27.7095,27.7095,init()rotateIntoBiaxial(d,0.5327,0.0000,d)nonlinear(d,0.5327,0.0000,300.0000,d)rotateFromBiaxial(d,0.5327,0.0000,d)nonlinear(6,0.0000,0.0000,0.0743,d)rotateIntoBiaxial(d,40.4455,0.0000,d)nonlinear(d,40.4455,0.0000,100.0000,d)rotateFromBiaxial(d,40.4455,0.0000,d)rotate(179.9994)rotateIntoBiaxial(d,139.7288,0.0000,d)nonlinear(d,139.7288,0.0000,300.0000,d)rotateFromBiaxial(d,139.7288,0.0000,d)nonlinear(6,0.0000,0.0000,38.3445,d)rotate(-60.1627)rotateIntoBiaxial(d,0.0018,0.0000,d)nonlinear(d,0.0018,0.0000,50.0000,d)rotateFromBiaxial(d,0.0018,0.0000,d)linear(0,0,0,94.4860,d)rotate(0.2495)rotateIntoBiaxial(d,4.0739,0.0000,d)nonlinear(d,4.0739,0.0000,2.8830,d)rotateFromBiaxial(d,4.0739,0.0000,d)nonlinear(6,0.0000,0.0000,5.0727,d)linear(0,0,0,19.2802,d)rotate(-31.1831)rotateIntoBiaxial(d,0.0729,0.0000,d)nonlinear(d,0.0729,0.0000,41.7331,d)rotateFromBiaxial(d,0.0729,0.0000,d)nonlinear(6,0.0000,0.0000,26.8578,d)linear(0,0,0,187.8110,d)rotate(-0.0712)
43516,0,40,27.7042,27.7042,init()rotateIntoBiaxial(d,0.5957,0.0000,d)nonlinear(d,0.5957,0.0000,300.0000,d)rotateFromBiaxial(d,0.5957,0.0000,d)nonlinear(6,0.0000,0.0000,0.0003,d)rotateIntoBiaxial(d,40.4427,0.0000,d)nonlinear(d,40.4427,0.0000,100.0000,d)rotateFromBiaxial(d,40.4427,0.0000,d)rotate(179.9973)rotateIntoBiaxial(d,139.7298,0.0000,d)nonlinear(d,139.7298,0.0000,300.0000,d)rotateFromBiaxial(d,139.7298,0.0000,d)nonlinear(6,0.0000,0.0000,37.7613,d)rotate(-59.8394)rotateIntoBiaxial(d,0.0138,0.0000,d)nonlinear(d,0.0138,0.0000,50.0000,d)rotateFromBiaxial(d,0.0138,0.0000,d)linear(0,0,0,93.2205,d)rotate(0.3622)rotateIntoBiaxial(d,3.8055,0.0000,d)nonlinear(d,3.8055,0.0000,3.0966,d)rotateFromBiaxial(d,3.8055,0.0000,d)nonlinear(6,0.0000,0.0000,5.1375,d)linear(0,0,0,16.2700,d)rotate(-29.9794)rotateIntoBiaxial(d,0.0206,0.0000,d)nonlinear(d,0.0206,0.0000,40.7998,d)rotateFromBiaxial(d,0.0206,0.0000,d)nonlinear(6,0.0000,0.0000,26.8315,d)linear(0,0,0,192.6253,d)rotate(-0.1026)
43562,0,40,27.7120,27.7042,init()rotateIntoBiaxial(d,0.6387,0.0000,d)nonlinear(d,0.6387,0.0000,300.0000,d)rotateFromBiaxial(d,0.6387,0.0000,d)nonlinear(6,0.0000,0.0000,0.0194,d)rotateIntoBiaxial(d,40.4461,0.0000,d)nonlinear(d,40.4461,0.0000,100.0000,d)rotateFromBiaxial(d,40.4461,0.0000,d)rotate(179.9960)rotateIntoBiaxial(d,139.7285,0.0000,d)nonlinear(d,139.7285,0.0000,300.0000,d)rotateFromBiaxial(d,139.7285,0.0000,d)nonlinear(6,0.0000,0.0000,38.6706,d)rotate(-59.9711)rotateIntoBiaxial(d,0.0115,0.0000,d)nonlinear(d,0.0115,0.0000,50.0000,d)rotateFromBiaxial(d,0.0115,0.0000,d)linear(0,0,0,92.6968,d)rotateIntoBiaxial(d,3.7020,0.0000,d)nonlinear(d,3.7020,0.0000,3.4143,d)rotateFromBiaxial(d,3.7020,0.0000,d)nonlinear(6,0.0000,0.0000,4.6502,d)linear(0,0,0,3.1172,d)rotate(-31.1655)rotateIntoBiaxial(d,0.0047,0.0000,d)nonlinear(d,0.0047,0.0000,42.0977,d)rotateFromBiaxial(d,0.0047,0.0000,d)nonlinear(6,0.0000,0.0000,26.9244,d)linear(0,0,0,193.1265,d)rotate(-0.0908)
43608,0,40,27.6998,27.7042,init()rotateIntoBiaxial(d,0.5500,0.0000,d)nonlinear(d,0.5500,0.0000,300.0000,d)rotateFromBiaxial(d,0.5500,0.0000,d)nonlinear(6,0.0000,0.0000,0.2207,d)rotateIntoBiaxial(d,40.4412,0.0000,d)nonlinear(d,40.4412,0.0000,100.0000,d)rotateFromBiaxial(d,40.4412,0.0000,d)rotate(179.9948)rotateIntoBiaxial(d,139.7299,0.0000,d)nonlinear(d,139.7299,0.0000,300.0000,d)rotateFromBiaxial(d,139.7299,0.0000,d)nonlinear(6,0.0000,0.0000,37.4155,d)rotate(-59.1353)rotateIntoBiaxial(d,0.0159,0.0000,d)nonlinear(d,0.0159,0.0000,50.0000,d)rotateFromBiaxial(d,0.0159,0.0000,d)linear(0,0,0,95.9146,d)rotateIntoBiaxial(d,4.1324,0.0000,d)nonlinear(d,4.1324,0.0000,3.4258,d)rotateFromBiaxial(d,4.1324,0.0000,d)nonlinear(6,0.0000,0.0000,5.0073,d)linear(0,0,0,29.2524,d)rotate(-29.7495)rotateIntoBiaxial(d,0.0002,0.0000,d)nonlinear(d,0.0002,0.0000,41.2554,d)rotateFromBiaxial(d,0.0002,0.0000,d)nonlinear(6,0.0000,0.0000,28.8449,d)linear(0,0,0,194.3982,d)rotate(-0.1436)
43654,0,40,27.7002,27.7002,init()rotateIntoBiaxial(d,0.5556,0.0000,d)nonlinear(d,0.5556,0.0000,300.0000,d)rotateFromBiaxial(d,0.5556,0.0000,d)nonlinear(6,0.0000,0.0000,0.2560,d)rotateIntoBiaxial(d,40.4408,0.0000,d)nonlinear(d,40.4408,0.0000,100.0000,d)rotateFromBiaxial(d,40.4408,0.0000,d)rotate(179.9999)rotateIntoBiaxial(d,139.7301,0.0000,d)nonlinear(d,139.7301,0.0000,300.0000,d)rotateFromBiaxial(d,139.7301,0.0000,d)nonlinear(6,0.0000,0.0000,38.3591,d)rotate(-60.3543)rotateIntoBiaxial(d,0.0325,0.0000,d)nonlinear(d,0.0325,0.0000,50.0000,d)rotateFromBiaxial(d,0.0325,0.0000,d)linear(0,0,0,95.0149,d)rotate(0.1480)rotateIntoBiaxial(d,3.7080,0.0000,d)nonlinear(d,3.7080,0.0000,2.9975,d)rotateFromBiaxial(d,3.7080,0.0000,d)nonlinear(6,0.0000,0.0000,5.0712,d)linear(0,0,0,16.0052,d)rotate(-31.3095)rotateIntoBiaxial(d,0.0370,0.0000,d)nonlinear(d,0.0370,0.0000,40.8448,d)rotateFromBiaxial(d,0.0370,0.0000,d)nonlinear(6,0.0000,0.0000,26.4317,d)linear(0,0,0,188.9268,d)rotate(-0.0744)
43700,0,40,27.7015,27.7002,init()rotateIntoBiaxial(d,0.5502,0.0000,d)nonlinear(d,0.5502,0.0000,300.0000,d)rotateFromBiaxial(d,0.5502,0.0000,d)nonlinear(6,0.0000,0.0000,0.2867,d)rotateIntoBiaxial(d,40.4422,0.0000,d)nonlinear(d,40.4422,0.0000,100.0000,d)rotateFromBiaxial(d,40.4422,0.0000,d)rotate(179.9920)rotateIntoBiaxial(d,139.7297,0.0000,d)nonlinear(d,139.7297,0.0000,300.0000,d)rotateFromBiaxial(d,139.7297,0.0000,d)nonlinear(6,0.0000,0.0000,38.0339,d)rotate(-59.4287)rotateIntoBiaxial(d,0.1831,0.0000,d)nonlinear(d,0.1831,0.0000,50.0000,d)rotateFromBiaxial(d,0.1831,0.0000,d)linear(0,0,0,102.8839,d)rotate(0.0625)rotateIntoBiaxial(d,3.8952,0.0000,d)nonlinear(d,3.8952,0.0000,3.1596,d)rotateFromBiaxial(d,3.8952,0.0000,d)nonlinear(6,0.0000,0.0000,4.8294,d)linear(0,0,0,22.7510,d)rotate(-30.1413)rotateIntoBiaxial(d,0.0091,0.0000,d)nonlinear(d,0.0091,0.0000,41.5935,d)rotateFromBiaxial(d,0.0091,0.0000,d)nonlinear(6,0.0000,0.0000,27.4454,d)linear(0,0,0,187.8348,d)rotate(-0.0652)
43746,0,40,27.7067,27.7002,init()rotateIntoBiaxial(d,0.6289,0.0000,d)nonlinear(d,0.6289,0.0000,300.0000,d)rotateFromBiaxial(d,0.6289,0.0000,d)nonlinear(6,0.0000,0.0000,0.0521,d)rotateIntoBiaxial(d,40.4424,0.0000,d)nonlinear(d,40.4424,0.0000,100.0000,d)rotateFromBiaxial(d,40.4424,0.0000,d)rotate(179.9831)rotateIntoBiaxial(d,139.7287,0.0000,d)nonlinear(d,139.7287,0.0000,300.0000,d)rotateFromBiaxial(d,139.7287,0.0000,d)nonlinear(6,0.0000,0.0000,37.7968,d)rotate(-59.3818)rotateIntoBiaxial(d,0.0505,0.0000,d)nonlinear(d,0.0505,0.0000,50.0000,d)rotateFromBiaxial(d,0.0505,0.0000,d)linear(0,0,0,95.8885,d)rotate(0.2541)rotateIntoBiaxial(d,3.6953,0.0000,d)nonlinear(d,3.6953,0.0000,2.8899,d)rotateFromBiaxial(d,3.6953,0.0000,d)nonlinear(6,0.0000,0.0000,4.2503,d)linear(0,0,0,18.1776,d)rotate(-30.4956)rotateIntoBiaxial(d,0.0697,0.0000,d)nonlinear(d,0.0697,0.0000,41.4891,d)rotateFromBiaxial(d,0.0697,0.0000,d)nonlinear(6,0.0000,0.0000,27.3412,d)linear(0,0,0,195.9407,d)rotate(-0.0557)
43792,0,40,27.7002,27.7002,init()rotateIntoBiaxial(d,0.5904,0.0000,d)nonlinear(d,0.5904,0.0000,300.0000,d)rotateFromBiaxial(d,0.5904,0.0000,d)nonlinear(6,0.0000,0.0000,0.0007,d)rotateIntoBiaxial(d,40.4421,0.0000,d)nonlinear(d,40.4421,0.0000,100.0000,d)rotateFromBiaxial(d,40.4421,0.0000,d)rotate(179.9737)rotateIntoBiaxial(d,139.7306,0.0000,d)nonlinear(d,139.7306,0.0000,300.0000,d)rotateFromBiaxial(d,139.7306,0.0000,d)nonlinear(6,0.0000,0.0000,37.9773,d)rotate(-60.1715)rotateIntoBiaxial(d,0.1414,0.0000,d)nonlinear(d,0.1414,0.0000,50.0000,d)rotateFromBiaxial(d,0.1414,0.0000,d)linear(0,0,0,102.4219,d)rotate(0.4023)rotateIntoBiaxial(d,4.0225,0.0000,d)nonlinear(d,4.0225,0.0000,2.8388,d)rotateFromBiaxial(d,4.0225,0.0000,d)nonlinear(6,0.0000,0.0000,4.4767,d)linear(0,0,0,17.0995,d)rotate(-30.1248)rotateIntoBiaxial(d,0.0025,0.0000,d)nonlinear(d,0.0025,0.0000,41.0451,d)rotateFromBiaxial(d,0.0025,0.0000,d)nonlinear(6,0.0000,0.0000,28.5056,d)linear(0,0,0,203.3925,d)rotate(-0.0623)
43838,0,40,27.7085,27.7002,init()rotateIntoBiaxial(d,0.6137,0.0000,d)nonlinear(d,0.6137,0.0000,300.0000,d)rotateFromBiaxial(d,0.6137,0.0000,d)nonlinear(6,0.0000,0.0000,0.0817,d)rotateIntoBiaxial(d,40.4450,0.0000,d)nonlinear(d,40.4450,0.0000,100.0000,d)rotateFromBiaxial(d,40.4450,0.0000,d)rotate(179.9791)rotateIntoBiaxial(d,139.7292,0.0000,d)nonlinear(d,139.7292,0.0000,300.0000,d)rotateFromBiaxial(d,139.7292,0.0000,d)nonlinear(6,0.0000,0.0000,38.7403,d)rotate(-58.8629)rotateIntoBiaxial(d,0.1205,0.0000,d)nonlinear(d,0.1205,0.0000,50.0000,d)rotateFromBiaxial(d,0.1205,0.0000,d)linear(0,0,0,103.5355,d)rotateIntoBiaxial(d,3.8566,0.0000,d)nonlinear(d,3.8566,0.0000,2.6866,d)rotateFromBiaxial(d,3.8566,0.0000,d)nonlinear(6,0.0000,0.0000,4.4143,d)linear(0,0,0,5.0668,d)rotate(-29.6888)rotateIntoBiaxial(d,0.0542,0.0000,d)nonlinear(d,0.0542,0.0000,41.0944,d)rotateFromBiaxial(d,0.0542,0.0000,d)nonlinear(6,0.0000,0.0000,29.6252,d)linear(0,0,0,191.2602,d)rotate(-0.0870)
43884,0,40,27.6991,27.7002,init()rotateIntoBiaxial(d,0.5577,0.0000,d)nonlinear(d,0.5577,0.0000,300.0000,d)rotateFromBiaxial(d,0.5577,0.0000,d)nonlinear(6,0.0000,0.0000,0.0153,d)rotateIntoBiaxial(d,40.4398,0.0000,d)nonlinear(d,40.4398,0.0000,100.0000,d)rotateFromBiaxial(d,40.4398,0.0000,d)rotate(179.9780)rotateIntoBiaxial(d,139.7301,0.0000,d)nonlinear(d,139.7301,0.0000,300.0000,d)rotateFromBiaxial(d,139.7301,0.0000,d)nonlinear(6,0.0000,0.0000,38.0503,d)rotate(-59.2156)rotateIntoBiaxial(d,0.0282,0.0000,d)nonlinear(d,0.0282,0.0000,50.0000,d)rotateFromBiaxial(d,0.0282,0.0000,d)linear(0,0,0,102.8112,d)rotateIntoBiaxial(d,3.7483,0.0000,d)nonlinear(d,3.7483,0.0000,2.9806,d)rotateFromBiaxial(d,3.7483,0.0000,d)nonlinear(6,0.0000,0.0000,3.7679,d)linear(0,0,0,23.6360,d)rotate(-32.1416)rotateIntoBiaxial(d,0.0129,0.0000,d)nonlinear(d,0.0129,0.0000,42.6946,d)rotateFromBiaxial(d,0.0129,0.0000,d)nonlinear(6,0.0000,0.0000,28.7129,d)linear(0,0,0,193.0852,d)rotate(-0.0602)
43930,0,40,27.7092,27.7002,init()rotateIntoBiaxial(d,0.6383,0.0000,d)nonlinear(d,0.6383,0.0000,300.0000,d)rotateFromBiaxial(d,0.6383,0.0000,d)nonlinear(6,0.0000,0.0000,0.2121,d)rotateIntoBiaxial(d,40.4446,0.0000,d)nonlinear(d,40.4446,0.0000,100.0000,d)rotateFromBiaxial(d,40.4446,0.0000,d)rotate(179.9789)rotateIntoBiaxial(d,139.7285,0.0000,d)nonlinear(d,139.7285,0.0000,300.0000,d)rotateFromBiaxial(d,139.7285,0.0000,d)nonlinear(6,0.0000,0.0000,37.5942,d)rotate(-59.4401)rotateIntoBiaxial(d,0.1474,0.0000,d)nonlinear(d,0.1474,0.0000,50.0000,d)rotateFromBiaxial(d,0.1474,0.0000,d)linear(0,0,0,95.4180,d)rotate(0.2822)rotateIntoBiaxial(d,4.2162,0.0000,d)nonlinear(d,4.2162,0.0000,3.7741,d)rotateFromBiaxial(d,4.2162,0.0000,d)nonlinear(6,0.0000,0.0000,4.3251,d)linear(0,0,0,20.0415,d)rotate(-30.8448)rotateIntoBiaxial(d,0.0995,0.0000,d)nonlinear(d,0.0995,0.0000,40.9837,d)rotateFromBiaxial(d,0.0995,0.0000,d)nonlinear(6,0.0000,0.0000,26.8196,d)linear(0,0,0,195.5870,d)rotate(-0.0850)
43976,0,40,27.7074,27.7074,init()rotateIntoBiaxial(d,0.5692,0.0000,d)nonlinear(d,0.5692,0.0000,300.0000,d)rotateFromBiaxial(d,0.5692,0.0000,d)nonlinear(6,0.0000,0.0000,0.1911,d)rotateIntoBiaxial(d,40.4440,0.0000,d)nonlinear(d,40.4440,0.0000,100.0000,d)rotateFromBiaxial(d,40.4440,0.0000,d)rotate(179.9434)rotateIntoBiaxial(d,139.7293,0.0000,d)nonlinear(d,139.7293,0.0000,300.0000,d)rotateFromBiaxial(d,139.7293,0.0000,d)nonlinear(6,0.0000,0.0000,38.6211,d)rotate(-58.7622)rotateIntoBiaxial(d,0.0133,0.0000,d)nonlinear(d,0.0133,0.0000,50.0000,d)rotateFromBiaxial(d,0.0133,0.0000,d)linear(0,0,0,95.5689,d)rotate(0.4432)rotateIntoBiaxial(d,3.8456,0.0000,d)nonlinear(d,3.8456,0.0000,3.3614,d)rotateFromBiaxial(d,3.8456,0.0000,d)nonlinear(6,0.0000,0.0000,4.3734,d)linear(0,0,0,20.2139,d)rotate(-31.2505)rotateIntoBiaxial(d,0.0015,0.0000,d)nonlinear(d,0.0015,0.0000,40.6884,d)rotateFromBiaxial(d,0.0015,0.0000,d)nonlinear(6,0.0000,0.0000,25.9479,d)linear(0,0,0,184.8322,d)rotate(-0.0549)
44022,0,40,27.7031,27.7074,init()rotateIntoBiaxial(d,0.5536,0.0000,d)nonlinear(d,0.5536,0.0000,300.0000,d)rotateFromBiaxial(d,0.5536,0.0000,d)nonlinear(6,0.0000,0.0000,0.3503,d)rotateIntoBiaxial(d,40.4423,0.0000,d)nonlinear(d,40.4423,0.0000,100.0000,d)rotateFromBiaxial(d,40.4423,0.0000,d)rotate(179.9778)rotateIntoBiaxial(d,139.7299,0.0000,d)nonlinear(d,139.7299,0.0000,300.0000,d)rotateFromBiaxial(d,139.7299,0.0000,d)nonlinear(6,0.0000,0.0000,38.8256,d)rotate(-59.4254)rotateIntoBiaxial(d,0.0838,0.0000,d)nonlinear(d,0.0838,0.0000,50.0000,d)rotateFromBiaxial(d,0.0838,0.0000,d)linear(0,0,0,100.4776,d)rotate(0.2494)rotateIntoBiaxial(d,3.5901,0.0000,d)nonlinear(d,3.5901,0.0000,2.9725,d)rotateFromBiaxial(d,3.5901,0.0000,d)nonlinear(6,0.0000,0.0000,3.6677,d)linear(0,0,0,18.3087,d)rotate(-31.7248)rotateIntoBiaxial(d,0.0972,0.0000,d)nonlinear(d,0.0972,0.0000,41.2751,d)rotateFromBiaxial(d,0.0972,0.0000,d)nonlinear(6,0.0000,0.0000,27.4627,d)linear(0,0,0,188.6651,d)rotate(-0.0833)
44068,0,40,27.7022,27.7074,init()rotateIntoBiaxial(d,0.6050,0.0000,d)nonlinear(d,0.6050,0.0000,300.0000,d)rotateFromBiaxial(d,0.6050,0.0000,d)nonlinear(6,0.0000,0.0000,0.1228,d)rotateIntoBiaxial(d,40.4422,0.0000,d)nonlinear(d,40.4422,0.0000,100.0000,d)rotateFromBiaxial(d,40.4422,0.0000,d)rotate(179.9635)rotateIntoBiaxial(d,139.7298,0.0000,d)nonlinear(d,139.7298,0.0000,300.0000,d)rotateFromBiaxial(d,139.7298,0.0000,d)nonlinear(6,0.0000,0.0000,39.2305,d)rotate(-59.2309)rotateIntoBiaxial(d,0.0036,0.0000,d)nonlinear(d,0.0036,0.0000,50.0000,d)rotateFromBiaxial(d,0.0036,0.0000,d)linear(0,0,0,98.3206,d)rotate(0.2275)rotateIntoBiaxial(d,3.5539,0.0000,d)nonlinear(d,3.5539,0.0000,3.6312,d)rotateFromBiaxial(d,3.5539,0.0000,d)nonlinear(6,0.0000,0.0000,3.4935,d)linear(0,0,0,6.1091,d)rotate(-32.0198)rotateIntoBiaxial(d,0.2913,0.0000,d)nonlinear(d,0.2913,0.0000,42.2585,d)rotateFromBiaxial(d,0.2913,0.0000,d)nonlinear(6,0.0000,0.0000,27.5151,d)linear(0,0,0,205.0720,d)rotate(-0.0438)
44114,0,40,27.7045,27.7074,init()rotateIntoBiaxial(d,0.5957,0.0000,d)nonlinear(d,0.5957,0.0000,300.0000,d)rotateFromBiaxial(d,0.5957,0.0000,d)nonlinear(6,0.0000,0.0000,0.0796,d)rotateIntoBiaxial(d,40.4420,0.0000,d)nonlinear(d,40.4420,0.0000,100.0000,d)rotateFromBiaxial(d,40.4420,0.0000,d)rotate(179.9880)rotateIntoBiaxial(d,139.7292,0.0000,d)nonlinear(d,139.7292,0.0000,300.0000,d)rotateFromBiaxial(d,139.7292,0.0000,d)nonlinear(6,0.0000,0.0000,39.0921,d)rotate(-59.4449)rotateIntoBiaxial(d,0.1127,0.0000,d)nonlinear(d,0.1127,0.0000,50.0000,d)rotateFromBiaxial(d,0.1127,0.0000,d)linear(0,0,0,90.3377,d)rotate(0.9775)rotateIntoBiaxial(d,4.0406,0.0000,d)nonlinear(d,4.0406,0.0000,2.7394,d)rotateFromBiaxial(d,4.0406,0.0000,d)nonlinear(6,0.0000,0.0000,4.3711,d)linear(0,0,0,7.7910,d)rotate(-32.7147)rotateIntoBiaxial(d,0.0203,0.0000,d)nonlinear(d,0.0203,0.0000,41.4070,d)rotateFromBiaxial(d,0.0203,0.0000,d)nonlinear(6,0.0000,0.0000,27.0946,d)linear(0,0,0,191.7156,d)rotate(-0.0717)
44160,0,40,27.7180,27.7180,init()rotateIntoBiaxial(d,0.6451,0.0000,d)nonlinear(d,0.6451,0.0000,300.0000,d)rotateFromBiaxial(d,0.6451,0.0000,d)nonlinear(6,0.0000,0.0000,0.1038,d)rotateIntoBiaxial(d,40.4475,0.0000,d)nonlinear(d,40.4475,0.0000,100.0000,d)rotateFromBiaxial(d,40.4475,0.0000,d)rotate(179.9600)rotateIntoBiaxial(d,139.7277,0.0000,d)nonlinear(d,139.7277,0.0000,300.0000,d)rotateFromBiaxial(d,139.7277,0.0000,d)nonlinear(6,0.0000,0.0000,38.1157,d)rotate(-58.7509)rotateIntoBiaxial(d,0.0004,0.0000,d)nonlinear(d,0.0004,0.0000,50.0000,d)rotateFromBiaxial(d,0.0004,0.0000,d)linear(0,0,0,89.8877,d)rotate(0.6843)rotateIntoBiaxial(d,3.5162,0.0000,d)nonlinear(d,3.5162,0.0000,3.4712,d)rotateFromBiaxial(d,3.5162,0.0000,d)nonlinear(6,0.0000,0.0000,4.5942,d)linear(0,0,0,0.5179,d)rotate(-32.9567)rotateIntoBiaxial(d,0.0009,0.0000,d)nonlinear(d,0.0009,0.0000,40.6946,d)rotateFromBiaxial(d,0.0009,0.0000,d)nonlinear(6,0.0000,0.0000,27.1422,d)linear(0,0,0,189.0804,d)rotate(-0.0895)
44206,0,40,27.7066,27.7180,init()rotateIntoBiaxial(d,0.5526,0.0000,d)nonlinear(d,0.5526,0.0000,300.0000,d)rotateFromBiaxial(d,0.5526,0.0000,d)nonlinear(6,0.0000,0.0000,0.2499,d)rotateIntoBiaxial(d,40.4424,0.0000,d)nonlinear(d,40.4424,0.0000,100.0000,d)rotateFromBiaxial(d,40.4424,0.0000,d)rotate(179.9591)rotateIntoBiaxial(d,139.7290,0.0000,d)nonlinear(d,139.7290,0.0000,300.0000,d)rotateFromBiaxial(d,139.7290,0.0000,d)nonlinear(6,0.0000,0.0000,38.5930,d)rotate(-58.3767)rotateIntoBiaxial(d,0.0020,0.0000,d)nonlinear(d,0.0020,0.0000,50.0000,d)rotateFromBiaxial(d,0.0020,0.0000,d)linear(0,0,0,98.3694,d)rotate(1.0476)rotateIntoBiaxial(d,3.7575,0.0000,d)nonlinear(d,3.7575,0.0000,2.9425,d)rotateFromBiaxial(d,3.7575,0.0000,d)nonlinear(6,0.0000,0.0000,3.6738,d)linear(0,0,0,16.8647,d)rotate(-32.6849)rotateIntoBiaxial(d,0.0810,0.0000,d)nonlinear(d,0.0810,0.0000,40.4294,d)rotateFromBiaxial(d,0.0810,0.0000,d)nonlinear(6,0.0000,0.0000,26.3886,d)linear(0,0,0,199.7811,d)rotate(-0.1096)
44252,0,40,27.7041,27.7180,init()rotateIntoBiaxial(d,0.5381,0.0000,d)nonlinear(d,0.5381,0.0000,300.0000,d)rotateFromBiaxial(d,0.5381,0.0000,d)nonlinear(6,0.0000,0.0000,0.3243,d)rotateIntoBiaxial(d,40.4432,0.0000,d)nonlinear(d,40.4432,0.0000,100.0000,d)rotateFromBiaxial(d,40.4432,0.0000,d)rotate(179.9787)rotateIntoBiaxial(d,139.7292,0.0000,d)nonlinear(d,139.7292,0.0000,300.0000,d)rotateFromBiaxial(d,139.7292,0.0000,d)nonlinear(6,0.0000,0.0000,39.4638,d)rotate(-59.1487)rotateIntoBiaxial(d,0.1303,0.0000,d)nonlinear(d,0.1303,0.0000,50.0000,d)rotateFromBiaxial(d,0.1303,0.0000,d)linear(0,0,0,94.6638,d)rotate(0.2335)rotateIntoBiaxial(d,3.9331,0.0000,d)nonlinear(d,3.9331,0.0000,2.5265,d)rotateFromBiaxial(d,3.9331,0.0000,d)nonlinear(6,0.0000,0.0000,4.1655,d)linear(0,0,0,11.7485,d)rotate(-31.1952)rotateIntoBiaxial(d,0.1707,0.0000,d)nonlinear(d,0.1707,0.0000,41.4981,d)rotateFromBiaxial(d,0.1707,0.0000,d)nonlinear(6,0.0000,0.0000,27.8220,d)linear(0,0,0,184.3443,d)rotate(-0.1006)
44298,0,40,27.7056,27.7180,init()rotateIntoBiaxial(d,0.5231,0.0000,d)nonlinear(d,0.5231,0.0000,300.0000,d)rotateFromBiaxial(d,0.5231,0.0000,d)nonlinear(6,0.0000,0.0000,0.2490,d)rotateIntoBiaxial(d,40.4430,0.0000,d)nonlinear(d,40.4430,0.0000,100.0000,d)rotateFromBiaxial(d,40.4430,0.0000,d)rotate(179.9543)rotateIntoBiaxial(d,139.7291,0.0000,d)nonlinear(d,139.7291,0.0000,300.0000,d)rotateFromBiaxial(d,139.7291,0.0000,d)nonlinear(6,0.0000,0.0000,38.7406,d)rotate(-58.2693)rotateIntoBiaxial(d,0.0018,0.0000,d)nonlinear(d,0.0018,0.0000,50.0000,d)rotateFromBiaxial(d,0.0018,0.0000,d)linear(0,0,0,88.8573,d)rotate(0.6142)rotateIntoBiaxial(d,3.9708,0.0000,d)nonlinear(d,3.9708,0.0000,3.2356,d)rotateFromBiaxial(d,3.9708,0.0000,d)nonlinear(6,0.0000,0.0000,3.9133,d)linear(0,0,0,13.4783,d)rotate(-32.8561)rotateIntoBiaxial(d,0.2785,0.0000,d)nonlinear(d,0.2785,0.0000,41.7832,d)rotateFromBiaxial(d,0.2785,0.0000,d)nonlinear(6,0.0000,0.0000,28.0613,d)linear(0,0,0,202.0456,d)rotate(-0.0942)
44344,0,40,27.7129,27.7180,init()rotateIntoBiaxial(d,0.5663,0.0000,d)nonlinear(d,0.5663,0.0000,300.0000,d)rotateFromBiaxial(d,0.5663,0.0000,d)nonlinear(6,0.0000,0.0000,0.0589,d)rotateIntoBiaxial(d,40.4459,0.0000,d)nonlinear(d,40.4459,0.0000,100.0000,d)rotateFromBiaxial(d,40.4459,0.0000,d)rotate(179.9806)rotateIntoBiaxial(d,139.7282,0.0000,d)nonlinear(d,139.7282,0.0000,300.0000,d)rotateFromBiaxial(d,139.7282,0.0000,d)nonlinear(6,0.0000,0.0000,38.9907,d)rotate(-59.0673)rotateIntoBiaxial(d,0.0317,0.0000,d)nonlinear(d,0.0317,0.0000,50.0000,d)rotateFromBiaxial(d,0.0317,0.0000,d)linear(0,0,0,99.2047,d)rotate(0.4066)rotateIntoBiaxial(d,3.5081,0.0000,d)nonlinear(d,3.5081,0.0000,2.8971,d)rotateFromBiaxial(d,3.5081,0.0000,d)nonlinear(6,0.0000,0.0000,3.7127,d)linear(0,0,0,20.9186,d)rotate(-32.0883)rotateIntoBiaxial(d,0.1677,0.0000,d)nonlinear(d,0.1677,0.0000,41.4230,d)rotateFromBiaxial(d,0.1677,0.0000,d)nonlinear(6,0.0000,0.0000,28.6312,d)linear(0,0,0,196.2103,d)rotate(-0.0415)
44390,0,40,27.7039,27.7180,init()rotateIntoBiaxial(d,0.5853,0.0000,d)nonlinear(d,0.5853,0.0000,300.0000,d)rotateFromBiaxial(d,0.5853,0.0000,d)nonlinear(6,0.0000,0.0000,0.1792,d)rotateIntoBiaxial(d,40.4424,0.0000,d)nonlinear(d,40.4424,0.0000,100.0000,d)rotateFromBiaxial(d,40.4424,0.0000,d)rotate(179.9741)rotateIntoBiaxial(d,139.7297,0.0000,d)nonlinear(d,139.7297,0.0000,300.0000,d)rotateFromBiaxial(d,139.7297,0.0000,d)nonlinear(6,0.0000,0.0000,38.6801,d)rotate(-59.1431)rotateIntoBiaxial(d,0.0045,0.0000,d)nonlinear(d,0.0045,0.0000,50.0000,d)rotateFromBiaxial(d,0.0045,0.0000,d)linear(0,0,0,99.3234,d)rotate(0.0670)rotateIntoBiaxial(d,3.8751,0.0000,d)nonlinear(d,3.8751,0.0000,2.4186,d)rotateFromBiaxial(d,3.8751,0.0000,d)nonlinear(6,0.0000,0.0000,3.8037,d)linear(0,0,0,20.6692,d)rotate(-30.0653)rotateIntoBiaxial(d,0.0289,0.0000,d)nonlinear(d,0.0289,0.0000,42.0433,d)rotateFromBiaxial(d,0.0289,0.0000,d)nonlinear(6,0.0000,0.0000,28.0208,d)linear(0,0,0,189.5594,d)rotate(-0.0550)
44436,0,40,27.7049,27.7049,init()rotateIntoBiaxial(d,0.5672,0.0000,d)nonlinear(d,0.5672,0.0000,300.0000,d)rotateFromBiaxial(d,0.5672,0.0000,d)nonlinear(6,0.0000,0.0000,0.0836,d)rotateIntoBiaxial(d,40.4415,0.0000,d)nonlinear(d,40.4415,0.0000,100.0000,d)rotateFromBiaxial(d,40.4415,0.0000,d)rotate(179.9595)rotateIntoBiaxial(d,139.7294,0.0000,d)nonlinear(d,139.7294,0.0000,300.0000,d)rotateFromBiaxial(d,139.7294,0.0000,d)nonlinear(6,0.0000,0.0000,38.7712,d)rotate(-58.3758)rotateIntoBiaxial(d,0.0007,0.0000,d)nonlinear(d,0.0007,0.0000,50.0000,d)rotateFromBiaxial(d,0.0007,0.0000,d)linear(0,0,0,92.6111,d)rotate(0.7885)rotateIntoBiaxial(d,3.5773,0.0000,d)nonlinear(d,3.5773,0.0000,3.0115,d)rotateFromBiaxial(d,3.5773,0.0000,d)nonlinear(6,0.0000,0.0000,3.6343,d)linear(0,0,0,14.2313,d)rotate(-32.6978)rotateIntoBiaxial(d,0.0376,0.0000,d)nonlinear(d,0.0376,0.0000,41.8006,d)rotateFromBiaxial(d,0.0376,0.0000,d)nonlinear(6,0.0000,0.0000,28.2325,d)linear(0,0,0,199.4380,d)rotate(-0.0932)
44482,0,40,27.7030,27.7049,init()rotateIntoBiaxial(d,0.5760,0.0000,d)nonlinear(d,0.5760,0.0000,300.0000,d)rotateFromBiaxial(d,0.5760,0.0000,d)nonlinear(6,0.0000,0.0000,0.0744,d)rotateIntoBiaxial(d,40.4421,0.0000,d)nonlinear(d,40.4421,0.0000,100.0000,d)rotateFromBiaxial(d,40.4421,0.0000,d)rotate(179.9172)rotateIntoBiaxial(d,139.7295,0.0000,d)nonlinear(d,139.7295,0.0000,300.0000,d)rotateFromBiaxial(d,139.7295,0.0000,d)nonlinear(6,0.0000,0.0000,38.5037,d)rotate(-59.6481)rotateIntoBiaxial(d,0.0398,0.0000,d)nonlinear(d,0.0398,0.0000,50.0000,d)rotateFromBiaxial(d,0.0398,0.0000,d)linear(0,0,0,97.8727,d)rotate(0.2381)rotateIntoBiaxial(d,3.6754,0.0000,d)nonlinear(d,3.6754,0.0000,2.4014,d)rotateFromBiaxial(d,3.6754,0.0000,d)nonlinear(6,0.0000,0.0000,3.5598,d)linear(0,0,0,12.1360,d)rotate(-32.8409)rotateIntoBiaxial(d,0.0418,0.0000,d)nonlinear(d,0.0418,0.0000,40.8128,d)rotateFromBiaxial(d,0.0418,0.0000,d)nonlinear(6,0.0000,0.0000,27.4330,d)linear(0,0,0,184.1742,d)rotate(-0.0683)
44528,0,40,27.7108,27.7049,init()rotateIntoBiaxial(d,0.5857,0.0000,d)nonlinear(d,0.5857,0.0000,300.0000,d)rotateFromBiaxial(d,0.5857,0.0000,d)nonlinear(6,0.0000,0.0000,0.0169,d)rotateIntoBiaxial(d,40.4452,0.0000,d)nonlinear(d,40.4452,0.0000,100.0000,d)rotateFromBiaxial(d,40.4452,0.0000,d)rotate(179.9725)rotateIntoBiaxial(d,139.7285,0.0000,d)nonlinear(d,139.7285,0.0000,300.0000,d)rotateFromBiaxial(d,139.7285,0.0000,d)nonlinear(6,0.0000,0.0000,38.4597,d)rotate(-59.4058)rotateIntoBiaxial(d,0.0683,0.0000,d)nonlinear(d,0.0683,0.0000,50.0000,d)rotateFromBiaxial(d,0.0683,0.0000,d)linear(0,0,0,99.5868,d)rotate(0.8576)rotateIntoBiaxial(d,4.1791,0.0000,d)nonlinear(d,4.1791,0.0000,2.9300,d)rotateFromBiaxial(d,4.1791,0.0000,d)nonlinear(6,0.0000,0.0000,4.1340,d)rotate(-32.0739)rotateIntoBiaxial(d,0.2561,0.0000,d)nonlinear(d,0.2561,0.0000,40.6406,d)rotateFromBiaxial(d,0.2561,0.0000,d)nonlinear(6,0.0000,0.0000,26.8626,d)linear(0,0,0,185.7841,d)rotate(-0.0877)
44574,0,40,27.7067,27.7067,init()rotateIntoBiaxial(d,0.6073,0.0000,d)nonlinear(d,0.6073,0.0000,300.0000,d)rotateFromBiaxial(d,0.6073,0.0000,d)nonlinear(6,0.0000,0.0000,0.0884,d)rotateIntoBiaxial(d,40.4432,0.0000,d)nonlinear(d,40.4432,0.0000,100.0000,d)rotateFromBiaxial(d,40.4432,0.0000,d)rotate(179.9600)rotateIntoBiaxial(d,139.7294,0.0000,d)nonlinear(d,139.7294,0.0000,300.0000,d)rotateFromBiaxial(d,139.7294,0.0000,d)nonlinear(6,0.0000,0.0000,37.6770,d)rotate(-59.3872)rotateIntoBiaxial(d,0.0576,0.0000,d)nonlinear(d,0.0576,0.0000,50.0000,d)rotateFromBiaxial(d,0.0576,0.0000,d)linear(0,0,0,102.2038,d)rotate(0.9093)rotateIntoBiaxial(d,3.8128,0.0000,d)nonlinear(d,3.8128,0.0000,3.3193,d)rotateFromBiaxial(d,3.8128,0.0000,d)nonlinear(6,0.0000,0.0000,3.9382,d)linear(0,0,0,7.7312,d)rotate(-32.8813)rotateIntoBiaxial(d,0.0297,0.0000,d)nonlinear(d,0.0297,0.0000,40.8647,d)rotateFromBiaxial(d,0.0297,0.0000,d)nonlinear(6,0.0000,0.0000,28.7467,d)linear(0,0,0,193.4081,d)rotate(-0.0654)
44620,0,40,27.7070,27.7067,init()rotateIntoBiaxial(d,0.5676,0.0000,d)nonlinear(d,0.5676,0.0000,300.0000,d)rotateFromBiaxial(d,0.5676,0.0000,d)nonlinear(6,0.0000,0.0000,0.1385,d)rotateIntoBiaxial(d,40.4437,0.0000,d)nonlinear(d,40.4437,0.0000,100.0000,d)rotateFromBiaxial(d,40.4437,0.0000,d)rotate(179.9455)rotateIntoBiaxial(d,139.7293,0.0000,d)nonlinear(d,139.7293,0.0000,300.0000,d)rotateFromBiaxial(d,139.7293,0.0000,d)nonlinear(6,0.0000,0.0000,37.6361,d)rotate(-59.4955)rotateIntoBiaxial(d,0.0195,0.0000,d)nonlinear(d,0.0195,0.0000,50.0000,d)rotateFromBiaxial(d,0.0195,0.0000,d)linear(0,0,0,95.5333,d)rotate(0.5451)rotateIntoBiaxial(d,4.0003,0.0000,d)nonlinear(d,4.0003,0.0000,3.4327,d)rotateFromBiaxial(d,4.0003,0.0000,d)nonlinear(6,0.0000,0.0000,3.6608,d)linear(0,0,0,21.6089,d)rotate(-32.0796)rotateIntoBiaxial(d,0.0458,0.0000,d)nonlinear(d,0.0458,0.0000,41.1975,d)rotateFromBiaxial(d,0.0458,0.0000,d)nonlinear(6,0.0000,0.0000,27.5459,d)linear(0,0,0,201.0760,d)rotate(-0.1217)
44666,0,40,27.7024,27.7067,init()rotateIntoBiaxial(d,0.5798,0.0000,d)nonlinear(d,0.5798,0.0000,300.0000,d)rotateFromBiaxial(d,0.5798,0.0000,d)nonlinear(6,0.0000,0.0000,0.1201,d)rotateIntoBiaxial(d,40.4419,0.0000,d)nonlinear(d,40.4419,0.0000,100.0000,d)rotateFromBiaxial(d,40.4419,0.0000,d)rotate(179.9287)rotateIntoBiaxial(d,139.7297,0.0000,d)nonlinear(d,139.7297,0.0000,300.0000,d)rotateFromBiaxial(d,139.7297,0.0000,d)nonlinear(6,0.0000,0.0000,37.2619,d)rotate(-59.1934)rotateIntoBiaxial(d,0.0023,0.0000,d)nonlinear(d,0.0023,0.0000,50.0000,d)rotateFromBiaxial(d,0.0023,0.0000,d)linear(0,0,0,94.5019,d)rotate(0.6977)rotateIntoBiaxial(d,4.1711,0.0000,d)nonlinear(d,4.1711,0.0000,3.4231,d)rotateFromBiaxial(d,4.1711,0.0000,d)nonlinear(6,0.0000,0.0000,4.1728,d)linear(0,0,0,2.6136,d)rotate(-32.4683)rotateIntoBiaxial(d,0.1139,0.0000,d)nonlinear(d,0.1139,0.0000,40.6533,d)rotateFromBiaxial(d,0.1139,0.0000,d)nonlinear(6,0.0000,0.0000,27.6888,d)linear(0,0,0,204.7211,d)rotate(-0.1078)
44712,0,40,27.7036,27.7067,init()rotateIntoBiaxial(d,0.5783,0.0000,d)nonlinear(d,0.5783,0.0000,300.0000,d)rotateFromBiaxial(d,0.5783,0.0000,d)nonlinear(6,0.0000,0.0000,0.3513,d)rotateIntoBiaxial(d,40.4429,0.0000,d)nonlinear(d,40.4429,0.0000,100.0000,d)rotateFromBiaxial(d,40.4429,0.0000,d)rotate(179.8949)rotateIntoBiaxial(d,139.7299,0.0000,d)nonlinear(d,139.7299,0.0000,300.0000,d)rotateFromBiaxial(d,139.7299,0.0000,d)nonlinear(6,0.0000,0.0000,39.1331,d)rotate(-59.9548)rotateIntoBiaxial(d,0.0059,0.0000,d)nonlinear(d,0.0059,0.0000,50.0000,d)rotateFromBiaxial(d,0.0059,0.0000,d)linear(0,0,0,104.0623,d)rotate(0.5285)rotateIntoBiaxial(d,4.1336,0.0000,d)nonlinear(d,4.1336,0.0000,2.7084,d)rotateFromBiaxial(d,4.1336,0.0000,d)nonlinear(6,0.0000,0.0000,4.0055,d)linear(0,0,0,9.9365,d)rotate(-30.6471)rotateIntoBiaxial(d,0.0618,0.0000,d)nonlinear(d,0.0618,0.0000,40.6342,d)rotateFromBiaxial(d,0.0618,0.0000,d)nonlinear(6,0.0000,0.0000,27.0426,d)linear(0,0,0,191.5804,d)rotate(-0.0830)
44758,0,40,27.7067,27.7067,init()rotateIntoBiaxial(d,0.5812,0.0000,d)nonlinear(d,0.5812,0.0000,300.0000,d)rotateFromBiaxial(d,0.5812,0.0000,d)nonlinear(6,0.0000,0.0000,0.0013,d)rotateIntoBiaxial(d,40.4433,0.0000,d)nonlinear(d,40.4433,0.0000,100.0000,d)rotateFromBiaxial(d,40.4433,0.0000,d)rotate(179.9411)rotateIntoBiaxial(d,139.7291,0.0000,d)nonlinear(d,139.7291,0.0000,300.0000,d)rotateFromBiaxial(d,139.7291,0.0000,d)nonlinear(6,0.0000,0.0000,38.8658,d)rotate(-59.4446)rotateIntoBiaxial(d,0.0029,0.0000,d)nonlinear(d,0.0029,0.0000,50.0000,d)rotateFromBiaxial(d,0.0029,0.0000,d)linear(0,0,0,100.8939,d)rotate(0.9834)rotateIntoBiaxial(d,3.9205,0.0000,d)nonlinear(d,3.9205,0.0000,3.1798,d)rotateFromBiaxial(d,3.9205,0.0000,d)nonlinear(6,0.0000,0.0000,3.8430,d)linear(0,0,0,16.0828,d)rotate(-29.7514)rotateIntoBiaxial(d,0.0044,0.0000,d)nonlinear(d,0.0044,0.0000,41.4526,d)rotateFromBiaxial(d,0.0044,0.0000,d)nonlinear(6,0.0000,0.0000,27.6076,d)linear(0,0,0,188.2213,d)rotate(-0.1103)
44804,0,40,27.7125,27.7067,init()rotateIntoBiaxial(d,0.5662,0.0000,d)nonlinear(d,0.5662,0.0000,300.0000,d)rotateFromBiaxial(d,0.5662,0.0000,d)nonlinear(6,0.0000,0.0000,0.0751,d)rotateIntoBiaxial(d,40.4454,0.0000,d)nonlinear(d,40.4454,0.0000,100.0000,d)rotateFromBiaxial(d,40.4454,0.0000,d)rotate(179.9087)rotateIntoBiaxial(d,139.7281,0.0000,d)nonlinear(d,139.7281,0.0000,300.0000,d)rotateFromBiaxial(d,139.7281,0.0000,d)nonlinear(6,0.0000,0.0000,38.6568,d)rotate(-59.2604)rotateIntoBiaxial(d,0.0114,0.0000,d)nonlinear(d,0.0114,0.0000,50.0000,d)rotateFromBiaxial(d,0.0114,0.0000,d)linear(0,0,0,97.6836,d)rotate(0.4937)rotateIntoBiaxial(d,3.6838,0.0000,d)nonlinear(d,3.6838,0.0000,3.1671,d)rotateFromBiaxial(d,3.6838,0.0000,d)nonlinear(6,0.0000,0.0000,4.1540,d)linear(0,0,0,16.7923,d)rotate(-33.9153)rotateIntoBiaxial(d,0.0622,0.0000,d)nonlinear(d,0.0622,0.0000,42.1070,d)rotateFromBiaxial(d,0.0622,0.0000,d)nonlinear(6,0.0000,0.0000,26.8826,d)linear(0,0,0,185.7061,d)rotate(-0.1264)
44850,0,40,27.7122,27.7067,init()rotateIntoBiaxial(d,0.5940,0.0000,d)nonlinear(d,0.5940,0.0000,300.0000,d)rotateFromBiaxial(d,0.5940,0.0000,d)nonlinear(6,0.0000,0.0000,0.0635,d)rotateIntoBiaxial(d,40.4458,0.0000,d)nonlinear(d,40.4458,0.0000,100.0000,d)rotateFromBiaxial(d,40.4458,0.0000,d)rotate(179.8918)rotateIntoBiaxial(d,139.7285,0.0000,d)nonlinear(d,139.7285,0.0000,300.0000,d)rotateFromBiaxial(d,139.7285,0.0000,d)nonlinear(6,0.0000,0.0000,38.7896,d)rotate(-59.1311)rotateIntoBiaxial(d,0.0512,0.0000,d)nonlinear(d,0.0512,0.0000,50.0000,d)rotateFromBiaxial(d,0.0512,0.0000,d)nonlinear(6,0.0000,0.0000,0.4864,d)linear(0,0,0,95.2482,d)rotate(0.8173)rotateIntoBiaxial(d,3.7241,0.0000,d)nonlinear(d,3.7241,0.0000,2.4395,d)rotateFromBiaxial(d,3.7241,0.0000,d)nonlinear(6,0.0000,0.0000,4.0264,d)linear(0,0,0,8.3729,d)rotate(-32.9279)rotateIntoBiaxial(d,0.0000,0.0000,d)nonlinear(d,0.0000,0.0000,41.5879,d)rotateFromBiaxial(d,0.0000,0.0000,d)nonlinear(6,0.0000,0.0000,26.6126,d)linear(0,0,0,183.9246,d)rotate(-0.0614)
44896,0,40,27.7174,27.7067,init()rotateIntoBiaxial(d,0.5978,0.0000,d)nonlinear(d,0.5978,0.0000,300.0000,d)rotateFromBiaxial(d,0.5978,0.0000,d)nonlinear(6,0.0000,0.0000,0.0030,d)rotateIntoBiaxial(d,40.4474,0.0000,d)nonlinear(d,40.4474,0.0000,100.0000,d)rotateFromBiaxial(d,40.4474,0.0000,d)rotate(179.9201)rotateIntoBiaxial(d,139.7275,0.0000,d)nonlinear(d,139.7275,0.0000,300.0000,d)rotateFromBiaxial(d,139.7275,0.0000,d)nonlinear(6,0.0000,0.0000,39.3267,d)rotate(-58.3626)rotateIntoBiaxial(d,0.0003,0.0000,d)nonlinear(d,0.0003,0.0000,50.0000,d)rotateFromBiaxial(d,0.0003,0.0000,d)linear(0,0,0,91.6006,d)rotate(0.4463)rotateIntoBiaxial(d,3.8740,0.0000,d)nonlinear(d,3.8740,0.0000,2.6957,d)rotateFromBiaxial(d,3.8740,0.0000,d)nonlinear(6,0.0000,0.0000,3.8374,d)linear(0,0,0,16.7564,d)rotate(-32.6479)rotateIntoBiaxial(d,0.0909,0.0000,d)nonlinear(d,0.0909,0.0000,40.9768,d)rotateFromBiaxial(d,0.0909,0.0000,d)nonlinear(6,0.0000,0.0000,26.4650,d)linear(0,0,0,187.1539,d)rotate(-0.0593)
44942,0,40,27.7096,27.7067,init()rotateIntoBiaxial(d,0.5688,0.0000,d)nonlinear(d,0.5688,0.0000,300.0000,d)rotateFromBiaxial(d,0.5688,0.0000,d)nonlinear(6,0.0000,0.0000,0.0364,d)rotateIntoBiaxial(d,40.4445,0.0000,d)nonlinear(d,40.4445,0.0000,100.0000,d)rotateFromBiaxial(d,40.4445,0.0000,d)rotate(179.9120)rotateIntoBiaxial(d,139.7291,0.0000,d)nonlinear(d,139.7291,0.0000,300.0000,d)rotateFromBiaxial(d,139.7291,0.0000,d)nonlinear(6,0.0000,0.0000,38.4614,d)rotate(-58.7647)rotateIntoBiaxial(d,0.0158,0.0000,d)nonlinear(d,0.0158,0.0000,50.0000,d)rotateFromBiaxial(d,0.0158,0.0000,d)nonlinear(6,0.0000,0.0000,0.1654,d)linear(0,0,0,93.0095,d)rotate(0.4808)rotateIntoBiaxial(d,4.1541,0.0000,d)nonlinear(d,4.1541,0.0000,2.8251,d)rotateFromBiaxial(d,4.1541,0.0000,d)nonlinear(6,0.0000,0.0000,4.5240,d)linear(0,0,0,17.2005,d)rotate(-32.5411)rotateIntoBiaxial(d,0.0131,0.0000,d)nonlinear(d,0.0131,0.0000,40.9201,d)rotateFromBiaxial(d,0.0131,0.0000,d)nonlinear(6,0.0000,0.0000,26.7008,d)linear(0,0,0,193.4938,d)rotate(-0.0867)
44988,0,40,27.7057,27.7057,init()rotateIntoBiaxial(d,0.6132,0.0000,d)nonlinear(d,0.6132,0.0000,300.0000,d)rotateFromBiaxial(d,0.6132,0.0000,d)nonlinear(6,0.0000,0.0000,0.0113,d)rotateIntoBiaxial(d,40.4424,0.0000,d)nonlinear(d,40.4424,0.0000,100.0000,d)rotateFromBiaxial(d,40.4424,0.0000,d)rotate(179.9430)rotateIntoBiaxial(d,139.7294,0.0000,d)nonlinear(d,139.7294,0.0000,300.0000,d)rotateFromBiaxial(d,139.7294,0.0000,d)nonlinear(6,0.0000,0.0000,38.4311,d)rotate(-58.7826)rotateIntoBiaxial(d,0.0019,0.0000,d)nonlinear(d,0.0019,0.0000,50.0000,d)rotateFromBiaxial(d,0.0019,0.0000,d)nonlinear(6,0.0000,0.0000,0.8557,d)linear(0,0,0,99.7574,d)rotate(0.5947)rotateIntoBiaxial(d,3.8098,0.0000,d)nonlinear(d,3.8098,0.0000,2.9636,d)rotateFromBiaxial(d,3.8098,0.0000,d)nonlinear(6,0.0000,0.0000,3.7042,d)linear(0,0,0,9.2295,d)rotate(-31.3626)rotateIntoBiaxial(d,0.1541,0.0000,d)nonlinear(d,0.1541,0.0000,41.4685,d)rotateFromBiaxial(d,0.1541,0.0000,d)nonlinear(6,0.0000,0.0000,27.0453,d)linear(0,0,0,184.5812,d)rotate(-0.0507)
45034,0,40,27.7050,27.7057,init()rotateIntoBiaxial(d,0.5853,0.0000,d)nonlinear(d,0.5853,0.0000,300.0000,d)rotateFromBiaxial(d,0.5853,0.0000,d)nonlinear(6,0.0000,0.0000,0.1246,d)rotateIntoBiaxial(d,40.4421,0.0000,d)nonlinear(d,40.4421,0.0000,100.0000,d)rotateFromBiaxial(d,40.4421,0.0000,d)rotate(179.9366)rotateIntoBiaxial(d,139.7291,0.0000,d)nonlinear(d,139.7291,0.0000,300.0000,d)rotateFromBiaxial(d,139.7291,0.0000,d)nonlinear(6,0.0000,0.0000,38.1504,d)rotate(-59.6565)rotateIntoBiaxial(d,0.0032,0.0000,d)nonlinear(d,0.0032,0.0000,50.0000,d)rotateFromBiaxial(d,0.0032,0.0000,d)linear(0,0,0,91.8264,d)rotate(0.2343)rotateIntoBiaxial(d,3.6504,0.0000,d)nonlinear(d,3.6504,0.0000,3.7512,d)rotateFromBiaxial(d,3.6504,0.0000,d)nonlinear(6,0.0000,0.0000,3.8016,d)linear(0,0,0,14.2339,d)rotate(-33.0936)rotateIntoBiaxial(d,0.0857,0.0000,d)nonlinear(d,0.0857,0.0000,41.8049,d)rotateFromBiaxial(d,0.0857,0.0000,d)nonlinear(6,0.0000,0.0000,26.0626,d)linear(0,0,0,190.3532,d)rotate(-0.0603)
45080,0,40,27.7021,27.7057,init()rotateIntoBiaxial(d,0.5716,0.0000,d)nonlinear(d,0.5716,0.0000,300.0000,d)rotateFromBiaxial(d,0.5716,0.0000,d)nonlinear(6,0.0000,0.0000,0.0246,d)rotateIntoBiaxial(d,40.4424,0.0000,d)nonlinear(d,40.4424,0.0000,100.0000,d)rotateFromBiaxial(d,40.4424,0.0000,d)rotate(179.9667)rotateIntoBiaxial(d,139.7295,0.0000,d)nonlinear(d,139.7295,0.0000,300.0000,d)rotateFromBiaxial(d,139.7295,0.0000,d)nonlinear(6,0.0000,0.0000,38.3731,d)linear(0,0,0,4.8759,d)rotate(-60.1761)rotateIntoBiaxial(d,0.0000,0.0000,d)nonlinear(d,0.0000,0.0000,50.0000,d)rotateFromBiaxial(d,0.0000,0.0000,d)linear(0,0,0,97.5112,d)rotate(0.5284)rotateIntoBiaxial(d,4.4254,0.0000,d)nonlinear(d,4.4254,0.0000,3.5576,d)rotateFromBiaxial(d,4.4254,0.0000,d)nonlinear(6,0.0000,0.0000,4.3522,d)linear(0,0,0,10.1798,d)rotate(-31.1445)rotateIntoBiaxial(d,0.0547,0.0000,d)nonlinear(d,0.0547,0.0000,41.3522,d)rotateFromBiaxial(d,0.0547,0.0000,d)nonlinear(6,0.0000,0.0000,25.7322,d)linear(0,0,0,193.9474,d)rotate(-0.0644)
45126,0,40,27.6976,27.7057,init()rotateIntoBiaxial(d,0.5388,0.0000,d)nonlinear(d,0.5388,0.0000,300.0000,d)rotateFromBiaxial(d,0.5388,0.0000,d)nonlinear(6,0.0000,0.0000,0.1245,d)rotateIntoBiaxial(d,40.4395,0.0000,d)nonlinear(d,40.4395,0.0000,100.0000,d)rotateFromBiaxial(d,40.4395,0.0000,d)rotate(179.9708)rotateIntoBiaxial(d,139.7304,0.0000,d)nonlinear(d,139.7304,0.0000,300.0000,d)rotateFromBiaxial(d,139.7304,0.0000,d)nonlinear(6,0.0000,0.0000,37.9224,d)rotate(-59.0204)rotateIntoBiaxial(d,0.0391,0.0000,d)nonlinear(d,0.0391,0.0000,50.0000,d)rotateFromBiaxial(d,0.0391,0.0000,d)linear(0,0,0,100.4031,d)rotate(0.2479)rotateIntoBiaxial(d,3.9578,0.0000,d)nonlinear(d,3.9578,0.0000,3.5136,d)rotateFromBiaxial(d,3.9578,0.0000,d)nonlinear(6,0.0000,0.0000,3.9874,d)linear(0,0,0,4.9312,d)rotate(-31.2913)rotateIntoBiaxial(d,0.0040,0.0000,d)nonlinear(d,0.0040,0.0000,40.4779,d)rotateFromBiaxial(d,0.0040,0.0000,d)nonlinear(6,0.0000,0.0000,26.6373,d)linear(0,0,0,188.3310,d)rotate(-0.0626)
45172,0,40,27.7097,27.7057,init()rotateIntoBiaxial(d,0.6067,0.0000,d)nonlinear(d,0.6067,0.0000,300.0000,d)rotateFromBiaxial(d,0.6067,0.0000,d)nonlinear(6,0.0000,0.0000,0.2446,d)rotateIntoBiaxial(d,40.4442,0.0000,d)nonlinear(d,40.4442,0.0000,100.0000,d)rotateFromBiaxial(d,40.4442,0.0000,d)nonlinear(6,0.0000,0.0000,0.0578,d)rotate(179.9747)rotateIntoBiaxial(d,139.7286,0.0000,d)nonlinear(d,139.7286,0.0000,300.0000,d)rotateFromBiaxial(d,139.7286,0.0000,d)nonlinear(6,0.0000,0.0000,38.4339,d)rotate(-58.7508)rotateIntoBiaxial(d,0.0691,0.0000,d)nonlinear(d,0.0691,0.0000,50.0000,d)rotateFromBiaxial(d,0.0691,0.0000,d)linear(0,0,0,98.2047,d)rotate(0.5015)rotateIntoBiaxial(d,4.5732,0.0000,d)nonlinear(d,4.5732,0.0000,3.6993,d)rotateFromBiaxial(d,4.5732,0.0000,d)nonlinear(6,0.0000,0.0000,3.5398,d)linear(0,0,0,21.1380,d)rotate(-31.6134)rotateIntoBiaxial(d,0.0047,0.0000,d)nonlinear(d,0.0047,0.0000,40.6794,d)rotateFromBiaxial(d,0.0047,0.0000,d)nonlinear(6,0.0000,0.0000,27.0273,d)linear(0,0,0,193.0752,d)rotate(-0.0782)
45218,0,40,27.7037,27.7057,init()rotateIntoBiaxial(d,0.5820,0.0000,d)nonlinear(d,0.5820,0.0000,300.0000,d)rotateFromBiaxial(d,0.5820,0.0000,d)nonlinear(6,0.0000,0.0000,0.2836,d)rotateIntoBiaxial(d,40.4421,0.0000,d)nonlinear(d,40.4421,0.0000,100.0000,d)rotateFromBiaxial(d,40.4421,0.0000,d)rotate(179.9649)rotateIntoBiaxial(d,139.7294,0.0000,d)nonlinear(d,139.7294,0.0000,300.0000,d)rotateFromBiaxial(d,139.7294,0.0000,d)nonlinear(6,0.0000,0.0000,38.9916,d)rotate(-59.4734)rotateIntoBiaxial(d,0.0005,0.0000,d)nonlinear(d,0.0005,0.0000,50.0000,d)rotateFromBiaxial(d,0.0005,0.0000,d)linear(0,0,0,102.0307,d)rotate(0.7042)rotateIntoBiaxial(d,4.0863,0.0000,d)nonlinear(d,4.0863,0.0000,3.1583,d)rotateFromBiaxial(d,4.0863,0.0000,d)nonlinear(6,0.0000,0.0000,3.9967,d)linear(0,0,0,19.3813,d)rotate(-32.1473)rotateIntoBiaxial(d,0.1314,0.0000,d)nonlinear(d,0.1314,0.0000,41.1389,d)rotateFromBiaxial(d,0.1314,0.0000,d)nonlinear(6,0.0000,0.0000,27.1376,d)linear(0,0,0,192.5420,d)rotate(-0.0731)
45264,0,40,27.7045,27.7057,init()rotateIntoBiaxial(d,0.5842,0.0000,d)nonlinear(d,0.5842,0.0000,300.0000,d)rotateFromBiaxial(d,0.5842,0.0000,d)nonlinear(6,0.0000,0.0000,0.0810,d)rotateIntoBiaxial(d,40.4428,0.0000,d)nonlinear(d,40.4428,0.0000,100.0000,d)rotateFromBiaxial(d,40.4428,0.0000,d)rotate(179.9185)rotateIntoBiaxial(d,139.7294,0.0000,d)nonlinear(d,139.7294,0.0000,300.0000,d)rotateFromBiaxial(d,139.7294,0.0000,d)nonlinear(6,0.0000,0.0000,38.9583,d)linear(0,0,0,2.9556,d)rotate(-59.0809)rotateIntoBiaxial(d,0.0432,0.0000,d)nonlinear(d,0.0432,0.0000,50.0000,d)rotateFromBiaxial(d,0.0432,0.0000,d)linear(0,0,0,97.2907,d)rotate(0.7341)rotateIntoBiaxial(d,4.0703,0.0000,d)nonlinear(d,4.0703,0.0000,2.5909,d)rotateFromBiaxial(d,4.0703,0.0000,d)nonlinear(6,0.0000,0.0000,3.7594,d)linear(0,0,0,9.5982,d)rotate(-32.6659)rotateIntoBiaxial(d,0.1280,0.0000,d)nonlinear(d,0.1280,0.0000,41.1181,d)rotateFromBiaxial(d,0.1280,0.0000,d)nonlinear(6,0.0000,0.0000,25.9622,d)linear(0,0,0,191.6914,d)rotate(-0.0798)
45310,0,40,27.7125,27.7057,init()rotateIntoBiaxial(d,0.6191,0.0000,d)nonlinear(d,0.6191,0.0000,300.0000,d)rotateFromBiaxial(d,0.6191,0.0000,d)nonlinear(6,0.0000,0.0000,0.1976,d)rotateIntoBiaxial(d,40.4458,0.0000,d)nonlinear(d,40.4458,0.0000,100.0000,d)rotateFromBiaxial(d,40.4458,0.0000,d)rotate(179.9232)rotateIntoBiaxial(d,139.7285,0.0000,d)nonlinear(d,139.7285,0.0000,300.0000,d)rotateFromBiaxial(d,139.7285,0.0000,d)nonlinear(6,0.0000,0.0000,38.6583,d)rotate(-58.6852)rotateIntoBiaxial(d,0.0209,0.0000,d)nonlinear(d,0.0209,0.0000,50.0000,d)rotateFromBiaxial(d,0.0209,0.0000,d)linear(0,0,0,89.7923,d)rotate(0.3189)rotateIntoBiaxial(d,4.2676,0.0000,d)nonlinear(d,4.2676,0.0000,3.5459,d)rotateFromBiaxial(d,4.2676,0.0000,d)nonlinear(6,0.0000,0.0000,4.1147,d)linear(0,0,0,15.5479,d)rotate(-33.1676)rotateIntoBiaxial(d,0.1267,0.0000,d)nonlinear(d,0.1267,0.0000,40.7778,d)rotateFromBiaxial(d,0.1267,0.0000,d)nonlinear(6,0.0000,0.0000,27.1392,d)linear(0,0,0,192.1291,d)rotate(-0.0312)
45356,0,40,27.7116,27.7116,init()rotateIntoBiaxial(d,0.5818,0.0000,d)nonlinear(d,0.5818,0.0000,300.0000,d)rotateFromBiaxial(d,0.5818,0.0000,d)nonlinear(6,0.0000,0.0000,0.0010,d)rotateIntoBiaxial(d,40.4447,0.0000,d)nonlinear(d,40.4447,0.0000,100.0000,d)rotateFromBiaxial(d,40.4447,0.0000,d)rotate(179.9086)rotateIntoBiaxial(d,139.7286,0.0000,d)nonlinear(d,139.7286,0.0000,300.0000,d)rotateFromBiaxial(d,139.7286,0.0000,d)nonlinear(6,0.0000,0.0000,38.6425,d)rotate(-58.5877)rotateIntoBiaxial(d,0.0394,0.0000,d)nonlinear(d,0.0394,0.0000,50.0000,d)rotateFromBiaxial(d,0.0394,0.0000,d)linear(0,0,0,95.5187,d)rotate(0.0194)rotateIntoBiaxial(d,3.9437,0.0000,d)nonlinear(d,3.9437,0.0000,3.0955,d)rotateFromBiaxial(d,3.9437,0.0000,d)nonlinear(6,0.0000,0.0000,3.4261,d)linear(0,0,0,18.5702,d)rotate(-32.3258)rotateIntoBiaxial(d,0.0047,0.0000,d)nonlinear(d,0.0047,0.0000,41.3254,d)rotateFromBiaxial(d,0.0047,0.0000,d)nonlinear(6,0.0000,0.0000,27.5591,d)linear(0,0,0,203.5714,d)rotate(-0.0598)
45402,0,40,27.7065,27.7116,init()rotateIntoBiaxial(d,0.5632,0.0000,d)nonlinear(d,0.5632,0.0000,300.0000,d)rotateFromBiaxial(d,0.5632,0.0000,d)nonlinear(6,0.0000,0.0000,0.0683,d)rotateIntoBiaxial(d,40.4439,0.0000,d)nonlinear(d,40.4439,0.0000,100.0000,d)rotateFromBiaxial(d,40.4439,0.0000,d)rotate(179.9238)rotateIntoBiaxial(d,139.7294,0.0000,d)nonlinear(d,139.7294,0.0000,300.0000,d)rotateFromBiaxial(d,139.7294,0.0000,d)nonlinear(6,0.0000,0.0000,38.7655,d)rotate(-59.5624)rotateIntoBiaxial(d,0.0109,0.0000,d)nonlinear(d,0.0109,0.0000,50.0000,d)rotateFromBiaxial(d,0.0109,0.0000,d)linear(0,0,0,96.5953,d)rotate(0.8467)rotateIntoBiaxial(d,3.9222,0.0000,d)nonlinear(d,3.9222,0.0000,2.4408,d)rotateFromBiaxial(d,3.9222,0.0000,d)nonlinear(6,0.0000,0.0000,3.7504,d)linear(0,0,0,10.8502,d)rotate(-33.8482)rotateIntoBiaxial(d,0.0110,0.0000,d)nonlinear(d,0.0110,0.0000,40.2118,d)rotateFromBiaxial(d,0.0110,0.0000,d)nonlinear(6,0.0000,0.0000,27.2990,d)linear(0,0,0,182.0674,d)rotate(-0.1023)
45448,0,40,27.6997,27.7116,init()rotateIntoBiaxial(d,0.5463,0.0000,d)nonlinear(d,0.5463,0.0000,300.0000,d)rotateFromBiaxial(d,0.5463,0.0000,d)nonlinear(6,0.0000,0.0000,0.1133,d)rotateIntoBiaxial(d,40.4404,0.0000,d)nonlinear(d,40.4404,0.0000,100.0000,d)rotateFromBiaxial(d,40.4404,0.0000,d)rotate(179.9391)rotateIntoBiaxial(d,139.7301,0.0000,d)nonlinear(d,139.7301,0.0000,300.0000,d)rotateFromBiaxial(d,139.7301,0.0000,d)nonlinear(6,0.0000,0.0000,38.9599,d)rotate(-58.9498)rotateIntoBiaxial(d,0.0936,0.0000,d)nonlinear(d,0.0936,0.0000,50.0000,d)rotateFromBiaxial(d,0.0936,0.0000,d)linear(0,0,0,92.5101,d)rotate(0.5122)rotateIntoBiaxial(d,3.7825,0.0000,d)nonlinear(d,3.7825,0.0000,2.7532,d)rotateFromBiaxial(d,3.7825,0.0000,d)nonlinear(6,0.0000,0.0000,3.9316,d)linear(0,0,0,13.9941,d)rotate(-32.8962)rotateIntoBiaxial(d,0.0001,0.0000,d)nonlinear(d,0.0001,0.0000,40.1682,d)rotateFromBiaxial(d,0.0001,0.0000,d)nonlinear(6,0.0000,0.0000,25.9987,d)linear(0,0,0,180.3022,d)rotate(-0.0835)
45494,0,40,27.7027,27.7116,init()rotateIntoBiaxial(d,0.5441,0.0000,d)nonlinear(d,0.5441,0.0000,300.0000,d)rotateFromBiaxial(d,0.5441,0.0000,d)nonlinear(6,0.0000,0.0000,0.2265,d)rotateIntoBiaxial(d,40.4412,0.0000,d)nonlinear(d,40.4412,0.0000,100.0000,d)rotateFromBiaxial(d,40.4412,0.0000,d)rotate(179.9352)rotateIntoBiaxial(d,139.7296,0.0000,d)nonlinear(d,139.7296,0.0000,300.0000,d)rotateFromBiaxial(d,139.7296,0.0000,d)nonlinear(6,0.0000,0.0000,39.2421,d)rotate(-58.5314)rotateIntoBiaxial(d,0.0066,0.0000,d)nonlinear(d,0.0066,0.0000,50.0000,d)rotateFromBiaxial(d,0.0066,0.0000,d)linear(0,0,0,95.7016,d)rotate(0.7190)rotateIntoBiaxial(d,3.6087,0.0000,d)nonlinear(d,3.6087,0.0000,2.7506,d)rotateFromBiaxial(d,3.6087,0.0000,d)nonlinear(6,0.0000,0.0000,3.9720,d)linear(0,0,0,9.9899,d)rotate(-33.8544)rotateIntoBiaxial(d,0.0450,0.0000,d)nonlinear(d,0.0450,0.0000,41.1989,d)rotateFromBiaxial(d,0.0450,0.0000,d)nonlinear(6,0.0000,0.0000,27.3448,d)linear(0,0,0,185.6768,d)rotate(-0.0628)
45540,0,40,27.7135,27.7116,init()rotateIntoBiaxial(d,0.5696,0.0000,d)nonlinear(d,0.5696,0.0000,300.0000,d)rotateFromBiaxial(d,0.5696,0.0000,d)nonlinear(6,0.0000,0.0000,0.0267,d)rotateIntoBiaxial(d,40.4460,0.0000,d)nonlinear(d,40.4460,0.0000,100.0000,d)rotateFromBiaxial(d,40.4460,0.0000,d)rotate(179.9438)rotateIntoBiaxial(d,139.7282,0.0000,d)nonlinear(d,139.7282,0.0000,300.0000,d)rotateFromBiaxial(d,139.7282,0.0000,d)nonlinear(6,0.0000,0.0000,38.7971,d)rotate(-59.2538)rotateIntoBiaxial(d,0.0022,0.0000,d)nonlinear(d,0.0022,0.0000,50.0000,d)rotateFromBiaxial(d,0.0022,0.0000,d)linear(0,0,0,91.5762,d)rotate(0.6917)rotateIntoBiaxial(d,3.9400,0.0000,d)nonlinear(d,3.9400,0.0000,3.4556,d)rotateFromBiaxial(d,3.9400,0.0000,d)nonlinear(6,0.0000,0.0000,3.8480,d)linear(0,0,0,9.9628,d)rotate(-32.4262)rotateIntoBiaxial(d,0.1642,0.0000,d)nonlinear(d,0.1642,0.0000,40.5522,d)rotateFromBiaxial(d,0.1642,0.0000,d)nonlinear(6,0.0000,0.0000,25.9642,d)linear(0,0,0,180.9375,d)rotate(-0.0786)
45586,0,40,27.7115,27.7116,init()rotateIntoBiaxial(d,0.6085,0.0000,d)nonlinear(d,0.6085,0.0000,300.0000,d)rotateFromBiaxial(d,0.6085,0.0000,d)nonlinear(6,0.0000,0.0000,0.2347,d)rotateIntoBiaxial(d,40.4456,0.0000,d)nonlinear(d,40.4456,0.0000,100.0000,d)rotateFromBiaxial(d,40.4456,0.0000,d)rotate(179.8955)rotateIntoBiaxial(d,139.7284,0.0000,d)nonlinear(d,139.7284,0.0000,300.0000,d)rotateFromBiaxial(d,139.7284,0.0000,d)nonlinear(6,0.0000,0.0000,38.6320,d)rotate(-60.1416)rotateIntoBiaxial(d,0.0357,0.0000,d)nonlinear(d,0.0357,0.0000,50.0000,d)rotateFromBiaxial(d,0.0357,0.0000,d)linear(0,0,0,94.7670,d)rotate(0.5505)rotateIntoBiaxial(d,4.0345,0.0000,d)nonlinear(d,4.0345,0.0000,2.8153,d)rotateFromBiaxial(d,4.0345,0.0000,d)nonlinear(6,0.0000,0.0000,3.5153,d)linear(0,0,0,25.8999,d)rotate(-32.2604)rotateIntoBiaxial(d,0.1702,0.0000,d)nonlinear(d,0.1702,0.0000,40.1148,d)rotateFromBiaxial(d,0.1702,0.0000,d)nonlinear(6,0.0000,0.0000,25.9839,d)linear(0,0,0,187.6923,d)rotate(-0.0533)
45632,0,40,27.7086,27.7116,init()rotateIntoBiaxial(d,0.6201,0.0000,d)nonlinear(d,0.6201,0.0000,300.0000,d)rotateFromBiaxial(d,0.6201,0.0000,d)nonlinear(6,0.0000,0.0000,0.0140,d)rotateIntoBiaxial(d,40.4440,0.0000,d)nonlinear(d,40.4440,0.0000,100.0000,d)rotateFromBiaxial(d,40.4440,0.0000,d)rotate(179.9714)rotateIntoBiaxial(d,139.7294,0.0000,d)nonlinear(d,139.7294,0.0000,300.0000,d)rotateFromBiaxial(d,139.7294,0.0000,d)nonlinear(6,0.0000,0.0000,37.8403,d)rotate(-59.0556)rotateIntoBiaxial(d,0.0065,0.0000,d)nonlinear(d,0.0065,0.0000,50.0000,d)rotateFromBiaxial(d,0.0065,0.0000,d)linear(0,0,0,91.2298,d)rotate(0.4770)rotateIntoBiaxial(d,4.1307,0.0000,d)nonlinear(d,4.1307,0.0000,3.6171,d)rotateFromBiaxial(d,4.1307,0.0000,d)nonlinear(6,0.0000,0.0000,3.8525,d)linear(0,0,0,11.4906,d)rotate(-31.6104)rotateIntoBiaxial(d,0.0005,0.0000,d)nonlinear(d,0.0005,0.0000,39.9592,d)rotateFromBiaxial(d,0.0005,0.0000,d)nonlinear(6,0.0000,0.0000,26.3404,d)linear(0,0,0,184.6269,d)rotate(-0.0730)
45678,0,40,27.7110,27.7116,init()rotateIntoBiaxial(d,0.6040,0.0000,d)nonlinear(d,0.6040,0.0000,300.0000,d)rotateFromBiaxial(d,0.6040,0.0000,d)nonlinear(6,0.0000,0.0000,0.0109,d)rotateIntoBiaxial(d,40.4448,0.0000,d)nonlinear(d,40.4448,0.0000,100.0000,d)rotateFromBiaxial(d,40.4448,0.0000,d)rotate(179.9112)rotateIntoBiaxial(d,139.7287,0.0000,d)nonlinear(d,139.7287,0.0000,300.0000,d)rotateFromBiaxial(d,139.7287,0.0000,d)nonlinear(6,0.0000,0.0000,38.7620,d)rotate(-59.0507)rotateIntoBiaxial(d,0.0343,0.0000,d)nonlinear(d,0.0343,0.0000,50.0000,d)rotateFromBiaxial(d,0.0343,0.0000,d)linear(0,0,0,97.9913,d)rotate(0.9037)rotateIntoBiaxial(d,3.8045,0.0000,d)nonlinear(d,3.8045,0.0000,2.9109,d)rotateFromBiaxial(d,3.8045,0.0000,d)nonlinear(6,0.0000,0.0000,3.1082,d)linear(0,0,0,17.1987,d)rotate(-32.0423)rotateIntoBiaxial(d,0.0649,0.0000,d)nonlinear(d,0.0649,0.0000,40.7187,d)rotateFromBiaxial(d,0.0649,0.0000,d)nonlinear(6,0.0000,0.0000,25.1482,d)linear(0,0,0,194.7244,d)rotate(-0.0182)
45724,0,40,27.7145,27.7116,init()rotateIntoBiaxial(d,0.5764,0.0000,d)nonlinear(d,0.5764,0.0000,300.0000,d)rotateFromBiaxial(d,0.5764,0.0000,d)nonlinear(6,0.0000,0.0000,0.0053,d)rotateIntoBiaxial(d,40.4463,0.0000,d)nonlinear(d,40.4463,0.0000,100.0000,d)rotateFromBiaxial(d,40.4463,0.0000,d)rotate(179.9471)rotateIntoBiaxial(d,139.7282,0.0000,d)nonlinear(d,139.7282,0.0000,300.0000,d)rotateFromBiaxial(d,139.7282,0.0000,d)nonlinear(6,0.0000,0.0000,38.3190,d)rotate(-58.9516)rotateIntoBiaxial(d,0.0026,0.0000,d)nonlinear(d,0.0026,0.0000,50.0000,d)rotateFromBiaxial(d,0.0026,0.0000,d)linear(0,0,0,93.5858,d)rotate(0.5500)rotateIntoBiaxial(d,3.7192,0.0000,d)nonlinear(d,3.7192,0.0000,3.3030,d)rotateFromBiaxial(d,3.7192,0.0000,d)nonlinear(6,0.0000,0.0000,3.5330,d)linear(0,0,0,10.9814,d)rotate(-31.8440)rotateIntoBiaxial(d,0.0689,0.0000,d)nonlinear(d,0.0689,0.0000,41.1689,d)rotateFromBiaxial(d,0.0689,0.0000,d)nonlinear(6,0.0000,0.0000,27.2297,d)linear(0,0,0,189.4364,d)rotate(-0.0564)
45770,0,40,27.7117,27.7116,init()rotateIntoBiaxial(d,0.5995,0.0000,d)nonlinear(d,0.5995,0.0000,300.0000,d)rotateFromBiaxial(d,0.5995,0.0000,d)nonlinear(6,0.0000,0.0000,0.0137,d)rotateIntoBiaxial(d,40.4452,0.0000,d)nonlinear(d,40.4452,0.0000,100.0000,d)rotateFromBiaxial(d,40.4452,0.0000,d)rotate(179.9595)rotateIntoBiaxial(d,139.7289,0.0000,d)nonlinear(d,139.7289,0.0000,300.0000,d)rotateFromBiaxial(d,139.7289,0.0000,d)nonlinear(6,0.0000,0.0000,37.8730,d)rotate(-58.2158)rotateIntoBiaxial(d,0.1145,0.0000,d)nonlinear(d,0.1145,0.0000,50.0000,d)rotateFromBiaxial(d,0.1145,0.0000,d)linear(0,0,0,89.4082,d)rotate(0.7068)rotateIntoBiaxial(d,3.6945,0.0000,d)nonlinear(d,3.6945,0.0000,3.2916,d)rotateFromBiaxial(d,3.6945,0.0000,d)nonlinear(6,0.0000,0.0000,3.2281,d)linear(0,0,0,29.7525,d)rotate(-33.1016)rotateIntoBiaxial(d,0.0023,0.0000,d)nonlinear(d,0.0023,0.0000,40.8139,d)rotateFromBiaxial(d,0.0023,0.0000,d)nonlinear(6,0.0000,0.0000,25.7958,d)linear(0,0,0,196.1311,d)rotate(-0.0675)
45816,0,40,27.7070,27.7116,init()rotateIntoBiaxial(d,0.6098,0.0000,d)nonlinear(d,0.6098,0.0000,300.0000,d)rotateFromBiaxial(d,0.6098,0.0000,d)nonlinear(6,0.0000,0.0000,0.0055,d)rotateIntoBiaxial(d,40.4422,0.0000,d)nonlinear(d,40.4422,0.0000,100.0000,d)rotateFromBiaxial(d,40.4422,0.0000,d)rotate(179.9578)rotateIntoBiaxial(d,139.7292,0.0000,d)nonlinear(d,139.7292,0.0000,300.0000,d)rotateFromBiaxial(d,139.7292,0.0000,d)nonlinear(6,0.0000,0.0000,38.3015,d)rotate(-58.4992)rotateIntoBiaxial(d,0.0024,0.0000,d)nonlinear(d,0.0024,0.0000,50.0000,d)rotateFromBiaxial(d,0.0024,0.0000,d)linear(0,0,0,98.8338,d)rotate(0.9194)rotateIntoBiaxial(d,3.6182,0.0000,d)nonlinear(d,3.6182,0.0000,3.4381,d)rotateFromBiaxial(d,3.6182,0.0000,d)nonlinear(6,0.0000,0.0000,3.4250,d)linear(0,0,0,20.6423,d)rotate(-32.5660)rotateIntoBiaxial(d,0.0333,0.0000,d)nonlinear(d,0.0333,0.0000,40.4970,d)rotateFromBiaxial(d,0.0333,0.0000,d)nonlinear(6,0.0000,0.0000,26.4212,d)linear(0,0,0,188.4416,d)
45862,0,40,27.7099,27.7116,init()rotateIntoBiaxial(d,0.5841,0.0000,d)nonlinear(d,0.5841,0.0000,300.0000,d)rotateFromBiaxial(d,0.5841,0.0000,d)nonlinear(6,0.0000,0.0000,0.0227,d)rotateIntoBiaxial(d,40.4441,0.0000,d)nonlinear(d,40.4441,0.0000,100.0000,d)rotateFromBiaxial(d,40.4441,0.0000,d)rotate(179.9798)rotateIntoBiaxial(d,139.7289,0.0000,d)nonlinear(d,139.7289,0.0000,300.0000,d)rotateFromBiaxial(d,139.7289,0.0000,d)nonlinear(6,0.0000,0.0000,38.7065,d)rotate(-58.2997)rotateIntoBiaxial(d,0.0495,0.0000,d)nonlinear(d,0.0495,0.0000,50.0000,d)rotateFromBiaxial(d,0.0495,0.0000,d)linear(0,0,0,95.3180,d)rotate(0.4873)rotateIntoBiaxial(d,3.5724,0.0000,d)nonlinear(d,3.5724,0.0000,3.0450,d)rotateFromBiaxial(d,3.5724,0.0000,d)nonlinear(6,0.0000,0.0000,3.6248,d)linear(0,0,0,20.0119,d)rotate(-32.0375)rotateIntoBiaxial(d,0.0413,0.0000,d)nonlinear(d,0.0413,0.0000,40.6224,d)rotateFromBiaxial(d,0.0413,0.0000,d)nonlinear(6,0.0000,0.0000,27.3545,d)linear(0,0,0,186.3032,d)rotate(-0.0590)
45908,0,40,27.7008,27.7116,init()rotateIntoBiaxial(d,0.5665,0.0000,d)nonlinear(d,0.5665,0.0000,300.0000,d)rotateFromBiaxial(d,0.5665,0.0000,d)nonlinear(6,0.0000,0.0000,0.1324,d)rotate(0.0162)rotateIntoBiaxial(d,40.4405,0.0000,d)nonlinear(d,40.4405,0.0000,100.0000,d)rotateFromBiaxial(d,40.4405,0.0000,d)rotate(179.9741)rotateIntoBiaxial(d,139.7304,0.0000,d)nonlinear(d,139.7304,0.0000,300.0000,d)rotateFromBiaxial(d,139.7304,0.0000,d)nonlinear(6,0.0000,0.0000,38.3847,d)rotate(-58.1522)rotateIntoBiaxial(d,0.0343,0.0000,d)nonlinear(d,0.0343,0.0000,50.0000,d)rotateFromBiaxial(d,0.0343,0.0000,d)linear(0,0,0,92.3053,d)rotate(0.7142)rotateIntoBiaxial(d,3.7735,0.0000,d)nonlinear(d,3.7735,0.0000,3.0333,d)rotateFromBiaxial(d,3.7735,0.0000,d)nonlinear(6,0.0000,0.0000,3.7592,d)linear(0,0,0,28.1171,d)rotate(-34.6530)rotateIntoBiaxial(d,0.0087,0.0000,d)nonlinear(d,0.0087,0.0000,41.3776,d)rotateFromBiaxial(d,0.0087,0.0000,d)nonlinear(6,0.0000,0.0000,26.9177,d)linear(0,0,0,189.5611,d)rotate(-0.0670)
45954,0,40,27.7020,27.7116,init()rotateIntoBiaxial(d,0.5911,0.0000,d)nonlinear(d,0.5911,0.0000,300.0000,d)rotateFromBiaxial(d,0.5911,0.0000,d)nonlinear(6,0.0000,0.0000,0.0187,d)rotateIntoBiaxial(d,40.4408,0.0000,d)nonlinear(d,40.4408,0.0000,100.0000,d)rotateFromBiaxial(d,40.4408,0.0000,d)rotate(179.9936)rotateIntoBiaxial(d,139.7301,0.0000,d)nonlinear(d,139.7301,0.0000,300.0000,d)rotateFromBiaxial(d,139.7301,0.0000,d)nonlinear(6,0.0000,0.0000,38.4502,d)rotate(-58.6597)rotateIntoBiaxial(d,0.0728,0.0000,d)nonlinear(d,0.0728,0.0000,50.0000,d)rotateFromBiaxial(d,0.0728,0.0000,d)linear(0,0,0,95.4445,d)rotate(0.8309)rotateIntoBiaxial(d,3.8741,0.0000,d)nonlinear(d,3.8741,0.0000,3.3527,d)rotateFromBiaxial(d,3.8741,0.0000,d)nonlinear(6,0.0000,0.0000,3.1894,d)linear(0,0,0,22.1450,d)rotate(-33.9396)rotateIntoBiaxial(d,0.0113,0.0000,d)nonlinear(d,0.0113,0.0000,41.0632,d)rotateFromBiaxial(d,0.0113,0.0000,d)nonlinear(6,0.0000,0.0000,26.5548,d)linear(0,0,0,194.6520,d)rotate(-0.0239)
46000,0,40,27.7095,27.7116,init()rotateIntoBiaxial(d,0.6383,0.0000,d)nonlinear(d,0.6383,0.0000,300.0000,d)rotateFromBiaxial(d,0.6383,0.0000,d)nonlinear(6,0.0000,0.0000,0.0363,d)rotateIntoBiaxial(d,40.4442,0.0000,d)nonlinear(d,40.4442,0.0000,100.0000,d)rotateFromBiaxial(d,40.4442,0.0000,d)rotate(179.9841)rotateIntoBiaxial(d,139.7291,0.0000,d)nonlinear(d,139.7291,0.0000,300.0000,d)rotateFromBiaxial(d,139.7291,0.0000,d)nonlinear(6,0.0000,0.0000,38.2163,d)rotate(-58.1718)rotateIntoBiaxial(d,0.0064,0.0000,d)nonlinear(d,0.0064,0.0000,50.0000,d)rotateFromBiaxial(d,0.0064,0.0000,d)linear(0,0,0,94.8124,d)rotate(0.7245)rotateIntoBiaxial(d,3.8080,0.0000,d)nonlinear(d,3.8080,0.0000,3.5287,d)rotateFromBiaxial(d,3.8080,0.0000,d)nonlinear(6,0.0000,0.0000,3.7315,d)linear(0,0,0,22.7178,d)rotate(-31.7007)rotateIntoBiaxial(d,0.0177,0.0000,d)nonlinear(d,0.0177,0.0000,40.4321,d)rotateFromBiaxial(d,0.0177,0.0000,d)nonlinear(6,0.0000,0.0000,27.0794,d)linear(0,0,0,194.9875,d)rotate(-0.0268)
46046,0,40,27.7113,27.7116,init()rotateIntoBiaxial(d,0.6470,0.0000,d)nonlinear(d,0.6470,0.0000,300.0000,d)rotateFromBiaxial(d,0.6470,0.0000,d)nonlinear(6,0.0000,0.0000,0.0096,d)rotateIntoBiaxial(d,40.4441,0.0000,d)nonlinear(d,40.4441,0.0000,100.0000,d)rotateFromBiaxial(d,40.4441,0.0000,d)rotate(179.9801)rotateIntoBiaxial(d,139.7286,0.0000,d)nonlinear(d,139.7286,0.0000,300.0000,d)rotateFromBiaxial(d,139.7286,0.0000,d)nonlinear(6,0.0000,0.0000,37.7298,d)rotate(-57.7851)rotateIntoBiaxial(d,0.0525,0.0000,d)nonlinear(d,0.0525,0.0000,50.0000,d)rotateFromBiaxial(d,0.0525,0.0000,d)linear(0,0,0,96.8794,d)rotate(0.5857)rotateIntoBiaxial(d,3.3682,0.0000,d)nonlinear(d,3.3682,0.0000,3.2477,d)rotateFromBiaxial(d,3.3682,0.0000,d)nonlinear(6,0.0000,0.0000,4.0631,d)linear(0,0,0,22.7303,d)rotate(-33.9922)rotateIntoBiaxial(d,0.0034,0.0000,d)nonlinear(d,0.0034,0.0000,40.8914,d)rotateFromBiaxial(d,0.0034,0.0000,d)nonlinear(6,0.0000,0.0000,26.1750,d)linear(0,0,0,193.1224,d)rotate(-0.0049)
46092,0,40,27.7025,27.7025,init()rotateIntoBiaxial(d,0.5918,0.0000,d)nonlinear(d,0.5918,0.0000,300.0000,d)rotateFromBiaxial(d,0.5918,0.0000,d)nonlinear(6,0.0000,0.0000,0.2324,d)rotateIntoBiaxial(d,40.4409,0.0000,d)nonlinear(d,40.4409,0.0000,100.0000,d)rotateFromBiaxial(d,40.4409,0.0000,d)rotate(179.9790)rotateIntoBiaxial(d,139.7302,0.0000,d)nonlinear(d,139.7302,0.0000,300.0000,d)rotateFromBiaxial(d,139.7302,0.0000,d)nonlinear(6,0.0000,0.0000,37.7071,d)rotate(-58.2879)rotateIntoBiaxial(d,0.0326,0.0000,d)nonlinear(d,0.0326,0.0000,50.0000,d)rotateFromBiaxial(d,0.0326,0.0000,d)linear(0,0,0,95.8520,d)rotate(0.9185)rotateIntoBiaxial(d,3.5779,0.0000,d)nonlinear(d,3.5779,0.0000,3.2257,d)rotateFromBiaxial(d,3.5779,0.0000,d)nonlinear(6,0.0000,0.0000,3.8239,d)linear(0,0,0,22.8431,d)rotate(-33.8212)rotateIntoBiaxial(d,0.0015,0.0000,d)nonlinear(d,0.0015,0.0000,40.4385,d)rotateFromBiaxial(d,0.0015,0.0000,d)nonlinear(6,0.0000,0.0000,26.8358,d)linear(0,0,0,195.3206,d)rotate(-0.0319)
46138,0,40,27.7095,27.7095,init()rotateIntoBiaxial(d,0.5952,0.0000,d)nonlinear(d,0.5952,0.0000,300.0000,d)rotateFromBiaxial(d,0.5952,0.0000,d)nonlinear(6,0.0000,0.0000,0.0692,d)rotate(0.0767)rotateIntoBiaxial(d,40.4438,0.0000,d)nonlinear(d,40.4438,0.0000,100.0000,d)rotateFromBiaxial(d,40.4438,0.0000,d)rotate(179.9865)rotateIntoBiaxial(d,139.7290,0.0000,d)nonlinear(d,139.7290,0.0000,300.0000,d)rotateFromBiaxial(d,139.7290,0.0000,d)nonlinear(6,0.0000,0.0000,37.8912,d)rotate(-58.5212)rotateIntoBiaxial(d,0.0096,0.0000,d)nonlinear(d,0.0096,0.0000,50.0000,d)rotateFromBiaxial(d,0.0096,0.0000,d)linear(0,0,0,97.1038,d)rotate(0.9888)rotateIntoBiaxial(d,3.5916,0.0000,d)nonlinear(d,3.5916,0.0000,3.6692,d)rotateFromBiaxial(d,3.5916,0.0000,d)nonlinear(6,0.0000,0.0000,3.4440,d)linear(0,0,0,23.5774,d)rotate(-33.8596)rotateIntoBiaxial(d,0.0744,0.0000,d)nonlinear(d,0.0744,0.0000,40.3036,d)rotateFromBiaxial(d,0.0744,0.0000,d)nonlinear(6,0.0000,0.0000,25.9300,d)linear(0,0,0,199.7132,d)rotate(-0.0030)
46184,0,40,27.7090,27.7095,init()rotateIntoBiaxial(d,0.6068,0.0000,d)nonlinear(d,0.6068,0.0000,300.0000,d)rotateFromBiaxial(d,0.6068,0.0000,d)nonlinear(6,0.0000,0.0000,0.2411,d)rotateIntoBiaxial(d,40.4440,0.0000,d)nonlinear(d,40.4440,0.0000,100.0000,d)rotateFromBiaxial(d,40.4440,0.0000,d)rotate(179.9835)rotateIntoBiaxial(d,139.7290,0.0000,d)nonlinear(d,139.7290,0.0000,300.0000,d)rotateFromBiaxial(d,139.7290,0.0000,d)nonlinear(6,0.0000,0.0000,37.5035,d)rotate(-58.6989)rotateIntoBiaxial(d,0.0041,0.0000,d)nonlinear(d,0.0041,0.0000,50.0000,d)rotateFromBiaxial(d,0.0041,0.0000,d)linear(0,0,0,90.0827,d)rotate(0.5704)rotateIntoBiaxial(d,3.6320,0.0000,d)nonlinear(d,3.6320,0.0000,3.7900,d)rotateFromBiaxial(d,3.6320,0.0000,d)nonlinear(6,0.0000,0.0000,4.6531,d)linear(0,0,0,23.0926,d)rotate(-32.8176)rotateIntoBiaxial(d,0.0049,0.0000,d)nonlinear(d,0.0049,0.0000,40.7473,d)rotateFromBiaxial(d,0.0049,0.0000,d)nonlinear(6,0.0000,0.0000,27.2924,d)linear(0,0,0,200.8431,d)rotate(-0.0393)
46230,0,40,27.7068,27.7095,init()rotateIntoBiaxial(d,0.6242,0.0000,d)nonlinear(d,0.6242,0.0000,300.0000,d)rotateFromBiaxial(d,0.6242,0.0000,d)nonlinear(6,0.0000,0.0000,0.0660,d)rotateIntoBiaxial(d,40.4432,0.0000,d)nonlinear(d,40.4432,0.0000,100.0000,d)rotateFromBiaxial(d,40.4432,0.0000,d)rotate(179.9845)rotateIntoBiaxial(d,139.7293,0.0000,d)nonlinear(d,139.7293,0.0000,300.0000,d)rotateFromBiaxial(d,139.7293,0.0000,d)nonlinear(6,0.0000,0.0000,37.7677,d)rotate(-58.5061)rotateIntoBiaxial(d,0.0052,0.0000,d)nonlinear(d,0.0052,0.0000,50.0000,d)rotateFromBiaxial(d,0.0052,0.0000,d)linear(0,0,0,96.7051,d)rotate(0.8104)rotateIntoBiaxial(d,3.8284,0.0000,d)nonlinear(d,3.8284,0.0000,2.6672,d)rotateFromBiaxial(d,3.8284,0.0000,d)nonlinear(6,0.0000,0.0000,4.0707,d)linear(0,0,0,27.6792,d)rotate(-32.0290)rotateIntoBiaxial(d,0.1236,0.0000,d)nonlinear(d,0.1236,0.0000,40.4715,d)rotateFromBiaxial(d,0.1236,0.0000,d)nonlinear(6,0.0000,0.0000,25.8951,d)linear(0,0,0,197.0007,d)rotate(-0.0446)
46276,0,40,27.7138,27.7095,init()rotateIntoBiaxial(d,0.5984,0.0000,d)nonlinear(d,0.5984,0.0000,300.0000,d)rotateFromBiaxial(d,0.5984,0.0000,d)nonlinear(6,0.0000,0.0000,0.0589,d)rotateIntoBiaxial(d,40.4459,0.0000,d)nonlinear(d,40.4459,0.0000,100.0000,d)rotateFromBiaxial(d,40.4459,0.0000,d)rotate(179.9808)rotateIntoBiaxial(d,139.7283,0.0000,d)nonlinear(d,139.7283,0.0000,300.0000,d)rotateFromBiaxial(d,139.7283,0.0000,d)nonlinear(6,0.0000,0.0000,38.0316,d)rotate(-58.4974)rotateIntoBiaxial(d,0.0767,0.0000,d)nonlinear(d,0.0767,0.0000,50.0000,d)rotateFromBiaxial(d,0.0767,0.0000,d)linear(0,0,0,91.9275,d)rotate(0.5751)rotateIntoBiaxial(d,3.5274,0.0000,d)nonlinear(d,3.5274,0.0000,3.8324,d)rotateFromBiaxial(d,3.5274,0.0000,d)nonlinear(6,0.0000,0.0000,3.3277,d)linear(0,0,0,33.1309,d)rotate(-33.7529)rotateIntoBiaxial(d,0.0247,0.0000,d)nonlinear(d,0.0247,0.0000,40.5104,d)rotateFromBiaxial(d,0.0247,0.0000,d)nonlinear(6,0.0000,0.0000,24.8768,d)linear(0,0,0,200.6324,d)
46322,0,40,27.7100,27.7095,init()rotateIntoBiaxial(d,0.6100,0.0000,d)nonlinear(d,0.6100,0.0000,300.0000,d)rotateFromBiaxial(d,0.6100,0.0000,d)nonlinear(6,0.0000,0.0000,0.0684,d)rotateIntoBiaxial(d,40.4443,0.0000,d)nonlinear(d,40.4443,0.0000,100.0000,d)rotateFromBiaxial(d,40.4443,0.0000,d)rotate(179.9760)rotateIntoBiaxial(d,139.7292,0.0000,d)nonlinear(d,139.7292,0.0000,300.0000,d)rotateFromBiaxial(d,139.7292,0.0000,d)nonlinear(6,0.0000,0.0000,38.0354,d)rotate(-58.2784)rotateIntoBiaxial(d,0.0587,0.0000,d)nonlinear(d,0.0587,0.0000,50.0000,d)rotateFromBiaxial(d,0.0587,0.0000,d)linear(0,0,0,90.9051,d)rotate(0.5014)rotateIntoBiaxial(d,3.6463,0.0000,d)nonlinear(d,3.6463,0.0000,3.0465,d)rotateFromBiaxial(d,3.6463,0.0000,d)nonlinear(6,0.0000,0.0000,3.5657,d)linear(0,0,0,28.8192,d)rotate(-32.7609)rotateIntoBiaxial(d,0.0024,0.0000,d)nonlinear(d,0.0024,0.0000,40.7682,d)rotateFromBiaxial(d,0.0024,0.0000,d)nonlinear(6,0.0000,0.0000,26.6179,d)linear(0,0,0,196.7700,d)rotate(-0.0114)
46368,0,40,27.7103,27.7103,init()rotateIntoBiaxial(d,0.5938,0.0000,d)nonlinear(d,0.5938,0.0000,300.0000,d)rotateFromBiaxial(d,0.5938,0.0000,d)nonlinear(6,0.0000,0.0000,0.1332,d)rotateIntoBiaxial(d,40.4437,0.0000,d)nonlinear(d,40.4437,0.0000,100.0000,d)rotateFromBiaxial(d,40.4437,0.0000,d)rotate(179.9832)rotateIntoBiaxial(d,139.7289,0.0000,d)nonlinear(d,139.7289,0.0000,300.0000,d)rotateFromBiaxial(d,139.7289,0.0000,d)nonlinear(6,0.0000,0.0000,38.1595,d)rotate(-58.3652)rotateIntoBiaxial(d,0.0245,0.0000,d)nonlinear(d,0.0245,0.0000,50.0000,d)rotateFromBiaxial(d,0.0245,0.0000,d)linear(0,0,0,88.7395,d)rotate(0.5308)rotateIntoBiaxial(d,3.4498,0.0000,d)nonlinear(d,3.4498,0.0000,3.4452,d)rotateFromBiaxial(d,3.4498,0.0000,d)nonlinear(6,0.0000,0.0000,3.5809,d)linear(0,0,0,29.7029,d)rotate(-32.9679)rotateIntoBiaxial(d,0.0020,0.0000,d)nonlinear(d,0.0020,0.0000,40.9159,d)rotateFromBiaxial(d,0.0020,0.0000,d)nonlinear(6,0.0000,0.0000,26.6108,d)linear(0,0,0,201.6854,d)rotate(-0.0027)
46414,0,40,27.7027,27.7103,init()rotateIntoBiaxial(d,0.5825,0.0000,d)nonlinear(d,0.5825,0.0000,300.0000,d)rotateFromBiaxial(d,0.5825,0.0000,d)nonlinear(6,0.0000,0.0000,0.1611,d)rotate(0.0777)rotateIntoBiaxial(d,40.4412,0.0000,d)nonlinear(d,40.4412,0.0000,100.0000,d)rotateFromBiaxial(d,40.4412,0.0000,d)rotate(179.9721)rotateIntoBiaxial(d,139.7300,0.0000,d)nonlinear(d,139.7300,0.0000,300.0000,d)rotateFromBiaxial(d,139.7300,0.0000,d)nonlinear(6,0.0000,0.0000,38.4841,d)rotate(-58.1131)rotateIntoBiaxial(d,0.0643,0.0000,d)nonlinear(d,0.0643,0.0000,50.0000,d)rotateFromBiaxial(d,0.0643,0.0000,d)linear(0,0,0,90.8065,d)rotate(0.5056)rotateIntoBiaxial(d,3.4516,0.0000,d)nonlinear(d,3.4516,0.0000,3.4700,d)rotateFromBiaxial(d,3.4516,0.0000,d)nonlinear(6,0.0000,0.0000,3.4700,d)linear(0,0,0,31.2087,d)rotate(-33.5888)rotateIntoBiaxial(d,0.0079,0.0000,d)nonlinear(d,0.0079,0.0000,41.7185,d)rotateFromBiaxial(d,0.0079,0.0000,d)nonlinear(6,0.0000,0.0000,26.0971,d)linear(0,0,0,205.0103,d)
46460,0,40,27.7162,27.7103,init()rotateIntoBiaxial(d,0.5917,0.0000,d)nonlinear(d,0.5917,0.0000,300.0000,d)rotateFromBiaxial(d,0.5917,0.0000,d)nonlinear(6,0.0000,0.0000,0.0337,d)rotate(0.0098)rotateIntoBiaxial(d,40.4471,0.0000,d)nonlinear(d,40.4471,0.0000,100.0000,d)rotateFromBiaxial(d,40.4471,0.0000,d)rotate(179.9862)rotateIntoBiaxial(d,139.7280,0.0000,d)nonlinear(d,139.7280,0.0000,300.0000,d)rotateFromBiaxial(d,139.7280,0.0000,d)nonlinear(6,0.0000,0.0000,38.5620,d)rotate(-58.7350)rotateIntoBiaxial(d,0.0156,0.0000,d)nonlinear(d,0.0156,0.0000,50.0000,d)rotateFromBiaxial(d,0.0156,0.0000,d)linear(0,0,0,96.1759,d)rotate(0.6485)rotateIntoBiaxial(d,3.6769,0.0000,d)nonlinear(d,3.6769,0.0000,3.3826,d)rotateFromBiaxial(d,3.6769,0.0000,d)nonlinear(6,0.0000,0.0000,3.1445,d)linear(0,0,0,29.0011,d)rotate(-32.6371)rotateIntoBiaxial(d,0.1206,0.0000,d)nonlinear(d,0.1206,0.0000,41.7281,d)rotateFromBiaxial(d,0.1206,0.0000,d)nonlinear(6,0.0000,0.0000,26.8780,d)linear(0,0,0,197.9821,d)
46506,0,40,27.7077,27.7103,init()rotateIntoBiaxial(d,0.6157,0.0000,d)nonlinear(d,0.6157,0.0000,300.0000,d)rotateFromBiaxial(d,0.6157,0.0000,d)nonlinear(6,0.0000,0.0000,0.4181,d)rotateIntoBiaxial(d,40.4431,0.0000,d)nonlinear(d,40.4431,0.0000,100.0000,d)rotateFromBiaxial(d,40.4431,0.0000,d)rotate(179.9948)rotateIntoBiaxial(d,139.7297,0.0000,d)nonlinear(d,139.7297,0.0000,300.0000,d)rotateFromBiaxial(d,139.7297,0.0000,d)nonlinear(6,0.0000,0.0000,37.7129,d)rotate(-57.9931)rotateIntoBiaxial(d,0.0038,0.0000,d)nonlinear(d,0.0038,0.0000,50.0000,d)rotateFromBiaxial(d,0.0038,0.0000,d)linear(0,0,0,90.8687,d)rotate(0.4519)rotateIntoBiaxial(d,3.2743,0.0000,d)nonlinear(d,3.2743,0.0000,3.3119,d)rotateFromBiaxial(d,3.2743,0.0000,d)nonlinear(6,0.0000,0.0000,3.5166,d)linear(0,0,0,37.7204,d)rotate(-33.6492)rotateIntoBiaxial(d,0.0054,0.0000,d)nonlinear(d,0.0054,0.0000,41.3956,d)rotateFromBiaxial(d,0.0054,0.0000,d)nonlinear(6,0.0000,0.0000,26.6089,d)linear(0,0,0,198.0003,d)
46552,0,40,27.7029,27.7103,init()rotateIntoBiaxial(d,0.5919,0.0000,d)nonlinear(d,0.5919,0.0000,300.0000,d)rotateFromBiaxial(d,0.5919,0.0000,d)nonlinear(6,0.0000,0.0000,0.1723,d)rotate(0.0936)rotateIntoBiaxial(d,40.4407,0.0000,d)nonlinear(d,40.4407,0.0000,100.0000,d)rotateFromBiaxial(d,40.4407,0.0000,d)rotate(179.9909)rotateIntoBiaxial(d,139.7297,0.0000,d)nonlinear(d,139.7297,0.0000,300.0000,d)rotateFromBiaxial(d,139.7297,0.0000,d)nonlinear(6,0.0000,0.0000,37.8071,d)rotate(-58.6227)rotateIntoBiaxial(d,0.0000,0.0000,d)nonlinear(d,0.0000,0.0000,50.0000,d)rotateFromBiaxial(d,0.0000,0.0000,d)linear(0,0,0,88.4009,d)rotate(0.7005)rotateIntoBiaxial(d,3.7353,0.0000,d)nonlinear(d,3.7353,0.0000,4.1633,d)rotateFromBiaxial(d,3.7353,0.0000,d)nonlinear(6,0.0000,0.0000,3.2744,d)linear(0,0,0,25.8848,d)rotate(-33.2620)rotateIntoBiaxial(d,0.0241,0.0000,d)nonlinear(d,0.0241,0.0000,40.3551,d)rotateFromBiaxial(d,0.0241,0.0000,d)nonlinear(6,0.0000,0.0000,26.0326,d)linear(0,0,0,196.7891,d)
46598,0,40,27.7140,27.7103,init()rotateIntoBiaxial(d,0.5993,0.0000,d)nonlinear(d,0.5993,0.0000,300.0000,d)rotateFromBiaxial(d,0.5993,0.0000,d)nonlinear(6,0.0000,0.0000,0.1471,d)rotateIntoBiaxial(d,40.4457,0.0000,d)nonlinear(d,40.4457,0.0000,100.0000,d)rotateFromBiaxial(d,40.4457,0.0000,d)rotate(179.9853)rotateIntoBiaxial(d,139.7282,0.0000,d)nonlinear(d,139.7282,0.0000,300.0000,d)rotateFromBiaxial(d,139.7282,0.0000,d)nonlinear(6,0.0000,0.0000,37.8486,d)rotate(-58.7510)rotateIntoBiaxial(d,0.0362,0.0000,d)nonlinear(d,0.0362,0.0000,50.0000,d)rotateFromBiaxial(d,0.0362,0.0000,d)linear(0,0,0,89.2751,d)rotate(0.6071)rotateIntoBiaxial(d,3.5217,0.0000,d)nonlinear(d,3.5217,0.0000,3.6502,d)rotateFromBiaxial(d,3.5217,0.0000,d)nonlinear(6,0.0000,0.0000,3.4196,d)linear(0,0,0,28.8226,d)rotate(-32.6967)rotateIntoBiaxial(d,0.0978,0.0000,d)nonlinear(d,0.0978,0.0000,41.3060,d)rotateFromBiaxial(d,0.0978,0.0000,d)nonlinear(6,0.0000,0.0000,27.3859,d)linear(0,0,0,193.2647,d)rotate(-0.0210)
46644,0,40,27.7013,27.7103,init()rotateIntoBiaxial(d,0.5542,0.0000,d)nonlinear(d,0.5542,0.0000,300.0000,d)rotateFromBiaxial(d,0.5542,0.0000,d)nonlinear(6,0.0000,0.0000,0.3244,d)rotate(0.1002)rotateIntoBiaxial(d,40.4409,0.0000,d)nonlinear(d,40.4409,0.0000,100.0000,d)rotateFromBiaxial(d,40.4409,0.0000,d)nonlinear(6,0.0000,0.0000,0.1866,d)rotate(179.9362)rotateIntoBiaxial(d,139.7299,0.0000,d)nonlinear(d,139.7299,0.0000,300.0000,d)rotateFromBiaxial(d,139.7299,0.0000,d)nonlinear(6,0.0000,0.0000,38.4022,d)rotate(-58.5048)rotateIntoBiaxial(d,0.0029,0.0000,d)nonlinear(d,0.0029,0.0000,50.0000,d)rotateFromBiaxial(d,0.0029,0.0000,d)linear(0,0,0,89.7324,d)rotate(0.5510)rotateIntoBiaxial(d,3.5091,0.0000,d)nonlinear(d,3.5091,0.0000,3.9379,d)rotateFromBiaxial(d,3.5091,0.0000,d)nonlinear(6,0.0000,0.0000,3.2931,d)linear(0,0,0,24.3198,d)rotate(-32.0880)rotateIntoBiaxial(d,0.1637,0.0000,d)nonlinear(d,0.1637,0.0000,41.6093,d)rotateFromBiaxial(d,0.1637,0.0000,d)nonlinear(6,0.0000,0.0000,27.0396,d)linear(0,0,0,201.0595,d)rotate(-0.0036)
46690,0,40,27.7070,27.7103,init()rotateIntoBiaxial(d,0.5770,0.0000,d)nonlinear(d,0.5770,0.0000,300.0000,d)rotateFromBiaxial(d,0.5770,0.0000,d)nonlinear(6,0.0000,0.0000,0.2875,d)rotate(0.0971)rotateIntoBiaxial(d,40.4426,0.0000,d)nonlinear(d,40.4426,0.0000,100.0000,d)rotateFromBiaxial(d,40.4426,0.0000,d)nonlinear(6,0.0000,0.0000,0.3320,d)rotate(179.9576)rotateIntoBiaxial(d,139.7292,0.0000,d)nonlinear(d,139.7292,0.0000,300.0000,d)rotateFromBiaxial(d,139.7292,0.0000,d)nonlinear(6,0.0000,0.0000,38.7118,d)rotate(-58.9017)rotateIntoBiaxial(d,0.0084,0.0000,d)nonlinear(d,0.0084,0.0000,50.0000,d)rotateFromBiaxial(d,0.0084,0.0000,d)linear(0,0,0,90.4982,d)rotate(0.8292)rotateIntoBiaxial(d,3.5226,0.0000,d)nonlinear(d,3.5226,0.0000,3.5400,d)rotateFromBiaxial(d,3.5226,0.0000,d)nonlinear(6,0.0000,0.0000,3.3048,d)linear(0,0,0,21.1574,d)rotate(-33.0162)rotateIntoBiaxial(d,0.0004,0.0000,d)nonlinear(d,0.0004,0.0000,41.0870,d)rotateFromBiaxial(d,0.0004,0.0000,d)nonlinear(6,0.0000,0.0000,27.1085,d)linear(0,0,0,195.3755,d)
46736,0,40,27.7037,27.7103,init()rotateIntoBiaxial(d,0.5757,0.0000,d)nonlinear(d,0.5757,0.0000,300.0000,d)rotateFromBiaxial(d,0.5757,0.0000,d)nonlinear(6,0.0000,0.0000,0.2737,d)rotate(0.0618)rotateIntoBiaxial(d,40.4412,0.0000,d)nonlinear(d,40.4412,0.0000,100.0000,d)rotateFromBiaxial(d,40.4412,0.0000,d)nonlinear(6,0.0000,0.0000,0.3607,d)rotate(179.9236)rotateIntoBiaxial(d,139.7297,0.0000,d)nonlinear(d,139.7297,0.0000,300.0000,d)rotateFromBiaxial(d,139.7297,0.0000,d)nonlinear(6,0.0000,0.0000,38.3297,d)rotate(-59.3116)rotateIntoBiaxial(d,0.0150,0.0000,d)nonlinear(d,0.0150,0.0000,50.0000,d)rotateFromBiaxial(d,0.0150,0.0000,d)linear(0,0,0,96.1767,d)rotate(0.9183)rotateIntoBiaxial(d,3.2882,0.0000,d)nonlinear(d,3.2882,0.0000,3.0383,d)rotateFromBiaxial(d,3.2882,0.0000,d)nonlinear(6,0.0000,0.0000,3.4482,d)linear(0,0,0,23.4175,d)rotate(-33.7801)rotateIntoBiaxial(d,0.0169,0.0000,d)nonlinear(d,0.0169,0.0000,41.0999,d)rotateFromBiaxial(d,0.0169,0.0000,d)nonlinear(6,0.0000,0.0000,25.6067,d)linear(0,0,0,199.1207,d)rotate(-0.0175)
46782,0,40,27.7080,27.7103,init()rotateIntoBiaxial(d,0.5849,0.0000,d)nonlinear(d,0.5849,0.0000,300.0000,d)rotateFromBiaxial(d,0.5849,0.0000,d)nonlinear(6,0.0000,0.0000,0.1139,d)rotate(0.0305)rotateIntoBiaxial(d,40.4432,0.0000,d)nonlinear(d,40.4432,0.0000,100.0000,d)rotateFromBiaxial(d,40.4432,0.0000,d)rotate(179.9749)rotateIntoBiaxial(d,139.7293,0.0000,d)nonlinear(d,139.7293,0.0000,300.0000,d)rotateFromBiaxial(d,139.7293,0.0000,d)nonlinear(6,0.0000,0.0000,38.7631,d)rotate(-58.3853)rotateIntoBiaxial(d,0.0008,0.0000,d)nonlinear(d,0.0008,0.0000,50.0000,d)rotateFromBiaxial(d,0.0008,0.0000,d)nonlinear(6,0.0000,0.0000,0.0262,d)linear(0,0,0,94.0910,d)rotate(0.5760)rotateIntoBiaxial(d,3.2270,0.0000,d)nonlinear(d,3.2270,0.0000,3.4380,d)rotateFromBiaxial(d,3.2270,0.0000,d)nonlinear(6,0.0000,0.0000,3.4862,d)linear(0,0,0,22.1076,d)rotate(-33.1254)rotateIntoBiaxial(d,0.0088,0.0000,d)nonlinear(d,0.0088,0.0000,41.5105,d)rotateFromBiaxial(d,0.0088,0.0000,d)nonlinear(6,0.0000,0.0000,26.6577,d)linear(0,0,0,192.1969,d)
46828,0,40,27.7097,27.7103,init()rotateIntoBiaxial(d,0.6080,0.0000,d)nonlinear(d,0.6080,0.0000,300.0000,d)rotateFromBiaxial(d,0.6080,0.0000,d)nonlinear(6,0.0000,0.0000,0.1076,d)rotateIntoBiaxial(d,40.4433,0.0000,d)nonlinear(d,40.4433,0.0000,100.0000,d)rotateFromBiaxial(d,40.4433,0.0000,d)rotate(179.9519)rotateIntoBiaxial(d,139.7288,0.0000,d)nonlinear(d,139.7288,0.0000,300.0000,d)rotateFromBiaxial(d,139.7288,0.0000,d)nonlinear(6,0.0000,0.0000,37.9334,d)rotate(-58.9668)rotateIntoBiaxial(d,0.0037,0.0000,d)nonlinear(d,0.0037,0.0000,50.0000,d)rotateFromBiaxial(d,0.0037,0.0000,d)linear(0,0,0,93.7967,d)rotate(0.8619)rotateIntoBiaxial(d,3.2428,0.0000,d)nonlinear(d,3.2428,0.0000,3.3187,d)rotateFromBiaxial(d,3.2428,0.0000,d)nonlinear(6,0.0000,0.0000,3.0748,d)linear(0,0,0,27.8159,d)rotate(-34.6950)rotateIntoBiaxial(d,0.0458,0.0000,d)nonlinear(d,0.0458,0.0000,40.8450,d)rotateFromBiaxial(d,0.0458,0.0000,d)nonlinear(6,0.0000,0.0000,26.8804,d)linear(0,0,0,197.4279,d)
46874,0,40,27.7020,27.7103,init()rotateIntoBiaxial(d,0.5821,0.0000,d)nonlinear(d,0.5821,0.0000,300.0000,d)rotateFromBiaxial(d,0.5821,0.0000,d)nonlinear(6,0.0000,0.0000,0.3585,d)rotate(0.1068)rotateIntoBiaxial(d,40.4402,0.0000,d)nonlinear(d,40.4402,0.0000,100.0000,d)rotateFromBiaxial(d,40.4402,0.0000,d)rotate(179.9466)rotateIntoBiaxial(d,139.7298,0.0000,d)nonlinear(d,139.7298,0.0000,300.0000,d)rotateFromBiaxial(d,139.7298,0.0000,d)nonlinear(6,0.0000,0.0000,38.0965,d)rotate(-59.0324)rotateIntoBiaxial(d,0.0169,0.0000,d)nonlinear(d,0.0169,0.0000,50.0000,d)rotateFromBiaxial(d,0.0169,0.0000,d)linear(0,0,0,95.8685,d)rotate(0.5484)rotateIntoBiaxial(d,3.5246,0.0000,d)nonlinear(d,3.5246,0.0000,3.2967,d)rotateFromBiaxial(d,3.5246,0.0000,d)nonlinear(6,0.0000,0.0000,3.0232,d)linear(0,0,0,32.3621,d)rotate(-33.2699)rotateIntoBiaxial(d,0.0865,0.0000,d)nonlinear(d,0.0865,0.0000,40.7763,d)rotateFromBiaxial(d,0.0865,0.0000,d)nonlinear(6,0.0000,0.0000,26.8547,d)linear(0,0,0,183.0609,d)rotate(-0.0029)
46920,0,40,27.7097,27.7097,init()rotateIntoBiaxial(d,0.6020,0.0000,d)nonlinear(d,0.6020,0.0000,300.0000,d)rotateFromBiaxial(d,0.6020,0.0000,d)nonlinear(6,0.0000,0.0000,0.4651,d)rotate(0.0306)rotateIntoBiaxial(d,40.4437,0.0000,d)nonlinear(d,40.4437,0.0000,100.0000,d)rotateFromBiaxial(d,40.4437,0.0000,d)rotate(179.9264)rotateIntoBiaxial(d,139.7290,0.0000,d)nonlinear(d,139.7290,0.0000,300.0000,d)rotateFromBiaxial(d,139.7290,0.0000,d)nonlinear(6,0.0000,0.0000,38.0534,d)rotate(-58.8246)rotateIntoBiaxial(d,0.0136,0.0000,d)nonlinear(d,0.0136,0.0000,50.0000,d)rotateFromBiaxial(d,0.0136,0.0000,d)linear(0,0,0,96.5680,d)rotate(0.6917)rotateIntoBiaxial(d,3.5043,0.0000,d)nonlinear(d,3.5043,0.0000,3.1181,d)rotateFromBiaxial(d,3.5043,0.0000,d)nonlinear(6,0.0000,0.0000,3.5408,d)linear(0,0,0,24.9741,d)rotate(-32.9243)rotateIntoBiaxial(d,0.0274,0.0000,d)nonlinear(d,0.0274,0.0000,40.8992,d)rotateFromBiaxial(d,0.0274,0.0000,d)nonlinear(6,0.0000,0.0000,26.9104,d)linear(0,0,0,195.9188,d)
46966,0,40,27.6984,27.7097,init()rotateIntoBiaxial(d,0.5572,0.0000,d)nonlinear(d,0.5572,0.0000,300.0000,d)rotateFromBiaxial(d,0.5572,0.0000,d)nonlinear(6,0.0000,0.0000,0.3271,d)rotate(0.0066)rotateIntoBiaxial(d,40.4393,0.0000,d)nonlinear(d,40.4393,0.0000,100.0000,d)rotateFromBiaxial(d,40.4393,0.0000,d)rotate(179.9656)rotateIntoBiaxial(d,139.7306,0.0000,d)nonlinear(d,139.7306,0.0000,300.0000,d)rotateFromBiaxial(d,139.7306,0.0000,d)nonlinear(6,0.0000,0.0000,38.5682,d)rotate(-58.7138)rotateIntoBiaxial(d,0.0262,0.0000,d)nonlinear(d,0.0262,0.0000,50.0000,d)rotateFromBiaxial(d,0.0262,0.0000,d)linear(0,0,0,92.4673,d)rotate(0.6499)rotateIntoBiaxial(d,3.4012,0.0000,d)nonlinear(d,3.4012,0.0000,3.0583,d)rotateFromBiaxial(d,3.4012,0.0000,d)nonlinear(6,0.0000,0.0000,3.1210,d)linear(0,0,0,25.9950,d)rotate(-33.1723)rotateIntoBiaxial(d,0.0442,0.0000,d)nonlinear(d,0.0442,0.0000,41.1340,d)rotateFromBiaxial(d,0.0442,0.0000,d)nonlinear(6,0.0000,0.0000,27.2167,d)linear(0,0,0,195.0241,d)
47012,0,40,27.7113,27.7113,init()rotateIntoBiaxial(d,0.6069,0.0000,d)nonlinear(d,0.6069,0.0000,300.0000,d)rotateFromBiaxial(d,0.6069,0.0000,d)nonlinear(6,0.0000,0.0000,0.0939,d)rotateIntoBiaxial(d,40.4439,0.0000,d)nonlinear(d,40.4439,0.0000,100.0000,d)rotateFromBiaxial(d,40.4439,0.0000,d)rotate(179.9377)rotateIntoBiaxial(d,139.7288,0.0000,d)nonlinear(d,139.7288,0.0000,300.0000,d)rotateFromBiaxial(d,139.7288,0.0000,d)nonlinear(6,0.0000,0.0000,38.0950,d)rotate(-58.0774)rotateIntoBiaxial(d,0.0209,0.0000,d)nonlinear(d,0.0209,0.0000,50.0000,d)rotateFromBiaxial(d,0.0209,0.0000,d)nonlinear(6,0.0000,0.0000,0.4633,d)linear(0,0,0,90.1767,d)rotate(0.4231)rotateIntoBiaxial(d,3.3941,0.0000,d)nonlinear(d,3.3941,0.0000,3.4198,d)rotateFromBiaxial(d,3.3941,0.0000,d)nonlinear(6,0.0000,0.0000,3.0782,d)linear(0,0,0,27.0873,d)rotate(-33.8495)rotateIntoBiaxial(d,0.0227,0.0000,d)nonlinear(d,0.0227,0.0000,40.8411,d)rotateFromBiaxial(d,0.0227,0.0000,d)nonlinear(6,0.0000,0.0000,26.6985,d)linear(0,0,0,187.5757,d)
47058,0,40,27.7071,27.7113,init()rotateIntoBiaxial(d,0.6194,0.0000,d)nonlinear(d,0.6194,0.0000,300.0000,d)rotateFromBiaxial(d,0.6194,0.0000,d)nonlinear(6,0.0000,0.0000,0.4020,d)rotate(0.0005)rotateIntoBiaxial(d,40.4428,0.0000,d)nonlinear(d,40.4428,0.0000,100.0000,d)rotateFromBiaxial(d,40.4428,0.0000,d)rotate(179.9745)rotateIntoBiaxial(d,139.7292,0.0000,d)nonlinear(d,139.7292,0.0000,300.0000,d)rotateFromBiaxial(d,139.7292,0.0000,d)nonlinear(6,0.0000,0.0000,38.6292,d)rotate(-58.1602)rotateIntoBiaxial(d,0.1003,0.0000,d)nonlinear(d,0.1003,0.0000,50.0000,d)rotateFromBiaxial(d,0.1003,0.0000,d)linear(0,0,0,86.5181,d)rotate(0.5439)rotateIntoBiaxial(d,3.5279,0.0000,d)nonlinear(d,3.5279,0.0000,3.6647,d)rotateFromBiaxial(d,3.5279,0.0000,d)nonlinear(6,0.0000,0.0000,3.4024,d)linear(0,0,0,22.2676,d)rotate(-32.6413)rotateIntoBiaxial(d,0.0759,0.0000,d)nonlinear(d,0.0759,0.0000,40.5127,d)rotateFromBiaxial(d,0.0759,0.0000,d)nonlinear(6,0.0000,0.0000,26.2897,d)linear(0,0,0,195.2579,d)rotate(-0.0175)
47104,0,40,27.7128,27.7113,init()rotateIntoBiaxial(d,0.6409,0.0000,d)nonlinear(d,0.6409,0.0000,300.0000,d)rotateFromBiaxial(d,0.6409,0.0000,d)nonlinear(6,0.0000,0.0000,0.1968,d)rotateIntoBiaxial(d,40.4450,0.0000,d)nonlinear(d,40.4450,0.0000,100.0000,d)rotateFromBiaxial(d,40.4450,0.0000,d)rotate(179.9739)rotateIntoBiaxial(d,139.7285,0.0000,d)nonlinear(d,139.7285,0.0000,300.0000,d)rotateFromBiaxial(d,139.7285,0.0000,d)nonlinear(6,0.0000,0.0000,37.7552,d)rotate(-58.3011)rotateIntoBiaxial(d,0.0104,0.0000,d)nonlinear(d,0.0104,0.0000,50.0000,d)rotateFromBiaxial(d,0.0104,0.0000,d)linear(0,0,0,89.6142,d)rotate(0.8825)rotateIntoBiaxial(d,3.5602,0.0000,d)nonlinear(d,3.5602,0.0000,3.4656,d)rotateFromBiaxial(d,3.5602,0.0000,d)nonlinear(6,0.0000,0.0000,2.9637,d)linear(0,0,0,20.4614,d)rotate(-32.5563)rotateIntoBiaxial(d,0.0379,0.0000,d)nonlinear(d,0.0379,0.0000,40.4264,d)rotateFromBiaxial(d,0.0379,0.0000,d)nonlinear(6,0.0000,0.0000,26.2556,d)linear(0,0,0,190.4197,d)rotate(-0.0152)
47150,0,40,27.7080,27.7113,init()rotateIntoBiaxial(d,0.5819,0.0000,d)nonlinear(d,0.5819,0.0000,300.0000,d)rotateFromBiaxial(d,0.5819,0.0000,d)nonlinear(6,0.0000,0.0000,0.3866,d)rotateIntoBiaxial(d,40.4431,0.0000,d)nonlinear(d,40.4431,0.0000,100.0000,d)rotateFromBiaxial(d,40.4431,0.0000,d)rotate(179.9184)rotateIntoBiaxial(d,139.7295,0.0000,d)nonlinear(d,139.7295,0.0000,300.0000,d)rotateFromBiaxial(d,139.7295,0.0000,d)nonlinear(6,0.0000,0.0000,38.1311,d)rotate(-58.3565)rotateIntoBiaxial(d,0.0141,0.0000,d)nonlinear(d,0.0141,0.0000,50.0000,d)rotateFromBiaxial(d,0.0141,0.0000,d)linear(0,0,0,87.4643,d)rotate(0.2307)rotateIntoBiaxial(d,3.4116,0.0000,d)nonlinear(d,3.4116,0.0000,3.1495,d)rotateFromBiaxial(d,3.4116,0.0000,d)nonlinear(6,0.0000,0.0000,3.5376,d)linear(0,0,0,32.3692,d)rotate(-33.8424)rotateIntoBiaxial(d,0.0134,0.0000,d)nonlinear(d,0.0134,0.0000,40.7870,d)rotateFromBiaxial(d,0.0134,0.0000,d)nonlinear(6,0.0000,0.0000,27.0585,d)linear(0,0,0,197.3643,d)
47196,0,40,27.7092,27.7113,init()rotateIntoBiaxial(d,0.6040,0.0000,d)nonlinear(d,0.6040,0.0000,300.0000,d)rotateFromBiaxial(d,0.6040,0.0000,d)nonlinear(6,0.0000,0.0000,0.4022,d)rotateIntoBiaxial(d,40.4432,0.0000,d)nonlinear(d,40.4432,0.0000,100.0000,d)rotateFromBiaxial(d,40.4432,0.0000,d)rotate(179.9794)rotateIntoBiaxial(d,139.7289,0.0000,d)nonlinear(d,139.7289,0.0000,300.0000,d)rotateFromBiaxial(d,139.7289,0.0000,d)nonlinear(6,0.0000,0.0000,38.3458,d)rotate(-58.5873)rotateIntoBiaxial(d,0.0194,0.0000,d)nonlinear(d,0.0194,0.0000,50.0000,d)rotateFromBiaxial(d,0.0194,0.0000,d)linear(0,0,0,82.4970,d)rotate(0.4990)rotateIntoBiaxial(d,3.5607,0.0000,d)nonlinear(d,3.5607,0.0000,3.4356,d)rotateFromBiaxial(d,3.5607,0.0000,d)nonlinear(6,0.0000,0.0000,3.4463,d)linear(0,0,0,24.3134,d)rotate(-34.3637)rotateIntoBiaxial(d,0.1546,0.0000,d)nonlinear(d,0.1546,0.0000,41.0063,d)rotateFromBiaxial(d,0.1546,0.0000,d)nonlinear(6,0.0000,0.0000,26.4548,d)linear(0,0,0,202.9079,d)rotate(-0.0151)
47242,0,40,27.7098,27.7113,init()rotateIntoBiaxial(d,0.6076,0.0000,d)nonlinear(d,0.6076,0.0000,300.0000,d)rotateFromBiaxial(d,0.6076,0.0000,d)nonlinear(6,0.0000,0.0000,0.3584,d)rotateIntoBiaxial(d,40.4437,0.0000,d)nonlinear(d,40.4437,0.0000,100.0000,d)rotateFromBiaxial(d,40.4437,0.0000,d)rotate(179.9394)rotateIntoBiaxial(d,139.7291,0.0000,d)nonlinear(d,139.7291,0.0000,300.0000,d)rotateFromBiaxial(d,139.7291,0.0000,d)nonlinear(6,0.0000,0.0000,38.7154,d)rotate(-57.8744)rotateIntoBiaxial(d,0.0054,0.0000,d)nonlinear(d,0.0054,0.0000,50.0000,d)rotateFromBiaxial(d,0.0054,0.0000,d)nonlinear(6,0.0000,0.0000,0.7183,d)linear(0,0,0,89.6155,d)rotate(0.4724)rotateIntoBiaxial(d,3.3063,0.0000,d)nonlinear(d,3.3063,0.0000,2.9498,d)rotateFromBiaxial(d,3.3063,0.0000,d)nonlinear(6,0.0000,0.0000,3.2871,d)linear(0,0,0,20.5990,d)rotate(-33.5350)rotateIntoBiaxial(d,0.0156,0.0000,d)nonlinear(d,0.0156,0.0000,41.0299,d)rotateFromBiaxial(d,0.0156,0.0000,d)nonlinear(6,0.0000,0.0000,26.7593,d)linear(0,0,0,192.0470,d)
47288,0,40,27.6976,27.7113,init()rotateIntoBiaxial(d,0.5464,0.0000,d)nonlinear(d,0.5464,0.0000,300.0000,d)rotateFromBiaxial(d,0.5464,0.0000,d)nonlinear(6,0.0000,0.0000,0.4288,d)rotate(0.0198)rotateIntoBiaxial(d,40.4393,0.0000,d)nonlinear(d,40.4393,0.0000,100.0000,d)rotateFromBiaxial(d,40.4393,0.0000,d)rotate(179.9457)rotateIntoBiaxial(d,139.7304,0.0000,d)nonlinear(d,139.7304,0.0000,300.0000,d)rotateFromBiaxial(d,139.7304,0.0000,d)nonlinear(6,0.0000,0.0000,38.2407,d)linear(0,0,0,4.1462,d)rotate(-58.1141)rotateIntoBiaxial(d,0.0038,0.0000,d)nonlinear(d,0.0038,0.0000,50.0000,d)rotateFromBiaxial(d,0.0038,0.0000,d)nonlinear(6,0.0000,0.0000,1.1890,d)linear(0,0,0,89.8484,d)rotate(0.5542)rotateIntoBiaxial(d,3.4487,0.0000,d)nonlinear(d,3.4487,0.0000,3.2969,d)rotateFromBiaxial(d,3.4487,0.0000,d)nonlinear(6,0.0000,0.0000,2.7920,d)linear(0,0,0,24.5291,d)rotate(-33.1219)rotateIntoBiaxial(d,0.0004,0.0000,d)nonlinear(d,0.0004,0.0000,40.9199,d)rotateFromBiaxial(d,0.0004,0.0000,d)nonlinear(6,0.0000,0.0000,27.0778,d)linear(0,0,0,196.3788,d)rotate(-0.0136)
47334,0,40,27.7063,27.7113,init()rotateIntoBiaxial(d,0.6032,0.0000,d)nonlinear(d,0.6032,0.0000,300.0000,d)rotateFromBiaxial(d,0.6032,0.0000,d)nonlinear(6,0.0000,0.0000,0.4244,d)rotateIntoBiaxial(d,40.4423,0.0000,d)nonlinear(d,40.4423,0.0000,100.0000,d)rotateFromBiaxial(d,40.4423,0.0000,d)rotate(179.9743)rotateIntoBiaxial(d,139.7295,0.0000,d)nonlinear(d,139.7295,0.0000,300.0000,d)rotateFromBiaxial(d,139.7295,0.0000,d)nonlinear(6,0.0000,0.0000,38.1126,d)rotate(-57.8435)rotateIntoBiaxial(d,0.0007,0.0000,d)nonlinear(d,0.0007,0.0000,50.0000,d)rotateFromBiaxial(d,0.0007,0.0000,d)linear(0,0,0,79.9609,d)rotate(0.7258)rotateIntoBiaxial(d,3.4294,0.0000,d)nonlinear(d,3.4294,0.0000,3.9402,d)rotateFromBiaxial(d,3.4294,0.0000,d)nonlinear(6,0.0000,0.0000,3.4913,d)linear(0,0,0,18.9599,d)rotate(-35.2291)rotateIntoBiaxial(d,0.0842,0.0000,d)nonlinear(d,0.0842,0.0000,40.6229,d)rotateFromBiaxial(d,0.0842,0.0000,d)nonlinear(6,0.0000,0.0000,27.2214,d)linear(0,0,0,200.2476,d)rotate(-0.0152)
47380,0,40,27.7044,27.7113,init()rotateIntoBiaxial(d,0.5849,0.0000,d)nonlinear(d,0.5849,0.0000,300.0000,d)rotateFromBiaxial(d,0.5849,0.0000,d)nonlinear(6,0.0000,0.0000,0.2868,d)rotateIntoBiaxial(d,40.4413,0.0000,d)nonlinear(d,40.4413,0.0000,100.0000,d)rotateFromBiaxial(d,40.4413,0.0000,d)rotate(179.9859)rotateIntoBiaxial(d,139.7297,0.0000,d)nonlinear(d,139.7297,0.0000,300.0000,d)rotateFromBiaxial(d,139.7297,0.0000,d)nonlinear(6,0.0000,0.0000,38.4570,d)rotate(-58.3159)rotateIntoBiaxial(d,0.0297,0.0000,d)nonlinear(d,0.0297,0.0000,50.0000,d)rotateFromBiaxial(d,0.0297,0.0000,d)linear(0,0,0,80.8953,d)rotate(0.6031)rotateIntoBiaxial(d,3.5057,0.0000,d)nonlinear(d,3.5057,0.0000,3.7942,d)rotateFromBiaxial(d,3.5057,0.0000,d)nonlinear(6,0.0000,0.0000,3.3507,d)linear(0,0,0,25.1789,d)rotate(-33.7810)rotateIntoBiaxial(d,0.0068,0.0000,d)nonlinear(d,0.0068,0.0000,40.4111,d)rotateFromBiaxial(d,0.0068,0.0000,d)nonlinear(6,0.0000,0.0000,26.6037,d)linear(0,0,0,203.6075,d)rotate(-0.0323)
47426,0,40,27.7067,27.7113,init()rotateIntoBiaxial(d,0.5774,0.0000,d)nonlinear(d,0.5774,0.0000,300.0000,d)rotateFromBiaxial(d,0.5774,0.0000,d)nonlinear(6,0.0000,0.0000,0.2710,d)rotate(0.0605)rotateIntoBiaxial(d,40.4426,0.0000,d)nonlinear(d,40.4426,0.0000,100.0000,d)rotateFromBiaxial(d,40.4426,0.0000,d)rotate(179.9790)rotateIntoBiaxial(d,139.7293,0.0000,d)nonlinear(d,139.7293,0.0000,300.0000,d)rotateFromBiaxial(d,139.7293,0.0000,d)nonlinear(6,0.0000,0.0000,38.6049,d)rotate(-57.7872)rotateIntoBiaxial(d,0.0382,0.0000,d)nonlinear(d,0.0382,0.0000,50.0000,d)rotateFromBiaxial(d,0.0382,0.0000,d)nonlinear(6,0.0000,0.0000,0.0796,d)linear(0,0,0,86.7070,d)rotate(0.7205)rotateIntoBiaxial(d,3.2903,0.0000,d)nonlinear(d,3.2903,0.0000,3.7007,d)rotateFromBiaxial(d,3.2903,0.0000,d)nonlinear(6,0.0000,0.0000,3.2313,d)linear(0,0,0,21.6288,d)rotate(-33.7791)rotateIntoBiaxial(d,0.1970,0.0000,d)nonlinear(d,0.1970,0.0000,40.8320,d)rotateFromBiaxial(d,0.1970,0.0000,d)nonlinear(6,0.0000,0.0000,26.7465,d)linear(0,0,0,196.4013,d)
47472,0,40,27.7025,27.7113,init()rotateIntoBiaxial(d,0.5685,0.0000,d)nonlinear(d,0.5685,0.0000,300.0000,d)rotateFromBiaxial(d,0.5685,0.0000,d)nonlinear(6,0.0000,0.0000,0.2393,d)rotateIntoBiaxial(d,40.4403,0.0000,d)nonlinear(d,40.4403,0.0000,100.0000,d)rotateFromBiaxial(d,40.4403,0.0000,d)rotate(179.9522)rotateIntoBiaxial(d,139.7299,0.0000,d)nonlinear(d,139.7299,0.0000,300.0000,d)rotateFromBiaxial(d,139.7299,0.0000,d)nonlinear(6,0.0000,0.0000,38.3058,d)rotate(-58.5209)rotateIntoBiaxial(d,0.0010,0.0000,d)nonlinear(d,0.0010,0.0000,50.0000,d)rotateFromBiaxial(d,0.0010,0.0000,d)linear(0,0,0,85.6793,d)rotate(0.6495)rotateIntoBiaxial(d,3.6411,0.0000,d)nonlinear(d,3.6411,0.0000,3.4351,d)rotateFromBiaxial(d,3.6411,0.0000,d)nonlinear(6,0.0000,0.0000,3.4217,d)linear(0,0,0,24.3777,d)rotate(-34.1869)rotateIntoBiaxial(d,0.0070,0.0000,d)nonlinear(d,0.0070,0.0000,40.5814,d)rotateFromBiaxial(d,0.0070,0.0000,d)nonlinear(6,0.0000,0.0000,27.0287,d)linear(0,0,0,199.7118,d)
47518,0,40,27.6989,27.7113,init()rotateIntoBiaxial(d,0.5625,0.0000,d)nonlinear(d,0.5625,0.0000,300.0000,d)rotateFromBiaxial(d,0.5625,0.0000,d)nonlinear(6,0.0000,0.0000,0.0081,d)rotateIntoBiaxial(d,40.4395,0.0000,d)nonlinear(d,40.4395,0.0000,100.0000,d)rotateFromBiaxial(d,40.4395,0.0000,d)rotate(179.9888)rotateIntoBiaxial(d,139.7304,0.0000,d)nonlinear(d,139.7304,0.0000,300.0000,d)rotateFromBiaxial(d,139.7304,0.0000,d)nonlinear(6,0.0000,0.0000,38.4457,d)rotate(-58.0643)rotateIntoBiaxial(d,0.0362,0.0000,d)nonlinear(d,0.0362,0.0000,50.0000,d)rotateFromBiaxial(d,0.0362,0.0000,d)nonlinear(6,0.0000,0.0000,0.4936,d)linear(0,0,0,80.8436,d)rotate(0.7398)rotateIntoBiaxial(d,3.6197,0.0000,d)nonlinear(d,3.6197,0.0000,2.9529,d)rotateFromBiaxial(d,3.6197,0.0000,d)nonlinear(6,0.0000,0.0000,3.6016,d)linear(0,0,0,13.9825,d)rotate(-33.6180)rotateIntoBiaxial(d,0.0442,0.0000,d)nonlinear(d,0.0442,0.0000,40.2937,d)rotateFromBiaxial(d,0.0442,0.0000,d)nonlinear(6,0.0000,0.0000,27.2208,d)linear(0,0,0,207.7348,d)rotate(-0.0247)
47564,0,40,27.7099,27.7113,init()rotateIntoBiaxial(d,0.6007,0.0000,d)nonlinear(d,0.6007,0.0000,300.0000,d)rotateFromBiaxial(d,0.6007,0.0000,d)nonlinear(6,0.0000,0.0000,0.2943,d)rotateIntoBiaxial(d,40.4438,0.0000,d)nonlinear(d,40.4438,0.0000,100.0000,d)rotateFromBiaxial(d,40.4438,0.0000,d)rotate(179.9505)rotateIntoBiaxial(d,139.7289,0.0000,d)nonlinear(d,139.7289,0.0000,300.0000,d)rotateFromBiaxial(d,139.7289,0.0000,d)nonlinear(6,0.0000,0.0000,38.9817,d)rotate(-57.4656)rotateIntoBiaxial(d,0.0006,0.0000,d)nonlinear(d,0.0006,0.0000,50.0000,d)rotateFromBiaxial(d,0.0006,0.0000,d)linear(0,0,0,81.3584,d)rotate(0.6317)rotateIntoBiaxial(d,3.3706,0.0000,d)nonlinear(d,3.3706,0.0000,2.8562,d)rotateFromBiaxial(d,3.3706,0.0000,d)nonlinear(6,0.0000,0.0000,3.3001,d)linear(0,0,0,18.2124,d)rotate(-33.9008)rotateIntoBiaxial(d,0.1563,0.0000,d)nonlinear(d,0.1563,0.0000,40.5021,d)rotateFromBiaxial(d,0.1563,0.0000,d)nonlinear(6,0.0000,0.0000,27.1800,d)linear(0,0,0,188.3409,d)
47610,0,40,27.7050,27.7113,init()rotateIntoBiaxial(d,0.5722,0.0000,d)nonlinear(d,0.5722,0.0000,300.0000,d)rotateFromBiaxial(d,0.5722,0.0000,d)nonlinear(6,0.0000,0.0000,0.3575,d)rotateIntoBiaxial(d,40.4413,0.0000,d)nonlinear(d,40.4413,0.0000,100.0000,d)rotateFromBiaxial(d,40.4413,0.0000,d)rotate(179.9491)rotateIntoBiaxial(d,139.7295,0.0000,d)nonlinear(d,139.7295,0.0000,300.0000,d)rotateFromBiaxial(d,139.7295,0.0000,d)nonlinear(6,0.0000,0.0000,38.1158,d)rotate(-57.4306)rotateIntoBiaxial(d,0.0002,0.0000,d)nonlinear(d,0.0002,0.0000,50.0000,d)rotateFromBiaxial(d,0.0002,0.0000,d)linear(0,0,0,80.3171,d)rotate(0.5848)rotateIntoBiaxial(d,3.7282,0.0000,d)nonlinear(d,3.7282,0.0000,3.8180,d)rotateFromBiaxial(d,3.7282,0.0000,d)nonlinear(6,0.0000,0.0000,3.1963,d)linear(0,0,0,17.1392,d)rotate(-32.7668)rotateIntoBiaxial(d,0.0060,0.0000,d)nonlinear(d,0.0060,0.0000,40.2949,d)rotateFromBiaxial(d,0.0060,0.0000,d)nonlinear(6,0.0000,0.0000,28.1655,d)linear(0,0,0,201.3088,d)
47656,0,40,27.7057,27.7113,init()rotateIntoBiaxial(d,0.5736,0.0000,d)nonlinear(d,0.5736,0.0000,300.0000,d)rotateFromBiaxial(d,0.5736,0.0000,d)nonlinear(6,0.0000,0.0000,0.4392,d)rotate(0.0087)rotateIntoBiaxial(d,40.4423,0.0000,d)nonlinear(d,40.4423,0.0000,100.0000,d)rotateFromBiaxial(d,40.4423,0.0000,d)rotate(179.9445)rotateIntoBiaxial(d,139.7296,0.0000,d)nonlinear(d,139.7296,0.0000,300.0000,d)rotateFromBiaxial(d,139.7296,0.0000,d)nonlinear(6,0.0000,0.0000,38.3140,d)rotate(-57.7489)rotateIntoBiaxial(d,0.0601,0.0000,d)nonlinear(d,0.0601,0.0000,50.0000,d)rotateFromBiaxial(d,0.0601,0.0000,d)linear(0,0,0,84.6240,d)rotate(1.0407)rotateIntoBiaxial(d,3.5954,0.0000,d)nonlinear(d,3.5954,0.0000,3.5511,d)rotateFromBiaxial(d,3.5954,0.0000,d)nonlinear(6,0.0000,0.0000,3.1437,d)linear(0,0,0,15.3030,d)rotate(-32.4666)rotateIntoBiaxial(d,0.0281,0.0000,d)nonlinear(d,0.0281,0.0000,40.5941,d)rotateFromBiaxial(d,0.0281,0.0000,d)nonlinear(6,0.0000,0.0000,26.8698,d)linear(0,0,0,191.3874,d)
47702,0,40,27.7089,27.7113,init()rotateIntoBiaxial(d,0.5612,0.0000,d)nonlinear(d,0.5612,0.0000,300.0000,d)rotateFromBiaxial(d,0.5612,0.0000,d)nonlinear(6,0.0000,0.0000,0.2471,d)rotateIntoBiaxial(d,40.4432,0.0000,d)nonlinear(d,40.4432,0.0000,100.0000,d)rotateFromBiaxial(d,40.4432,0.0000,d)nonlinear(6,0.0000,0.0000,0.4358,d)rotate(179.9827)rotateIntoBiaxial(d,139.7291,0.0000,d)nonlinear(d,139.7291,0.0000,300.0000,d)rotateFromBiaxial(d,139.7291,0.0000,d)nonlinear(6,0.0000,0.0000,38.1131,d)rotate(-58.0082)rotateIntoBiaxial(d,0.0050,0.0000,d)nonlinear(d,0.0050,0.0000,50.0000,d)rotateFromBiaxial(d,0.0050,0.0000,d)linear(0,0,0,80.1043,d)rotate(0.6561)rotateIntoBiaxial(d,3.4050,0.0000,d)nonlinear(d,3.4050,0.0000,3.5520,d)rotateFromBiaxial(d,3.4050,0.0000,d)nonlinear(6,0.0000,0.0000,3.4793,d)linear(0,0,0,26.4294,d)rotate(-34.4331)rotateIntoBiaxial(d,0.0957,0.0000,d)nonlinear(d,0.0957,0.0000,40.1777,d)rotateFromBiaxial(d,0.0957,0.0000,d)nonlinear(6,0.0000,0.0000,26.8882,d)linear(0,0,0,194.9181,d)rotate(-0.0385)
47748,0,40,27.7078,27.7113,init()rotateIntoBiaxial(d,0.5958,0.0000,d)nonlinear(d,0.5958,0.0000,300.0000,d)rotateFromBiaxial(d,0.5958,0.0000,d)nonlinear(6,0.0000,0.0000,0.3232,d)rotate(0.0701)rotateIntoBiaxial(d,40.4432,0.0000,d)nonlinear(d,40.4432,0.0000,100.0000,d)rotateFromBiaxial(d,40.4432,0.0000,d)rotate(179.9543)rotateIntoBiaxial(d,139.7295,0.0000,d)nonlinear(d,139.7295,0.0000,300.0000,d)rotateFromBiaxial(d,139.7295,0.0000,d)nonlinear(6,0.0000,0.0000,37.5378,d)rotate(-57.9967)rotateIntoBiaxial(d,0.0123,0.0000,d)nonlinear(d,0.0123,0.0000,50.0000,d)rotateFromBiaxial(d,0.0123,0.0000,d)nonlinear(6,0.0000,0.0000,0.4614,d)linear(0,0,0,86.3210,d)rotate(1.0552)rotateIntoBiaxial(d,3.4837,0.0000,d)nonlinear(d,3.4837,0.0000,3.7944,d)rotateFromBiaxial(d,3.4837,0.0000,d)nonlinear(6,0.0000,0.0000,3.1163,d)linear(0,0,0,21.4208,d)rotate(-33.9650)rotateIntoBiaxial(d,0.0438,0.0000,d)nonlinear(d,0.0438,0.0000,40.4994,d)rotateFromBiaxial(d,0.0438,0.0000,d)nonlinear(6,0.0000,0.0000,26.6189,d)linear(0,0,0,196.2531,d)
47794,0,40,27.7029,27.7113,init()rotateIntoBiaxial(d,0.5925,0.0000,d)nonlinear(d,0.5925,0.0000,300.0000,d)rotateFromBiaxial(d,0.5925,0.0000,d)nonlinear(6,0.0000,0.0000,0.4258,d)rotate(0.1493)rotateIntoBiaxial(d,40.4410,0.0000,d)nonlinear(d,40.4410,0.0000,100.0000,d)rotateFromBiaxial(d,40.4410,0.0000,d)rotate(179.9625)rotateIntoBiaxial(d,139.7300,0.0000,d)nonlinear(d,139.7300,0.0000,300.0000,d)rotateFromBiaxial(d,139.7300,0.0000,d)nonlinear(6,0.0000,0.0000,37.6583,d)rotate(-57.8365)rotateIntoBiaxial(d,0.0390,0.0000,d)nonlinear(d,0.0390,0.0000,50.0000,d)rotateFromBiaxial(d,0.0390,0.0000,d)nonlinear(6,0.0000,0.0000,1.2013,d)linear(0,0,0,84.9083,d)rotate(1.2331)rotateIntoBiaxial(d,3.6894,0.0000,d)nonlinear(d,3.6894,0.0000,3.0070,d)rotateFromBiaxial(d,3.6894,0.0000,d)nonlinear(6,0.0000,0.0000,3.3112,d)linear(0,0,0,20.1948,d)rotate(-34.3331)rotateIntoBiaxial(d,0.0080,0.0000,d)nonlinear(d,0.0080,0.0000,40.3756,d)rotateFromBiaxial(d,0.0080,0.0000,d)nonlinear(6,0.0000,0.0000,26.4104,d)linear(0,0,0,195.6060,d)rotate(-0.0263)
47840,0,40,27.7063,27.7113,init()rotateIntoBiaxial(d,0.5533,0.0000,d)nonlinear(d,0.5533,0.0000,300.0000,d)rotateFromBiaxial(d,0.5533,0.0000,d)nonlinear(6,0.0000,0.0000,0.2077,d)rotate(0.0217)rotateIntoBiaxial(d,40.4425,0.0000,d)nonlinear(d,40.4425,0.0000,100.0000,d)rotateFromBiaxial(d,40.4425,0.0000,d)nonlinear(6,0.0000,0.0000,0.3454,d)rotate(179.9403)rotateIntoBiaxial(d,139.7294,0.0000,d)nonlinear(d,139.7294,0.0000,300.0000,d)rotateFromBiaxial(d,139.7294,0.0000,d)nonlinear(6,0.0000,0.0000,38.5996,d)rotate(-57.6348)rotateIntoBiaxial(d,0.0040,0.0000,d)nonlinear(d,0.0040,0.0000,50.0000,d)rotateFromBiaxial(d,0.0040,0.0000,d)linear(0,0,0,83.2614,d)rotate(0.9704)rotateIntoBiaxial(d,3.5818,0.0000,d)nonlinear(d,3.5818,0.0000,3.8387,d)rotateFromBiaxial(d,3.5818,0.0000,d)nonlinear(6,0.0000,0.0000,3.0796,d)linear(0,0,0,21.5175,d)rotate(-34.1890)rotateIntoBiaxial(d,0.0375,0.0000,d)nonlinear(d,0.0375,0.0000,40.2931,d)rotateFromBiaxial(d,0.0375,0.0000,d)nonlinear(6,0.0000,0.0000,27.3623,d)linear(0,0,0,193.0435,d)
47886,0,40,27.7059,27.7113,init()rotateIntoBiaxial(d,0.5931,0.0000,d)nonlinear(d,0.5931,0.0000,300.0000,d)rotateFromBiaxial(d,0.5931,0.0000,d)nonlinear(6,0.0000,0.0000,0.0402,d)rotateIntoBiaxial(d,40.4419,0.0000,d)nonlinear(d,40.4419,0.0000,100.0000,d)rotateFromBiaxial(d,40.4419,0.0000,d)rotate(179.9656)rotateIntoBiaxial(d,139.7295,0.0000,d)nonlinear(d,139.7295,0.0000,300.0000,d)rotateFromBiaxial(d,139.7295,0.0000,d)nonlinear(6,0.0000,0.0000,38.1153,d)rotate(-58.1742)rotateIntoBiaxial(d,0.0125,0.0000,d)nonlinear(d,0.0125,0.0000,50.0000,d)rotateFromBiaxial(d,0.0125,0.0000,d)linear(0,0,0,84.7620,d)rotate(0.9475)rotateIntoBiaxial(d,3.5924,0.0000,d)nonlinear(d,3.5924,0.0000,3.7038,d)rotateFromBiaxial(d,3.5924,0.0000,d)nonlinear(6,0.0000,0.0000,3.1469,d)linear(0,0,0,26.5152,d)rotate(-34.2217)rotateIntoBiaxial(d,0.1358,0.0000,d)nonlinear(d,0.1358,0.0000,40.4593,d)rotateFromBiaxial(d,0.1358,0.0000,d)nonlinear(6,0.0000,0.0000,28.6531,d)linear(0,0,0,198.5168,d)rotate(-0.0074)
47932,0,40,27.7070,27.7113,init()rotateIntoBiaxial(d,0.5896,0.0000,d)nonlinear(d,0.5896,0.0000,300.0000,d)rotateFromBiaxial(d,0.5896,0.0000,d)nonlinear(6,0.0000,0.0000,0.3018,d)rotateIntoBiaxial(d,40.4425,0.0000,d)nonlinear(d,40.4425,0.0000,100.0000,d)rotateFromBiaxial(d,40.4425,0.0000,d)nonlinear(6,0.0000,0.0000,0.2011,d)rotate(179.9828)rotateIntoBiaxial(d,139.7297,0.0000,d)nonlinear(d,139.7297,0.0000,300.0000,d)rotateFromBiaxial(d,139.7297,0.0000,d)nonlinear(6,0.0000,0.0000,38.0585,d)rotate(-57.6476)rotateIntoBiaxial(d,0.0005,0.0000,d)nonlinear(d,0.0005,0.0000,50.0000,d)rotateFromBiaxial(d,0.0005,0.0000,d)linear(0,0,0,82.0547,d)rotate(1.1241)rotateIntoBiaxial(d,3.5060,0.0000,d)nonlinear(d,3.5060,0.0000,3.4508,d)rotateFromBiaxial(d,3.5060,0.0000,d)nonlinear(6,0.0000,0.0000,3.2539,d)linear(0,0,0,21.7700,d)rotate(-34.8224)rotateIntoBiaxial(d,0.0024,0.0000,d)nonlinear(d,0.0024,0.0000,40.1666,d)rotateFromBiaxial(d,0.0024,0.0000,d)nonlinear(6,0.0000,0.0000,27.2270,d)linear(0,0,0,204.2122,d)
47978,0,40,27.7016,27.7113,init()rotateIntoBiaxial(d,0.5791,0.0000,d)nonlinear(d,0.5791,0.0000,300.0000,d)rotateFromBiaxial(d,0.5791,0.0000,d)nonlinear(6,0.0000,0.0000,0.2256,d)rotateIntoBiaxial(d,40.4398,0.0000,d)nonlinear(d,40.4398,0.0000,100.0000,d)rotateFromBiaxial(d,40.4398,0.0000,d)rotate(179.9706)rotateIntoBiaxial(d,139.7302,0.0000,d)nonlinear(d,139.7302,0.0000,300.0000,d)rotateFromBiaxial(d,139.7302,0.0000,d)nonlinear(6,0.0000,0.0000,38.4756,d)rotate(-57.5177)rotateIntoBiaxial(d,0.0009,0.0000,d)nonlinear(d,0.0009,0.0000,50.0000,d)rotateFromBiaxial(d,0.0009,0.0000,d)linear(0,0,0,84.4426,d)rotate(1.1457)rotateIntoBiaxial(d,3.3782,0.0000,d)nonlinear(d,3.3782,0.0000,3.4142,d)rotateFromBiaxial(d,3.3782,0.0000,d)nonlinear(6,0.0000,0.0000,2.8756,d)linear(0,0,0,26.7411,d)rotate(-33.8537)rotateIntoBiaxial(d,0.0093,0.0000,d)nonlinear(d,0.0093,0.0000,40.4533,d)rotateFromBiaxial(d,0.0093,0.0000,d)nonlinear(6,0.0000,0.0000,28.5324,d)linear(0,0,0,207.0562,d)
48024,0,40,27.7038,27.7113,init()rotateIntoBiaxial(d,0.5726,0.0000,d)nonlinear(d,0.5726,0.0000,300.0000,d)rotateFromBiaxial(d,0.5726,0.0000,d)nonlinear(6,0.0000,0.0000,0.2014,d)rotateIntoBiaxial(d,40.4412,0.0000,d)nonlinear(d,40.4412,0.0000,100.0000,d)rotateFromBiaxial(d,40.4412,0.0000,d)rotate(179.9646)rotateIntoBiaxial(d,139.7299,0.0000,d)nonlinear(d,139.7299,0.0000,300.0000,d)rotateFromBiaxial(d,139.7299,0.0000,d)nonlinear(6,0.0000,0.0000,38.6481,d)rotate(-57.4680)rotateIntoBiaxial(d,0.0152,0.0000,d)nonlinear(d,0.0152,0.0000,50.0000,d)rotateFromBiaxial(d,0.0152,0.0000,d)linear(0,0,0,84.8218,d)rotate(0.9120)rotateIntoBiaxial(d,3.5565,0.0000,d)nonlinear(d,3.5565,0.0000,3.2460,d)rotateFromBiaxial(d,3.5565,0.0000,d)nonlinear(6,0.0000,0.0000,2.8610,d)linear(0,0,0,35.0493,d)rotate(-34.4594)rotateIntoBiaxial(d,0.0000,0.0000,d)nonlinear(d,0.0000,0.0000,40.3237,d)rotateFromBiaxial(d,0.0000,0.0000,d)nonlinear(6,0.0000,0.0000,27.7110,d)linear(0,0,0,199.8066,d)
48070,0,40,27.7057,27.7057,init()rotateIntoBiaxial(d,0.5913,0.0000,d)nonlinear(d,0.5913,0.0000,300.0000,d)rotateFromBiaxial(d,0.5913,0.0000,d)nonlinear(6,0.0000,0.0000,0.2596,d)rotateIntoBiaxial(d,40.4419,0.0000,d)nonlinear(d,40.4419,0.0000,100.0000,d)rotateFromBiaxial(d,40.4419,0.0000,d)rotate(179.9330)rotateIntoBiaxial(d,139.7298,0.0000,d)nonlinear(d,139.7298,0.0000,300.0000,d)rotateFromBiaxial(d,139.7298,0.0000,d)nonlinear(6,0.0000,0.0000,38.0903,d)rotate(-57.6831)rotateIntoBiaxial(d,0.0015,0.0000,d)nonlinear(d,0.0015,0.0000,50.0000,d)rotateFromBiaxial(d,0.0015,0.0000,d)nonlinear(6,0.0000,0.0000,0.2542,d)linear(0,0,0,86.7061,d)rotate(1.0274)rotateIntoBiaxial(d,3.6898,0.0000,d)nonlinear(d,3.6898,0.0000,3.3560,d)rotateFromBiaxial(d,3.6898,0.0000,d)nonlinear(6,0.0000,0.0000,3.2779,d)linear(0,0,0,22.4637,d)rotate(-34.6993)rotateIntoBiaxial(d,0.0352,0.0000,d)nonlinear(d,0.0352,0.0000,40.7704,d)rotateFromBiaxial(d,0.0352,0.0000,d)nonlinear(6,0.0000,0.0000,27.5334,d)linear(0,0,0,198.4756,d)rotate(-0.0121)
48116,0,40,27.7044,27.7057,init()rotateIntoBiaxial(d,0.5688,0.0000,d)nonlinear(d,0.5688,0.0000,300.0000,d)rotateFromBiaxial(d,0.5688,0.0000,d)nonlinear(6,0.0000,0.0000,0.2161,d)rotateIntoBiaxial(d,40.4415,0.0000,d)nonlinear(d,40.4415,0.0000,100.0000,d)rotateFromBiaxial(d,40.4415,0.0000,d)rotate(179.9360)rotateIntoBiaxial(d,139.7297,0.0000,d)nonlinear(d,139.7297,0.0000,300.0000,d)rotateFromBiaxial(d,139.7297,0.0000,d)nonlinear(6,0.0000,0.0000,38.7039,d)rotate(-57.7311)rotateIntoBiaxial(d,0.0123,0.0000,d)nonlinear(d,0.0123,0.0000,50.0000,d)rotateFromBiaxial(d,0.0123,0.0000,d)nonlinear(6,0.0000,0.0000,0.1971,d)linear(0,0,0,85.4722,d)rotate(1.0289)rotateIntoBiaxial(d,3.8584,0.0000,d)nonlinear(d,3.8584,0.0000,2.9446,d)rotateFromBiaxial(d,3.8584,0.0000,d)nonlinear(6,0.0000,0.0000,3.1085,d)linear(0,0,0,20.2099,d)rotate(-34.4800)rotateIntoBiaxial(d,0.0221,0.0000,d)nonlinear(d,0.0221,0.0000,40.8430,d)rotateFromBiaxial(d,0.0221,0.0000,d)nonlinear(6,0.0000,0.0000,26.9978,d)linear(0,0,0,200.2761,d)
48162,0,40,27.7051,27.7051,init()rotateIntoBiaxial(d,0.5984,0.0000,d)nonlinear(d,0.5984,0.0000,300.0000,d)rotateFromBiaxial(d,0.5984,0.0000,d)nonlinear(6,0.0000,0.0000,0.2863,d)rotate(0.0148)rotateIntoBiaxial(d,40.4416,0.0000,d)nonlinear(d,40.4416,0.0000,100.0000,d)rotateFromBiaxial(d,40.4416,0.0000,d)rotate(179.9484)rotateIntoBiaxial(d,139.7297,0.0000,d)nonlinear(d,139.7297,0.0000,300.0000,d)rotateFromBiaxial(d,139.7297,0.0000,d)nonlinear(6,0.0000,0.0000,38.1556,d)rotate(-57.4069)rotateIntoBiaxial(d,0.0613,0.0000,d)nonlinear(d,0.0613,0.0000,50.0000,d)rotateFromBiaxial(d,0.0613,0.0000,d)nonlinear(6,0.0000,0.0000,0.3534,d)linear(0,0,0,86.2145,d)rotate(1.1103)rotateIntoBiaxial(d,3.5259,0.0000,d)nonlinear(d,3.5259,0.0000,3.5865,d)rotateFromBiaxial(d,3.5259,0.0000,d)nonlinear(6,0.0000,0.0000,2.8664,d)linear(0,0,0,24.3860,d)rotate(-33.7169)rotateIntoBiaxial(d,0.0709,0.0000,d)nonlinear(d,0.0709,0.0000,40.4179,d)rotateFromBiaxial(d,0.0709,0.0000,d)nonlinear(6,0.0000,0.0000,26.9319,d)linear(0,0,0,194.4967,d)
48208,0,40,27.7117,27.7051,init()rotateIntoBiaxial(d,0.6140,0.0000,d)nonlinear(d,0.6140,0.0000,300.0000,d)rotateFromBiaxial(d,0.6140,0.0000,d)nonlinear(6,0.0000,0.0000,0.1210,d)rotate(0.0034)rotateIntoBiaxial(d,40.4442,0.0000,d)nonlinear(d,40.4442,0.0000,100.0000,d)rotateFromBiaxial(d,40.4442,0.0000,d)nonlinear(6,0.0000,0.0000,0.2495,d)rotate(179.9710)rotateIntoBiaxial(d,139.7287,0.0000,d)nonlinear(d,139.7287,0.0000,300.0000,d)rotateFromBiaxial(d,139.7287,0.0000,d)nonlinear(6,0.0000,0.0000,37.9457,d)rotate(-57.8648)rotateIntoBiaxial(d,0.0001,0.0000,d)nonlinear(d,0.0001,0.0000,50.0000,d)rotateFromBiaxial(d,0.0001,0.0000,d)linear(0,0,0,85.0074,d)rotate(0.8579)rotateIntoBiaxial(d,4.0296,0.0000,d)nonlinear(d,4.0296,0.0000,3.5862,d)rotateFromBiaxial(d,4.0296,0.0000,d)nonlinear(6,0.0000,0.0000,3.2317,d)linear(0,0,0,23.9510,d)rotate(-33.8650)rotateIntoBiaxial(d,0.0871,0.0000,d)nonlinear(d,0.0871,0.0000,40.4916,d)rotateFromBiaxial(d,0.0871,0.0000,d)nonlinear(6,0.0000,0.0000,27.3880,d)linear(0,0,0,202.7801,d)rotate(-0.0026)
48254,0,40,27.7099,27.7051,init()rotateIntoBiaxial(d,0.6073,0.0000,d)nonlinear(d,0.6073,0.0000,300.0000,d)rotateFromBiaxial(d,0.6073,0.0000,d)nonlinear(6,0.0000,0.0000,0.3073,d)rotateIntoBiaxial(d,40.4439,0.0000,d)nonlinear(d,40.4439,0.0000,100.0000,d)rotateFromBiaxial(d,40.4439,0.0000,d)rotate(179.9562)rotateIntoBiaxial(d,139.7290,0.0000,d)nonlinear(d,139.7290,0.0000,300.0000,d)rotateFromBiaxial(d,139.7290,0.0000,d)nonlinear(6,0.0000,0.0000,38.0256,d)rotate(-57.7889)rotateIntoBiaxial(d,0.0000,0.0000,d)nonlinear(d,0.0000,0.0000,50.0000,d)rotateFromBiaxial(d,0.0000,0.0000,d)linear(0,0,0,85.1740,d)rotate(0.5714)rotateIntoBiaxial(d,3.7309,0.0000,d)nonlinear(d,3.7309,0.0000,4.0075,d)rotateFromBiaxial(d,3.7309,0.0000,d)nonlinear(6,0.0000,0.0000,3.0724,d)linear(0,0,0,29.0413,d)rotate(-34.5795)rotateIntoBiaxial(d,0.1174,0.0000,d)nonlinear(d,0.1174,0.0000,40.5436,d)rotateFromBiaxial(d,0.1174,0.0000,d)nonlinear(6,0.0000,0.0000,26.8941,d)linear(0,0,0,201.1185,d)
48300,0,40,27.7117,27.7051,init()rotateIntoBiaxial(d,0.6074,0.0000,d)nonlinear(d,0.6074,0.0000,300.0000,d)rotateFromBiaxial(d,0.6074,0.0000,d)nonlinear(6,0.0000,0.0000,0.2624,d)rotateIntoBiaxial(d,40.4444,0.0000,d)nonlinear(d,40.4444,0.0000,100.0000,d)rotateFromBiaxial(d,40.4444,0.0000,d)rotate(179.9817)rotateIntoBiaxial(d,139.7287,0.0000,d)nonlinear(d,139.7287,0.0000,300.0000,d)rotateFromBiaxial(d,139.7287,0.0000,d)nonlinear(6,0.0000,0.0000,37.9041,d)rotate(-57.5488)rotateIntoBiaxial(d,0.0293,0.0000,d)nonlinear(d,0.0293,0.0000,50.0000,d)rotateFromBiaxial(d,0.0293,0.0000,d)linear(0,0,0,90.5331,d)rotate(0.9331)rotateIntoBiaxial(d,3.7418,0.0000,d)nonlinear(d,3.7418,0.0000,3.7025,d)rotateFromBiaxial(d,3.7418,0.0000,d)nonlinear(6,0.0000,0.0000,3.1445,d)linear(0,0,0,23.0273,d)rotate(-33.3997)rotateIntoBiaxial(d,0.0214,0.0000,d)nonlinear(d,0.0214,0.0000,40.3948,d)rotateFromBiaxial(d,0.0214,0.0000,d)nonlinear(6,0.0000,0.0000,27.1599,d)linear(0,0,0,199.8782,d)
48346,0,40,27.7089,27.7051,init()rotateIntoBiaxial(d,0.5936,0.0000,d)nonlinear(d,0.5936,0.0000,300.0000,d)rotateFromBiaxial(d,0.5936,0.0000,d)nonlinear(6,0.0000,0.0000,0.2786,d)rotateIntoBiaxial(d,40.4432,0.0000,d)nonlinear(d,40.4432,0.0000,100.0000,d)rotateFromBiaxial(d,40.4432,0.0000,d)rotate(179.9753)rotateIntoBiaxial(d,139.7292,0.0000,d)nonlinear(d,139.7292,0.0000,300.0000,d)rotateFromBiaxial(d,139.7292,0.0000,d)nonlinear(6,0.0000,0.0000,37.7364,d)rotate(-57.5014)rotateIntoBiaxial(d,0.0003,0.0000,d)nonlinear(d,0.0003,0.0000,50.0000,d)rotateFromBiaxial(d,0.0003,0.0000,d)linear(0,0,0,84.7567,d)rotate(1.1575)rotateIntoBiaxial(d,3.6217,0.0000,d)nonlinear(d,3.6217,0.0000,3.8390,d)rotateFromBiaxial(d,3.6217,0.0000,d)nonlinear(6,0.0000,0.0000,3.1783,d)linear(0,0,0,21.7864,d)rotate(-34.2817)rotateIntoBiaxial(d,0.0159,0.0000,d)nonlinear(d,0.0159,0.0000,40.4736,d)rotateFromBiaxial(d,0.0159,0.0000,d)nonlinear(6,0.0000,0.0000,26.7991,d)linear(0,0,0,204.4616,d)
48392,0,40,27.7097,27.7051,init()rotateIntoBiaxial(d,0.6229,0.0000,d)nonlinear(d,0.6229,0.0000,300.0000,d)rotateFromBiaxial(d,0.6229,0.0000,d)nonlinear(6,0.0000,0.0000,0.2770,d)rotateIntoBiaxial(d,40.4436,0.0000,d)nonlinear(d,40.4436,0.0000,100.0000,d)rotateFromBiaxial(d,40.4436,0.0000,d)nonlinear(6,0.0000,0.0000,0.0277,d)rotate(179.9440)rotateIntoBiaxial(d,139.7292,0.0000,d)nonlinear(d,139.7292,0.0000,300.0000,d)rotateFromBiaxial(d,139.7292,0.0000,d)nonlinear(6,0.0000,0.0000,38.0694,d)rotate(-58.0054)rotateIntoBiaxial(d,0.0036,0.0000,d)nonlinear(d,0.0036,0.0000,50.0000,d)rotateFromBiaxial(d,0.0036,0.0000,d)linear(0,0,0,86.5820,d)rotate(1.0340)rotateIntoBiaxial(d,3.7439,0.0000,d)nonlinear(d,3.7439,0.0000,3.6411,d)rotateFromBiaxial(d,3.7439,0.0000,d)nonlinear(6,0.0000,0.0000,2.7853,d)linear(0,0,0,29.6871,d)rotate(-34.3684)rotateIntoBiaxial(d,0.0647,0.0000,d)nonlinear(d,0.0647,0.0000,40.7125,d)rotateFromBiaxial(d,0.0647,0.0000,d)nonlinear(6,0.0000,0.0000,25.9144,d)linear(0,0,0,206.4365,d)
48438,0,40,27.7025,27.7051,init()rotateIntoBiaxial(d,0.5814,0.0000,d)nonlinear(d,0.5814,0.0000,300.0000,d)rotateFromBiaxial(d,0.5814,0.0000,d)nonlinear(6,0.0000,0.0000,0.4321,d)rotateIntoBiaxial(d,40.4408,0.0000,d)nonlinear(d,40.4408,0.0000,100.0000,d)rotateFromBiaxial(d,40.4408,0.0000,d)rotate(179.9372)rotateIntoBiaxial(d,139.7300,0.0000,d)nonlinear(d,139.7300,0.0000,300.0000,d)rotateFromBiaxial(d,139.7300,0.0000,d)nonlinear(6,0.0000,0.0000,37.3720,d)rotate(-57.3963)rotateIntoBiaxial(d,0.0108,0.0000,d)nonlinear(d,0.0108,0.0000,50.0000,d)rotateFromBiaxial(d,0.0108,0.0000,d)nonlinear(6,0.0000,0.0000,0.2844,d)linear(0,0,0,91.2424,d)rotate(0.9571)rotateIntoBiaxial(d,3.6622,0.0000,d)nonlinear(d,3.6622,0.0000,3.3864,d)rotateFromBiaxial(d,3.6622,0.0000,d)nonlinear(6,0.0000,0.0000,2.7513,d)linear(0,0,0,25.5273,d)rotate(-35.4222)rotateIntoBiaxial(d,0.0011,0.0000,d)nonlinear(d,0.0011,0.0000,40.6911,d)rotateFromBiaxial(d,0.0011,0.0000,d)nonlinear(6,0.0000,0.0000,27.1367,d)linear(0,0,0,203.8823,d)
48484,0,40,27.7093,27.7051,init()rotateIntoBiaxial(d,0.6057,0.0000,d)nonlinear(d,0.6057,0.0000,300.0000,d)rotateFromBiaxial(d,0.6057,0.0000,d)nonlinear(6,0.0000,0.0000,0.3810,d)rotateIntoBiaxial(d,40.4432,0.0000,d)nonlinear(d,40.4432,0.0000,100.0000,d)rotateFromBiaxial(d,40.4432,0.0000,d)nonlinear(6,0.0000,0.0000,0.0439,d)rotate(179.9479)rotateIntoBiaxial(d,139.7292,0.0000,d)nonlinear(d,139.7292,0.0000,300.0000,d)rotateFromBiaxial(d,139.7292,0.0000,d)nonlinear(6,0.0000,0.0000,38.5669,d)rotate(-57.4534)rotateIntoBiaxial(d,0.0044,0.0000,d)nonlinear(d,0.0044,0.0000,50.0000,d)rotateFromBiaxial(d,0.0044,0.0000,d)linear(0,0,0,85.8116,d)rotate(0.8424)rotateIntoBiaxial(d,3.4977,0.0000,d)nonlinear(d,3.4977,0.0000,3.4333,d)rotateFromBiaxial(d,3.4977,0.0000,d)nonlinear(6,0.0000,0.0000,2.6898,d)linear(0,0,0,25.1457,d)rotate(-34.4968)rotateIntoBiaxial(d,0.0205,0.0000,d)nonlinear(d,0.0205,0.0000,41.2983,d)rotateFromBiaxial(d,0.0205,0.0000,d)nonlinear(6,0.0000,0.0000,28.4540,d)linear(0,0,0,213.4815,d)
48530,0,40,27.7042,27.7051,init()rotateIntoBiaxial(d,0.5766,0.0000,d)nonlinear(d,0.5766,0.0000,300.0000,d)rotateFromBiaxial(d,0.5766,0.0000,d)nonlinear(6,0.0000,0.0000,0.2592,d)rotateIntoBiaxial(d,40.4410,0.0000,d)nonlinear(d,40.4410,0.0000,100.0000,d)rotateFromBiaxial(d,40.4410,0.0000,d)rotate(179.9468)rotateIntoBiaxial(d,139.7297,0.0000,d)nonlinear(d,139.7297,0.0000,300.0000,d)rotateFromBiaxial(d,139.7297,0.0000,d)nonlinear(6,0.0000,0.0000,38.0502,d)rotate(-57.1310)rotateIntoBiaxial(d,0.0051,0.0000,d)nonlinear(d,0.0051,0.0000,50.0000,d)rotateFromBiaxial(d,0.0051,0.0000,d)linear(0,0,0,82.9776,d)rotate(0.7805)rotateIntoBiaxial(d,3.4957,0.0000,d)nonlinear(d,3.4957,0.0000,3.6638,d)rotateFromBiaxial(d,3.4957,0.0000,d)nonlinear(6,0.0000,0.0000,2.9395,d)linear(0,0,0,29.9288,d)rotate(-35.7296)rotateIntoBiaxial(d,0.1054,0.0000,d)nonlinear(d,0.1054,0.0000,40.8264,d)rotateFromBiaxial(d,0.1054,0.0000,d)nonlinear(6,0.0000,0.0000,27.8192,d)linear(0,0,0,208.1841,d)
48576,0,40,27.7028,27.7051,init()rotateIntoBiaxial(d,0.5842,0.0000,d)nonlinear(d,0.5842,0.0000,300.0000,d)rotateFromBiaxial(d,0.5842,0.0000,d)nonlinear(6,0.0000,0.0000,0.2777,d)rotateIntoBiaxial(d,40.4402,0.0000,d)nonlinear(d,40.4402,0.0000,100.0000,d)rotateFromBiaxial(d,40.4402,0.0000,d)rotate(179.9673)rotateIntoBiaxial(d,139.7299,0.0000,d)nonlinear(d,139.7299,0.0000,300.0000,d)rotateFromBiaxial(d,139.7299,0.0000,d)nonlinear(6,0.0000,0.0000,38.0645,d)rotate(-57.3120)rotateIntoBiaxial(d,0.0126,0.0000,d)nonlinear(d,0.0126,0.0000,50.0000,d)rotateFromBiaxial(d,0.0126,0.0000,d)linear(0,0,0,86.6144,d)rotate(0.7074)rotateIntoBiaxial(d,3.6515,0.0000,d)nonlinear(d,3.6515,0.0000,3.2509,d)rotateFromBiaxial(d,3.6515,0.0000,d)nonlinear(6,0.0000,0.0000,3.1932,d)linear(0,0,0,31.3911,d)rotate(-34.5554)rotateIntoBiaxial(d,0.0001,0.0000,d)nonlinear(d,0.0001,0.0000,40.5748,d)rotateFromBiaxial(d,0.0001,0.0000,d)nonlinear(6,0.0000,0.0000,27.6641,d)linear(0,0,0,206.5872,d)
48622,0,40,27.7053,27.7051,init()rotateIntoBiaxial(d,0.5790,0.0000,d)nonlinear(d,0.5790,0.0000,300.0000,d)rotateFromBiaxial(d,0.5790,0.0000,d)nonlinear(6,0.0000,0.0000,0.1998,d)rotateIntoBiaxial(d,40.4418,0.0000,d)nonlinear(d,40.4418,0.0000,100.0000,d)rotateFromBiaxial(d,40.4418,0.0000,d)rotate(179.9797)rotateIntoBiaxial(d,139.7297,0.0000,d)nonlinear(d,139.7297,0.0000,300.0000,d)rotateFromBiaxial(d,139.7297,0.0000,d)nonlinear(6,0.0000,0.0000,38.0678,d)rotate(-57.6926)rotateIntoBiaxial(d,0.0493,0.0000,d)nonlinear(d,0.0493,0.0000,50.0000,d)rotateFromBiaxial(d,0.0493,0.0000,d)linear(0,0,0,89.3540,d)rotate(1.0083)rotateIntoBiaxial(d,3.3330,0.0000,d)nonlinear(d,3.3330,0.0000,3.1401,d)rotateFromBiaxial(d,3.3330,0.0000,d)nonlinear(6,0.0000,0.0000,3.1200,d)linear(0,0,0,30.7439,d)rotate(-34.8662)rotateIntoBiaxial(d,0.0001,0.0000,d)nonlinear(d,0.0001,0.0000,41.0772,d)rotateFromBiaxial(d,0.0001,0.0000,d)nonlinear(6,0.0000,0.0000,27.6914,d)linear(0,0,0,198.9462,d)
48668,0,40,27.7068,27.7051,init()rotateIntoBiaxial(d,0.5920,0.0000,d)nonlinear(d,0.5920,0.0000,300.0000,d)rotateFromBiaxial(d,0.5920,0.0000,d)nonlinear(6,0.0000,0.0000,0.2686,d)rotateIntoBiaxial(d,40.4421,0.0000,d)nonlinear(d,40.4421,0.0000,100.0000,d)rotateFromBiaxial(d,40.4421,0.0000,d)rotate(179.9447)rotateIntoBiaxial(d,139.7294,0.0000,d)nonlinear(d,139.7294,0.0000,300.0000,d)rotateFromBiaxial(d,139.7294,0.0000,d)nonlinear(6,0.0000,0.0000,38.0019,d)rotate(-57.7155)rotateIntoBiaxial(d,0.0006,0.0000,d)nonlinear(d,0.0006,0.0000,50.0000,d)rotateFromBiaxial(d,0.0006,0.0000,d)linear(0,0,0,85.4099,d)rotate(1.2348)rotateIntoBiaxial(d,3.3383,0.0000,d)nonlinear(d,3.3383,0.0000,3.6662,d)rotateFromBiaxial(d,3.3383,0.0000,d)nonlinear(6,0.0000,0.0000,3.1407,d)linear(0,0,0,29.7578,d)rotate(-34.9662)rotateIntoBiaxial(d,0.0896,0.0000,d)nonlinear(d,0.0896,0.0000,40.7046,d)rotateFromBiaxial(d,0.0896,0.0000,d)nonlinear(6,0.0000,0.0000,26.9992,d)linear(0,0,0,200.8136,d)
48714,0,40,27.7060,27.7051,init()rotateIntoBiaxial(d,0.5937,0.0000,d)nonlinear(d,0.5937,0.0000,300.0000,d)rotateFromBiaxial(d,0.5937,0.0000,d)nonlinear(6,0.0000,0.0000,0.2202,d)rotateIntoBiaxial(d,40.4419,0.0000,d)nonlinear(d,40.4419,0.0000,100.0000,d)rotateFromBiaxial(d,40.4419,0.0000,d)rotate(179.9631)rotateIntoBiaxial(d,139.7296,0.0000,d)nonlinear(d,139.7296,0.0000,300.0000,d)rotateFromBiaxial(d,139.7296,0.0000,d)nonlinear(6,0.0000,0.0000,38.2013,d)rotate(-57.4132)rotateIntoBiaxial(d,0.0092,0.0000,d)nonlinear(d,0.0092,0.0000,50.0000,d)rotateFromBiaxial(d,0.0092,0.0000,d)linear(0,0,0,89.5804,d)rotate(0.7780)rotateIntoBiaxial(d,3.6472,0.0000,d)nonlinear(d,3.6472,0.0000,2.9872,d)rotateFromBiaxial(d,3.6472,0.0000,d)nonlinear(6,0.0000,0.0000,3.1823,d)linear(0,0,0,30.6142,d)rotate(-34.7031)rotateIntoBiaxial(d,0.0001,0.0000,d)nonlinear(d,0.0001,0.0000,40.8091,d)rotateFromBiaxial(d,0.0001,0.0000,d)nonlinear(6,0.0000,0.0000,27.6547,d)linear(0,0,0,203.3984,d)
48760,0,40,27.7014,27.7051,init()rotateIntoBiaxial(d,0.5673,0.0000,d)nonlinear(d,0.5673,0.0000,300.0000,d)rotateFromBiaxial(d,0.5673,0.0000,d)nonlinear(6,0.0000,0.0000,0.2993,d)rotateIntoBiaxial(d,40.4400,0.0000,d)nonlinear(d,40.4400,0.0000,100.0000,d)rotateFromBiaxial(d,40.4400,0.0000,d)rotate(179.9572)rotateIntoBiaxial(d,139.7301,0.0000,d)nonlinear(d,139.7301,0.0000,300.0000,d)rotateFromBiaxial(d,139.7301,0.0000,d)nonlinear(6,0.0000,0.0000,38.7593,d)rotate(-57.3599)rotateIntoBiaxial(d,0.0029,0.0000,d)nonlinear(d,0.0029,0.0000,50.0000,d)rotateFromBiaxial(d,0.0029,0.0000,d)linear(0,0,0,86.4445,d)rotate(1.1136)rotateIntoBiaxial(d,3.5427,0.0000,d)nonlinear(d,3.5427,0.0000,3.0130,d)rotateFromBiaxial(d,3.5427,0.0000,d)nonlinear(6,0.0000,0.0000,3.0741,d)linear(0,0,0,25.4837,d)rotate(-34.5814)rotateIntoBiaxial(d,0.0001,0.0000,d)nonlinear(d,0.0001,0.0000,40.6229,d)rotateFromBiaxial(d,0.0001,0.0000,d)nonlinear(6,0.0000,0.0000,27.5480,d)linear(0,0,0,201.9415,d)
48806,0,40,27.7061,27.7061,init()rotateIntoBiaxial(d,0.5967,0.0000,d)nonlinear(d,0.5967,0.0000,300.0000,d)rotateFromBiaxial(d,0.5967,0.0000,d)nonlinear(6,0.0000,0.0000,0.3096,d)rotateIntoBiaxial(d,40.4419,0.0000,d)nonlinear(d,40.4419,0.0000,100.0000,d)rotateFromBiaxial(d,40.4419,0.0000,d)rotate(179.9762)rotateIntoBiaxial(d,139.7295,0.0000,d)nonlinear(d,139.7295,0.0000,300.0000,d)rotateFromBiaxial(d,139.7295,0.0000,d)nonlinear(6,0.0000,0.0000,38.0441,d)rotate(-57.7815)rotateIntoBiaxial(d,0.0245,0.0000,d)nonlinear(d,0.0245,0.0000,50.0000,d)rotateFromBiaxial(d,0.0245,0.0000,d)linear(0,0,0,85.8663,d)rotate(0.9291)rotateIntoBiaxial(d,3.6545,0.0000,d)nonlinear(d,3.6545,0.0000,3.0225,d)rotateFromBiaxial(d,3.6545,0.0000,d)nonlinear(6,0.0000,0.0000,3.0823,d)linear(0,0,0,33.4377,d)rotate(-34.2500)rotateIntoBiaxial(d,0.0008,0.0000,d)nonlinear(d,0.0008,0.0000,40.6255,d)rotateFromBiaxial(d,0.0008,0.0000,d)nonlinear(6,0.0000,0.0000,28.0207,d)linear(0,0,0,209.4279,d)
48852,0,40,27.7010,27.7010,init()rotateIntoBiaxial(d,0.5583,0.0000,d)nonlinear(d,0.5583,0.0000,300.0000,d)rotateFromBiaxial(d,0.5583,0.0000,d)nonlinear(6,0.0000,0.0000,0.1769,d)rotateIntoBiaxial(d,40.4399,0.0000,d)nonlinear(d,40.4399,0.0000,100.0000,d)rotateFromBiaxial(d,40.4399,0.0000,d)rotate(179.9723)rotateIntoBiaxial(d,139.7302,0.0000,d)nonlinear(d,139.7302,0.0000,300.0000,d)rotateFromBiaxial(d,139.7302,0.0000,d)nonlinear(6,0.0000,0.0000,38.0724,d)rotate(-57.5963)rotateIntoBiaxial(d,0.0006,0.0000,d)nonlinear(d,0.0006,0.0000,50.0000,d)rotateFromBiaxial(d,0.0006,0.0000,d)linear(0,0,0,86.9082,d)rotate(0.8041)rotateIntoBiaxial(d,3.4461,0.0000,d)nonlinear(d,3.4461,0.0000,3.6635,d)rotateFromBiaxial(d,3.4461,0.0000,d)nonlinear(6,0.0000,0.0000,3.1557,d)linear(0,0,0,28.4871,d)rotate(-35.0331)rotateIntoBiaxial(d,0.0084,0.0000,d)nonlinear(d,0.0084,0.0000,40.9459,d)rotateFromBiaxial(d,0.0084,0.0000,d)nonlinear(6,0.0000,0.0000,28.5725,d)linear(0,0,0,209.3534,d)
48898,0,40,27.7033,27.7033,init()rotateIntoBiaxial(d,0.5748,0.0000,d)nonlinear(d,0.5748,0.0000,300.0000,d)rotateFromBiaxial(d,0.5748,0.0000,d)nonlinear(6,0.0000,0.0000,0.3554,d)rotateIntoBiaxial(d,40.4407,0.0000,d)nonlinear(d,40.4407,0.0000,100.0000,d)rotateFromBiaxial(d,40.4407,0.0000,d)rotate(179.9634)rotateIntoBiaxial(d,139.7299,0.0000,d)nonlinear(d,139.7299,0.0000,300.0000,d)rotateFromBiaxial(d,139.7299,0.0000,d)nonlinear(6,0.0000,0.0000,37.8180,d)rotate(-57.6113)rotateIntoBiaxial(d,0.0001,0.0000,d)nonlinear(d,0.0001,0.0000,50.0000,d)rotateFromBiaxial(d,0.0001,0.0000,d)linear(0,0,0,84.8174,d)rotate(0.9614)rotateIntoBiaxial(d,3.4570,0.0000,d)nonlinear(d,3.4570,0.0000,3.4401,d)rotateFromBiaxial(d,3.4570,0.0000,d)nonlinear(6,0.0000,0.0000,3.1662,d)linear(0,0,0,28.3595,d)rotate(-34.7857)rotateIntoBiaxial(d,0.1147,0.0000,d)nonlinear(d,0.1147,0.0000,40.4365,d)rotateFromBiaxial(d,0.1147,0.0000,d)nonlinear(6,0.0000,0.0000,27.6967,d)linear(0,0,0,209.9953,d)
48944,0,40,27.7033,27.7033,init()rotateIntoBiaxial(d,0.5750,0.0000,d)nonlinear(d,0.5750,0.0000,300.0000,d)rotateFromBiaxial(d,0.5750,0.0000,d)nonlinear(6,0.0000,0.0000,0.2750,d)rotateIntoBiaxial(d,40.4407,0.0000,d)nonlinear(d,40.4407,0.0000,100.0000,d)rotateFromBiaxial(d,40.4407,0.0000,d)rotate(179.9816)rotateIntoBiaxial(d,139.7299,0.0000,d)nonlinear(d,139.7299,0.0000,300.0000,d)rotateFromBiaxial(d,139.7299,0.0000,d)nonlinear(6,0.0000,0.0000,38.1255,d)rotate(-57.4596)rotateIntoBiaxial(d,0.0029,0.0000,d)nonlinear(d,0.0029,0.0000,50.0000,d)rotateFromBiaxial(d,0.0029,0.0000,d)linear(0,0,0,87.0175,d)rotate(0.9113)rotateIntoBiaxial(d,3.5207,0.0000,d)nonlinear(d,3.5207,0.0000,3.6093,d)rotateFromBiaxial(d,3.5207,0.0000,d)nonlinear(6,0.0000,0.0000,3.1410,d)linear(0,0,0,26.2155,d)rotate(-34.0238)rotateIntoBiaxial(d,0.0488,0.0000,d)nonlinear(d,0.0488,0.0000,40.2479,d)rotateFromBiaxial(d,0.0488,0.0000,d)nonlinear(6,0.0000,0.0000,27.0892,d)linear(0,0,0,203.2925,d)
48990,0,40,27.7089,27.7089,init()rotateIntoBiaxial(d,0.5986,0.0000,d)nonlinear(d,0.5986,0.0000,300.0000,d)rotateFromBiaxial(d,0.5986,0.0000,d)nonlinear(6,0.0000,0.0000,0.2257,d)rotateIntoBiaxial(d,40.4429,0.0000,d)nonlinear(d,40.4429,0.0000,100.0000,d)rotateFromBiaxial(d,40.4429,0.0000,d)rotate(179.9891)rotateIntoBiaxial(d,139.7293,0.0000,d)nonlinear(d,139.7293,0.0000,300.0000,d)rotateFromBiaxial(d,139.7293,0.0000,d)nonlinear(6,0.0000,0.0000,38.1634,d)rotate(-57.3496)rotateIntoBiaxial(d,0.0008,0.0000,d)nonlinear(d,0.0008,0.0000,50.0000,d)rotateFromBiaxial(d,0.0008,0.0000,d)linear(0,0,0,84.8021,d)rotate(0.8205)rotateIntoBiaxial(d,3.3915,0.0000,d)nonlinear(d,3.3915,0.0000,3.3611,d)rotateFromBiaxial(d,3.3915,0.0000,d)nonlinear(6,0.0000,0.0000,2.8978,d)linear(0,0,0,31.4211,d)rotate(-34.8681)rotateIntoBiaxial(d,0.0109,0.0000,d)nonlinear(d,0.0109,0.0000,40.9305,d)rotateFromBiaxial(d,0.0109,0.0000,d)nonlinear(6,0.0000,0.0000,27.1404,d)linear(0,0,0,205.0140,d)
49036,0,40,27.7050,27.7089,init()rotateIntoBiaxial(d,0.5764,0.0000,d)nonlinear(d,0.5764,0.0000,300.0000,d)rotateFromBiaxial(d,0.5764,0.0000,d)nonlinear(6,0.0000,0.0000,0.2785,d)rotateIntoBiaxial(d,40.4415,0.0000,d)nonlinear(d,40.4415,0.0000,100.0000,d)rotateFromBiaxial(d,40.4415,0.0000,d)rotate(179.9699)rotateIntoBiaxial(d,139.7298,0.0000,d)nonlinear(d,139.7298,0.0000,300.0000,d)rotateFromBiaxial(d,139.7298,0.0000,d)nonlinear(6,0.0000,0.0000,37.9200,d)rotate(-57.3497)rotateIntoBiaxial(d,0.0012,0.0000,d)nonlinear(d,0.0012,0.0000,50.0000,d)rotateFromBiaxial(d,0.0012,0.0000,d)linear(0,0,0,86.6524,d)rotate(0.9664)rotateIntoBiaxial(d,3.2143,0.0000,d)nonlinear(d,3.2143,0.0000,3.4889,d)rotateFromBiaxial(d,3.2143,0.0000,d)nonlinear(6,0.0000,0.0000,2.9789,d)linear(0,0,0,24.3694,d)rotate(-34.4039)rotateIntoBiaxial(d,0.0550,0.0000,d)nonlinear(d,0.0550,0.0000,40.7790,d)rotateFromBiaxial(d,0.0550,0.0000,d)nonlinear(6,0.0000,0.0000,27.6751,d)linear(0,0,0,207.1483,d)
49082,0,40,27.7056,27.7056,init()rotateIntoBiaxial(d,0.5984,0.0000,d)nonlinear(d,0.5984,0.0000,300.0000,d)rotateFromBiaxial(d,0.5984,0.0000,d)nonlinear(6,0.0000,0.0000,0.2505,d)rotateIntoBiaxial(d,40.4416,0.0000,d)nonlinear(d,40.4416,0.0000,100.0000,d)rotateFromBiaxial(d,40.4416,0.0000,d)rotate(179.9827)rotateIntoBiaxial(d,139.7297,0.0000,d)nonlinear(d,139.7297,0.0000,300.0000,d)rotateFromBiaxial(d,139.7297,0.0000,d)nonlinear(6,0.0000,0.0000,37.7474,d)rotate(-57.5715)rotateIntoBiaxial(d,0.0000,0.0000,d)nonlinear(d,0.0000,0.0000,50.0000,d)rotateFromBiaxial(d,0.0000,0.0000,d)linear(0,0,0,85.6785,d)rotate(1.1857)rotateIntoBiaxial(d,3.3592,0.0000,d)nonlinear(d,3.3592,0.0000,3.4351,d)rotateFromBiaxial(d,3.3592,0.0000,d)nonlinear(6,0.0000,0.0000,3.0049,d)linear(0,0,0,27.6194,d)rotate(-35.4935)rotateIntoBiaxial(d,0.0746,0.0000,d)nonlinear(d,0.0746,0.0000,40.4906,d)rotateFromBiaxial(d,0.0746,0.0000,d)nonlinear(6,0.0000,0.0000,27.0266,d)linear(0,0,0,205.1919,d)
49128,0,40,27.7056,27.7056,init()rotateIntoBiaxial(d,0.5849,0.0000,d)nonlinear(d,0.5849,0.0000,300.0000,d)rotateFromBiaxial(d,0.5849,0.0000,d)nonlinear(6,0.0000,0.0000,0.2521,d)rotateIntoBiaxial(d,40.4417,0.0000,d)nonlinear(d,40.4417,0.0000,100.0000,d)rotateFromBiaxial(d,40.4417,0.0000,d)rotate(179.9727)rotateIntoBiaxial(d,139.7297,0.0000,d)nonlinear(d,139.7297,0.0000,300.0000,d)rotateFromBiaxial(d,139.7297,0.0000,d)nonlinear(6,0.0000,0.0000,38.1625,d)rotate(-57.4421)rotateIntoBiaxial(d,0.0041,0.0000,d)nonlinear(d,0.0041,0.0000,50.0000,d)rotateFromBiaxial(d,0.0041,0.0000,d)linear(0,0,0,86.0965,d)rotate(0.5279)rotateIntoBiaxial(d,3.4367,0.0000,d)nonlinear(d,3.4367,0.0000,3.2847,d)rotateFromBiaxial(d,3.4367,0.0000,d)nonlinear(6,0.0000,0.0000,3.1069,d)linear(0,0,0,37.1627,d)rotate(-34.4917)rotateIntoBiaxial(d,0.0452,0.0000,d)nonlinear(d,0.0452,0.0000,40.7317,d)rotateFromBiaxial(d,0.0452,0.0000,d)nonlinear(6,0.0000,0.0000,27.6933,d)linear(0,0,0,210.9933,d)
49174,0,40,27.7100,27.7100,init()rotateIntoBiaxial(d,0.6200,0.0000,d)nonlinear(d,0.6200,0.0000,300.0000,d)rotateFromBiaxial(d,0.6200,0.0000,d)nonlinear(6,0.0000,0.0000,0.2120,d)rotateIntoBiaxial(d,40.4433,0.0000,d)nonlinear(d,40.4433,0.0000,100.0000,d)rotateFromBiaxial(d,40.4433,0.0000,d)rotate(179.9796)rotateIntoBiaxial(d,139.7291,0.0000,d)nonlinear(d,139.7291,0.0000,300.0000,d)rotateFromBiaxial(d,139.7291,0.0000,d)nonlinear(6,0.0000,0.0000,37.9473,d)rotate(-57.1055)rotateIntoBiaxial(d,0.0026,0.0000,d)nonlinear(d,0.0026,0.0000,50.0000,d)rotateFromBiaxial(d,0.0026,0.0000,d)linear(0,0,0,85.4097,d)rotate(0.7448)rotateIntoBiaxial(d,3.2513,0.0000,d)nonlinear(d,3.2513,0.0000,3.3862,d)rotateFromBiaxial(d,3.2513,0.0000,d)nonlinear(6,0.0000,0.0000,3.0365,d)linear(0,0,0,28.4697,d)rotate(-35.2620)rotateIntoBiaxial(d,0.0588,0.0000,d)nonlinear(d,0.0588,0.0000,40.6813,d)rotateFromBiaxial(d,0.0588,0.0000,d)nonlinear(6,0.0000,0.0000,27.4975,d)linear(0,0,0,212.1568,d)
49220,0,40,27.7063,27.7100,init()rotateIntoBiaxial(d,0.5794,0.0000,d)nonlinear(d,0.5794,0.0000,300.0000,d)rotateFromBiaxial(d,0.5794,0.0000,d)nonlinear(6,0.0000,0.0000,0.2533,d)rotateIntoBiaxial(d,40.4418,0.0000,d)nonlinear(d,40.4418,0.0000,100.0000,d)rotateFromBiaxial(d,40.4418,0.0000,d)rotate(179.9751)rotateIntoBiaxial(d,139.7295,0.0000,d)nonlinear(d,139.7295,0.0000,300.0000,d)rotateFromBiaxial(d,139.7295,0.0000,d)nonlinear(6,0.0000,0.0000,37.8721,d)rotate(-56.9282)rotateIntoBiaxial(d,0.0012,0.0000,d)nonlinear(d,0.0012,0.0000,50.0000,d)rotateFromBiaxial(d,0.0012,0.0000,d)linear(0,0,0,84.4612,d)rotate(0.8362)rotateIntoBiaxial(d,3.1415,0.0000,d)nonlinear(d,3.1415,0.0000,3.5003,d)rotateFromBiaxial(d,3.1415,0.0000,d)nonlinear(6,0.0000,0.0000,3.2781,d)linear(0,0,0,26.5049,d)rotate(-34.5961)rotateIntoBiaxial(d,0.0749,0.0000,d)nonlinear(d,0.0749,0.0000,40.6760,d)rotateFromBiaxial(d,0.0749,0.0000,d)nonlinear(6,0.0000,0.0000,27.5784,d)linear(0,0,0,211.8224,d)
49266,0,40,27.7069,27.7100,init()rotateIntoBiaxial(d,0.6039,0.0000,d)nonlinear(d,0.6039,0.0000,300.0000,d)rotateFromBiaxial(d,0.6039,0.0000,d)nonlinear(6,0.0000,0.0000,0.1185,d)rotateIntoBiaxial(d,40.4422,0.0000,d)nonlinear(d,40.4422,0.0000,100.0000,d)rotateFromBiaxial(d,40.4422,0.0000,d)rotate(179.9461)rotateIntoBiaxial(d,139.7295,0.0000,d)nonlinear(d,139.7295,0.0000,300.0000,d)rotateFromBiaxial(d,139.7295,0.0000,d)nonlinear(6,0.0000,0.0000,37.8560,d)rotate(-56.8421)rotateIntoBiaxial(d,0.0260,0.0000,d)nonlinear(d,0.0260,0.0000,50.0000,d)rotateFromBiaxial(d,0.0260,0.0000,d)linear(0,0,0,85.1408,d)rotate(0.6908)rotateIntoBiaxial(d,3.1836,0.0000,d)nonlinear(d,3.1836,0.0000,3.1248,d)rotateFromBiaxial(d,3.1836,0.0000,d)nonlinear(6,0.0000,0.0000,3.1345,d)linear(0,0,0,34.8324,d)rotate(-35.2516)rotateIntoBiaxial(d,0.0040,0.0000,d)nonlinear(d,0.0040,0.0000,41.1825,d)rotateFromBiaxial(d,0.0040,0.0000,d)nonlinear(6,0.0000,0.0000,28.1156,d)linear(0,0,0,211.3273,d)
49312,0,40,27.7059,27.7059,init()rotateIntoBiaxial(d,0.5881,0.0000,d)nonlinear(d,0.5881,0.0000,300.0000,d)rotateFromBiaxial(d,0.5881,0.0000,d)nonlinear(6,0.0000,0.0000,0.2575,d)rotateIntoBiaxial(d,40.4416,0.0000,d)nonlinear(d,40.4416,0.0000,100.0000,d)rotateFromBiaxial(d,40.4416,0.0000,d)rotate(179.9630)rotateIntoBiaxial(d,139.7296,0.0000,d)nonlinear(d,139.7296,0.0000,300.0000,d)rotateFromBiaxial(d,139.7296,0.0000,d)nonlinear(6,0.0000,0.0000,38.0095,d)rotate(-56.8211)rotateIntoBiaxial(d,0.0009,0.0000,d)nonlinear(d,0.0009,0.0000,50.0000,d)rotateFromBiaxial(d,0.0009,0.0000,d)linear(0,0,0,86.3200,d)rotate(1.0718)rotateIntoBiaxial(d,3.2029,0.0000,d)nonlinear(d,3.2029,0.0000,3.6855,d)rotateFromBiaxial(d,3.2029,0.0000,d)nonlinear(6,0.0000,0.0000,2.7477,d)linear(0,0,0,29.0273,d)rotate(-34.7813)rotateIntoBiaxial(d,0.0191,0.0000,d)nonlinear(d,0.0191,0.0000,41.1430,d)rotateFromBiaxial(d,0.0191,0.0000,d)nonlinear(6,0.0000,0.0000,28.5208,d)linear(0,0,0,208.7074,d)
49358,0,40,27.7016,27.7059,init()rotateIntoBiaxial(d,0.5728,0.0000,d)nonlinear(d,0.5728,0.0000,300.0000,d)rotateFromBiaxial(d,0.5728,0.0000,d)nonlinear(6,0.0000,0.0000,0.2227,d)rotateIntoBiaxial(d,40.4401,0.0000,d)nonlinear(d,40.4401,0.0000,100.0000,d)rotateFromBiaxial(d,40.4401,0.0000,d)rotate(179.9590)rotateIntoBiaxial(d,139.7303,0.0000,d)nonlinear(d,139.7303,0.0000,300.0000,d)rotateFromBiaxial(d,139.7303,0.0000,d)nonlinear(6,0.0000,0.0000,38.3209,d)rotate(-57.0654)rotateIntoBiaxial(d,0.0093,0.0000,d)nonlinear(d,0.0093,0.0000,50.0000,d)rotateFromBiaxial(d,0.0093,0.0000,d)nonlinear(6,0.0000,0.0000,0.1882,d)linear(0,0,0,86.5355,d)rotate(0.9003)rotateIntoBiaxial(d,3.2500,0.0000,d)nonlinear(d,3.2500,0.0000,3.1951,d)rotateFromBiaxial(d,3.2500,0.0000,d)nonlinear(6,0.0000,0.0000,2.7329,d)linear(0,0,0,33.3469,d)rotate(-34.3042)rotateIntoBiaxial(d,0.0001,0.0000,d)nonlinear(d,0.0001,0.0000,41.3390,d)rotateFromBiaxial(d,0.0001,0.0000,d)nonlinear(6,0.0000,0.0000,28.1041,d)linear(0,0,0,207.3579,d)rotate(-0.0108)
49404,0,40,27.7039,27.7039,init()rotateIntoBiaxial(d,0.5821,0.0000,d)nonlinear(d,0.5821,0.0000,300.0000,d)rotateFromBiaxial(d,0.5821,0.0000,d)nonlinear(6,0.0000,0.0000,0.1360,d)rotateIntoBiaxial(d,40.4407,0.0000,d)nonlinear(d,40.4407,0.0000,100.0000,d)rotateFromBiaxial(d,40.4407,0.0000,d)rotate(179.9745)rotateIntoBiaxial(d,139.7299,0.0000,d)nonlinear(d,139.7299,0.0000,300.0000,d)rotateFromBiaxial(d,139.7299,0.0000,d)nonlinear(6,0.0000,0.0000,38.1707,d)rotate(-57.1973)rotateIntoBiaxial(d,0.0001,0.0000,d)nonlinear(d,0.0001,0.0000,50.0000,d)rotateFromBiaxial(d,0.0001,0.0000,d)linear(0,0,0,86.1857,d)rotate(0.7981)rotateIntoBiaxial(d,2.9802,0.0000,d)nonlinear(d,2.9802,0.0000,3.2086,d)rotateFromBiaxial(d,2.9802,0.0000,d)nonlinear(6,0.0000,0.0000,3.0614,d)linear(0,0,0,32.5074,d)rotate(-34.5332)rotateIntoBiaxial(d,0.0165,0.0000,d)nonlinear(d,0.0165,0.0000,40.4938,d)rotateFromBiaxial(d,0.0165,0.0000,d)nonlinear(6,0.0000,0.0000,28.3869,d)linear(0,0,0,209.0212,d)
49450,0,40,27.7095,27.7039,init()rotateIntoBiaxial(d,0.6037,0.0000,d)nonlinear(d,0.6037,0.0000,300.0000,d)rotateFromBiaxial(d,0.6037,0.0000,d)nonlinear(6,0.0000,0.0000,0.2562,d)rotateIntoBiaxial(d,40.4432,0.0000,d)nonlinear(d,40.4432,0.0000,100.0000,d)rotateFromBiaxial(d,40.4432,0.0000,d)rotate(179.9732)rotateIntoBiaxial(d,139.7291,0.0000,d)nonlinear(d,139.7291,0.0000,300.0000,d)rotateFromBiaxial(d,139.7291,0.0000,d)nonlinear(6,0.0000,0.0000,38.3177,d)rotate(-57.4468)rotateIntoBiaxial(d,0.0051,0.0000,d)nonlinear(d,0.0051,0.0000,50.0000,d)rotateFromBiaxial(d,0.0051,0.0000,d)linear(0,0,0,86.0186,d)rotate(0.7343)rotateIntoBiaxial(d,3.1435,0.0000,d)nonlinear(d,3.1435,0.0000,3.0197,d)rotateFromBiaxial(d,3.1435,0.0000,d)nonlinear(6,0.0000,0.0000,2.8993,d)linear(0,0,0,37.3721,d)rotate(-34.3207)rotateIntoBiaxial(d,0.0280,0.0000,d)nonlinear(d,0.0280,0.0000,40.8409,d)rotateFromBiaxial(d,0.0280,0.0000,d)nonlinear(6,0.0000,0.0000,27.4228,d)linear(0,0,0,209.1955,d)rotate(-0.0089)
49496,0,40,27.7020,27.7039,init()rotateIntoBiaxial(d,0.5527,0.0000,d)nonlinear(d,0.5527,0.0000,300.0000,d)rotateFromBiaxial(d,0.5527,0.0000,d)nonlinear(6,0.0000,0.0000,0.0976,d)rotateIntoBiaxial(d,40.4402,0.0000,d)nonlinear(d,40.4402,0.0000,100.0000,d)rotateFromBiaxial(d,40.4402,0.0000,d)rotate(179.9524)rotateIntoBiaxial(d,139.7301,0.0000,d)nonlinear(d,139.7301,0.0000,300.0000,d)rotateFromBiaxial(d,139.7301,0.0000,d)nonlinear(6,0.0000,0.0000,37.9217,d)rotate(-57.1162)rotateIntoBiaxial(d,0.0007,0.0000,d)nonlinear(d,0.0007,0.0000,50.0000,d)rotateFromBiaxial(d,0.0007,0.0000,d)nonlinear(6,0.0000,0.0000,0.1232,d)linear(0,0,0,85.5729,d)rotate(0.7146)rotateIntoBiaxial(d,3.1301,0.0000,d)nonlinear(d,3.1301,0.0000,3.5072,d)rotateFromBiaxial(d,3.1301,0.0000,d)nonlinear(6,0.0000,0.0000,2.7292,d)linear(0,0,0,32.5142,d)rotate(-34.8666)rotateIntoBiaxial(d,0.0144,0.0000,d)nonlinear(d,0.0144,0.0000,40.8162,d)rotateFromBiaxial(d,0.0144,0.0000,d)nonlinear(6,0.0000,0.0000,27.6215,d)linear(0,0,0,210.6654,d)
49542,0,40,27.7043,27.7039,init()rotateIntoBiaxial(d,0.5901,0.0000,d)nonlinear(d,0.5901,0.0000,300.0000,d)rotateFromBiaxial(d,0.5901,0.0000,d)nonlinear(6,0.0000,0.0000,0.1866,d)rotateIntoBiaxial(d,40.4408,0.0000,d)nonlinear(d,40.4408,0.0000,100.0000,d)rotateFromBiaxial(d,40.4408,0.0000,d)rotate(179.9723)rotateIntoBiaxial(d,139.7298,0.0000,d)nonlinear(d,139.7298,0.0000,300.0000,d)rotateFromBiaxial(d,139.7298,0.0000,d)nonlinear(6,0.0000,0.0000,38.0285,d)rotate(-57.1279)rotateIntoBiaxial(d,0.0007,0.0000,d)nonlinear(d,0.0007,0.0000,50.0000,d)rotateFromBiaxial(d,0.0007,0.0000,d)linear(0,0,0,84.5954,d)rotate(0.6116)rotateIntoBiaxial(d,3.3325,0.0000,d)nonlinear(d,3.3325,0.0000,3.6517,d)rotateFromBiaxial(d,3.3325,0.0000,d)nonlinear(6,0.0000,0.0000,2.8651,d)linear(0,0,0,36.3743,d)rotate(-34.1250)rotateIntoBiaxial(d,0.0094,0.0000,d)nonlinear(d,0.0094,0.0000,40.8137,d)rotateFromBiaxial(d,0.0094,0.0000,d)nonlinear(6,0.0000,0.0000,27.8631,d)linear(0,0,0,210.4922,d)rotate(-0.0036)
49588,0,40,27.7059,27.7039,init()rotateIntoBiaxial(d,0.5955,0.0000,d)nonlinear(d,0.5955,0.0000,300.0000,d)rotateFromBiaxial(d,0.5955,0.0000,d)nonlinear(6,0.0000,0.0000,0.3725,d)rotateIntoBiaxial(d,40.4417,0.0000,d)nonlinear(d,40.4417,0.0000,100.0000,d)rotateFromBiaxial(d,40.4417,0.0000,d)rotate(179.9692)rotateIntoBiaxial(d,139.7297,0.0000,d)nonlinear(d,139.7297,0.0000,300.0000,d)rotateFromBiaxial(d,139.7297,0.0000,d)nonlinear(6,0.0000,0.0000,38.1015,d)rotate(-57.1795)rotateIntoBiaxial(d,0.0002,0.0000,d)nonlinear(d,0.0002,0.0000,50.0000,d)rotateFromBiaxial(d,0.0002,0.0000,d)linear(0,0,0,81.5704,d)rotate(0.8088)rotateIntoBiaxial(d,3.1876,0.0000,d)nonlinear(d,3.1876,0.0000,3.2553,d)rotateFromBiaxial(d,3.1876,0.0000,d)nonlinear(6,0.0000,0.0000,2.8832,d)linear(0,0,0,33.9636,d)rotate(-34.6133)rotateIntoBiaxial(d,0.0904,0.0000,d)nonlinear(d,0.0904,0.0000,40.8458,d)rotateFromBiaxial(d,0.0904,0.0000,d)nonlinear(6,0.0000,0.0000,27.3997,d)linear(0,0,0,203.5665,d)
49634,0,40,27.7103,27.7039,init()rotateIntoBiaxial(d,0.6133,0.0000,d)nonlinear(d,0.6133,0.0000,300.0000,d)rotateFromBiaxial(d,0.6133,0.0000,d)nonlinear(6,0.0000,0.0000,0.4433,d)rotateIntoBiaxial(d,40.4435,0.0000,d)nonlinear(d,40.4435,0.0000,100.0000,d)rotateFromBiaxial(d,40.4435,0.0000,d)rotate(179.9517)rotateIntoBiaxial(d,139.7292,0.0000,d)nonlinear(d,139.7292,0.0000,300.0000,d)rotateFromBiaxial(d,139.7292,0.0000,d)nonlinear(6,0.0000,0.0000,37.9242,d)rotate(-57.2153)rotateIntoBiaxial(d,0.0006,0.0000,d)nonlinear(d,0.0006,0.0000,50.0000,d)rotateFromBiaxial(d,0.0006,0.0000,d)linear(0,0,0,84.1233,d)rotate(0.8246)rotateIntoBiaxial(d,3.1226,0.0000,d)nonlinear(d,3.1226,0.0000,3.6050,d)rotateFromBiaxial(d,3.1226,0.0000,d)nonlinear(6,0.0000,0.0000,2.6471,d)linear(0,0,0,34.9404,d)rotate(-34.9141)rotateIntoBiaxial(d,0.0012,0.0000,d)nonlinear(d,0.0012,0.0000,40.7039,d)rotateFromBiaxial(d,0.0012,0.0000,d)nonlinear(6,0.0000,0.0000,27.6766,d)linear(0,0,0,207.4142,d)
49680,0,40,27.7039,27.7039,init()rotateIntoBiaxial(d,0.5876,0.0000,d)nonlinear(d,0.5876,0.0000,300.0000,d)rotateFromBiaxial(d,0.5876,0.0000,d)nonlinear(6,0.0000,0.0000,0.2254,d)rotateIntoBiaxial(d,40.4409,0.0000,d)nonlinear(d,40.4409,0.0000,100.0000,d)rotateFromBiaxial(d,40.4409,0.0000,d)rotate(179.9855)rotateIntoBiaxial(d,139.7299,0.0000,d)nonlinear(d,139.7299,0.0000,300.0000,d)rotateFromBiaxial(d,139.7299,0.0000,d)nonlinear(6,0.0000,0.0000,38.3960,d)rotate(-57.1040)rotateIntoBiaxial(d,0.0163,0.0000,d)nonlinear(d,0.0163,0.0000,50.0000,d)rotateFromBiaxial(d,0.0163,0.0000,d)linear(0,0,0,81.4714,d)rotate(1.1286)rotateIntoBiaxial(d,3.3635,0.0000,d)nonlinear(d,3.3635,0.0000,3.5180,d)rotateFromBiaxial(d,3.3635,0.0000,d)nonlinear(6,0.0000,0.0000,2.7408,d)linear(0,0,0,26.9356,d)rotate(-34.3194)rotateIntoBiaxial(d,0.1166,0.0000,d)nonlinear(d,0.1166,0.0000,40.4315,d)rotateFromBiaxial(d,0.1166,0.0000,d)nonlinear(6,0.0000,0.0000,27.1290,d)linear(0,0,0,208.3679,d)
49726,0,40,27.7035,27.7039,init()rotateIntoBiaxial(d,0.5740,0.0000,d)nonlinear(d,0.5740,0.0000,300.0000,d)rotateFromBiaxial(d,0.5740,0.0000,d)nonlinear(6,0.0000,0.0000,0.3652,d)rotateIntoBiaxial(d,40.4407,0.0000,d)nonlinear(d,40.4407,0.0000,100.0000,d)rotateFromBiaxial(d,40.4407,0.0000,d)rotate(179.9817)rotateIntoBiaxial(d,139.7299,0.0000,d)nonlinear(d,139.7299,0.0000,300.0000,d)rotateFromBiaxial(d,139.7299,0.0000,d)nonlinear(6,0.0000,0.0000,38.1816,d)rotate(-56.9368)rotateIntoBiaxial(d,0.0068,0.0000,d)nonlinear(d,0.0068,0.0000,50.0000,d)rotateFromBiaxial(d,0.0068,0.0000,d)linear(0,0,0,79.2401,d)rotate(0.8048)rotateIntoBiaxial(d,3.1343,0.0000,d)nonlinear(d,3.1343,0.0000,3.9347,d)rotateFromBiaxial(d,3.1343,0.0000,d)nonlinear(6,0.0000,0.0000,2.6806,d)linear(0,0,0,31.0405,d)rotate(-34.6491)rotateIntoBiaxial(d,0.0580,0.0000,d)nonlinear(d,0.0580,0.0000,40.8284,d)rotateFromBiaxial(d,0.0580,0.0000,d)nonlinear(6,0.0000,0.0000,27.8879,d)linear(0,0,0,208.0754,d)
49772,0,40,27.7042,27.7039,init()rotateIntoBiaxial(d,0.5642,0.0000,d)nonlinear(d,0.5642,0.0000,300.0000,d)rotateFromBiaxial(d,0.5642,0.0000,d)nonlinear(6,0.0000,0.0000,0.3975,d)rotateIntoBiaxial(d,40.4410,0.0000,d)nonlinear(d,40.4410,0.0000,100.0000,d)rotateFromBiaxial(d,40.4410,0.0000,d)rotate(179.9761)rotateIntoBiaxial(d,139.7299,0.0000,d)nonlinear(d,139.7299,0.0000,300.0000,d)rotateFromBiaxial(d,139.7299,0.0000,d)nonlinear(6,0.0000,0.0000,38.0599,d)rotate(-57.4151)rotateIntoBiaxial(d,0.0024,0.0000,d)nonlinear(d,0.0024,0.0000,50.0000,d)rotateFromBiaxial(d,0.0024,0.0000,d)linear(0,0,0,80.1152,d)rotate(0.8313)rotateIntoBiaxial(d,3.2215,0.0000,d)nonlinear(d,3.2215,0.0000,3.4268,d)rotateFromBiaxial(d,3.2215,0.0000,d)nonlinear(6,0.0000,0.0000,2.8454,d)linear(0,0,0,37.4204,d)rotate(-34.5460)rotateIntoBiaxial(d,0.0026,0.0000,d)nonlinear(d,0.0026,0.0000,40.5888,d)rotateFromBiaxial(d,0.0026,0.0000,d)nonlinear(6,0.0000,0.0000,27.6368,d)linear(0,0,0,203.8411,d)
49818,0,40,27.7108,27.7039,init()rotateIntoBiaxial(d,0.5885,0.0000,d)nonlinear(d,0.5885,0.0000,300.0000,d)rotateFromBiaxial(d,0.5885,0.0000,d)nonlinear(6,0.0000,0.0000,0.2617,d)rotateIntoBiaxial(d,40.4437,0.0000,d)nonlinear(d,40.4437,0.0000,100.0000,d)rotateFromBiaxial(d,40.4437,0.0000,d)rotate(179.9664)rotateIntoBiaxial(d,139.7289,0.0000,d)nonlinear(d,139.7289,0.0000,300.0000,d)rotateFromBiaxial(d,139.7289,0.0000,d)nonlinear(6,0.0000,0.0000,37.9878,d)rotate(-57.2718)rotateIntoBiaxial(d,0.0102,0.0000,d)nonlinear(d,0.0102,0.0000,50.0000,d)rotateFromBiaxial(d,0.0102,0.0000,d)nonlinear(6,0.0000,0.0000,0.0076,d)linear(0,0,0,84.5638,d)rotate(0.7929)rotateIntoBiaxial(d,3.1908,0.0000,d)nonlinear(d,3.1908,0.0000,3.4120,d)rotateFromBiaxial(d,3.1908,0.0000,d)nonlinear(6,0.0000,0.0000,2.5976,d)linear(0,0,0,38.2950,d)rotate(-35.1309)rotateIntoBiaxial(d,0.0501,0.0000,d)nonlinear(d,0.0501,0.0000,40.7204,d)rotateFromBiaxial(d,0.0501,0.0000,d)nonlinear(6,0.0000,0.0000,27.2522,d)linear(0,0,0,211.9875,d)
49864,0,40,27.7031,27.7039,init()rotateIntoBiaxial(d,0.5746,0.0000,d)nonlinear(d,0.5746,0.0000,300.0000,d)rotateFromBiaxial(d,0.5746,0.0000,d)nonlinear(6,0.0000,0.0000,0.2959,d)rotateIntoBiaxial(d,40.4407,0.0000,d)nonlinear(d,40.4407,0.0000,100.0000,d)rotateFromBiaxial(d,40.4407,0.0000,d)rotate(179.9699)rotateIntoBiaxial(d,139.7300,0.0000,d)nonlinear(d,139.7300,0.0000,300.0000,d)rotateFromBiaxial(d,139.7300,0.0000,d)nonlinear(6,0.0000,0.0000,38.2019,d)rotate(-57.6132)rotateIntoBiaxial(d,0.0079,0.0000,d)nonlinear(d,0.0079,0.0000,50.0000,d)rotateFromBiaxial(d,0.0079,0.0000,d)linear(0,0,0,84.0033,d)rotate(0.8870)rotateIntoBiaxial(d,3.2853,0.0000,d)nonlinear(d,3.2853,0.0000,2.9614,d)rotateFromBiaxial(d,3.2853,0.0000,d)nonlinear(6,0.0000,0.0000,3.0990,d)linear(0,0,0,35.7875,d)rotate(-34.6019)rotateIntoBiaxial(d,0.0005,0.0000,d)nonlinear(d,0.0005,0.0000,40.7320,d)rotateFromBiaxial(d,0.0005,0.0000,d)nonlinear(6,0.0000,0.0000,26.7067,d)linear(0,0,0,204.5270,d)
49910,0,40,27.7096,27.7039,init()rotateIntoBiaxial(d,0.5965,0.0000,d)nonlinear(d,0.5965,0.0000,300.0000,d)rotateFromBiaxial(d,0.5965,0.0000,d)nonlinear(6,0.0000,0.0000,0.2047,d)rotateIntoBiaxial(d,40.4433,0.0000,d)nonlinear(d,40.4433,0.0000,100.0000,d)rotateFromBiaxial(d,40.4433,0.0000,d)rotate(179.9885)rotateIntoBiaxial(d,139.7292,0.0000,d)nonlinear(d,139.7292,0.0000,300.0000,d)rotateFromBiaxial(d,139.7292,0.0000,d)nonlinear(6,0.0000,0.0000,38.1535,d)rotate(-57.5068)rotateIntoBiaxial(d,0.0003,0.0000,d)nonlinear(d,0.0003,0.0000,50.0000,d)rotateFromBiaxial(d,0.0003,0.0000,d)linear(0,0,0,85.5795,d)rotate(0.8140)rotateIntoBiaxial(d,3.2887,0.0000,d)nonlinear(d,3.2887,0.0000,3.2527,d)rotateFromBiaxial(d,3.2887,0.0000,d)nonlinear(6,0.0000,0.0000,2.7630,d)linear(0,0,0,36.9313,d)rotate(-34.1099)rotateIntoBiaxial(d,0.0002,0.0000,d)nonlinear(d,0.0002,0.0000,40.5759,d)rotateFromBiaxial(d,0.0002,0.0000,d)nonlinear(6,0.0000,0.0000,26.5894,d)linear(0,0,0,205.4481,d)
49956,0,40,27.7088,27.7039,init()rotateIntoBiaxial(d,0.6039,0.0000,d)nonlinear(d,0.6039,0.0000,300.0000,d)rotateFromBiaxial(d,0.6039,0.0000,d)nonlinear(6,0.0000,0.0000,0.3674,d)rotateIntoBiaxial(d,40.4428,0.0000,d)nonlinear(d,40.4428,0.0000,100.0000,d)rotateFromBiaxial(d,40.4428,0.0000,d)nonlinear(6,0.0000,0.0000,0.1038,d)rotate(179.9801)rotateIntoBiaxial(d,139.7292,0.0000,d)nonlinear(d,139.7292,0.0000,300.0000,d)rotateFromBiaxial(d,139.7292,0.0000,d)nonlinear(6,0.0000,0.0000,38.2017,d)rotate(-56.9626)rotateIntoBiaxial(d,0.0007,0.0000,d)nonlinear(d,0.0007,0.0000,50.0000,d)rotateFromBiaxial(d,0.0007,0.0000,d)nonlinear(6,0.0000,0.0000,0.1770,d)linear(0,0,0,82.3969,d)rotate(0.7678)rotateIntoBiaxial(d,3.1458,0.0000,d)nonlinear(d,3.1458,0.0000,3.0827,d)rotateFromBiaxial(d,3.1458,0.0000,d)nonlinear(6,0.0000,0.0000,2.7825,d)linear(0,0,0,37.5523,d)rotate(-34.3520)rotateIntoBiaxial(d,0.0108,0.0000,d)nonlinear(d,0.0108,0.0000,40.6128,d)rotateFromBiaxial(d,0.0108,0.0000,d)nonlinear(6,0.0000,0.0000,26.9297,d)linear(0,0,0,205.1971,d)
50002,0,40,27.7062,27.7062,init()rotateIntoBiaxial(d,0.6021,0.0000,d)nonlinear(d,0.6021,0.0000,300.0000,d)rotateFromBiaxial(d,0.6021,0.0000,d)nonlinear(6,0.0000,0.0000,0.4411,d)rotateIntoBiaxial(d,40.4417,0.0000,d)nonlinear(d,40.4417,0.0000,100.0000,d)rotateFromBiaxial(d,40.4417,0.0000,d)rotate(179.9735)rotateIntoBiaxial(d,139.7297,0.0000,d)nonlinear(d,139.7297,0.0000,300.0000,d)rotateFromBiaxial(d,139.7297,0.0000,d)nonlinear(6,0.0000,0.0000,37.9983,d)rotate(-57.3534)rotateIntoBiaxial(d,0.0034,0.0000,d)nonlinear(d,0.0034,0.0000,50.0000,d)rotateFromBiaxial(d,0.0034,0.0000,d)linear(0,0,0,81.9206,d)rotate(0.5844)rotateIntoBiaxial(d,3.0955,0.0000,d)nonlinear(d,3.0955,0.0000,3.3086,d)rotateFromBiaxial(d,3.0955,0.0000,d)nonlinear(6,0.0000,0.0000,2.6548,d)linear(0,0,0,40.2891,d)rotate(-33.9367)rotateIntoBiaxial(d,0.0300,0.0000,d)nonlinear(d,0.0300,0.0000,41.1096,d)rotateFromBiaxial(d,0.0300,0.0000,d)nonlinear(6,0.0000,0.0000,27.3527,d)linear(0,0,0,208.2000,d)
